ply
format ascii 1.0
comment algorithm Barycentric Ridge Graph Triangle Mesh
comment source_graph BRG
element vertex 1542
property float x
property float y
property float z
element edge 4235
property int vertex1
property int vertex2
element face 2389
property list uchar int vertex_indices
end_header
0.29261032 0.10949533 0.01587396
0.29117170 0.10664450 -0.02722863
0.27504504 0.15178689 -0.03481182
0.27450785 0.15453322 0.00848241
0.25090829 0.14540164 0.04376193
0.26549125 0.10425701 0.05424520
0.28851050 0.05958170 0.05373333
0.30171862 0.05910552 0.01555920
0.29980457 0.05885257 -0.02480330
0.28989175 0.10416862 -0.07196001
0.27133965 0.14753112 -0.08044983
0.27923799 0.00680997 -0.14478642
0.29369077 0.05453797 -0.11208906
0.28336257 0.05248125 -0.14533819
0.27215597 0.09792798 -0.14722332
0.28353494 0.10013605 -0.11461829
0.24241236 0.18413489 -0.08991577
0.24673532 0.18799773 -0.04597298
0.25041282 0.14083053 -0.15601383
0.26266241 0.14265063 -0.12227800
0.23305173 0.17948903 -0.13100921
0.21873543 0.17692314 -0.16259371
0.21078937 0.21779107 -0.05953694
0.21013790 0.22028047 -0.10477331
0.24724194 0.19258831 -0.00407312
0.21188238 0.22275499 -0.01818935
0.19602978 0.20749170 0.01800299
0.23412573 0.18424353 0.03338639
0.28809932 -0.03743065 -0.03293438
0.30264834 0.00702320 0.00789471
0.29526004 -0.04307385 -0.00161978
0.29912364 0.00936173 -0.02796621
0.28839114 0.00378141 0.03913992
0.27738801 -0.04393484 0.02506138
0.27578703 -0.08828235 -0.00853174
0.26840767 -0.08100251 -0.03885440
0.26353246 -0.08484129 0.01299113
0.23767881 -0.11870885 0.00182345
0.23801282 -0.11857906 -0.04615049
0.24338835 -0.12561060 -0.01266275
0.28455481 -0.03562305 -0.07404345
0.26320910 -0.07832512 -0.07803825
-0.06844570 0.22167848 -0.17109284
-0.03957712 0.25583398 -0.19387852
-0.04785594 0.23410678 -0.20743988
0.23672564 -0.07531975 -0.15437457
0.25187907 -0.07777737 -0.12070573
0.22176497 -0.11473469 -0.12874956
0.29745004 0.00952897 -0.06999947
0.27528489 -0.03701535 -0.11607999
0.26249936 -0.03614753 -0.14901175
0.28986505 0.00732879 -0.11217712
0.29978806 0.05792795 -0.06952071
0.14797202 -0.16824059 -0.06631895
0.09317789 -0.17559744 -0.04496520
0.09191906 -0.17675775 -0.07775648
0.14936824 -0.15569836 -0.00789383
0.14860314 -0.16778953 -0.03482428
0.09975484 -0.17623988 -0.00926738
0.04845088 -0.15540482 -0.00597495
0.03851074 -0.17551996 -0.08580319
0.03949483 -0.17627108 -0.04930326
0.14314568 -0.16457711 -0.10662143
0.08817545 -0.17480467 -0.11762036
-0.05173935 -0.13793202 -0.19231097
-0.07689935 -0.13574220 -0.19142781
-0.06874384 -0.14261436 -0.16483301
0.07565825 -0.16694374 -0.15779105
0.02350610 -0.16441259 -0.16509537
0.06054452 -0.16050033 -0.18878953
0.19111001 -0.14268133 -0.09450711
0.19525950 -0.14386936 -0.05477298
0.13014910 -0.15842205 -0.14748512
0.11289760 -0.15284206 -0.18053162
0.17875047 -0.14092314 -0.13668154
0.16146873 -0.13545917 -0.17022444
0.23262930 -0.11511694 -0.08601031
0.20214279 -0.15575609 -0.02186308
0.19431807 -0.13682118 -0.00109024
0.05549410 0.22564296 0.01725544
0.04237790 0.21454701 0.03645613
0.02303126 0.25443456 0.01034611
0.01818713 0.22351438 0.07422457
0.00223408 0.19098298 0.11503504
0.03757597 0.21018389 0.06045454
0.04783522 0.22274564 0.03397372
0.02745919 0.02324579 0.15722656
0.02246094 0.01220411 0.15726605
0.04100342 -0.01114154 0.16683681
0.03263830 -0.02287268 0.16308594
0.04394531 -0.05814260 0.16477484
0.07641745 -0.03853423 0.19232759
0.05284842 -0.04890601 0.17108096
0.05781516 0.00785452 0.18808942
0.04718055 0.04680863 0.17683885
0.04844666 -0.20453794 0.06431818
0.04991000 -0.18043093 0.00586324
0.07029226 -0.20153281 0.02968104
0.03802859 -0.16338842 0.01108350
0.06992007 -0.16828619 -0.00108700
0.08512991 -0.18937594 0.00870664
0.02160920 -0.12597656 0.03674887
0.02949045 -0.13893870 0.01205986
0.02364677 -0.15153490 0.04013683
0.01328267 -0.13806345 0.01347871
-0.00657231 -0.15802345 -0.02795166
0.01699249 -0.15675209 -0.01483020
0.03222656 -0.14355469 0.01660156
0.03227475 -0.15119664 0.08778488
0.02441406 -0.13114052 0.07393762
0.05606969 -0.14016348 0.15005997
0.04535328 -0.18013327 0.10924537
0.03485059 -0.12534502 0.12342696
0.03027343 -0.12115419 0.10422358
-0.01380127 -0.14786254 -0.06098728
0.00612996 -0.15730152 -0.05749477
-0.02103369 -0.15339941 -0.09120241
0.00118095 -0.15817375 -0.08881006
-0.08642987 -0.15134501 -0.08476092
-0.12895803 -0.14206690 -0.08121702
-0.12399117 -0.14238617 -0.04516654
-0.07857982 -0.14209741 -0.00081158
-0.08237240 -0.15225498 -0.04771167
-0.12562069 -0.13771719 -0.00675540
-0.16040759 -0.11949533 -0.00260756
-0.16454245 -0.12348031 -0.04322015
-0.17154409 -0.12244836 -0.08012793
-0.09442537 -0.14926454 -0.12449002
-0.13729966 -0.13877836 -0.11862423
0.19770688 0.21071616 -0.14254330
0.18045709 0.20647748 -0.17244333
-0.15025477 -0.12924252 -0.18278529
-0.14574972 -0.13383657 -0.15421195
-0.19043526 -0.12010131 -0.15107788
-0.00407837 -0.15447988 -0.12637557
-0.16552724 0.19229926 -0.17872319
-0.12084731 0.20688045 -0.18536593
-0.16405359 0.20125413 -0.15106408
-0.01530612 -0.15301105 -0.16459464
-0.02493225 -0.14452262 -0.19282176
-0.04158543 -0.14550783 -0.16495621
0.03394626 -0.17255068 -0.12589632
-0.23940110 -0.03533079 -0.02246205
-0.23039664 -0.06737137 -0.07020660
-0.25033730 -0.03379416 -0.06600447
-0.20516868 -0.06183232 0.01169049
-0.22002268 -0.07003695 -0.02742381
-0.22712727 0.00620347 0.01349188
-0.21620409 -0.02765136 0.01686319
-0.25223631 0.00270796 -0.02113679
-0.26275021 0.00593847 -0.06519954
-0.25802600 -0.02953166 -0.10693181
-0.23945978 -0.06391235 -0.11075525
-0.27246100 0.01482465 -0.14838365
-0.27356860 0.05576650 -0.17952788
-0.27209780 0.01432239 -0.17941967
-0.26410511 -0.02515855 -0.14688596
-0.26274696 -0.02321714 -0.17767556
-0.21674296 -0.09658799 -0.11244740
-0.20396292 -0.09630027 -0.07585243
-0.24631336 -0.05723525 -0.17810373
-0.24576201 -0.05985582 -0.14764607
-0.22182910 -0.08607577 -0.17752095
-0.22156745 -0.09006834 -0.14796722
-0.18120365 -0.12137205 -0.11660606
-0.19492954 -0.09849890 -0.03535400
-0.18322308 -0.09196769 0.00282443
-0.15500695 -0.10728905 0.00794470
-0.12631840 -0.12410197 0.00501008
-0.09001061 -0.13385475 0.00878906
-0.10530244 -0.15006898 0.01637731
-0.16853546 -0.12753773 0.02078437
-0.13632289 -0.14495163 0.01495998
-0.23430941 0.08818443 -0.00131343
-0.24178642 0.03850169 0.01012208
-0.22061914 0.08292427 -0.01331007
-0.22588402 0.03950208 0.00290784
-0.25114137 0.00143455 0.04198125
-0.23879318 0.00115007 0.01946119
-0.23965979 0.09558917 0.02496842
-0.25292972 0.04539049 0.03680085
-0.05922477 -0.15416057 0.02303411
-0.03981347 -0.13574217 0.02076950
0.00026661 -0.14635246 0.03881856
-0.03645555 -0.16878887 0.05334304
-0.07578211 -0.16893129 0.06653488
-0.09058880 -0.16274604 0.03476041
-0.02656127 -0.16478886 0.09556662
0.02016706 -0.14343397 0.13895290
0.00655665 -0.15659717 0.08569512
-0.00900055 -0.15712272 0.13784221
-0.05104056 -0.15486303 0.13871156
-0.06698646 -0.16234443 0.09914741
-0.11737416 0.20012835 -0.01974285
-0.13085866 0.19502960 -0.03353275
-0.09816848 0.22938785 -0.02633655
-0.13884665 0.20602022 -0.04216125
-0.16707870 0.16951858 -0.04454510
-0.17873952 0.18774799 -0.03758026
-0.18053308 0.19464605 -0.01274802
-0.12897046 0.20393510 -0.02070293
-0.11882366 0.19499555 -0.01459267
-0.06124612 0.13508189 0.09482403
-0.09346770 0.13783118 0.10744121
-0.09822117 0.15418914 0.07504596
-0.08466090 0.15742813 0.10180531
-0.10752506 0.16925853 0.07957371
-0.11948145 0.18629137 0.04431054
-0.10058594 0.16619618 0.04470434
-0.12068622 0.16713637 0.07641470
-0.11692729 0.13926931 0.10699063
-0.20960411 -0.06388303 0.01912026
-0.18642119 -0.09235654 0.01227048
-0.22569227 -0.07726222 0.03581076
-0.20171678 -0.10738406 0.02818473
-0.24167497 0.09505728 -0.03202454
-0.25944868 0.09876079 -0.06849614
-0.25502506 0.04943983 -0.02508314
-0.26747340 0.05108033 -0.06596508
-0.23687238 0.14503549 -0.07536506
-0.21871240 0.13777229 -0.04397863
-0.19526711 0.12645635 -0.03032867
-0.19793265 0.18055764 -0.08473886
-0.18440549 0.17784874 -0.05606664
-0.23929827 0.14249164 -0.11240515
-0.26413959 0.10140734 -0.10950395
0.20379947 -0.10955197 -0.16260396
-0.23879744 0.13670848 -0.17921092
-0.24118052 0.14257476 -0.14969102
-0.20591520 0.17578147 -0.15137884
-0.27242908 0.05549566 -0.10748664
-0.26533866 0.10182909 -0.14942101
-0.26126325 0.09732489 -0.17992339
-0.27433172 0.05789695 -0.14850546
-0.27212888 0.01013268 -0.10748791
0.01327358 0.27024063 -0.15515250
-0.03542889 0.25976703 -0.15440693
0.00523401 0.27835521 -0.11086685
0.04374331 0.26151103 -0.10485908
0.03377000 0.25784054 -0.05823015
-0.00219121 0.28910527 -0.06316220
-0.04181751 0.26881090 -0.11410999
-0.02685883 0.17729510 -0.30447802
-0.07345840 0.15232298 -0.34477669
-0.04526248 0.15674658 -0.34596097
-0.12576011 0.19932297 -0.20817384
-0.13493246 0.18292621 -0.25224862
-0.16612449 0.18474190 -0.20360301
0.01482898 0.26902011 -0.18572240
-0.00037963 0.23939140 -0.19706950
-0.16465102 0.21009037 -0.12229277
-0.20354261 0.17633609 -0.11874165
-0.09776269 0.23174338 -0.06976310
-0.10327955 0.22860737 -0.09881786
-0.14545591 0.21182431 -0.06557890
-0.15599903 0.21257921 -0.09105390
-0.02623030 0.17891364 0.13239525
-0.01126193 0.21271636 0.11432759
-0.01494240 0.24458915 0.08928336
-0.03928579 0.22770087 0.16642067
-0.03132886 0.19337380 0.15937348
-0.04929369 0.16140541 0.15977474
-0.05358728 0.03717415 0.15983020
0.00571274 0.01088277 0.17578468
-0.03743789 0.00776934 0.18056011
-0.03226263 0.07664072 0.13814825
-0.01778848 0.04250778 0.15312324
-0.10268348 0.07147414 0.15284826
-0.06436938 0.07400782 0.14434540
-0.09946167 0.03114240 0.16632721
-0.08854122 -0.00939066 0.18402815
-0.04032092 0.16173980 0.11281905
-0.05085868 0.17136611 0.11398151
-0.02661162 0.13936713 0.10561282
0.01307574 0.16554841 0.12523502
0.00157106 0.17249803 0.10986773
0.15324210 -0.16603291 -0.00438083
0.20427814 -0.15810251 0.00021068
0.24988803 -0.13575737 0.01061159
0.24533388 -0.13977462 0.03798114
0.15685552 -0.18948659 0.01908642
0.20390518 -0.16883276 0.02876896
0.23387283 0.18112364 0.03944126
0.20584418 0.22609247 0.04805434
0.20168757 0.20986645 0.02339580
0.26842448 0.15221041 0.06767093
0.24359013 0.19486016 0.05960047
0.10907692 -0.15819573 0.00522408
0.11091626 -0.17674191 0.01539967
-0.20495237 0.16819508 -0.18000171
0.07704588 0.25418869 -0.09759697
0.07648402 0.25862336 -0.05500482
0.16849095 0.24142893 -0.03396671
0.16776106 0.23817469 -0.07414157
0.12090743 0.25197050 -0.08839338
0.12123881 0.25258327 -0.04797619
0.11938028 0.24435602 -0.00415075
0.15860346 0.22548664 0.00667104
0.16310135 0.23369053 -0.11540934
0.11638376 0.25028327 -0.13043392
-0.19235452 -0.11487576 -0.18008080
0.15298551 0.23076512 -0.15388776
0.13630064 0.22650066 -0.18101512
0.07994363 0.24452040 -0.13753577
0.05118373 0.24594994 -0.14304416
-0.05389924 -0.02469341 -0.48546600
-0.07871727 -0.02723777 -0.49509364
-0.05115009 -0.04055528 -0.47672451
-0.09755141 -0.04201883 -0.48833701
-0.07554384 -0.04272475 -0.48690918
-0.10196389 -0.01211219 -0.49902347
-0.10058594 -0.02832031 -0.49707031
-0.05402409 -0.01074219 -0.48856366
-0.08065818 -0.01260905 -0.49827015
-0.02680071 -0.02268131 -0.46845022
-0.02531803 -0.03807628 -0.46149501
-0.02636719 -0.00809844 -0.47167969
0.00311662 -0.00348630 -0.45118716
0.00384939 -0.02050781 -0.45045486
0.00436325 -0.03658824 -0.44587481
-0.02348550 -0.05059870 -0.45070314
-0.04781517 -0.05293452 -0.46191406
0.00260085 -0.04998891 -0.43778434
0.00149865 -0.05957031 -0.43177989
-0.04158162 -0.06256767 -0.44301099
-0.01660156 -0.06152344 -0.43691045
-0.07124786 -0.05621902 -0.47146806
-0.06552827 -0.06593428 -0.45003146
-0.08534550 -0.06975374 -0.45461610
-0.09265372 -0.05761719 -0.47468674
-0.11230469 -0.04300895 -0.48730469
-0.12306162 -0.04266343 -0.48394680
-0.12792969 -0.01186848 -0.49511716
-0.11601066 -0.02750957 -0.49503508
-0.10726385 -0.05862181 -0.47367206
-0.11816406 -0.05793619 -0.47011307
-0.10058594 -0.07128906 -0.45422727
-0.11252746 -0.07120480 -0.45253286
-0.16019052 -0.04330725 -0.46386722
-0.15497181 -0.05651656 -0.45418569
-0.14548196 -0.04307788 -0.47463804
-0.13698342 -0.07032239 -0.44624314
-0.14160156 -0.05761719 -0.46374050
-0.15136719 -0.06835490 -0.44048119
-0.16894531 -0.05761719 -0.44123581
-0.17453089 -0.04324709 -0.44739899
-0.16365314 -0.02757089 -0.47001454
-0.14941408 -0.02792930 -0.48328182
-0.17871092 -0.02786438 -0.45263097
-0.18060713 -0.01269531 -0.45324036
-0.15100645 -0.01215319 -0.48442778
-0.16581438 -0.01269531 -0.47142813
-0.11740360 0.00192223 -0.49502379
-0.12792969 0.00097656 -0.49216902
-0.10103226 0.01066524 -0.48646072
-0.11621094 0.00878906 -0.48339844
-0.10253907 0.00183258 -0.49707031
-0.11816406 -0.01269531 -0.49902344
-0.14991154 0.00724171 -0.46885714
-0.16363250 0.00801691 -0.45783722
-0.16583334 0.00054800 -0.46809283
-0.15136719 0.00097656 -0.48131889
-0.18097720 -0.00097656 -0.45003447
-0.17822151 0.01153577 -0.44202313
-0.14746943 0.02202316 -0.45547044
-0.16096987 0.02287123 -0.44645894
-0.17285156 0.02636719 -0.43345702
-0.16851747 0.03887634 -0.42685801
-0.15917970 0.04182466 -0.43453258
-0.12792969 0.00755892 -0.47949222
-0.11277054 0.02480604 -0.46888170
-0.12067199 0.04514294 -0.44792601
-0.12450739 0.02246094 -0.46403828
-0.08888339 0.05183627 -0.45904833
-0.10816140 0.04746501 -0.45324492
-0.09500282 0.02894576 -0.47467163
-0.07717416 0.01350334 -0.48633701
-0.07991721 0.00161282 -0.49511713
-0.05054953 0.01577451 -0.47879666
-0.05343088 0.00097656 -0.48632815
-0.04654993 0.03580330 -0.46738759
-0.07189971 0.03167434 -0.47448519
-0.04007328 0.05751959 -0.45134613
-0.06553861 0.05468418 -0.45709339
-0.02259190 0.04004868 -0.45532706
-0.02437330 0.02136765 -0.46495679
-0.01693388 0.05945754 -0.44190341
-0.00046424 0.02839210 -0.44136491
-0.00227905 0.04538789 -0.43465051
-0.02593051 0.00478436 -0.47007564
0.00130470 0.01179611 -0.44805628
0.03694513 -0.09881123 0.23487926
0.00226831 -0.11363428 0.22901553
0.05741154 -0.12864548 0.25468603
0.05767894 -0.18072884 0.28840134
0.02749698 -0.14483713 0.25117090
0.10543925 -0.15539999 0.26006526
0.08486913 -0.16119733 0.28468773
0.07776296 -0.12200835 0.23471560
0.06279423 -0.08917565 0.22096306
-0.22602539 -0.03342564 0.02259837
-0.24478792 -0.04136017 0.04151127
-0.10675759 0.18855281 0.01002804
-0.11035156 0.19963831 0.02868635
-0.11537061 0.19201639 0.00524420
0.04624746 -0.03564710 0.19014587
0.03545513 -0.01600266 0.18492375
0.03308948 -0.02737924 0.17093144
0.04320462 -0.06438325 0.17290558
0.04537294 -0.04841365 0.18207619
0.03222656 -0.01855469 0.16113281
0.01570928 0.01050734 0.16193396
0.26093569 0.09937374 0.05880580
0.27595076 0.05606893 0.05893606
0.25155899 0.14229095 0.04980469
0.28624949 0.10513180 0.07580583
0.29456869 0.05590867 0.07801788
0.03262997 0.05863033 0.15821347
0.01613160 0.08147532 0.16126473
0.02082924 0.04379956 0.15534247
0.02050781 0.01660156 0.15722656
0.01269531 0.04557864 0.15361074
0.11724982 0.22949219 -0.00037145
0.11887202 0.24498968 0.01991864
0.16290845 0.24262445 0.03491215
0.08271025 0.22810532 0.00180098
0.07684986 0.26007104 -0.01286907
0.06152344 0.22621794 0.01666673
0.08118815 0.23622014 0.00895779
0.27871746 -0.09594249 0.02002062
0.30121329 -0.05638602 0.05675432
0.29199216 -0.04673928 0.02680142
0.27917114 -0.10260447 0.04618073
0.01791104 0.18246384 0.09081217
0.02246094 0.19628906 0.07769873
0.03118514 0.18932514 0.08905394
0.29787931 0.00304170 0.04449043
0.30533797 -0.00001221 0.07011432
0.05743379 -0.08000758 0.16714190
0.04603276 -0.09469409 0.15982710
0.07102193 -0.09062685 0.16934384
-0.00765634 0.07914258 0.14174764
0.00251892 0.04511761 0.15077323
-0.01898445 0.11418369 0.12950851
-0.04853753 0.10996069 0.12367699
0.00411096 0.12355085 0.14937705
-0.07802489 0.10801883 0.12699829
-0.10830785 0.10710694 0.13217406
-0.21085951 0.14006539 -0.02019818
-0.21085487 0.14624366 0.00592714
-0.09450883 0.09942931 -0.40753397
-0.11024116 0.09679852 -0.40325224
-0.08611874 0.12563388 -0.37854740
-0.09789824 0.14620607 -0.33919650
-0.05847903 0.17668957 -0.30659440
-0.00318570 0.19839752 -0.26055157
0.02384572 0.21070470 -0.21815014
-0.03853564 0.19655891 -0.26274997
-0.06268114 0.13083929 -0.38136742
-0.07310005 0.10323554 -0.41137090
-0.11588592 0.06980556 -0.42736271
-0.10102920 0.07276163 -0.43084681
-0.08203792 0.07654428 -0.43614510
-0.14175056 0.08925233 -0.39566615
-0.16025250 0.07963845 -0.39214218
-0.15937684 0.06023413 -0.41644254
-0.14568785 0.04274060 -0.44080302
-0.14354913 0.06499676 -0.42000839
-0.17285155 0.05032859 -0.41242278
-0.18086520 0.06940320 -0.39266407
-0.14060707 0.11373706 -0.36726063
-0.16212052 0.10184522 -0.36358175
-0.19171007 0.10836202 -0.33067569
-0.18459985 0.08638049 -0.36259392
-0.13850568 0.13609533 -0.33265150
-0.16381140 0.12410154 -0.33045852
-0.07404308 0.19270448 -0.25996196
-0.10472358 0.18977806 -0.25688866
-0.05709000 0.21245506 -0.21705365
-0.01394127 0.15527692 -0.33998254
0.02136041 0.14700368 -0.32772952
0.04021999 0.17216082 -0.29001272
-0.01269265 0.21570133 -0.21901971
-0.16509359 0.16503379 -0.24795154
-0.16515590 0.14591940 -0.29166871
-0.13631323 0.15835826 -0.29387179
-0.19452639 0.12524652 -0.29094818
-0.19851036 0.14326876 -0.24817677
-0.08844695 0.17030224 -0.30127069
0.01031966 -0.15912290 -0.19538040
-0.10393094 0.12200966 -0.37317050
-0.03050184 0.13338132 -0.38002026
0.05129488 0.22138715 -0.21443456
0.08968207 0.23773043 -0.19098072
0.07845146 0.22874589 -0.21385139
0.12378107 0.22099544 -0.20557941
0.10378588 0.20643204 -0.25197881
0.06173316 0.20094173 -0.25163785
0.16765560 0.20246221 -0.19705859
0.14192639 0.18709192 -0.24271663
0.07809838 0.18185385 -0.29505560
0.11513247 0.16634108 -0.28830031
0.08555122 0.14047784 -0.32775784
0.05140806 0.14960378 -0.32971075
-0.01445801 0.10569963 -0.40294757
-0.00010815 0.12777200 -0.36747786
-0.04500785 0.10552209 -0.40882877
0.02951319 0.19802152 -0.25331834
0.02635145 0.11764000 -0.35612902
0.00934533 0.09772455 -0.39207378
0.03062865 0.08883562 -0.38683268
0.05585357 0.11263714 -0.35900909
-0.02932904 0.08122777 -0.42976937
-0.00535290 0.07897022 -0.42161191
0.00850867 0.06916000 -0.41026241
-0.00354499 0.05824629 -0.43009686
-0.05643189 0.08103894 -0.43664706
-0.21937498 -0.02537542 -0.37247443
-0.20684122 -0.02663733 -0.40345484
-0.19994512 -0.04609820 -0.40093601
-0.22249761 -0.04882796 -0.33510166
-0.21182939 -0.04797648 -0.37086147
-0.23442297 0.00213031 -0.33642176
-0.23119125 -0.02380776 -0.33664998
-0.22241923 -0.00292969 -0.37244236
-0.20950003 -0.00769139 -0.40439764
-0.18780793 -0.04451043 -0.42664561
-0.19344379 -0.02760314 -0.43017095
-0.19585724 -0.01074219 -0.43128008
-0.18865265 -0.06408069 -0.39811662
-0.17921489 -0.05990752 -0.42189395
-0.16227826 -0.06542969 -0.43451303
-0.16711774 -0.07128906 -0.42021289
-0.17254628 -0.07801928 -0.39706564
-0.19825846 -0.06853660 -0.36839396
-0.18423751 -0.09091344 -0.33358091
-0.17888857 -0.08496093 -0.36844108
-0.20727040 -0.07241847 -0.33445480
-0.24037416 -0.05135645 -0.25051954
-0.24258490 -0.02179152 -0.29621005
-0.23239936 -0.04957966 -0.29523897
-0.25822031 0.01128003 -0.25198165
-0.25259545 -0.02106900 -0.25151274
-0.24881956 0.00713650 -0.29803202
-0.21522316 -0.07544450 -0.29441974
-0.22031777 -0.07828691 -0.24970378
-0.19334956 -0.10402863 -0.25043973
-0.18963988 -0.09756690 -0.29419383
-0.24554610 -0.05429167 -0.20348097
-0.22246321 -0.08236603 -0.20349708
-0.26045641 -0.02153281 -0.20416851
-0.27042452 0.01436850 -0.20477721
-0.25619563 0.04538628 -0.25147167
-0.24656403 0.08112797 -0.25032905
-0.24503812 0.03652149 -0.29633820
-0.22403651 0.05437070 -0.33251458
-0.23609945 0.06843488 -0.29464120
-0.23217073 0.02717605 -0.33524254
-0.27216050 0.05398545 -0.20629889
-0.25663862 0.09301869 -0.20483330
-0.22709432 0.11523006 -0.24972437
-0.23527715 0.13053058 -0.20483051
-0.20315817 0.16115618 -0.20379479
-0.22078644 0.10069815 -0.29342213
-0.20945668 0.08174625 -0.33068237
-0.20304823 0.02950609 -0.39715233
-0.21321191 0.04129968 -0.36738259
-0.22073534 0.01775184 -0.37061989
-0.20749357 0.00912522 -0.40167144
-0.19288671 0.04954970 -0.39307746
-0.20100431 0.06481077 -0.36403966
-0.18412393 0.03626557 -0.41593751
-0.19180739 0.01923798 -0.42315310
-0.19461015 0.00237439 -0.42716157
-0.01155485 -0.08663955 -0.39992863
-0.02625996 -0.10052360 -0.37419334
-0.04255060 -0.08448098 -0.40086469
0.00885004 -0.10102786 -0.37308258
0.02965508 -0.11284939 -0.33883709
-0.04347368 -0.10872113 -0.34205231
-0.01037134 -0.11558728 -0.34244391
-0.05580869 -0.09564276 -0.37435073
-0.06719237 -0.08529735 -0.40280369
-0.05560985 -0.07390913 -0.42540193
-0.02938628 -0.07202622 -0.42143786
-0.07714844 -0.07757910 -0.42923313
-0.00207432 -0.07185830 -0.41932121
0.01907517 -0.08300781 -0.39834857
0.04252084 -0.07135069 -0.39505136
0.01909411 -0.06542969 -0.41866332
0.04231993 -0.09230646 -0.36888641
0.09599009 -0.08206340 -0.32860366
0.06854276 -0.07683401 -0.36533827
0.06599394 -0.09979977 -0.33320484
0.07538499 -0.13489982 -0.25432202
0.05123284 -0.12157880 -0.29835641
0.00781827 -0.13092041 -0.30483860
-0.01540675 -0.13837349 -0.26405528
0.02763801 -0.14468980 -0.26238397
-0.03035840 -0.12235130 -0.30532613
0.11812895 -0.11731073 -0.24602078
0.09077419 -0.10719270 -0.29151842
0.15627682 -0.09521991 -0.23949873
0.12605113 -0.08833884 -0.28675932
0.14620484 -0.12981890 -0.19869302
0.09985476 -0.14802763 -0.20690477
0.04749391 -0.15453564 -0.21571289
-0.00033040 -0.15486071 -0.22045751
-0.04537784 -0.12368616 -0.26136672
-0.05792918 -0.11298136 -0.30293879
-0.07039645 -0.12201028 -0.25806111
-0.07939956 -0.10871276 -0.29918730
-0.08713351 -0.10129704 -0.33687916
-0.06769467 -0.10099158 -0.33917534
-0.05910615 -0.13003606 -0.21438001
-0.03311171 -0.13601014 -0.21757814
0.00464549 0.17592826 -0.29619420
-0.11963978 -0.11872809 -0.25461078
-0.15531965 -0.11583485 -0.25359204
-0.15286347 -0.12498380 -0.20763019
-0.19364275 -0.10993186 -0.20435765
-0.12417952 -0.10901239 -0.29606101
-0.15590595 -0.10925563 -0.29578325
-0.12692297 -0.10304179 -0.33412796
-0.15545030 -0.10226019 -0.33524415
-0.07669327 -0.09495808 -0.37363449
-0.10028946 -0.08886717 -0.40209967
-0.09392232 -0.09472657 -0.37218896
-0.08522722 -0.08788393 -0.40322551
-0.13115399 -0.09025745 -0.39984772
-0.15361223 -0.09478500 -0.36914125
-0.15161732 -0.08713818 -0.39834851
-0.12907033 -0.09667968 -0.36942056
-0.15017655 -0.07784016 -0.42162448
-0.13378906 -0.08105469 -0.42568126
-0.09358519 -0.08032377 -0.43032819
-0.10644532 -0.08105469 -0.42898446
0.06035944 0.05616243 -0.39333460
0.10283562 0.04755341 -0.36300543
0.06722213 0.03392550 -0.39684361
0.12827712 0.09384497 -0.32342428
0.09540758 0.07500262 -0.36456805
0.14614403 0.03076085 -0.32354355
0.14009929 0.06262611 -0.32337981
0.10557196 0.02056399 -0.36311579
0.07013033 0.01168652 -0.39774770
0.02843003 0.04067234 -0.41994214
0.03454561 0.02208115 -0.42632738
0.03663233 0.00317991 -0.42929775
0.04785737 0.07490000 -0.38915640
0.02156001 0.05759066 -0.41449496
0.07913271 0.09746302 -0.36126158
0.11136343 0.12134539 -0.32649845
0.20618705 0.13012251 -0.23285061
0.16915299 0.11418900 -0.28113237
0.18568771 0.07729999 -0.27719086
0.22838397 0.09013204 -0.22881244
0.23845516 0.04679874 -0.22639675
0.19470753 0.03937233 -0.27694482
0.17992118 0.16521437 -0.24001257
0.14623846 0.14413159 -0.28421271
0.20570615 0.17447622 -0.18981975
0.23890346 0.13979624 -0.18320584
0.25927922 0.09622205 -0.17660031
0.27246284 0.05123776 -0.17350025
0.23327507 0.00494915 -0.22692171
0.19073166 0.00255377 -0.27810180
0.21579161 -0.03327646 -0.23017943
0.17461002 -0.03142589 -0.27929693
0.13364178 -0.03105569 -0.32384491
0.14394155 -0.00117489 -0.32390165
0.24884310 -0.03522933 -0.17708738
0.26663131 0.00612346 -0.17429210
0.22152771 -0.07253300 -0.18337798
0.18952706 -0.06729914 -0.23458761
0.18775216 -0.10416092 -0.18972939
0.15360288 -0.06214887 -0.28237164
0.11838438 -0.05878182 -0.32612580
0.06592367 -0.03347569 -0.39548364
0.09804986 -0.03217164 -0.36254525
0.10487647 -0.00621096 -0.36300138
0.06947253 -0.01117727 -0.39637998
0.05707255 -0.05368279 -0.39409548
0.08691839 -0.05643535 -0.36304808
0.02986617 -0.05178969 -0.41953349
0.03488800 -0.03483143 -0.42367956
0.03714462 -0.01593699 -0.42671466
0.26317459 0.15329109 0.10008584
0.24696308 0.14642622 0.12466753
0.27786434 0.10029995 0.10790772
0.27358750 0.05085761 0.13530454
0.25961185 0.09084905 0.12715670
0.28987601 0.05585976 0.10852454
0.22052889 0.18545203 0.11038414
0.23461168 0.19367488 0.08741008
0.18717961 0.21272123 0.09442469
0.19730814 0.22122559 0.07210243
0.20026176 0.17028101 0.12636508
0.22224429 0.13292068 0.14097573
0.17249702 0.19599637 0.11151106
0.16078708 0.18047898 0.12341406
0.17435715 0.15843116 0.13885550
0.18861666 0.11937502 0.14960437
0.23567882 0.08218551 0.14435960
0.20866421 0.03609098 0.16600083
0.20280603 0.07726848 0.15950598
0.24611352 0.04258072 0.15574217
0.27120855 -0.05748134 0.12907438
0.27952933 -0.00564225 0.13560949
0.29575065 -0.00246053 0.10248865
0.29055735 -0.05684100 0.09328836
0.24790972 -0.01082246 0.15670571
0.24195717 -0.05946712 0.15311311
0.21071194 -0.01402613 0.16985731
0.20473287 -0.06110028 0.16471171
0.25104427 -0.10159895 0.11934613
0.22282660 -0.10164148 0.14534986
0.18248363 -0.12095040 0.14863050
0.19225124 -0.09768469 0.15567492
0.22102089 -0.13822517 0.11021101
0.20024216 -0.13073488 0.13587193
0.26826471 -0.10305684 0.08263214
0.23503828 -0.14073305 0.07347709
0.14811470 -0.18771303 0.05361378
0.13732190 -0.19403605 0.09541500
0.10465282 -0.19469005 0.04321206
0.09550050 -0.21227615 0.07688430
0.19377914 -0.16906665 0.06425042
0.18114358 -0.16552383 0.10194688
0.16640137 -0.15168829 0.13091959
0.13936199 -0.17891651 0.13490555
0.15666416 -0.13175973 0.15213537
0.12553926 -0.15392406 0.16297276
0.13129318 -0.22466391 0.15465511
0.12407013 -0.23811290 0.12362733
0.10812251 -0.25913352 0.20680077
0.11565606 -0.20910606 0.18100119
0.12070704 -0.28615269 0.14911063
0.12704901 -0.27352411 0.18031815
0.10909244 0.22844376 0.07060523
0.07185569 0.22497110 0.06638957
0.07698586 0.24151900 0.03638178
0.11612544 0.24028063 0.04677028
0.06479594 0.20405714 0.09308658
0.10293666 0.21155839 0.09552551
0.10221808 0.19671154 0.13511036
0.05762469 0.19514115 0.12772685
0.13918620 0.21142045 0.10240632
0.14785042 0.22763044 0.08049264
0.13612060 0.18736209 0.12385923
0.15688646 0.23879856 0.05844726
0.12522167 0.05845033 0.31328729
0.16083460 0.08519324 0.38327914
0.13576236 0.09821854 0.37748650
0.17941549 0.05062744 0.31577814
0.15043166 0.04437546 0.32076705
0.18952820 0.12619630 0.43259987
0.18952109 0.09186137 0.37755135
0.16051954 0.11674923 0.44155142
0.13384348 0.13042487 0.43381891
0.13621522 -0.04800615 0.19108081
0.12819314 -0.10474809 0.17171600
0.09737626 -0.10045309 0.17268160
0.10764423 -0.05323716 0.19980961
0.09010111 -0.14833266 0.16749248
0.16526817 -0.05992612 0.17153254
0.15877344 -0.10088810 0.16515784
0.14416662 0.00523482 0.19013342
0.16956332 -0.01089341 0.17246346
0.13040677 0.05197455 0.18239732
0.16894303 0.03761836 0.17150623
0.11257716 0.10795529 0.17620507
0.11820706 0.07565130 0.17089844
0.07174814 0.06818070 0.16332477
0.06589261 0.08761117 0.17580274
0.08837053 0.06487548 0.18098702
0.15238222 0.11305670 0.15851785
0.16158813 0.07767422 0.16604848
0.11651385 0.15592059 0.16162078
0.14296985 0.15224871 0.14379326
0.06552510 0.10086825 0.21045110
0.02546812 0.10398067 0.20088258
0.10071944 0.12328783 0.21398801
0.09148256 0.13281423 0.25960019
0.06003708 0.11113435 0.25094849
0.02500702 0.11665743 0.23746662
-0.11912746 -0.15810385 0.07154766
-0.11175570 -0.15249270 0.09927025
-0.10863557 -0.14136982 0.12363192
-0.14255153 -0.13411167 0.12013157
-0.16264179 -0.14169736 0.07691610
-0.15304208 -0.13800246 0.10188617
-0.13136810 -0.15818939 0.04474388
-0.17024910 -0.13897310 0.05091094
-0.24297231 0.00568100 0.17516723
-0.26341271 0.00270279 0.15407977
-0.27228817 0.01199921 0.17456642
-0.24956869 0.01701548 0.19689909
-0.26596153 0.02608105 0.23231542
-0.28807074 0.02317411 0.20279691
-0.30042022 0.03840442 0.17188451
-0.27405605 0.00850914 0.12608203
-0.28317022 0.02445632 0.14440797
-0.19812664 -0.11943576 0.08407670
-0.20379980 -0.11601856 0.05686036
-0.23393139 -0.09398029 0.09640322
-0.23021843 -0.08490474 0.06427030
-0.18527327 -0.12123373 0.11170175
-0.21315205 -0.10561860 0.12881537
-0.16068046 -0.12274577 0.13377801
-0.18832177 -0.09903856 0.15594915
-0.24867825 -0.04483276 0.06748025
-0.25226340 -0.03583774 0.09264363
-0.24808735 -0.05601741 0.09421587
-0.25182909 -0.02175515 0.08117962
-0.25292969 -0.00203293 0.07324219
-0.25292969 0.00003036 0.06152344
-0.21006286 0.13766414 0.06240074
-0.19167559 0.12076652 0.09283575
-0.23940295 0.09364594 0.08649221
-0.18744320 0.07220935 0.14628892
-0.21430041 0.08926029 0.11785043
-0.15893492 0.13354485 0.10180770
-0.16782601 0.10747143 0.11857673
-0.17001641 0.15209380 0.07777266
-0.18326718 0.17647229 0.04667055
-0.21363901 0.14596175 0.03184322
-0.23969771 0.09577952 0.05136197
-0.18219538 0.18794583 0.01531825
-0.14298251 0.20836000 0.00914313
-0.14895903 0.18794243 0.04168244
-0.14548855 0.16284291 0.07265268
-0.13996461 0.13757648 0.10567654
-0.22380282 0.04131576 0.19199991
-0.19067800 0.04033213 0.16470458
-0.24119557 0.09122880 0.21799044
-0.22158569 0.07478717 0.17930907
-0.24210081 0.05563258 0.23704664
-0.19843718 0.02179281 0.16421348
-0.21870181 0.01472975 0.17263415
-0.00114147 -0.15955876 0.21074115
-0.05544302 -0.14194450 0.15842341
0.05180915 -0.22227663 0.24295099
0.00339621 -0.18094595 0.19232148
0.04729983 -0.20429124 0.26867399
-0.02845175 -0.12416457 0.19493289
-0.05551058 -0.12592426 0.16517419
-0.14348371 0.06797697 0.15007746
-0.13913485 0.10497028 0.13047783
-0.11527373 -0.12707479 0.14549503
-0.11279554 -0.09739252 0.16406301
-0.08573230 -0.11273284 0.16018680
-0.14275546 -0.09635429 0.15672426
-0.19784072 0.07368824 0.26945409
-0.21498434 0.08416452 0.24725094
-0.20335843 0.08293396 0.27173939
-0.26208609 0.11005258 0.18660441
-0.25561994 0.07982796 0.20923690
-0.26719284 0.09012863 0.18788254
-0.24167430 -0.10304052 0.15619944
-0.22560215 -0.09384385 0.18353789
-0.25355086 -0.10166275 0.22203933
-0.29176813 -0.09279633 0.16014276
-0.27327296 -0.11035156 0.18785127
-0.26061752 -0.08830217 0.12963437
0.13275029 -0.05213551 0.31789231
0.12485404 -0.03680509 0.32817465
-0.23159230 0.10030574 0.23415408
-0.21405487 0.07601927 0.23779765
-0.27458292 0.05268298 0.11922500
-0.25376487 0.05387063 0.08890505
-0.25683591 0.03035075 0.08992763
-0.26564729 0.02098538 0.10449218
-0.30341476 0.07025392 0.15470159
-0.29104289 0.10499214 0.15768114
-0.26328528 0.08910498 0.12478708
-0.25439569 0.04423689 0.06302804
-0.25488281 0.01620837 0.07910156
-0.14941406 -0.08300781 0.45996094
-0.13899420 -0.09557023 0.45490801
-0.14902845 -0.09386695 0.45275003
0.14500473 -0.04481190 0.30698639
-0.15057491 0.02653767 0.16352238
-0.18348710 0.00676640 0.16503906
-0.17038094 -0.01254136 0.16699219
-0.14139771 -0.01356315 0.17193075
-0.27281535 -0.01317287 0.17090806
-0.27441406 -0.01664737 0.12496217
-0.26394603 -0.01322688 0.15248576
-0.28470835 -0.02267545 0.14100930
-0.30488527 -0.02638565 0.16710776
-0.26575714 -0.02109178 0.22800048
-0.29190817 -0.00955475 0.19841924
-0.24439719 -0.01911706 0.17259502
-0.25211093 -0.02506323 0.19244479
-0.19237013 -0.06460172 0.16801816
-0.22915450 -0.05619035 0.19124758
-0.20033669 -0.04361315 0.16561410
-0.22153102 -0.03269397 0.17347345
-0.25058609 -0.06032718 0.23649246
-0.23962982 0.09072296 0.15238954
-0.26160306 -0.00455895 0.09468418
-0.26432467 -0.02823106 0.10481948
-0.27050781 -0.00488281 0.11872226
-0.21092524 -0.00989379 0.16706152
-0.18331759 -0.03022880 0.16503903
-0.25933701 -0.00679683 0.14561722
-0.27251428 -0.05257839 0.12087125
-0.30299169 -0.05829949 0.15341423
0.03832785 -0.07123379 0.24173698
0.07172286 -0.08062649 0.27342930
0.06902301 -0.05345261 0.23088531
0.13786033 -0.07752339 0.30029410
0.09886779 -0.06187090 0.26666924
0.11478207 -0.10016651 0.31052768
0.08702161 -0.09923095 0.32977283
0.04197797 -0.08296467 0.28666899
-0.00768391 -0.07641761 0.24169835
0.06746820 -0.13295378 0.20119222
0.04671238 -0.09699588 0.17736022
0.04073142 -0.11714432 0.16652781
0.05907547 -0.09325884 0.19561128
0.09274676 -0.19432367 0.22107910
0.10563564 -0.17128751 0.23499547
0.05125507 -0.16293396 0.18539749
-0.01110883 0.09217114 0.49410951
-0.01885039 0.09921576 0.49836993
-0.01483695 0.07425069 0.49154454
0.02684087 -0.18047453 0.18229948
0.07382927 -0.21748203 0.22333254
0.18192793 0.13530578 0.42942759
0.00354443 0.10217114 0.48925784
0.04003906 -0.06412610 0.16503908
0.03618088 -0.09977404 0.14740501
0.04564263 -0.08108169 0.17311497
0.02832031 -0.12292133 0.11522581
0.02191179 0.00234153 0.25464627
0.06642140 -0.01241708 0.30089784
-0.01081966 -0.01646090 0.26222286
0.07882094 -0.03984021 0.35476959
0.03782772 -0.02868468 0.30990124
0.13141654 -0.01834148 0.32406655
0.10374107 -0.01896132 0.34551126
0.09571396 -0.00688249 0.28432772
0.05962974 0.00485743 0.24350329
-0.14544059 -0.05596783 0.16864921
-0.08645874 -0.06363114 0.18731165
-0.10248443 -0.07878286 0.17539176
-0.09703279 -0.04343008 0.18787616
-0.05806639 -0.04268448 0.21798439
-0.05538625 -0.06873374 0.20676555
-0.01901632 -0.04851620 0.25733477
-0.04701145 -0.01462256 0.22061840
0.05824681 -0.04155283 0.20374519
0.05143914 -0.06667871 0.19750078
0.05045949 -0.07143532 0.21205556
-0.05710946 -0.09623491 0.19181639
-0.01223760 -0.09041266 0.22289360
0.02765412 -0.07898732 0.22570379
0.05212028 -0.01434216 0.20593093
0.02924364 0.00664892 0.20796134
0.07713865 -0.02012931 0.23482718
0.05678919 -0.24122116 0.10662921
0.09429300 -0.24703151 0.10585034
0.05498793 -0.28369832 0.13600683
0.09047422 -0.28936765 0.13315141
0.05204182 -0.20394963 0.16723521
0.04563710 -0.22488132 0.13314122
0.03886100 -0.25676537 0.19254519
0.03417969 -0.27118772 0.15889233
0.08305109 -0.20163609 0.18440482
0.07211629 -0.25401869 0.21056837
0.04706197 0.11340971 0.28700337
0.01484638 0.11621162 0.26498562
0.07289433 0.13294652 0.30603871
0.04829864 0.12688223 0.34307507
0.02967372 0.10879821 0.31605422
0.00295461 0.10874403 0.29012018
0.00891235 0.13797081 0.18632454
0.01486405 0.18007709 0.17287189
0.00523449 0.14770323 0.22504383
0.00463830 0.19005260 0.21841908
0.10961577 0.16818975 0.20539771
0.08018715 0.21703452 0.24731807
0.09235618 0.20732872 0.18790400
0.10009979 0.17669001 0.25935394
0.05051329 0.20684178 0.17403881
0.03726373 0.21885848 0.22800075
-0.06254759 0.02208793 0.36292085
-0.06176429 0.04173272 0.32651043
-0.06881281 0.03027344 0.32400516
-0.06095078 0.03652454 0.41344559
-0.05385948 0.03613281 0.36524251
-0.06787076 0.01671285 0.40737933
-0.08379576 0.00360838 0.40282708
-0.07069697 0.00878906 0.35831255
-0.07455049 0.01846246 0.32145554
-0.01270902 0.18360105 0.25835410
-0.00616794 0.14451705 0.25677720
-0.03134602 0.16739726 0.28828278
-0.02135886 0.13289259 0.27975559
0.05141618 0.20761956 0.30371559
0.01370216 0.20891553 0.27904588
0.01777561 0.18875596 0.34547180
-0.01312080 0.18873708 0.31587064
0.07470141 0.17332928 0.31312138
0.04426220 0.16152743 0.35719952
-0.10973328 -0.02461234 0.38745931
-0.14052960 -0.03918917 0.43032545
-0.12273469 -0.05085092 0.42862919
-0.12785363 -0.01876394 0.39560258
-0.14402249 -0.00828707 0.38189179
-0.16073996 -0.03261615 0.42383587
-0.17564200 -0.06009848 0.46141770
-0.13936169 -0.07798941 0.46452740
-0.15633370 -0.06698491 0.46491405
-0.03026202 0.07214786 0.44711369
-0.06736053 0.09754908 0.40891135
-0.04336516 0.08848938 0.45280692
-0.03373952 0.07243599 0.40096974
-0.04865596 0.08041363 0.41443437
-0.01356977 0.06388374 0.43842262
0.00641655 0.04828084 0.47186241
-0.01295438 0.05634951 0.48433012
-0.02462710 0.07578576 0.49393618
0.00378797 0.11312015 0.43743199
0.00091188 0.09891787 0.38676041
0.01402282 0.09168740 0.43099016
-0.00927932 0.12146062 0.39651105
-0.03434017 0.13822891 0.39440987
0.00146781 0.11251038 0.49335250
-0.01795852 0.12279762 0.44655758
0.02128300 0.10238353 0.47958550
0.02972166 0.08273501 0.46797130
-0.10474082 0.07096039 0.41479349
-0.12127007 0.05372773 0.40322426
-0.12670437 0.06332482 0.35937321
-0.11564378 0.08105467 0.36522651
-0.11141550 0.07789581 0.32509077
-0.12771347 0.04847155 0.31827265
-0.12069691 0.06313173 0.32168007
-0.12798613 0.03089936 0.39621928
-0.13621351 0.04591184 0.35283095
0.01225126 0.09756079 0.33496696
-0.01114287 0.09586151 0.30433410
0.02414118 0.11491988 0.36645076
-0.00510140 0.08452439 0.34693044
-0.02419938 0.08255203 0.31380269
0.01425047 0.14443679 0.38090941
-0.01211755 0.16793753 0.37150314
-0.03694344 0.16827375 0.33831647
-0.05033620 0.14930236 0.30561653
-0.06561550 0.13211696 0.31663880
-0.05716484 0.14695664 0.35157260
-0.03639906 0.11773963 0.29329395
-0.00737309 0.11578236 0.28810883
-0.05029348 0.10337164 0.30162024
-0.16179968 -0.04404614 0.35325161
-0.18204750 -0.07017846 0.32155859
-0.18330298 -0.05232267 0.29311571
-0.17123351 -0.02338101 0.31513497
-0.15449938 -0.01532028 0.28493619
-0.16494901 -0.04417485 0.26563212
-0.18023127 -0.07696087 0.23889931
-0.20066565 -0.08623168 0.26724476
-0.20288205 -0.10579401 0.29716218
-0.10571590 0.00633131 0.44152501
-0.12024255 0.02179514 0.44020984
-0.10838533 0.01162599 0.40799803
-0.08781698 -0.01399659 0.48377010
-0.08616056 -0.00162453 0.44496441
-0.10646067 -0.00570993 0.48104215
-0.12108676 0.00870722 0.48349473
-0.16047332 -0.00096617 0.33196989
-0.15699306 -0.02283004 0.37030807
-0.13877465 0.02221873 0.30891472
-0.15092283 0.01592316 0.34271368
-0.14621462 0.00689005 0.29889172
-0.09262697 -0.03703957 0.33920848
-0.08935090 -0.02365382 0.30424005
-0.08378412 -0.00665694 0.31352225
-0.08502939 -0.01778314 0.34936747
-0.11628856 -0.04356064 0.37569553
-0.12892644 -0.06146637 0.35691065
-0.10271534 -0.06109791 0.32253748
-0.09896801 -0.04640449 0.29018021
-0.25598863 0.05916632 0.22071317
0.14383641 0.13814442 0.43066409
0.16233222 0.12815605 0.43372679
-0.16205446 -0.08763987 0.33225173
-0.13526317 -0.09643400 0.32672903
-0.14711143 -0.05595733 0.35945547
-0.17981040 -0.12651670 0.31182191
-0.14709303 -0.13450775 0.30410358
-0.11463234 -0.09141187 0.30073008
-0.11103939 -0.07482641 0.27078322
-0.12635498 -0.12700538 0.27716368
-0.12106210 -0.11066587 0.24328347
-0.13429998 -0.05522537 0.25825486
-0.12317886 -0.02698691 0.27691817
-0.14682588 -0.08800682 0.22791949
-0.24195999 0.12269729 0.24422713
-0.23671833 0.09792674 0.21961460
-0.26778829 0.04102566 0.21816467
0.00429826 0.07228345 0.43263996
-0.01353403 0.08109932 0.39496669
0.02563180 0.05953017 0.46557990
-0.17430501 -0.04282270 0.41132855
-0.18599537 -0.08672872 0.43979800
-0.17329742 -0.06102747 0.40209794
-0.18844493 -0.06995564 0.45042035
-0.12440004 -0.06899357 0.41753078
-0.13946629 -0.07853098 0.40642652
-0.15303954 -0.10488726 0.44356161
-0.24104777 0.13704762 0.26687649
-0.25032240 0.13070586 0.23374608
-0.06978434 0.00711096 0.44896558
-0.06608658 0.02456991 0.45457608
-0.06564135 0.01390452 0.49159923
-0.06968996 -0.00488281 0.48668289
-0.08053379 0.04029326 0.45773497
-0.07858934 0.05356819 0.42776003
-0.10074533 0.05093791 0.45555055
-0.09873784 0.03431906 0.49544525
-0.07910156 0.02794051 0.49457461
-0.11740398 0.04062791 0.44657958
-0.11621094 0.02607260 0.49037606
-0.07889670 0.11722653 0.32328507
-0.06068992 0.09239326 0.30821806
-0.03489986 0.07149774 0.31989992
-0.04463077 0.06253109 0.32374954
-0.06969921 0.08250498 0.31019744
-0.09060229 0.10455229 0.32702267
-0.02025577 0.07268063 0.35492796
-0.03417968 0.06223284 0.35995159
-0.05667920 0.12177317 0.40467146
-0.07421707 0.12745205 0.36083063
-0.08869743 0.10941661 0.36590621
0.00827994 0.05566407 0.47494236
-0.00628222 0.05997565 0.48339844
-0.17977233 -0.07463519 0.45079529
-0.15747072 -0.07270133 0.40270153
-0.17202350 -0.10035432 0.43907782
-0.03720212 0.11091292 0.45226786
-0.10441071 0.02333399 0.30365625
-0.07910156 0.00683594 0.31818914
-0.10883279 0.01074219 0.29879770
-0.13371094 0.03605468 0.31386864
-0.09937162 0.03491850 0.30625477
-0.11659339 0.00178501 0.39438620
-0.09342293 -0.00683594 0.38788691
-0.13711871 0.01618068 0.38162547
-0.07770821 -0.00393186 0.35502744
-0.14382872 0.03069733 0.34815302
-0.11488878 -0.00521925 0.29066780
-0.07831333 0.07136090 0.31082934
-0.05257114 0.05195135 0.32552490
-0.08676933 0.05948299 0.31035286
-0.10156141 0.09178051 0.32705808
-0.05025175 0.05483766 0.40095437
-0.06790093 0.06779899 0.41672760
-0.08948787 0.08567613 0.40446782
-0.04497709 0.04993859 0.36348271
-0.10313562 0.09548181 0.36714771
-0.09409849 0.04724528 0.30838269
-0.01122255 0.00217370 0.21433938
0.10816769 -0.03143348 0.27140823
0.02902736 -0.05960758 0.30138308
0.07541004 -0.07288709 0.34641156
-0.28237143 0.03516224 0.20057929
0.13096970 0.14960675 0.34834686
0.12037468 0.11105743 0.28635147
0.12464692 0.12409292 0.36417681
0.11593243 0.08388761 0.30021474
0.12402342 0.15727262 0.41979080
0.13086221 0.18398398 0.40287066
0.20102385 0.11959954 0.36087424
0.19628906 0.08496094 0.30566406
0.19378750 0.08063082 0.29910305
0.18456478 0.11353236 0.28293049
0.19327982 0.14991945 0.34409964
0.19176346 0.18249741 0.39991751
0.19915581 0.15268971 0.41483197
0.16067581 0.15961459 0.34021857
0.15117018 0.12353101 0.27940568
0.16103074 0.19563955 0.39578268
0.15677302 0.07778212 0.22714639
0.12617800 0.08797993 0.22300567
0.09155329 0.07415477 0.22760257
0.16466297 0.04050216 0.23985858
0.15409319 0.00411527 0.25093976
0.08644036 0.04268343 0.23773797
0.10073150 0.01256164 0.24930112
0.12665834 -0.00373921 0.25526622
-0.11397342 0.25769466 0.10882464
-0.12233744 0.25184292 0.15583943
-0.13285382 0.22535819 0.14225130
-0.12110823 0.22768295 0.11020564
-0.11237805 0.19481769 0.12114130
-0.14471129 0.17964678 0.15996477
-0.12726857 0.19090933 0.14044228
-0.14059944 0.23470865 0.19074619
-0.15029646 0.21288401 0.16823453
-0.05718683 0.28677580 -0.01783965
-0.06253464 0.28052053 0.05280251
-0.08797278 0.26827249 0.04072557
-0.07593617 0.25050187 -0.02575473
-0.10581085 0.24846403 0.04226836
-0.07100765 0.26337487 0.10623720
-0.09181263 0.26464841 0.11469638
-0.06569900 0.17397535 0.12309475
-0.10373442 0.18629381 0.09850299
-0.08373515 0.17309307 0.14037052
-0.11210358 0.21894965 0.06582191
-0.14771608 0.20217124 0.24873500
-0.09934144 0.19012415 0.24355344
-0.13070804 0.17226276 0.26576823
-0.16708989 0.15897556 0.17844331
-0.14846364 0.13467650 0.19708352
-0.15840504 0.15387402 0.28766975
-0.12639388 0.14028832 0.25441566
-0.14944655 0.12324413 0.27553073
-0.15442954 0.10683133 0.24675730
-0.09176037 0.13983533 0.24056870
-0.07908048 0.16616446 0.25590020
-0.10665908 0.15168816 0.23535515
-0.10744794 0.13671850 0.20558599
-0.07930602 0.09962936 0.22735736
-0.09008852 0.12451918 0.21455960
-0.06198733 0.13688844 0.27589208
-0.08001520 0.11470694 0.25670594
-0.10454489 0.16534626 0.15747114
-0.08203777 0.14562491 0.17849334
-0.12607203 0.15590973 0.17829899
-0.09172331 0.24968702 0.17516060
-0.07048785 0.21840097 0.21097682
-0.06007887 0.25266415 0.13550770
-0.11703587 0.22522344 0.21827328
-0.20392829 0.16078934 0.28564611
-0.18398452 0.13596258 0.30227947
-0.17736913 0.18059659 0.27171186
-0.19399600 0.18862437 0.24110161
-0.24974509 0.15211122 0.26502529
-0.22059360 0.16900194 0.25472245
-0.23062463 0.14373206 0.29681000
-0.20892222 0.11951838 0.31342486
-0.13168813 0.12341292 0.22722617
-0.18924402 0.13767716 0.19832514
-0.17024161 0.11488730 0.21613863
-0.16690174 0.21258759 0.21907151
-0.17272724 0.19149834 0.19157721
-0.19724432 0.16847451 0.21202514
-0.17001340 -0.06877899 0.45896634
-0.29253229 0.04359768 0.17990114
-0.22177204 0.14829707 0.22511461
-0.21118279 0.11804999 0.21100928
-0.17295209 0.10729186 0.28913456
-0.17670517 0.09376039 0.25988948
-0.19585909 0.08898009 0.30117872
-0.19159356 0.09624320 0.22908838
-0.03730552 0.10089143 0.29752076
-0.05659661 0.07934265 0.27761123
-0.05967097 0.06221446 0.24724707
-0.02991669 0.02429903 0.27439386
-0.00847496 0.06897094 0.31990141
-0.02764527 0.04493879 0.30311981
-0.04329737 0.14167818 0.18422548
-0.03006982 0.16703176 0.19282725
-0.01080703 0.15465286 0.23996840
-0.03001546 0.18961605 0.21238503
-0.03056390 0.11283123 0.20051174
-0.01299949 0.13559513 0.21463445
-0.05231320 0.18762000 0.23976141
-0.03261898 0.15358427 0.26556778
-0.06945942 0.12645708 0.19297431
-0.05862455 0.09912123 0.20481743
0.06892660 0.06549869 0.30915701
0.04127140 0.08309751 0.28586873
0.04653691 0.06443664 0.33120441
0.02025123 0.08285971 0.30949762
0.02005909 0.04987058 0.34321538
0.04879270 0.04102175 0.36926135
0.09641971 0.05780110 0.33465430
0.07346409 0.05728730 0.35614759
-0.00863954 0.07370841 0.21899362
0.01056010 0.09700774 0.23669437
0.03910420 0.06221110 0.26073131
0.02150625 0.03627347 0.24436809
-0.03806365 0.05983149 0.22300279
-0.00815275 0.01973537 0.24875043
0.10779524 -0.01772492 0.35696211
0.04579776 -0.01192929 0.34098607
0.08466756 -0.01567848 0.37487233
0.09355302 0.00295194 0.31231993
0.06997201 -0.01558067 0.32159361
0.16555966 -0.00008617 0.37838015
0.12922533 0.00087798 0.34737226
0.14526327 -0.02047446 0.39120740
0.11957309 -0.01837874 0.40972707
0.07089709 0.04211653 0.28836629
0.05665734 0.01314404 0.27656215
0.10396049 0.03348788 0.31793010
0.02995354 -0.00454774 0.28394499
0.00697217 -0.00005118 0.30659351
0.00469799 0.02280627 0.33053336
0.03893476 0.01180276 0.36020455
0.18335266 0.17509118 0.40661556
0.19014561 0.15490812 0.41794991
0.07470339 0.00738122 0.39156389
0.08078598 0.03766746 0.39821362
0.10819469 0.00457592 0.42650798
0.11159704 0.03717602 0.43268543
0.12643985 0.05669430 0.36361426
0.10296312 0.05542811 0.38472924
0.15895467 0.06111171 0.39321536
0.13388212 0.06040898 0.41755956
0.13590622 0.03113850 0.35017359
0.17217189 0.03331541 0.37995568
-0.21886891 0.15790771 0.25715005
-0.20139624 0.15446682 0.28020543
-0.22763300 0.13429126 0.29043117
0.07774968 -0.23374605 0.18552855
0.07587569 -0.26366210 0.19421263
0.10119656 -0.23870675 0.18584110
-0.22977582 0.04348357 0.18734276
-0.23243432 0.06753171 0.18196070
-0.18796363 0.13380015 0.29695717
-0.00313036 0.06238223 0.45439515
-0.01859580 0.06819288 0.46295303
-0.24574782 0.02360920 0.18817343
0.09043338 -0.02657922 0.31467429
0.10787427 -0.03600723 0.33887836
0.07615215 -0.04103605 0.32521254
-0.02558086 0.08196726 0.47372416
-0.18607369 0.10321099 0.23396714
0.11258894 -0.02702335 0.30543488
-0.26207808 0.02078247 0.16944845
-0.20636955 0.11909298 0.21838845
-0.07615784 0.01074219 0.49081576
-0.07324219 0.00292969 0.46462905
-0.07133294 0.01989515 0.46873903
-0.27843186 0.03196425 0.15489095
0.07152227 -0.06243815 0.31619802
0.09780194 -0.08516499 0.32923722
0.08187897 -0.08058758 0.30744520
-0.07972573 -0.00097656 0.48829266
-0.08713723 -0.00292969 0.46679109
-0.21360731 0.14523801 0.23072027
0.09027536 -0.06934987 0.33986869
-0.27570012 0.05319853 0.14209630
-0.11230469 0.00878906 0.48599207
-0.11035156 0.01322970 0.46465218
-0.10476346 0.02962825 0.46395403
-0.29238474 0.06451764 0.16718574
-0.26639012 0.07770558 0.14724366
-0.02407133 0.10139441 0.47128236
-0.09105714 0.03417968 0.47017643
-0.10815102 0.02057122 0.48894706
0.02441406 0.08129341 0.47091502
0.11404315 -0.08496094 0.31778213
0.12925731 -0.07204376 0.31350848
0.02112160 0.06483354 0.46921465
-0.15917969 -0.09953620 0.44611445
-0.17117207 -0.09472657 0.44171092
0.13574219 0.15684412 0.42031682
-0.21169326 0.11716259 0.30301651
0.01669692 0.09656692 0.47893775
0.14157008 0.17613527 0.40897056
-0.20149542 0.09685241 0.29344404
0.16227636 0.18255609 0.40239781
-0.25880799 -0.08945122 0.21127011
-0.27162191 -0.09807569 0.18948774
0.09655403 -0.17125870 0.25852782
0.09777515 -0.18102080 0.24301355
-0.28849217 -0.08584841 0.17083858
-0.17560148 -0.12052222 0.30101866
-0.19168666 -0.10587795 0.28973490
-0.17524953 -0.08558711 0.24797150
-0.15165597 -0.09336130 0.24197963
-0.26023647 -0.06352132 0.22294533
-0.26947039 -0.03642372 0.21785656
0.09096609 -0.19595937 0.23535155
0.15300797 0.05063469 0.39625633
0.16237095 0.03055532 0.38515437
-0.13551340 -0.12126381 0.27495155
0.09709658 -0.26586673 0.19242986
0.10947198 -0.27180555 0.17626324
0.16036510 0.00676895 0.38523772
-0.28447300 -0.02513862 0.19721575
-0.29650140 -0.03487583 0.17483737
0.10604455 -0.27977866 0.15754254
0.11490650 0.00818592 0.42026693
0.12517233 -0.00965593 0.40512666
-0.19008443 -0.09182002 0.26817968
-0.13513884 -0.10836703 0.25150579
0.05851768 -0.26695991 0.18287249
0.11992916 0.03149129 0.42355987
-0.29679739 -0.06049895 0.16474858
0.13339949 0.04873112 0.41145617
0.06597264 -0.27923688 0.14932562
0.05456899 -0.27327091 0.16458535
0.14483018 -0.00878906 0.39063814
-0.09667968 0.02580759 0.49316406
0.07693772 -0.20805202 0.23619688
-0.08309523 0.02118736 0.49386814
0.08453386 -0.17580698 0.27337864
0.06644319 -0.21386719 0.24928939
-0.09082032 -0.00683594 0.48663610
0.06501493 -0.20466033 0.26594105
-0.10449219 -0.00097656 0.48535156
0.08773524 -0.28104666 0.14696105
0.07128906 -0.19042969 0.27774704
-0.28372055 0.08524022 0.16979641
0.09348773 -0.04946869 0.34509706
-0.24680257 -0.06000491 0.16226847
-0.27182922 -0.06121705 0.14203754
-0.26952407 -0.08506216 0.15044722
-0.25022617 -0.09256445 0.16570650
-0.23944803 -0.08583019 0.18907699
-0.23636125 -0.06026296 0.19010702
-0.24779126 -0.04123551 0.18650620
-0.27367175 -0.03670973 0.15030321
-0.25707719 -0.03290082 0.16728233
0.05432326 -0.16734864 0.23851942
0.07477405 -0.17978601 0.22039409
0.05692595 -0.19019468 0.21999301
0.08129310 -0.15231301 0.24824582
0.08019102 -0.16161473 0.22821662
0.05256832 -0.17336805 0.26990131
0.06458714 -0.15549524 0.26352260
0.04534724 -0.19878748 0.23716158
0.04227945 -0.18608242 0.25560135
-0.24390478 0.07730735 0.16198307
-0.24730155 0.04612930 0.15855445
0.11063401 -0.25414073 0.14509895
0.09033306 -0.25284353 0.13259259
0.08490262 -0.23450610 0.15612644
0.11391932 -0.24180867 0.16575260
0.05801268 -0.23953879 0.17535254
0.05583903 -0.24373795 0.15247442
0.06748229 -0.25475389 0.13605455
0.08981547 -0.05053138 0.29640725
0.09882405 -0.07903730 0.29210767
0.11766364 -0.06662477 0.29044452
0.11854750 -0.04438835 0.29096699
-0.14527525 -0.07373572 0.29409584
-0.14002216 -0.10404404 0.30842957
-0.12431648 -0.09551896 0.29265684
-0.17762290 -0.08134821 0.30381814
-0.16012517 -0.09240283 0.31520134
-0.17418246 -0.06561103 0.28697866
-0.16281730 -0.06365676 0.26550913
-0.13795084 -0.06748968 0.26223075
-0.12403095 -0.08622622 0.26946470
-0.08842696 0.01715525 0.45605472
-0.07837522 0.03027344 0.46728808
-0.10058594 0.00097656 0.46227565
-0.01223885 0.08958445 0.45067531
0.00887291 0.07461248 0.44499671
0.01515124 0.09117377 0.44982117
-0.00664879 0.11192274 0.46815732
0.00619378 0.10644532 0.45447344
-0.13769531 -0.08088153 0.43179113
-0.15203094 -0.06369933 0.42168128
-0.13964842 -0.06738281 0.44510862
-0.14949478 -0.05566407 0.44333914
-0.17468469 -0.05748543 0.42778173
-0.17548995 -0.07324458 0.42237180
-0.15086544 -0.08880726 0.42542139
-0.16291654 -0.08227559 0.41894531
0.15981853 0.11865958 0.40823740
0.18067619 0.12676966 0.40610963
0.15874767 0.14055686 0.38682440
0.18151037 0.16393408 0.38530248
0.18640500 0.14245915 0.39206082
0.16031425 0.16994101 0.37988800
0.14034648 0.16628002 0.39048976
0.14151916 0.13049160 0.41071516
0.13420813 0.14619088 0.39823264
-0.18796624 0.13311101 0.25441614
-0.17398901 0.11265783 0.28180417
0.10320369 0.02307561 0.36654183
0.11645409 -0.00543129 0.36349145
0.13537358 0.00769483 0.36308065
0.12429211 0.04934907 0.37252101
0.13434298 0.03108546 0.36046937
0.08977499 0.03275524 0.39796990
0.10143787 0.04908273 0.38432831
0.09856719 -0.00668831 0.37819597
0.08429145 0.01080217 0.38769627
-0.16503908 -0.05188204 0.44130892
-0.15722656 -0.07324219 0.45996094
-0.17912848 -0.08496094 0.44391838
-0.03318261 0.27281365 0.07109652
-0.01367805 0.28946519 -0.00350477
-0.11910865 -0.08253305 -0.42794845
-0.11425781 -0.09015658 -0.40102261
-0.12402343 -0.07060287 -0.45016530
-0.11000378 -0.09638862 -0.37021598
-0.10600491 -0.10405416 -0.33618787
-0.11354637 -0.12975144 -0.21200873
-0.08384800 -0.13012145 -0.21360035
-0.09353253 -0.12368462 -0.25706050
-0.10373828 -0.14281392 -0.16139345
-0.10867266 -0.13574508 -0.18905893
-0.10042206 -0.10858767 -0.29667899
0.09705076 0.24438475 -0.17235738
-0.11299789 0.16618559 -0.29701087
-0.11701194 0.14338657 -0.33571303
-0.12914197 0.06879140 -0.42418826
-0.12481847 0.09300947 -0.39887857
-0.13215406 0.04365628 -0.44359317
-0.12123971 0.11891988 -0.37029943
-0.13584526 0.02241926 -0.46086401
-0.13769531 0.00683594 -0.47507617
-0.13942707 0.00097656 -0.48865515
-0.12958509 -0.05834945 -0.46840817
-0.13378906 -0.04311435 -0.48110837
-0.13743779 -0.02764095 -0.48878112
-0.12597656 -0.02636719 -0.49121094
-0.07018227 0.24300545 -0.07110294
-0.08918787 0.20574555 -0.21304074
0.04710298 0.23116505 -0.19293575
0.06801122 0.23281559 -0.17831092
0.03981422 0.21888475 -0.20173484
-0.05064222 0.28093961 -0.07163314
-0.06784115 0.24027029 -0.10688641
-0.10586140 0.22907196 -0.13354285
-0.04580010 -0.15624183 -0.09027423
-0.05640011 -0.14941403 -0.12755793
-0.02890979 -0.14746092 -0.12787108
-0.04080991 -0.16045883 -0.05665219
-0.03612154 -0.15281208 -0.01985390
0.02220813 -0.13601105 0.07467500
0.00829540 -0.12597656 0.03964010
-0.01586622 -0.14271061 0.01723804
-0.06271610 0.23384269 -0.14219482
-0.07954938 0.21261081 -0.19226968
-0.11481400 0.21567728 -0.16076976
0.06064191 0.22703874 -0.19342761
-0.15917969 -0.07519531 0.46191406
-0.15229069 -0.12780967 0.29549387
0 1
0 2
0 3
0 4
0 5
0 6
0 7
0 8
1 2
1 3
1 8
1 9
1 52
2 3
2 9
2 10
2 16
2 17
2 24
3 4
3 24
4 24
4 282
4 414
5 6
5 412
5 414
5 415
6 7
6 29
6 32
6 413
6 416
6 436
7 8
7 29
7 32
8 9
8 29
8 31
8 48
8 52
9 10
9 15
9 19
9 52
10 15
10 16
10 17
10 19
10 20
11 12
11 13
11 49
11 50
11 51
11 664
11 672
12 13
12 14
12 15
12 48
12 51
12 52
13 14
13 15
13 51
13 663
13 664
14 15
14 18
14 19
14 663
14 664
15 19
15 52
16 17
16 19
16 20
16 22
16 23
16 129
17 22
17 24
17 25
18 19
18 20
18 21
18 662
18 663
19 20
19 21
20 21
20 23
20 129
21 129
21 130
21 661
21 662
22 23
22 24
22 25
22 292
22 293
22 298
23 129
23 293
23 298
23 301
24 25
24 27
25 26
25 292
25 297
26 284
26 292
26 297
27 282
27 284
28 29
28 30
28 31
28 34
28 35
28 40
28 48
29 30
29 31
29 32
29 33
30 31
30 34
30 431
31 48
31 52
32 33
32 436
33 34
33 36
33 431
34 35
34 36
34 37
34 38
34 39
35 38
35 39
35 40
35 41
36 37
36 429
37 39
37 77
37 78
37 277
37 278
38 39
38 41
38 70
38 71
38 76
38 77
39 77
39 78
40 41
40 48
40 49
40 51
41 46
41 49
41 76
42 43
42 44
42 236
42 1527
42 1536
42 1537
42 1538
43 44
43 235
43 236
43 249
44 249
44 478
44 482
44 1521
45 46
45 47
45 49
45 50
45 226
45 671
45 673
46 47
46 49
46 50
46 76
47 70
47 74
47 76
47 226
48 51
48 52
49 50
49 51
50 671
50 672
50 673
53 54
53 55
53 57
53 62
53 70
53 71
53 77
54 55
54 57
54 58
54 59
54 61
54 99
55 60
55 61
55 62
55 63
56 57
56 58
56 77
56 78
56 276
56 287
57 58
57 71
57 77
58 99
58 287
58 288
59 61
59 96
59 98
59 99
59 106
59 115
60 61
60 63
60 115
60 117
60 141
61 106
61 115
62 63
62 70
62 72
62 74
63 67
63 72
63 141
64 65
64 66
64 139
64 140
64 614
64 615
65 66
65 614
65 1501
65 1503
65 1504
66 127
66 140
66 1503
66 1504
66 1529
67 68
67 69
67 72
67 73
67 141
68 69
68 134
68 138
68 141
68 489
69 73
69 489
69 605
69 606
70 71
70 74
70 76
71 76
71 77
72 73
72 74
72 75
73 75
73 604
73 605
74 75
74 226
75 226
75 604
75 675
77 78
78 276
78 277
79 81
79 85
79 427
80 81
80 82
80 84
80 85
81 239
81 426
81 1493
81 1494
82 83
82 84
82 257
82 258
82 434
83 256
83 257
83 271
83 275
83 433
84 434
84 740
84 743
85 741
86 93
86 419
86 420
87 88
87 410
87 411
87 420
88 91
88 92
88 93
88 405
88 410
89 407
90 92
90 408
90 409
90 932
91 440
91 762
91 763
92 407
92 408
92 409
93 94
93 959
93 1191
94 417
94 773
94 1191
95 97
95 103
95 108
95 111
95 726
95 962
95 963
96 97
96 98
96 99
96 100
97 100
97 725
98 103
98 107
99 100
99 287
100 287
100 288
100 725
101 102
101 103
101 104
101 109
101 1534
102 104
102 106
102 107
103 107
103 108
103 1533
104 106
104 1534
104 1535
105 106
105 114
105 115
105 1531
105 1532
105 1535
108 110
108 111
108 113
109 113
109 1533
109 1534
110 111
110 112
110 440
110 762
110 764
110 920
110 924
110 933
111 966
111 967
112 933
112 935
113 935
113 1533
114 115
114 116
114 117
114 1531
115 117
116 117
116 134
116 1528
116 1529
116 1530
116 1531
117 134
117 141
118 119
118 120
118 122
118 127
118 128
118 1528
118 1529
118 1531
119 120
119 125
119 126
119 127
119 128
120 121
120 122
120 123
120 124
120 125
121 122
121 169
121 181
121 1531
121 1532
122 1531
122 1532
123 125
123 168
123 169
124 125
124 165
124 166
124 167
124 168
125 126
125 165
126 128
126 159
126 164
126 165
127 128
127 1503
127 1529
128 132
128 164
128 1503
129 130
129 298
129 301
130 301
130 302
130 498
130 661
131 132
131 133
131 300
131 619
131 1504
132 133
132 164
132 1503
133 158
133 163
133 164
133 300
134 138
134 141
134 1530
135 136
135 137
135 229
135 245
135 247
135 289
136 137
136 245
136 1521
136 1537
136 1538
137 229
137 250
137 251
137 1538
138 139
138 140
138 489
138 1530
139 140
139 489
139 607
139 615
140 1529
140 1530
142 143
142 144
142 145
142 146
142 147
142 149
142 150
143 144
143 146
143 152
143 158
143 159
143 165
144 149
144 150
144 151
144 152
145 146
145 148
145 165
145 211
145 212
146 165
146 166
147 148
147 149
147 174
147 176
147 178
147 217
148 400
149 150
149 217
150 151
150 217
150 218
150 230
150 234
151 152
151 156
151 161
151 234
152 158
152 161
152 163
153 154
153 155
153 156
153 157
153 230
153 233
153 234
154 155
154 231
154 232
154 233
154 558
154 559
155 157
155 551
156 157
156 160
156 161
156 234
157 160
157 548
157 550
158 159
158 163
158 164
159 164
159 165
160 161
160 162
160 548
160 549
161 162
161 163
162 163
162 300
162 549
162 620
163 300
165 166
166 167
166 212
167 168
167 171
168 169
168 170
168 172
169 170
169 186
170 172
170 186
170 792
171 172
171 212
171 214
171 792
171 793
171 804
172 792
173 174
173 175
173 179
173 449
174 175
174 176
174 177
174 178
174 179
174 180
175 176
175 215
175 217
175 221
177 178
177 180
177 400
177 401
177 811
177 816
177 876
178 400
179 180
179 449
179 826
179 827
180 827
180 876
181 182
181 183
181 184
181 185
181 186
182 1535
183 184
183 187
183 189
183 1533
183 1534
183 1535
184 185
184 187
184 189
185 186
185 187
185 192
185 786
185 787
185 792
186 786
186 792
187 189
187 190
187 191
187 192
188 189
188 190
188 918
188 920
188 928
188 933
189 190
189 1533
190 191
190 843
190 928
191 192
191 787
191 788
191 840
191 841
192 787
192 788
193 195
193 200
193 201
194 195
194 196
194 197
194 198
194 199
194 200
195 196
195 252
195 254
195 1206
195 1207
195 1520
196 197
196 198
196 200
196 254
197 198
197 221
197 223
197 254
197 448
198 199
198 223
199 200
199 448
199 828
199 829
200 201
200 829
201 404
202 203
202 205
202 271
202 273
202 443
202 444
202 446
203 204
203 210
203 446
203 447
204 205
204 206
204 208
204 210
205 206
205 272
205 1210
205 1211
206 208
206 209
206 403
206 1210
206 1211
206 1213
207 208
207 209
207 402
207 829
207 830
207 831
208 402
209 210
209 831
209 832
210 447
210 832
210 848
211 213
211 214
211 400
212 213
212 214
213 214
213 400
213 401
213 804
213 806
214 804
215 216
215 217
215 218
215 220
215 221
216 217
216 218
216 219
216 220
216 225
216 230
217 218
218 230
218 234
219 220
219 222
219 224
219 225
220 221
220 222
220 223
221 448
222 223
222 224
222 250
222 251
222 254
222 255
223 255
224 225
224 228
224 231
224 251
225 230
225 231
225 233
226 673
226 675
227 228
227 231
227 232
227 289
227 561
227 562
228 229
228 231
228 289
229 250
229 251
229 289
230 233
230 234
231 232
231 233
232 233
232 559
232 561
235 236
235 237
235 238
235 248
235 304
235 1522
236 237
236 241
236 248
236 1536
237 238
237 240
237 241
238 239
238 290
238 304
239 240
239 290
239 291
239 426
239 1494
240 241
240 1494
240 1525
241 1525
241 1526
241 1536
242 244
242 454
242 455
242 457
242 479
242 616
243 244
243 452
243 453
243 454
243 458
243 488
244 454
244 458
244 479
244 491
245 246
245 247
245 477
245 1521
245 1537
246 247
246 477
246 483
246 485
246 1507
247 289
247 483
247 562
248 249
248 1522
248 1524
249 456
249 482
249 1522
249 1524
250 251
250 253
250 255
250 1527
252 253
252 254
252 1520
253 254
253 255
253 1526
253 1527
254 255
256 257
256 260
256 261
256 271
256 272
256 275
257 258
257 259
257 1236
258 1236
258 1493
259 260
259 1234
259 1235
259 1236
259 1269
260 261
260 1267
261 1210
261 1212
261 1232
261 1266
261 1267
262 263
262 264
262 265
262 266
262 267
262 268
262 269
262 270
263 264
263 266
263 406
263 411
263 959
263 960
263 1165
264 266
264 270
264 952
264 1165
265 266
265 268
265 441
265 443
265 444
266 441
266 442
267 268
267 269
267 446
267 447
267 847
267 848
267 882
268 444
268 446
269 270
269 882
269 885
270 882
270 885
270 945
270 948
270 949
270 952
271 272
271 273
271 275
272 1210
273 274
273 275
273 443
273 444
274 275
274 443
274 445
274 743
274 746
274 979
274 986
275 433
276 277
276 280
276 288
277 278
277 279
277 280
277 281
278 279
278 429
279 281
279 429
279 432
279 721
279 722
279 727
280 281
280 288
280 723
280 725
280 727
281 722
281 727
282 285
282 286
283 284
283 286
283 424
283 696
283 750
285 286
285 414
285 415
285 687
285 689
285 694
286 694
286 696
287 288
288 725
289 561
289 562
290 291
290 294
290 295
290 299
290 303
291 294
291 295
291 296
291 426
292 293
292 294
292 295
292 296
292 297
293 294
293 295
293 298
294 295
294 298
294 299
294 303
295 296
295 426
296 297
296 422
296 425
296 426
297 422
297 423
297 424
298 299
298 301
299 301
299 303
299 1506
300 549
300 619
300 620
301 302
302 493
302 495
302 498
302 1506
303 304
303 1506
303 1523
304 1522
304 1523
305 306
305 307
305 309
305 312
305 314
305 316
306 308
306 309
306 311
306 312
306 313
307 309
307 314
307 315
307 321
307 326
308 309
308 311
308 329
308 330
308 334
309 326
309 329
310 311
310 313
310 356
310 357
311 330
311 333
312 313
312 316
312 377
312 379
313 377
314 315
314 316
314 318
315 318
315 319
315 320
315 321
316 379
316 389
317 318
317 389
317 390
317 648
317 686
318 319
318 686
319 320
319 322
319 685
320 321
320 324
320 325
321 324
321 326
321 327
322 323
322 325
323 325
323 586
323 589
324 325
324 327
324 583
324 584
325 584
325 586
326 327
326 328
326 329
327 328
327 583
327 585
328 329
328 336
328 585
328 635
329 334
329 336
330 331
330 334
331 335
331 1517
331 1519
332 353
332 357
332 1518
332 1519
333 1519
334 335
334 336
335 337
335 1497
335 1516
336 337
336 635
337 636
337 1497
338 339
338 340
338 342
338 345
338 346
338 348
339 342
339 343
339 344
339 345
340 342
340 346
340 347
340 1517
341 342
341 343
341 634
341 1497
342 1516
343 531
343 633
344 345
344 530
344 531
345 348
345 526
345 527
346 347
346 348
346 351
347 350
347 1518
348 349
348 527
349 351
349 360
349 362
349 528
350 351
350 361
350 1515
351 360
351 361
352 353
352 355
352 356
352 357
353 369
353 1515
354 355
354 356
354 370
354 375
354 376
354 377
355 369
355 370
356 377
357 1519
358 359
358 360
358 361
358 364
358 1513
358 1514
359 360
359 362
359 363
359 364
359 365
360 361
360 362
361 1515
362 363
362 528
362 573
363 365
363 366
363 572
363 573
364 365
364 466
364 1513
365 366
365 368
365 466
366 367
366 368
366 571
366 572
367 368
367 468
367 571
368 465
368 466
369 372
369 1514
369 1515
370 372
370 374
370 375
371 372
371 374
371 460
371 1511
372 1513
373 374
373 375
373 381
373 383
373 461
373 462
374 375
374 460
374 461
375 376
375 381
376 377
376 378
376 379
376 381
377 379
378 379
378 380
378 381
378 385
378 389
380 381
380 382
380 383
380 384
380 385
381 383
382 383
382 384
382 386
382 512
382 516
383 462
383 516
384 385
384 386
384 387
384 388
385 387
385 389
385 390
386 388
386 512
386 515
387 388
387 390
387 646
387 647
388 515
388 646
389 390
391 392
391 393
391 395
391 398
391 399
391 909
391 958
392 393
392 395
392 840
392 845
392 956
392 957
392 958
393 395
393 396
393 398
394 397
394 844
394 1411
395 840
395 1428
395 1431
396 397
396 918
396 923
396 1372
397 1405
398 399
398 918
398 1426
399 918
399 921
399 955
400 401
401 811
401 816
402 403
402 404
403 829
403 1207
403 1213
404 829
405 406
405 407
405 409
405 953
405 959
406 407
406 410
406 959
406 960
407 409
408 409
408 932
408 934
408 954
409 954
411 420
412 413
413 416
415 416
415 687
415 689
416 437
416 689
416 692
416 709
417 418
417 419
417 421
417 773
418 441
418 445
418 774
418 780
418 781
418 978
419 421
420 442
421 442
422 423
422 425
422 428
423 424
423 425
423 428
423 741
423 742
424 742
424 750
425 428
426 428
427 428
427 741
428 741
429 430
429 431
429 432
430 431
430 432
430 436
430 437
430 709
430 710
430 721
431 436
432 721
433 434
433 435
434 435
435 743
436 437
437 709
437 710
438 439
438 440
438 934
439 919
439 920
439 932
439 933
439 934
440 762
440 763
440 920
441 442
441 443
441 445
443 444
443 445
444 446
445 781
445 978
446 447
447 848
448 449
449 826
449 828
450 451
450 452
450 459
450 461
450 462
450 490
451 460
451 461
451 490
451 1510
452 453
452 458
452 459
452 490
453 488
453 490
453 1507
453 1508
454 455
454 457
454 476
454 488
455 456
455 457
455 482
455 507
455 616
456 482
456 492
456 507
456 1524
457 476
457 478
457 482
457 488
458 459
458 479
458 491
458 506
459 462
459 491
459 506
459 516
460 461
460 1509
460 1510
461 462
462 516
463 464
463 467
463 470
463 471
463 1509
463 1510
464 465
464 467
464 469
464 471
464 473
465 467
465 468
465 469
466 467
466 1511
467 1509
468 469
468 569
468 571
469 473
469 569
469 570
470 471
470 474
470 475
470 1512
471 472
471 473
471 475
472 473
472 475
472 484
472 486
472 563
472 564
473 564
473 570
474 475
474 484
474 485
474 1507
474 1508
474 1512
475 484
475 486
476 477
476 478
476 482
476 488
476 1521
477 488
477 1507
477 1521
478 482
478 1521
478 1537
479 480
479 491
479 505
479 616
480 481
480 491
480 500
480 503
480 505
480 508
480 616
481 497
481 500
481 503
481 507
481 616
483 484
483 485
483 487
483 562
484 485
484 486
484 487
485 1507
485 1508
486 487
486 560
486 563
487 560
487 561
487 562
488 1507
488 1508
489 606
489 607
490 1512
491 504
491 505
491 506
492 494
492 497
492 507
492 1524
492 1539
493 494
493 495
493 1506
493 1523
493 1539
494 495
494 496
494 497
494 1539
495 496
495 498
495 499
496 497
496 499
496 500
496 501
497 500
497 507
497 616
498 499
498 659
498 661
499 501
499 659
499 660
500 501
500 502
500 503
501 502
501 652
501 660
502 503
502 511
502 651
502 652
502 660
503 508
503 511
504 505
504 506
504 508
504 509
504 512
504 513
505 508
505 509
506 512
506 516
508 509
508 510
508 511
509 510
509 513
509 514
510 511
510 514
510 649
510 651
511 649
511 651
512 513
512 516
513 514
513 515
514 515
514 650
515 650
517 518
517 521
517 523
517 524
517 525
518 519
518 525
518 527
518 528
519 521
519 526
519 529
519 530
519 534
520 521
520 523
520 537
520 539
520 540
520 544
521 534
522 523
522 524
522 539
522 543
522 554
522 557
522 567
523 524
523 539
524 525
524 567
524 568
525 528
525 568
525 573
526 527
526 530
527 528
528 573
529 530
529 533
529 534
529 536
530 531
530 532
531 532
531 633
532 533
532 633
533 536
533 631
534 536
534 537
535 536
535 537
535 547
535 624
535 630
536 624
536 630
537 544
538 539
538 540
538 542
538 544
538 545
538 548
538 549
538 550
539 540
539 541
539 542
539 543
540 544
541 542
541 543
541 550
541 551
541 552
541 554
541 558
542 543
542 550
543 554
543 557
544 545
544 546
544 547
545 546
545 549
546 547
546 549
546 618
546 619
546 620
546 622
547 618
547 622
548 549
548 550
549 620
550 551
551 552
551 558
552 553
552 554
552 556
552 558
553 554
553 556
553 558
553 559
553 560
553 561
553 563
554 555
554 556
554 557
555 556
555 557
555 563
555 564
555 566
555 570
556 563
556 564
557 566
557 567
558 559
559 560
559 561
560 561
560 563
561 562
563 564
564 570
565 566
565 567
565 568
565 569
565 570
565 571
565 572
566 567
566 569
566 570
567 568
568 572
568 573
569 570
569 571
571 572
572 573
574 575
574 576
574 577
574 584
574 586
574 587
574 590
575 576
575 577
575 579
575 580
575 581
576 581
576 582
576 583
576 584
577 578
577 580
577 587
577 590
578 580
578 590
578 593
578 595
578 596
579 580
579 581
579 599
579 609
579 613
580 596
580 599
581 582
581 613
581 625
582 583
582 585
582 625
582 628
583 584
583 585
584 586
585 628
585 635
586 587
586 589
587 588
587 589
587 590
588 589
588 590
588 592
588 682
588 684
589 684
590 592
590 593
591 592
591 593
591 601
591 603
591 677
591 683
592 593
592 682
592 683
593 595
593 601
594 595
594 598
594 600
594 601
594 604
594 605
594 606
595 596
595 598
595 601
596 597
596 598
596 599
597 598
597 599
597 606
597 607
597 608
597 615
598 606
598 607
599 608
599 609
600 601
600 602
600 603
600 604
600 605
601 602
601 603
602 603
602 604
602 674
602 675
602 676
603 676
603 677
604 605
604 675
605 606
606 607
607 615
608 609
608 610
608 614
608 615
609 610
609 611
609 613
610 611
610 614
610 1501
610 1502
611 612
611 613
611 1502
611 1505
612 613
612 627
612 1499
612 1505
613 625
614 615
614 1501
617 618
617 619
617 621
617 622
617 1500
617 1502
617 1505
618 619
618 622
619 620
619 1500
619 1504
621 622
621 623
621 1505
622 623
622 624
623 624
623 632
623 1499
624 630
625 627
625 628
626 627
626 628
626 635
626 636
626 1496
627 628
627 1498
627 1499
628 635
629 631
629 632
629 633
629 634
629 1496
630 631
630 632
631 633
632 1498
633 634
634 1495
635 636
636 1495
637 638
637 639
637 641
637 646
637 647
637 649
637 650
637 651
638 639
638 641
638 642
638 643
638 644
638 645
639 644
639 645
639 646
639 647
640 641
640 643
640 651
640 652
640 654
640 655
640 660
641 643
641 651
642 643
642 644
642 655
642 658
642 666
642 670
642 680
643 654
643 655
644 645
644 670
644 680
645 647
645 648
645 680
645 681
646 647
646 650
647 648
648 681
648 686
649 650
649 651
651 652
652 660
653 654
653 655
653 656
653 659
653 660
653 661
653 662
654 655
654 659
654 660
655 656
655 657
655 658
656 657
656 662
656 663
657 658
657 663
657 664
657 665
657 672
658 665
658 666
659 660
659 661
661 662
662 663
663 664
664 672
665 666
665 667
665 671
665 672
666 667
666 668
666 669
666 670
667 668
667 671
667 672
667 673
667 674
668 669
668 670
668 674
668 676
669 670
669 676
669 677
669 679
669 680
670 680
671 672
671 673
673 674
673 675
674 675
674 676
676 677
677 679
677 683
678 679
678 681
678 682
678 683
678 685
679 680
679 681
679 683
680 681
681 686
682 683
682 684
682 685
684 685
685 686
687 688
687 689
687 693
687 694
688 689
688 691
688 693
688 697
688 698
689 690
689 691
689 692
690 691
690 692
690 703
690 706
690 708
691 692
691 698
691 703
692 709
693 694
693 695
693 697
693 699
694 695
694 696
695 696
695 699
695 748
695 750
696 748
696 750
697 698
697 699
697 700
697 701
697 702
698 702
698 703
699 700
699 747
700 701
700 749
700 779
701 702
701 779
702 703
702 705
702 776
702 777
702 779
703 704
703 705
703 706
704 705
704 706
704 711
704 713
704 768
704 770
704 777
705 770
705 777
706 708
706 711
707 708
707 709
707 710
707 711
707 712
707 715
707 721
708 709
708 711
709 710
710 721
711 712
711 713
712 713
712 714
712 715
712 716
713 714
713 768
714 716
714 718
714 765
714 766
714 768
715 716
715 719
715 721
715 722
716 718
716 719
716 720
717 718
717 720
717 729
717 731
717 766
718 765
718 766
719 720
719 721
719 722
719 727
719 728
719 729
720 729
721 722
722 727
723 724
723 725
723 727
723 728
724 725
724 726
724 728
724 729
724 730
724 733
724 734
724 963
725 726
726 734
726 962
726 963
727 728
728 729
729 730
729 731
729 732
730 732
730 733
730 734
730 736
731 732
731 761
731 766
732 736
732 761
732 762
732 764
732 766
733 734
733 736
734 737
734 963
734 1434
735 736
735 738
735 971
735 1385
736 970
736 1323
737 738
737 963
737 965
737 1390
738 1386
738 1437
739 740
739 741
739 742
739 744
739 747
739 748
740 741
740 743
740 744
741 742
742 748
742 750
743 744
743 745
743 746
744 745
744 747
745 746
745 747
745 749
745 778
745 779
745 984
745 986
746 979
746 986
747 748
747 749
748 750
749 778
749 779
751 755
751 1173
752 753
752 754
752 757
753 1172
753 1173
753 1312
754 755
754 757
754 1178
754 1189
754 1190
755 1190
755 1193
755 1312
756 757
756 930
756 1176
757 1176
757 1177
758 1088
758 1470
759 1087
759 1174
760 761
760 762
760 763
760 765
760 766
760 767
760 768
760 1193
761 762
761 764
761 766
762 763
762 764
763 961
763 1193
764 924
764 970
765 766
765 768
767 768
767 769
767 770
767 1189
767 1190
768 770
769 770
769 772
769 777
769 1186
769 1187
769 1189
770 777
771 772
771 773
771 774
771 776
771 777
771 778
771 779
771 780
771 782
771 982
772 773
772 775
772 776
772 777
773 774
773 775
774 775
774 780
774 781
775 1188
776 777
776 778
776 779
778 779
778 982
778 984
780 781
780 782
780 783
780 784
780 785
781 785
781 978
781 980
782 783
782 784
782 982
783 784
783 972
783 974
783 982
783 985
783 1005
784 785
784 972
784 973
785 972
785 973
785 980
785 998
786 787
786 790
786 791
786 792
787 788
787 789
787 791
788 789
788 841
788 849
789 791
789 809
789 849
790 791
790 792
790 793
790 803
790 804
791 807
791 809
792 793
793 803
793 804
794 795
794 839
794 893
794 904
794 1329
794 1336
795 796
795 801
795 802
795 906
796 797
796 799
796 800
796 801
796 1169
797 798
797 1103
797 1169
797 1329
798 799
798 833
798 837
798 1103
799 1169
799 1253
800 1253
800 1341
801 802
801 872
801 903
801 906
802 1341
802 1349
803 804
803 805
803 806
803 807
803 808
804 806
805 806
805 808
805 813
805 864
805 907
806 811
806 813
807 808
807 809
807 810
808 810
808 859
808 864
809 810
809 849
809 852
810 849
810 852
810 859
810 860
810 895
810 896
810 945
811 812
811 813
811 814
812 813
812 814
812 902
813 864
813 907
814 815
814 901
814 902
815 816
815 877
815 901
816 877
817 818
817 819
817 824
817 825
817 826
817 827
818 819
818 821
818 822
818 823
818 824
818 825
819 821
819 826
819 827
819 869
819 870
819 875
819 876
819 900
820 821
820 823
820 833
820 834
820 836
820 847
820 900
821 823
821 875
821 900
822 823
822 824
822 832
823 848
824 825
824 831
825 826
825 828
825 830
825 831
826 827
827 876
828 829
828 830
829 830
830 831
831 832
832 848
833 834
833 835
833 838
833 839
834 836
834 838
834 882
835 837
835 856
835 857
835 900
836 900
836 1325
836 1432
837 1086
837 1103
838 839
838 882
838 883
838 904
839 904
839 1329
840 843
840 845
841 845
841 846
841 851
842 843
842 844
842 929
842 1406
843 928
844 1408
844 1431
845 846
845 956
845 957
846 851
846 956
847 848
847 882
849 850
849 851
849 852
850 851
850 852
850 945
850 947
850 956
851 947
851 956
852 945
853 854
853 855
853 1257
853 1259
854 855
854 867
854 868
854 1257
854 1259
855 1257
855 1258
855 1368
856 858
856 874
856 900
857 858
857 1086
857 1325
858 1325
858 1412
858 1432
859 860
859 863
859 864
860 895
860 896
860 1418
861 863
861 899
861 1370
862 1374
863 1371
863 1374
863 1417
864 907
864 1415
864 1416
865 866
865 881
865 1360
865 1444
866 941
866 1331
866 1335
867 868
867 1101
867 1102
867 1259
867 1337
868 1259
869 870
869 872
869 873
869 874
869 875
870 871
870 875
870 876
871 872
871 876
871 877
872 877
872 901
873 874
873 1349
873 1353
873 1412
874 900
874 1354
874 1412
875 900
875 1354
876 877
877 901
878 879
878 880
878 1014
878 1464
879 880
879 1014
880 1362
880 1462
881 912
881 941
882 883
882 884
882 885
883 884
883 904
884 885
884 905
885 945
885 948
886 888
886 890
886 893
886 894
886 1388
887 889
887 902
887 903
887 906
887 907
888 889
888 893
888 906
889 890
889 1421
890 908
890 1389
891 896
891 899
891 1380
892 1388
893 894
893 896
893 898
893 904
894 1380
894 1388
894 1420
894 1422
895 897
895 905
895 945
896 898
896 899
897 898
897 904
897 905
897 945
898 904
898 1420
899 1379
899 1380
901 902
901 903
902 907
904 905
905 945
908 1397
908 1415
909 910
909 911
909 916
909 955
909 958
910 911
910 913
910 914
910 916
911 913
911 953
911 955
911 959
911 961
911 1166
912 1360
913 961
913 1166
914 915
914 1359
915 916
915 1168
915 1343
916 1167
917 949
917 951
917 956
917 957
917 958
917 1167
918 920
918 921
918 922
918 924
919 920
919 921
919 934
920 933
921 934
921 954
922 923
922 1381
923 1373
924 928
924 966
924 1424
925 926
925 927
925 931
925 1333
925 1355
926 1030
927 1024
927 1139
927 1333
929 1403
930 1088
930 1182
930 1307
930 1471
931 1030
931 1032
931 1366
931 1460
932 934
934 954
936 938
936 944
936 960
936 1165
936 1287
936 1289
936 1302
937 940
937 941
937 943
937 1300
937 1302
938 940
938 951
938 952
938 1165
938 1167
938 1303
939 942
939 1167
939 1168
939 1292
939 1413
940 1167
940 1291
941 942
941 943
942 1290
942 1294
942 1331
943 944
943 961
943 1166
943 1300
943 1335
944 959
944 960
944 961
944 1166
944 1300
945 947
945 948
946 947
946 948
946 950
946 956
947 948
948 949
949 950
949 951
949 952
950 956
950 957
951 952
951 1167
952 1165
953 954
953 959
954 955
955 958
956 957
957 958
959 960
959 961
960 1165
961 1166
961 1192
962 963
962 964
962 967
962 1440
963 964
963 965
964 965
964 969
964 1399
964 1440
965 1399
965 1410
965 1435
966 967
966 968
966 970
966 1438
968 969
968 970
968 971
968 1395
969 1400
969 1439
970 971
971 1321
971 1322
972 973
972 974
972 976
972 977
973 977
973 998
973 1055
973 1277
973 1285
974 975
974 1005
975 976
975 1005
975 1006
975 1045
975 1048
976 977
976 1043
976 1044
977 1044
977 1277
978 979
978 980
978 981
979 981
979 986
980 981
980 1268
981 986
981 987
981 997
981 1002
982 983
982 984
982 985
983 984
983 985
983 986
983 987
983 1001
983 1002
984 986
984 987
985 1001
985 1005
986 987
987 1002
988 989
988 990
988 991
988 992
988 993
988 995
989 990
989 992
989 1156
989 1157
989 1162
990 996
990 1164
991 993
991 1117
991 1120
991 1121
991 1159
991 1160
992 993
992 1159
992 1162
993 994
993 1070
993 1116
994 1068
994 1070
994 1150
995 996
995 1150
995 1152
996 1144
996 1145
996 1148
997 998
997 999
997 1002
997 1268
998 1000
999 1000
999 1002
999 1004
999 1050
999 1051
999 1054
999 1273
1000 1051
1000 1054
1000 1055
1000 1273
1001 1002
1001 1003
1001 1005
1002 1004
1003 1004
1003 1006
1003 1048
1003 1049
1003 1050
1004 1050
1005 1006
1006 1048
1007 1008
1007 1010
1007 1081
1007 1082
1007 1111
1007 1149
1007 1150
1008 1009
1008 1010
1008 1012
1009 1010
1009 1082
1009 1111
1010 1011
1010 1012
1010 1149
1011 1074
1011 1076
1011 1149
1011 1151
1012 1107
1013 1110
1014 1015
1015 1252
1015 1491
1016 1018
1016 1020
1016 1021
1017 1020
1017 1135
1017 1137
1017 1143
1017 1160
1017 1161
1018 1020
1018 1143
1019 1020
1019 1021
1019 1105
1019 1133
1019 1134
1019 1159
1020 1159
1020 1160
1021 1104
1021 1105
1021 1327
1022 1138
1023 1139
1025 1026
1025 1027
1025 1028
1025 1031
1026 1027
1026 1028
1026 1043
1026 1045
1026 1046
1026 1104
1026 1105
1026 1133
1027 1104
1027 1105
1028 1029
1028 1031
1028 1048
1029 1031
1029 1048
1029 1049
1029 1050
1029 1053
1029 1135
1029 1136
1030 1143
1031 1135
1031 1143
1032 1366
1033 1358
1034 1035
1034 1036
1034 1037
1034 1121
1034 1122
1034 1125
1034 1160
1034 1161
1035 1036
1035 1037
1035 1041
1035 1067
1035 1125
1036 1037
1036 1038
1036 1040
1036 1041
1036 1042
1037 1038
1037 1163
1038 1040
1038 1157
1038 1158
1039 1040
1039 1042
1039 1147
1039 1148
1039 1153
1040 1042
1040 1157
1040 1164
1041 1042
1041 1067
1041 1068
1041 1125
1041 1149
1041 1151
1042 1151
1042 1153
1043 1044
1043 1045
1043 1046
1044 1047
1044 1260
1044 1264
1045 1046
1045 1048
1046 1133
1046 1264
1047 1128
1047 1129
1047 1260
1048 1049
1049 1050
1049 1053
1050 1051
1050 1053
1051 1052
1051 1054
1052 1053
1052 1054
1052 1056
1052 1127
1052 1136
1053 1136
1054 1055
1054 1056
1054 1260
1056 1127
1056 1128
1056 1260
1056 1261
1057 1058
1057 1060
1057 1073
1057 1074
1057 1091
1057 1109
1058 1059
1058 1060
1058 1065
1058 1089
1058 1448
1059 1060
1059 1061
1059 1062
1059 1065
1060 1061
1060 1073
1060 1077
1061 1062
1061 1073
1061 1077
1061 1099
1061 1154
1062 1098
1062 1099
1062 1451
1063 1064
1063 1098
1063 1377
1064 1376
1064 1377
1064 1393
1064 1450
1065 1089
1065 1092
1065 1376
1066 1067
1066 1068
1066 1070
1067 1068
1067 1125
1068 1149
1068 1150
1069 1407
1070 1116
1071 1346
1071 1350
1071 1407
1071 1409
1071 1456
1072 1126
1072 1350
1073 1074
1073 1075
1073 1076
1073 1077
1074 1076
1074 1107
1074 1109
1075 1076
1075 1077
1075 1144
1075 1146
1075 1147
1076 1151
1076 1153
1077 1146
1077 1154
1078 1079
1078 1080
1078 1081
1078 1082
1078 1083
1078 1084
1078 1085
1079 1080
1079 1084
1079 1085
1079 1154
1080 1081
1080 1145
1080 1146
1080 1154
1081 1082
1081 1150
1081 1152
1082 1083
1082 1111
1082 1112
1083 1084
1083 1090
1083 1091
1083 1094
1083 1112
1084 1085
1084 1090
1084 1094
1085 1094
1085 1095
1085 1098
1085 1099
1086 1103
1086 1324
1086 1329
1087 1088
1087 1364
1087 1477
1088 1470
1088 1471
1089 1090
1089 1091
1089 1092
1089 1093
1090 1094
1090 1446
1091 1141
1092 1375
1092 1449
1093 1094
1093 1541
1094 1095
1095 1452
1095 1453
1096 1384
1096 1394
1096 1447
1096 1541
1097 1394
1098 1099
1098 1100
1099 1154
1100 1378
1100 1394
1100 1452
1101 1114
1101 1115
1101 1337
1101 1347
1102 1254
1102 1255
1103 1169
1103 1329
1103 1336
1104 1105
1105 1133
1105 1134
1106 1138
1106 1361
1107 1109
1108 1110
1108 1492
1109 1141
1110 1140
1111 1112
1112 1141
1113 1362
1114 1242
1114 1244
1114 1318
1114 1320
1115 1242
1115 1254
1116 1117
1117 1120
1118 1119
1118 1124
1118 1338
1119 1345
1120 1121
1120 1122
1121 1122
1121 1160
1122 1123
1122 1125
1124 1402
1124 1404
1124 1455
1125 1126
1126 1357
1127 1128
1127 1132
1127 1136
1128 1129
1128 1131
1129 1130
1129 1133
1129 1264
1130 1131
1130 1134
1130 1155
1130 1156
1131 1132
1131 1155
1131 1158
1132 1137
1132 1158
1132 1163
1133 1134
1134 1162
1135 1136
1135 1137
1135 1143
1136 1137
1137 1161
1137 1163
1138 1139
1138 1327
1138 1361
1139 1327
1139 1328
1140 1252
1140 1466
1140 1467
1140 1492
1142 1362
1142 1363
1144 1145
1144 1146
1144 1147
1144 1148
1145 1146
1145 1152
1146 1154
1147 1148
1147 1153
1148 1164
1149 1150
1149 1151
1150 1152
1151 1153
1155 1156
1155 1157
1155 1158
1156 1162
1157 1164
1158 1163
1159 1160
1159 1162
1160 1161
1161 1163
1168 1342
1168 1348
1169 1253
1170 1171
1170 1172
1170 1175
1170 1183
1170 1184
1171 1172
1171 1173
1171 1184
1171 1187
1171 1188
1172 1173
1173 1188
1173 1299
1174 1364
1174 1367
1175 1185
1175 1367
1176 1180
1177 1178
1177 1179
1178 1186
1178 1189
1179 1180
1179 1183
1179 1184
1179 1186
1180 1183
1181 1183
1181 1306
1182 1306
1182 1307
1183 1184
1184 1186
1184 1187
1185 1369
1186 1187
1186 1189
1187 1188
1188 1191
1189 1190
1190 1193
1191 1192
1192 1193
1192 1301
1193 1301
1194 1195
1194 1197
1194 1207
1194 1209
1194 1213
1195 1196
1195 1201
1195 1209
1195 1234
1196 1197
1196 1198
1196 1199
1196 1200
1196 1201
1196 1202
1197 1198
1197 1211
1197 1213
1198 1200
1198 1211
1198 1212
1198 1213
1199 1200
1199 1202
1199 1217
1199 1231
1199 1233
1199 1250
1200 1202
1200 1231
1201 1202
1201 1234
1201 1237
1201 1249
1201 1250
1202 1250
1203 1204
1203 1205
1203 1206
1203 1494
1203 1520
1203 1525
1204 1205
1204 1208
1204 1493
1204 1494
1205 1206
1205 1207
1206 1207
1206 1520
1206 1525
1207 1213
1208 1209
1208 1236
1208 1493
1209 1234
1209 1236
1210 1211
1210 1212
1211 1213
1212 1231
1212 1232
1214 1215
1214 1216
1214 1219
1214 1237
1214 1240
1214 1241
1214 1249
1215 1216
1215 1224
1215 1225
1215 1235
1215 1237
1215 1272
1216 1219
1216 1220
1216 1225
1216 1240
1217 1218
1217 1233
1217 1247
1217 1250
1217 1251
1218 1222
1218 1226
1218 1233
1218 1246
1218 1247
1218 1248
1219 1220
1219 1221
1219 1239
1219 1240
1219 1319
1220 1221
1220 1222
1220 1225
1220 1226
1220 1246
1221 1222
1221 1480
1222 1246
1222 1248
1222 1257
1222 1334
1223 1224
1223 1225
1223 1226
1223 1228
1223 1229
1223 1230
1224 1225
1224 1229
1224 1272
1224 1273
1225 1226
1225 1246
1226 1228
1226 1231
1226 1232
1226 1233
1226 1246
1227 1228
1227 1230
1227 1261
1227 1262
1227 1275
1227 1288
1228 1274
1229 1230
1229 1272
1229 1273
1230 1261
1230 1262
1231 1232
1231 1233
1232 1233
1232 1266
1232 1274
1234 1235
1234 1236
1234 1237
1235 1237
1235 1269
1235 1272
1237 1249
1238 1240
1238 1241
1238 1242
1238 1244
1238 1245
1239 1326
1240 1241
1240 1243
1241 1243
1241 1249
1241 1250
1241 1251
1242 1244
1243 1318
1244 1318
1244 1320
1245 1365
1246 1248
1247 1248
1247 1250
1247 1251
1248 1334
1248 1337
1249 1250
1250 1251
1251 1254
1251 1347
1252 1490
1252 1540
1253 1353
1254 1318
1254 1337
1254 1347
1255 1337
1256 1368
1257 1334
1257 1479
1257 1480
1258 1368
1260 1261
1261 1262
1261 1263
1261 1264
1261 1265
1262 1263
1262 1288
1263 1265
1263 1288
1263 1289
1263 1302
1263 1303
1263 1304
1264 1265
1264 1278
1264 1279
1264 1280
1264 1304
1265 1303
1265 1304
1266 1267
1266 1270
1266 1271
1266 1274
1267 1268
1267 1269
1267 1270
1267 1271
1268 1269
1268 1271
1268 1272
1268 1273
1268 1285
1269 1272
1270 1271
1270 1274
1270 1275
1270 1284
1270 1285
1270 1288
1271 1285
1272 1273
1274 1275
1275 1288
1276 1277
1276 1278
1276 1282
1276 1299
1276 1301
1277 1278
1277 1279
1277 1285
1277 1286
1277 1299
1278 1279
1278 1280
1278 1281
1278 1282
1278 1283
1279 1280
1280 1281
1280 1304
1280 1305
1281 1283
1281 1305
1281 1308
1281 1309
1282 1283
1282 1299
1282 1301
1282 1312
1282 1313
1282 1316
1283 1309
1283 1313
1283 1487
1284 1285
1284 1287
1284 1288
1284 1289
1285 1286
1285 1287
1286 1287
1286 1299
1286 1300
1287 1288
1287 1289
1287 1300
1287 1302
1288 1289
1289 1302
1290 1295
1290 1296
1291 1292
1291 1294
1291 1302
1291 1303
1291 1304
1291 1305
1291 1308
1292 1305
1292 1308
1292 1488
1293 1294
1293 1296
1293 1299
1293 1300
1293 1301
1293 1316
1293 1330
1294 1330
1294 1332
1295 1316
1295 1387
1296 1301
1296 1316
1296 1482
1296 1483
1297 1392
1297 1401
1297 1482
1298 1308
1298 1310
1298 1392
1299 1300
1299 1301
1300 1302
1301 1316
1302 1303
1303 1304
1304 1305
1305 1308
1306 1307
1306 1369
1306 1473
1307 1471
1307 1474
1309 1486
1310 1391
1311 1313
1311 1396
1312 1314
1312 1484
1312 1485
1313 1314
1313 1398
1313 1487
1314 1382
1315 1382
1315 1398
1317 1382
1317 1383
1318 1319
1318 1320
1318 1347
1318 1479
1319 1320
1319 1326
1319 1479
1320 1365
1321 1322
1321 1323
1321 1436
1321 1438
1322 1385
1322 1395
1322 1438
1323 1385
1323 1436
1323 1437
1324 1325
1324 1329
1324 1433
1325 1432
1325 1433
1326 1365
1326 1368
1326 1479
1326 1480
1327 1328
1327 1361
1327 1457
1327 1458
1328 1333
1328 1457
1329 1336
1329 1433
1330 1331
1330 1332
1330 1335
1330 1441
1331 1413
1332 1342
1332 1413
1332 1441
1333 1355
1333 1457
1334 1337
1334 1479
1335 1441
1335 1444
1336 1341
1336 1433
1337 1347
1337 1479
1338 1340
1338 1345
1338 1404
1339 1340
1339 1345
1339 1346
1339 1454
1340 1454
1340 1455
1341 1349
1341 1353
1341 1433
1342 1344
1342 1348
1342 1441
1343 1344
1343 1348
1343 1359
1344 1441
1344 1442
1345 1346
1345 1407
1346 1454
1346 1456
1347 1479
1348 1413
1349 1353
1349 1354
1349 1433
1350 1351
1350 1357
1350 1409
1351 1352
1351 1357
1351 1454
1351 1456
1352 1356
1352 1357
1352 1454
1353 1354
1353 1412
1354 1412
1354 1432
1354 1433
1355 1457
1355 1460
1356 1402
1356 1404
1356 1454
1356 1455
1357 1402
1358 1361
1358 1366
1359 1360
1359 1442
1359 1443
1360 1443
1361 1458
1362 1363
1362 1468
1363 1468
1363 1469
1363 1492
1364 1367
1364 1477
1364 1478
1365 1368
1366 1459
1366 1460
1366 1461
1367 1369
1367 1476
1369 1473
1369 1475
1369 1476
1370 1371
1370 1379
1370 1418
1371 1374
1371 1417
1371 1418
1372 1373
1372 1405
1372 1426
1373 1381
1373 1424
1373 1426
1373 1427
1374 1397
1374 1416
1375 1376
1375 1448
1375 1449
1375 1541
1376 1393
1376 1448
1377 1378
1377 1393
1377 1451
1378 1394
1378 1452
1379 1380
1379 1419
1380 1388
1380 1420
1381 1403
1382 1383
1382 1398
1382 1484
1383 1387
1383 1484
1383 1485
1384 1394
1384 1446
1384 1447
1384 1453
1384 1541
1385 1386
1386 1390
1386 1437
1387 1401
1387 1483
1388 1389
1389 1397
1389 1421
1389 1422
1390 1410
1390 1434
1391 1392
1391 1396
1391 1486
1391 1489
1392 1401
1392 1482
1392 1488
1393 1448
1393 1450
1393 1451
1394 1453
1395 1400
1395 1438
1396 1398
1396 1486
1397 1415
1397 1421
1398 1484
1398 1486
1399 1400
1399 1410
1399 1440
1400 1439
1401 1483
1402 1404
1403 1406
1403 1424
1403 1425
1403 1430
1405 1411
1405 1428
1405 1429
1406 1408
1406 1430
1408 1411
1410 1434
1410 1435
1410 1440
1411 1428
1414 1415
1414 1416
1414 1417
1414 1418
1414 1419
1414 1420
1414 1421
1414 1422
1415 1416
1415 1421
1416 1417
1417 1418
1418 1419
1419 1420
1420 1422
1421 1422
1423 1424
1423 1425
1423 1426
1423 1427
1423 1428
1423 1429
1423 1430
1423 1431
1424 1425
1424 1427
1425 1430
1426 1427
1426 1429
1428 1429
1428 1431
1430 1431
1432 1433
1434 1435
1434 1436
1434 1437
1435 1436
1435 1440
1436 1437
1436 1438
1436 1439
1436 1440
1438 1439
1439 1440
1441 1442
1441 1443
1441 1444
1442 1443
1443 1444
1445 1446
1445 1447
1445 1448
1445 1449
1445 1450
1445 1451
1445 1452
1445 1453
1446 1447
1446 1449
1446 1541
1447 1453
1448 1449
1448 1450
1450 1451
1451 1452
1452 1453
1454 1456
1457 1458
1457 1459
1457 1460
1457 1461
1458 1459
1459 1461
1460 1461
1462 1463
1462 1464
1462 1468
1463 1464
1463 1465
1463 1466
1463 1467
1463 1468
1463 1469
1463 1490
1464 1465
1464 1491
1465 1490
1466 1467
1466 1490
1467 1469
1468 1469
1470 1471
1470 1472
1470 1477
1471 1472
1471 1474
1472 1473
1472 1474
1472 1475
1472 1476
1472 1477
1472 1478
1473 1474
1473 1475
1475 1476
1476 1478
1477 1478
1479 1480
1481 1482
1481 1483
1481 1484
1481 1485
1481 1486
1481 1487
1481 1488
1481 1489
1482 1483
1482 1488
1483 1485
1484 1485
1484 1487
1486 1487
1486 1489
1488 1489
1491 1540
1493 1494
1495 1496
1495 1497
1496 1498
1497 1516
1498 1499
1499 1505
1500 1501
1500 1502
1500 1504
1501 1502
1501 1504
1502 1505
1503 1504
1506 1523
1507 1508
1508 1512
1509 1510
1509 1511
1510 1512
1511 1513
1513 1514
1514 1515
1516 1517
1517 1518
1518 1519
1520 1525
1520 1526
1521 1537
1522 1523
1522 1524
1522 1539
1523 1539
1525 1526
1526 1527
1526 1536
1527 1536
1527 1538
1528 1529
1528 1530
1528 1531
1529 1530
1531 1532
1532 1535
3 0 8 1
3 0 1 2
3 0 1 3
3 0 2 3
3 0 3 4
3 0 5 6
3 0 6 7
3 0 7 8
3 1 9 2
3 1 2 3
3 1 8 9
3 1 8 52
3 1 52 9
3 2 24 3
3 2 9 10
3 2 10 16
3 2 10 17
3 2 16 17
3 2 17 24
3 3 24 4
3 6 436 32
3 6 32 7
3 6 29 7
3 6 32 29
3 6 416 413
3 7 29 8
3 7 32 29
3 8 52 9
3 8 48 52
3 8 29 31
3 8 31 48
3 8 31 52
3 9 19 10
3 9 15 10
3 9 15 19
3 9 52 15
3 10 15 19
3 10 16 17
3 10 19 16
3 10 20 16
3 10 19 20
3 11 12 51
3 11 13 12
3 11 664 13
3 11 13 51
3 11 49 50
3 11 51 49
3 11 50 672
3 11 672 664
3 12 51 13
3 12 13 14
3 12 13 15
3 12 14 15
3 12 15 52
3 12 48 51
3 12 52 48
3 13 663 14
3 13 664 14
3 13 14 15
3 13 664 663
3 14 19 15
3 14 18 19
3 14 663 18
3 14 664 663
3 16 22 17
3 16 19 20
3 16 20 129
3 16 20 23
3 16 23 22
3 16 129 23
3 17 22 24
3 17 22 25
3 17 25 24
3 18 20 19
3 18 21 19
3 18 21 20
3 18 662 21
3 18 663 662
3 19 21 20
3 20 21 129
3 20 129 23
3 21 130 129
3 21 661 130
3 21 662 661
3 22 293 292
3 22 298 293
3 22 23 298
3 22 23 293
3 22 25 24
3 22 292 25
3 23 129 298
3 23 129 301
3 23 298 293
3 23 301 298
3 25 292 297
3 25 297 26
3 25 292 26
3 26 292 297
3 28 34 35
3 28 35 40
3 28 40 48
3 28 29 30
3 28 31 29
3 28 30 34
3 28 31 30
3 28 48 31
3 29 32 33
3 29 30 31
3 31 48 52
3 33 36 34
3 34 38 35
3 34 39 35
3 34 36 37
3 34 37 39
3 34 39 38
3 35 38 41
3 35 39 38
3 35 41 40
3 37 77 39
3 37 78 39
3 37 78 77
3 37 277 78
3 37 278 277
3 38 70 76
3 38 71 70
3 38 39 77
3 38 71 76
3 38 77 71
3 38 76 41
3 39 78 77
3 40 41 49
3 40 51 48
3 40 49 51
3 41 46 49
3 41 76 46
3 42 43 44
3 42 236 43
3 42 1536 236
3 42 1527 1536
3 42 1538 1527
3 43 236 235
3 43 249 44
3 44 249 482
3 44 478 1521
3 44 482 478
3 45 226 673
3 45 49 46
3 45 50 46
3 45 46 47
3 45 47 226
3 45 50 49
3 45 671 50
3 45 673 50
3 45 673 671
3 46 76 47
3 46 50 49
3 47 70 74
3 47 76 70
3 47 74 226
3 50 671 672
3 50 673 671
3 53 70 71
3 53 71 77
3 53 57 54
3 53 54 55
3 53 55 62
3 53 77 57
3 53 71 57
3 53 62 70
3 54 61 55
3 54 57 58
3 54 58 99
3 54 99 59
3 54 59 61
3 55 61 60
3 55 60 63
3 55 63 62
3 56 77 78
3 56 78 276
3 56 58 57
3 56 57 77
3 56 287 58
3 57 71 77
3 58 287 99
3 58 287 288
3 59 96 98
3 59 99 96
3 59 106 61
3 59 115 61
3 60 115 117
3 60 117 141
3 60 61 115
3 60 141 63
3 62 74 70
3 62 72 74
3 62 63 72
3 63 67 72
3 63 141 67
3 64 66 65
3 64 65 614
3 64 140 66
3 64 614 615
3 64 139 140
3 64 615 139
3 65 66 1504
3 65 66 1503
3 65 1501 614
3 65 1504 1501
3 65 1503 1504
3 66 140 1529
3 66 1529 127
3 66 127 1503
3 66 1503 1504
3 67 68 69
3 67 141 68
3 67 69 73
3 67 73 72
3 68 489 69
3 68 134 138
3 68 141 134
3 68 138 489
3 69 605 73
3 69 489 606
3 69 606 605
3 70 76 71
3 72 73 75
3 72 75 74
3 73 604 75
3 73 605 604
3 74 75 226
3 75 675 226
3 75 604 675
3 78 277 276
3 80 82 84
3 81 426 239
3 81 239 1494
3 81 1494 1493
3 82 258 257
3 82 257 83
3 82 434 84
3 83 257 256
3 83 256 275
3 83 271 256
3 83 271 275
3 83 275 433
3 84 743 740
3 87 410 88
3 87 420 411
3 90 409 408
3 90 408 932
3 90 92 408
3 90 92 409
3 91 762 763
3 91 440 762
3 91 440 763
3 92 409 408
3 92 407 409
3 93 94 1191
3 94 773 417
3 95 963 962
3 95 108 103
3 95 111 108
3 95 726 962
3 95 726 963
3 96 100 97
3 96 99 100
3 97 100 725
3 98 107 103
3 99 287 100
3 100 288 725
3 100 287 288
3 101 104 102
3 101 1534 104
3 101 109 1534
3 102 104 106
3 105 114 115
3 105 1531 114
3 105 1532 1531
3 105 1535 1532
3 108 110 111
3 109 113 1533
3 110 933 112
3 110 933 920
3 110 440 920
3 110 762 440
3 110 764 762
3 110 764 924
3 111 966 967
3 114 117 115
3 114 1531 116
3 114 116 117
3 116 1530 134
3 116 134 117
3 116 1528 1529
3 116 1528 1530
3 116 1531 1528
3 116 1529 1530
3 117 134 141
3 118 1529 1528
3 118 1528 1531
3 118 119 128
3 118 120 119
3 118 119 127
3 118 122 120
3 118 1531 122
3 118 128 127
3 118 127 1529
3 119 120 125
3 119 125 126
3 119 126 128
3 119 128 127
3 120 122 121
3 120 123 125
3 120 124 125
3 121 122 1531
3 121 122 1532
3 121 1531 1532
3 122 1531 1532
3 123 169 168
3 124 166 165
3 124 167 166
3 124 168 167
3 124 165 125
3 125 165 126
3 126 164 128
3 126 159 164
3 126 165 159
3 127 128 1503
3 128 164 132
3 128 132 1503
3 129 130 301
3 129 301 298
3 130 302 301
3 130 498 302
3 130 661 498
3 131 132 133
3 131 133 300
3 131 619 1504
3 131 300 619
3 132 164 133
3 133 163 300
3 133 158 163
3 133 164 158
3 134 1530 138
3 135 289 229
3 135 137 136
3 135 136 245
3 135 229 137
3 135 245 247
3 135 247 289
3 136 137 1538
3 136 1537 1521
3 136 1537 245
3 136 1521 245
3 137 229 250
3 137 229 251
3 137 251 250
3 138 139 489
3 138 140 139
3 138 1530 140
3 139 607 489
3 139 615 607
3 140 1530 1529
3 142 144 143
3 142 143 146
3 142 149 144
3 142 150 144
3 142 146 145
3 142 147 149
3 142 149 150
3 143 144 152
3 143 165 146
3 143 152 158
3 143 158 159
3 143 159 165
3 144 149 150
3 144 150 151
3 144 151 152
3 145 146 165
3 146 165 166
3 147 174 176
3 147 178 174
3 147 217 149
3 149 217 150
3 150 230 234
3 150 234 151
3 150 217 218
3 150 218 234
3 150 218 230
3 151 161 152
3 151 156 161
3 151 234 156
3 152 161 163
3 152 163 158
3 153 230 233
3 153 234 230
3 153 233 154
3 153 154 155
3 153 155 157
3 153 156 234
3 153 157 156
3 154 231 232
3 154 233 231
3 154 233 232
3 154 232 559
3 154 559 558
3 156 160 161
3 156 157 160
3 157 548 160
3 157 550 548
3 158 164 159
3 160 162 161
3 160 549 162
3 160 548 549
3 161 162 163
3 162 300 163
3 162 549 620
3 162 620 300
3 162 549 300
3 168 169 170
3 168 170 172
3 169 186 170
3 170 792 172
3 170 186 792
3 171 172 792
3 171 214 212
3 171 804 214
3 171 792 793
3 171 793 804
3 173 179 449
3 173 174 179
3 173 175 174
3 174 175 176
3 174 178 177
3 174 177 180
3 174 180 179
3 175 215 217
3 175 221 215
3 177 400 401
3 177 401 816
3 177 401 811
3 177 178 400
3 177 876 180
3 179 826 449
3 179 180 827
3 179 827 826
3 180 876 827
3 181 185 186
3 181 183 184
3 181 184 185
3 183 1533 189
3 183 187 184
3 183 189 184
3 183 189 187
3 184 187 185
3 184 189 187
3 185 192 787
3 185 786 792
3 185 787 786
3 185 792 186
3 185 786 186
3 185 187 192
3 186 786 792
3 187 189 190
3 187 190 191
3 187 191 192
3 188 918 920
3 188 933 920
3 188 190 189
3 188 928 190
3 190 928 843
3 191 787 192
3 191 788 192
3 191 788 787
3 191 841 788
3 192 788 787
3 193 200 201
3 194 195 196
3 194 196 200
3 194 196 197
3 194 196 198
3 194 197 198
3 194 198 199
3 194 199 200
3 195 254 196
3 195 1206 1520
3 195 1207 1206
3 195 1520 252
3 195 252 254
3 196 197 198
3 196 254 197
3 197 223 198
3 197 221 448
3 199 829 200
3 199 828 829
3 202 203 446
3 202 271 273
3 202 443 273
3 202 444 273
3 202 444 443
3 202 446 444
3 203 204 210
3 203 210 447
3 203 447 446
3 204 206 205
3 204 208 206
3 205 1210 206
3 205 1211 206
3 205 1210 272
3 205 1210 1211
3 206 1213 403
3 206 1211 1210
3 206 1211 1213
3 207 208 402
3 207 831 209
3 207 829 830
3 207 830 831
3 209 832 210
3 209 831 832
3 210 832 848
3 210 848 447
3 211 213 400
3 211 214 213
3 212 214 213
3 213 804 806
3 213 401 400
3 213 214 804
3 215 216 217
3 215 216 218
3 215 220 216
3 215 218 217
3 215 221 220
3 216 225 230
3 216 218 217
3 216 230 218
3 216 219 225
3 216 220 219
3 218 230 234
3 219 224 225
3 219 220 222
3 219 222 224
3 220 223 222
3 222 251 224
3 222 250 251
3 222 255 250
3 222 254 255
3 222 223 255
3 224 231 225
3 224 228 231
3 225 233 230
3 225 231 233
3 226 675 673
3 227 289 561
3 227 289 562
3 227 228 289
3 227 231 228
3 227 232 231
3 227 561 232
3 227 562 561
3 228 229 289
3 229 251 250
3 231 232 233
3 232 561 559
3 235 248 236
3 235 236 237
3 235 237 238
3 235 238 304
3 235 304 1522
3 235 1522 248
3 236 241 237
3 236 1536 241
3 237 241 240
3 238 239 290
3 239 291 290
3 239 426 291
3 239 240 1494
3 240 241 1525
3 241 1526 1525
3 241 1536 1526
3 242 454 457
3 242 454 455
3 242 455 616
3 242 457 455
3 242 244 454
3 242 479 244
3 242 616 479
3 243 458 452
3 243 452 453
3 243 453 488
3 243 488 454
3 243 244 458
3 243 454 244
3 244 479 458
3 244 491 458
3 244 479 491
3 245 1537 1521
3 245 477 246
3 245 246 247
3 245 1521 477
3 246 485 483
3 246 1507 485
3 246 483 247
3 246 477 1507
3 247 562 289
3 247 483 562
3 248 1522 1524
3 248 1522 249
3 248 1524 249
3 249 456 482
3 249 1524 456
3 249 1522 1524
3 250 255 253
3 250 253 1527
3 252 253 254
3 253 1526 1527
3 253 255 254
3 256 261 260
3 256 271 272
3 256 275 271
3 257 258 1236
3 257 1236 259
3 259 1234 1235
3 259 1236 1234
3 259 1235 1269
3 260 261 1267
3 261 1232 1266
3 261 1266 1267
3 261 1210 1212
3 261 1212 1232
3 262 264 263
3 262 263 266
3 262 264 266
3 262 270 264
3 262 266 265
3 262 265 268
3 262 268 267
3 262 267 269
3 262 269 270
3 263 1165 960
3 263 266 264
3 263 264 1165
3 263 406 960
3 263 406 959
3 263 959 960
3 264 270 952
3 264 952 1165
3 265 266 441
3 265 444 268
3 265 441 443
3 265 443 444
3 266 442 441
3 267 268 446
3 267 882 269
3 267 848 847
3 267 847 882
3 267 446 447
3 267 447 848
3 268 444 446
3 269 882 270
3 269 885 270
3 269 882 885
3 270 945 948
3 270 882 885
3 270 948 949
3 270 885 945
3 270 885 948
3 270 949 952
3 271 273 275
3 273 274 275
3 273 443 274
3 273 444 443
3 274 746 743
3 274 986 746
3 274 979 746
3 274 979 986
3 274 443 445
3 276 280 288
3 276 277 280
3 277 278 279
3 277 279 281
3 277 281 280
3 278 429 279
3 279 429 432
3 279 432 721
3 279 721 722
3 279 722 727
3 279 722 281
3 279 727 281
3 280 725 288
3 280 723 725
3 280 727 723
3 280 281 727
3 281 722 727
3 282 286 285
3 283 424 750
3 283 750 696
3 283 696 286
3 285 689 415
3 285 687 415
3 285 687 689
3 285 694 687
3 285 286 694
3 286 696 694
3 289 562 561
3 290 291 294
3 290 291 295
3 290 294 299
3 290 294 303
3 290 295 294
3 290 299 303
3 291 295 294
3 291 296 295
3 291 426 295
3 291 426 296
3 292 293 294
3 292 293 295
3 292 294 295
3 292 295 296
3 292 296 297
3 293 298 294
3 293 294 295
3 294 298 299
3 294 299 303
3 295 426 296
3 296 425 422
3 296 297 422
3 297 422 423
3 297 423 424
3 298 301 299
3 299 1506 303
3 300 549 620
3 300 620 619
3 302 493 1506
3 302 495 493
3 302 498 495
3 303 1506 1523
3 303 1523 304
3 304 1523 1522
3 305 306 312
3 305 309 306
3 305 314 307
3 305 307 309
3 305 312 316
3 305 316 314
3 306 309 308
3 306 308 311
3 306 313 312
3 307 321 326
3 307 326 309
3 307 314 315
3 307 315 321
3 308 329 334
3 308 334 330
3 308 309 329
3 308 330 311
3 309 326 329
3 312 313 377
3 312 377 379
3 312 379 316
3 314 318 315
3 315 320 321
3 315 318 319
3 315 319 320
3 317 389 390
3 317 648 686
3 317 686 318
3 320 324 321
3 320 325 324
3 321 324 327
3 321 327 326
3 322 323 325
3 323 589 586
3 323 586 325
3 324 325 584
3 324 584 583
3 324 583 327
3 325 586 584
3 326 327 328
3 326 328 329
3 327 583 585
3 327 585 328
3 328 336 329
3 328 585 635
3 328 635 336
3 329 336 334
3 332 357 1519
3 332 1519 1518
3 335 337 1497
3 335 1497 1516
3 338 339 345
3 338 342 339
3 338 346 340
3 338 340 342
3 338 345 348
3 338 348 346
3 339 344 345
3 340 346 347
3 343 633 531
3 344 531 530
3 345 526 527
3 345 527 348
3 349 362 360
3 349 528 362
3 349 360 351
3 350 361 1515
3 350 351 361
3 351 360 361
3 353 1515 369
3 354 355 370
3 354 377 356
3 354 370 375
3 354 375 376
3 354 376 377
3 358 360 359
3 358 359 364
3 358 361 360
3 358 1513 1514
3 358 364 1513
3 359 360 362
3 359 362 363
3 359 363 365
3 359 365 364
3 362 573 363
3 362 528 573
3 363 366 365
3 363 572 366
3 363 573 572
3 364 365 466
3 365 366 368
3 365 368 466
3 366 367 368
3 366 571 367
3 366 572 571
3 367 571 468
3 369 1515 1514
3 370 374 375
3 371 460 374
3 373 461 462
3 373 374 461
3 373 375 374
3 373 381 375
3 373 383 381
3 373 462 383
3 374 460 461
3 375 381 376
3 376 379 377
3 376 378 379
3 376 381 378
3 378 385 389
3 378 380 385
3 378 381 380
3 380 384 385
3 380 381 383
3 380 382 384
3 380 383 382
3 382 386 384
3 382 516 512
3 382 512 386
3 382 383 516
3 383 462 516
3 384 387 385
3 384 386 388
3 384 388 387
3 385 387 390
3 385 390 389
3 386 515 388
3 387 388 646
3 387 646 647
3 391 392 393
3 391 392 395
3 391 958 392
3 391 395 393
3 391 393 398
3 391 909 958
3 391 398 399
3 392 845 840
3 392 395 393
3 392 840 395
3 392 956 845
3 392 957 845
3 392 957 956
3 392 958 957
3 395 1431 1428
3 398 399 918
3 399 918 921
3 403 1213 1207
3 405 959 406
3 405 406 407
3 405 407 409
3 405 953 959
3 406 959 960
3 408 934 932
3 408 954 934
3 408 409 954
3 415 689 416
3 415 687 689
3 416 689 692
3 416 692 709
3 416 709 437
3 417 421 419
3 418 780 774
3 418 781 774
3 418 781 780
3 418 978 781
3 418 445 441
3 418 445 978
3 418 445 781
3 422 425 423
3 422 428 423
3 422 425 428
3 423 741 742
3 423 742 424
3 423 425 428
3 423 428 741
3 424 742 750
3 427 741 428
3 429 430 432
3 429 431 430
3 430 709 710
3 430 710 721
3 430 431 436
3 430 721 432
3 430 436 437
3 430 437 709
3 430 437 710
3 433 435 434
3 437 709 710
3 438 934 439
3 439 932 934
3 439 919 920
3 439 934 919
3 439 920 933
3 440 762 763
3 441 445 443
3 445 978 781
3 450 451 490
3 450 461 451
3 450 490 452
3 450 452 459
3 450 459 462
3 450 462 461
3 451 461 460
3 451 460 1510
3 452 490 453
3 452 458 459
3 453 1508 1507
3 453 1507 488
3 453 1508 488
3 454 457 455
3 454 488 457
3 454 476 457
3 454 488 476
3 455 482 456
3 455 456 507
3 455 457 482
3 456 492 507
3 456 1524 492
3 457 488 476
3 457 476 482
3 457 476 478
3 457 478 482
3 458 506 459
3 458 491 459
3 458 491 506
3 458 479 491
3 459 491 506
3 459 516 462
3 459 506 516
3 460 1509 1510
3 463 1510 1509
3 463 467 464
3 463 464 471
3 463 1509 467
3 463 471 470
3 464 467 465
3 464 465 469
3 464 469 473
3 464 473 471
3 465 468 469
3 468 569 469
3 468 571 569
3 469 569 570
3 469 570 473
3 470 471 475
3 470 474 1512
3 470 475 474
3 471 473 472
3 471 472 475
3 472 486 484
3 472 563 486
3 472 564 563
3 472 473 564
3 472 484 475
3 472 486 475
3 473 570 564
3 474 1507 1508
3 474 484 485
3 474 485 1507
3 474 485 1508
3 474 1508 1512
3 474 475 484
3 475 486 484
3 476 488 477
3 476 477 1521
3 476 478 482
3 476 1521 478
3 477 488 1507
3 478 1521 1537
3 479 616 480
3 479 480 505
3 479 480 491
3 479 505 491
3 480 616 481
3 480 481 500
3 480 481 503
3 480 505 491
3 480 500 503
3 480 503 508
3 480 508 505
3 481 616 497
3 481 507 497
3 481 497 500
3 481 500 503
3 483 485 484
3 483 484 487
3 483 487 562
3 484 486 487
3 485 1507 1508
3 486 560 487
3 486 563 560
3 487 560 561
3 487 561 562
3 488 1508 1507
3 489 607 606
3 491 505 504
3 491 504 506
3 492 494 497
3 492 1539 494
3 492 497 507
3 493 1523 1506
3 493 494 1539
3 493 495 494
3 493 1539 1523
3 494 495 496
3 494 496 497
3 495 499 496
3 495 498 499
3 496 500 497
3 496 499 501
3 496 501 500
3 498 659 499
3 498 661 659
3 499 659 660
3 499 660 501
3 500 501 502
3 500 502 503
3 501 660 652
3 501 660 502
3 501 652 502
3 502 652 651
3 502 660 652
3 502 511 503
3 502 651 511
3 503 511 508
3 504 513 512
3 504 505 508
3 504 505 509
3 504 512 506
3 504 508 509
3 504 509 513
3 505 508 509
3 506 512 516
3 508 510 509
3 508 511 510
3 509 514 513
3 509 510 514
3 510 651 649
3 510 511 649
3 510 511 651
3 511 651 649
3 513 514 515
3 514 650 515
3 517 525 518
3 517 523 524
3 517 524 525
3 518 525 528
3 518 528 527
3 519 534 521
3 519 526 530
3 519 530 529
3 519 529 534
3 520 539 523
3 520 537 544
3 520 540 539
3 520 544 540
3 522 554 557
3 522 523 539
3 522 524 523
3 522 567 524
3 522 557 567
3 522 539 543
3 522 543 554
3 522 543 557
3 524 568 525
3 524 567 568
3 525 573 528
3 525 568 573
3 529 533 536
3 529 536 534
3 530 531 532
3 531 633 532
3 535 630 624
3 535 536 624
3 535 536 630
3 536 630 624
3 538 544 545
3 538 545 549
3 538 549 548
3 538 548 550
3 538 539 540
3 538 542 539
3 538 540 544
3 538 550 542
3 539 542 541
3 539 541 543
3 539 542 543
3 541 550 551
3 541 551 552
3 541 551 558
3 541 552 554
3 541 558 552
3 541 542 550
3 541 543 542
3 541 554 543
3 543 554 557
3 544 546 545
3 544 547 546
3 545 546 549
3 546 547 618
3 546 547 622
3 546 620 549
3 546 618 619
3 546 622 618
3 546 619 620
3 547 622 618
3 551 558 552
3 552 553 554
3 552 553 556
3 552 558 553
3 552 556 554
3 553 556 554
3 553 563 556
3 553 558 559
3 553 559 560
3 553 559 561
3 553 561 560
3 553 560 563
3 554 556 555
3 554 555 557
3 555 556 563
3 555 556 564
3 555 566 557
3 555 563 564
3 555 564 570
3 555 570 566
3 556 563 564
3 557 566 567
3 559 561 560
3 565 566 569
3 565 566 570
3 565 567 566
3 565 568 567
3 565 572 568
3 565 570 569
3 565 569 571
3 565 571 572
3 566 570 569
3 568 572 573
3 574 576 584
3 574 587 577
3 574 590 577
3 574 584 586
3 574 586 587
3 574 587 590
3 574 575 576
3 574 577 575
3 575 581 576
3 575 577 580
3 575 580 579
3 575 579 581
3 576 581 582
3 576 582 583
3 576 583 584
3 577 578 580
3 577 590 578
3 577 587 590
3 578 596 580
3 578 590 593
3 578 593 595
3 578 595 596
3 579 609 613
3 579 580 599
3 579 613 581
3 579 599 609
3 580 596 599
3 581 613 625
3 581 625 582
3 582 585 583
3 582 628 585
3 582 625 628
3 585 628 635
3 586 589 587
3 587 589 588
3 587 588 590
3 588 684 682
3 588 589 684
3 588 592 590
3 588 682 592
3 590 592 593
3 591 683 677
3 591 593 592
3 591 592 683
3 591 601 593
3 591 603 601
3 591 677 603
3 592 682 683
3 593 601 595
3 594 595 601
3 594 598 595
3 594 606 598
3 594 601 600
3 594 600 604
3 594 600 605
3 594 604 605
3 594 605 606
3 595 598 596
3 596 598 597
3 596 597 599
3 597 615 608
3 597 598 606
3 597 598 607
3 597 608 599
3 597 606 607
3 597 607 615
3 598 606 607
3 599 608 609
3 600 601 603
3 600 601 602
3 600 603 602
3 600 602 604
3 600 604 605
3 601 603 602
3 602 674 675
3 602 676 674
3 602 603 676
3 602 675 604
3 603 677 676
3 608 610 609
3 608 614 610
3 608 615 614
3 609 610 611
3 609 611 613
3 610 1502 611
3 610 614 1501
3 610 1501 1502
3 611 1505 612
3 611 612 613
3 611 1502 1505
3 612 1499 627
3 612 1505 1499
3 617 619 618
3 617 618 622
3 617 1500 619
3 617 621 1505
3 617 622 621
3 617 1502 1500
3 617 1505 1502
3 619 1500 1504
3 621 622 623
3 622 624 623
3 625 627 628
3 626 628 627
3 626 635 628
3 626 636 635
3 627 1499 1498
3 629 631 633
3 629 633 634
3 637 651 641
3 637 646 650
3 637 647 646
3 637 650 649
3 637 649 651
3 637 641 638
3 637 638 639
3 637 639 646
3 637 639 647
3 638 641 643
3 638 643 642
3 638 642 644
3 638 644 645
3 638 644 639
3 638 645 639
3 639 644 645
3 639 645 647
3 639 647 646
3 640 643 641
3 640 641 651
3 640 654 643
3 640 655 643
3 640 651 652
3 640 652 660
3 640 660 654
3 640 654 655
3 642 643 655
3 642 680 644
3 642 670 644
3 642 670 680
3 642 655 658
3 642 658 666
3 642 666 670
3 643 654 655
3 644 680 645
3 644 670 680
3 645 648 647
3 645 681 648
3 645 680 681
3 648 681 686
3 653 654 659
3 653 654 660
3 653 655 654
3 653 656 655
3 653 662 656
3 653 660 659
3 653 659 661
3 653 661 662
3 654 660 659
3 655 656 657
3 655 657 658
3 656 663 657
3 656 662 663
3 657 665 658
3 657 663 664
3 657 664 672
3 657 672 665
3 658 665 666
3 665 667 666
3 665 672 667
3 665 671 667
3 665 672 671
3 666 667 668
3 666 668 669
3 666 668 670
3 666 669 670
3 667 673 674
3 667 674 668
3 667 672 671
3 667 671 673
3 668 674 676
3 668 676 669
3 668 669 670
3 669 676 677
3 669 677 679
3 669 679 680
3 669 680 670
3 673 675 674
3 677 683 679
3 678 681 679
3 678 679 683
3 678 683 682
3 678 682 685
3 679 681 680
3 682 684 685
3 687 688 689
3 687 693 688
3 687 694 693
3 688 691 689
3 688 698 691
3 688 693 697
3 688 697 698
3 689 691 690
3 689 690 692
3 689 691 692
3 690 706 708
3 690 692 691
3 690 691 703
3 690 703 706
3 691 698 703
3 693 694 695
3 693 695 699
3 693 699 697
3 694 696 695
3 695 750 748
3 695 696 748
3 695 696 750
3 696 750 748
3 697 702 698
3 697 699 700
3 697 700 701
3 697 701 702
3 698 702 703
3 700 749 779
3 700 779 701
3 701 779 702
3 702 777 705
3 702 776 777
3 702 779 776
3 702 705 703
3 703 705 704
3 703 704 706
3 704 770 768
3 704 705 777
3 704 705 770
3 704 711 706
3 704 777 770
3 704 713 711
3 704 768 713
3 705 777 770
3 706 711 708
3 707 709 708
3 707 708 711
3 707 710 709
3 707 721 710
3 707 711 712
3 707 712 715
3 707 715 721
3 711 713 712
3 712 713 714
3 712 714 716
3 712 716 715
3 713 768 714
3 714 718 716
3 714 765 718
3 714 766 718
3 714 768 765
3 714 765 766
3 715 716 719
3 715 719 721
3 715 719 722
3 715 722 721
3 716 720 719
3 717 718 766
3 717 729 720
3 717 731 729
3 717 766 731
3 718 765 766
3 719 720 729
3 719 722 721
3 719 727 722
3 719 728 727
3 719 729 728
3 723 728 724
3 723 724 725
3 723 727 728
3 724 726 725
3 724 963 726
3 724 734 726
3 724 728 729
3 724 729 730
3 724 730 733
3 724 730 734
3 724 733 734
3 724 734 963
3 726 963 962
3 726 734 963
3 729 732 730
3 729 731 732
3 730 732 736
3 730 736 733
3 730 733 734
3 731 766 761
3 731 761 732
3 731 766 732
3 732 762 764
3 732 761 762
3 732 761 764
3 732 766 761
3 734 737 963
3 737 965 963
3 738 1386 1437
3 739 740 744
3 739 741 740
3 739 742 741
3 739 748 742
3 739 744 747
3 739 747 748
3 740 743 744
3 742 748 750
3 743 745 744
3 743 746 745
3 744 745 747
3 745 746 986
3 745 749 747
3 745 984 778
3 745 778 779
3 745 778 749
3 745 779 749
3 745 986 984
3 746 979 986
3 749 778 779
3 752 754 757
3 753 1173 1172
3 754 1190 1189
3 754 755 1190
3 754 1189 1178
3 755 1193 1190
3 756 757 1176
3 758 1470 1088
3 760 762 761
3 760 761 766
3 760 763 762
3 760 1193 763
3 760 765 768
3 760 766 765
3 760 768 767
3 761 762 764
3 767 768 770
3 767 770 769
3 767 769 1189
3 767 1189 1190
3 769 1186 1187
3 769 1186 1189
3 769 770 777
3 769 777 772
3 771 772 776
3 771 772 777
3 771 773 772
3 771 774 773
3 771 780 774
3 771 777 776
3 771 776 778
3 771 776 779
3 771 779 778
3 771 778 982
3 771 782 780
3 771 982 782
3 772 773 775
3 772 777 776
3 773 774 775
3 774 781 780
3 776 779 778
3 778 984 982
3 780 781 785
3 780 782 784
3 780 782 783
3 780 783 784
3 780 785 784
3 781 980 785
3 781 978 980
3 782 783 784
3 782 982 783
3 783 974 972
3 783 1005 974
3 783 972 784
3 783 982 985
3 783 985 1005
3 784 973 972
3 784 785 973
3 784 785 972
3 785 973 972
3 785 998 973
3 786 787 791
3 786 790 792
3 786 791 790
3 787 788 789
3 787 789 791
3 788 849 789
3 789 849 809
3 789 809 791
3 790 803 804
3 790 793 792
3 790 803 793
3 790 804 793
3 791 809 807
3 793 803 804
3 794 904 839
3 794 839 1329
3 794 1329 1336
3 794 893 904
3 795 802 801
3 795 801 906
3 795 796 801
3 796 797 1169
3 796 799 1169
3 797 1103 1169
3 797 1103 1329
3 797 798 1103
3 798 837 1103
3 799 1169 1253
3 802 1341 1349
3 803 806 804
3 803 808 805
3 803 805 806
3 803 807 808
3 805 864 907
3 805 813 806
3 805 808 864
3 805 864 813
3 805 907 813
3 806 813 811
3 807 810 808
3 807 809 810
3 808 810 859
3 808 859 864
3 809 849 810
3 809 852 810
3 809 849 852
3 810 849 852
3 810 852 945
3 810 860 859
3 810 896 860
3 810 895 860
3 810 945 895
3 811 813 812
3 811 812 814
3 812 902 814
3 813 864 907
3 814 902 901
3 814 901 815
3 815 877 816
3 815 901 877
3 817 818 824
3 817 818 825
3 817 819 818
3 817 827 819
3 817 826 819
3 817 824 825
3 817 825 826
3 817 826 827
3 818 819 821
3 818 821 823
3 818 822 824
3 818 823 822
3 818 824 825
3 819 869 875
3 819 870 869
3 819 870 875
3 819 876 870
3 819 875 900
3 819 875 821
3 819 900 821
3 819 826 827
3 819 827 876
3 820 834 833
3 820 834 836
3 820 900 836
3 820 821 900
3 820 823 821
3 821 875 900
3 824 831 825
3 825 830 828
3 825 831 830
3 828 830 829
3 833 834 838
3 833 839 838
3 834 838 882
3 835 856 900
3 836 1432 1325
3 837 1086 1103
3 838 839 904
3 838 883 882
3 838 904 883
3 841 845 846
3 841 846 851
3 845 956 846
3 845 957 956
3 846 956 851
3 849 851 850
3 849 850 852
3 850 947 945
3 850 851 947
3 850 851 956
3 850 945 852
3 853 1257 854
3 853 1259 854
3 853 855 854
3 853 1257 855
3 854 1259 867
3 854 867 868
3 854 1259 868
3 854 855 1257
3 855 1258 1368
3 856 874 900
3 857 858 1325
3 858 1432 1325
3 863 1371 1417
3 863 1371 1374
3 864 1416 1415
3 867 868 1259
3 867 1337 1101
3 869 875 870
3 869 873 874
3 870 876 871
3 871 877 872
3 871 876 877
3 872 877 901
3 873 1349 1353
3 873 1353 1412
3 873 1412 874
3 874 1354 1412
3 878 880 879
3 878 879 1014
3 882 883 884
3 882 884 885
3 885 945 948
3 886 888 893
3 886 893 894
3 886 1388 894
3 887 902 907
3 891 896 899
3 891 1380 899
3 893 896 898
3 893 898 904
3 894 1420 1380
3 894 1388 1380
3 894 1422 1420
3 895 905 897
3 895 945 897
3 895 945 905
3 897 904 898
3 897 905 904
3 897 945 905
3 899 1380 1379
3 908 1415 1397
3 909 910 916
3 909 910 911
3 909 955 911
3 909 958 955
3 910 911 913
3 911 1166 961
3 911 913 961
3 911 913 1166
3 911 953 959
3 911 961 959
3 913 1166 961
3 917 951 949
3 917 1167 951
3 917 956 957
3 917 957 958
3 919 934 921
3 921 954 934
3 925 1355 1333
3 925 1333 927
3 930 1088 1471
3 930 1471 1307
3 930 1182 1307
3 931 1366 1032
3 931 1366 1460
3 936 1165 960
3 936 1287 1289
3 936 1302 1287
3 936 1289 1302
3 936 1165 938
3 936 960 944
3 937 941 943
3 937 943 1300
3 937 1300 1302
3 938 1167 940
3 938 952 951
3 938 951 1167
3 938 1165 952
3 943 961 1166
3 943 944 961
3 943 1300 944
3 943 944 1166
3 944 961 1166
3 944 960 959
3 944 959 961
3 945 947 948
3 946 948 947
3 946 956 950
3 949 951 952
3 950 956 957
3 962 963 964
3 962 1440 964
3 963 965 964
3 964 965 1399
3 964 1440 1399
3 965 1435 1410
3 965 1410 1399
3 966 970 968
3 968 970 971
3 969 1439 1400
3 971 1322 1321
3 972 973 977
3 972 977 976
3 973 977 1277
3 973 1285 1277
3 974 1005 975
3 975 1005 1006
3 975 1006 1048
3 975 1048 1045
3 976 977 1044
3 976 1044 1043
3 978 979 981
3 978 981 980
3 979 981 986
3 981 997 1002
3 981 987 986
3 981 1002 987
3 982 984 983
3 982 983 985
3 983 1002 1001
3 983 984 986
3 983 984 987
3 983 1001 985
3 983 986 987
3 983 987 1002
3 984 986 987
3 985 1001 1005
3 988 993 992
3 988 992 989
3 988 989 990
3 988 993 991
3 989 992 1162
3 989 1162 1156
3 991 1121 1120
3 991 1160 1121
3 991 1159 1160
3 991 1120 1117
3 992 1162 1159
3 993 994 1070
3 993 1070 1116
3 994 1068 1150
3 995 1150 1152
3 996 1144 1145
3 996 1148 1144
3 997 999 1002
3 999 1273 1000
3 999 1051 1000
3 999 1054 1000
3 999 1004 1002
3 999 1050 1004
3 999 1051 1050
3 999 1051 1054
3 1000 1051 1054
3 1000 1054 1055
3 1003 1004 1050
3 1003 1048 1006
3 1003 1049 1048
3 1003 1050 1049
3 1007 1010 1008
3 1007 1149 1010
3 1007 1082 1081
3 1007 1081 1150
3 1007 1082 1111
3 1007 1150 1149
3 1008 1009 1010
3 1008 1010 1012
3 1009 1082 1111
3 1010 1149 1011
3 1011 1076 1074
3 1011 1151 1076
3 1011 1149 1151
3 1016 1018 1020
3 1017 1161 1160
3 1017 1135 1137
3 1017 1143 1135
3 1017 1137 1161
3 1017 1160 1020
3 1019 1134 1133
3 1019 1105 1133
3 1019 1134 1105
3 1019 1020 1159
3 1019 1021 1105
3 1020 1160 1159
3 1021 1104 1105
3 1025 1027 1026
3 1025 1026 1028
3 1025 1028 1031
3 1026 1104 1027
3 1026 1105 1027
3 1026 1105 1104
3 1026 1133 1105
3 1026 1043 1045
3 1026 1046 1043
3 1026 1046 1045
3 1026 1133 1046
3 1027 1105 1104
3 1028 1048 1029
3 1028 1029 1031
3 1029 1135 1031
3 1029 1136 1135
3 1029 1048 1049
3 1029 1049 1050
3 1029 1049 1053
3 1029 1050 1053
3 1029 1053 1136
3 1031 1135 1143
3 1034 1121 1160
3 1034 1122 1121
3 1034 1125 1122
3 1034 1160 1161
3 1034 1037 1035
3 1034 1036 1035
3 1034 1035 1125
3 1034 1037 1036
3 1035 1067 1125
3 1035 1036 1041
3 1035 1037 1036
3 1035 1041 1067
3 1035 1041 1125
3 1036 1037 1038
3 1036 1038 1040
3 1036 1040 1042
3 1036 1042 1041
3 1038 1040 1157
3 1039 1042 1040
3 1039 1153 1042
3 1039 1147 1153
3 1039 1147 1148
3 1040 1164 1157
3 1041 1068 1067
3 1041 1067 1125
3 1041 1149 1068
3 1041 1042 1151
3 1041 1151 1149
3 1042 1153 1151
3 1043 1045 1046
3 1044 1260 1047
3 1047 1128 1129
3 1049 1050 1053
3 1051 1052 1054
3 1052 1127 1056
3 1052 1127 1136
3 1052 1136 1053
3 1052 1056 1054
3 1054 1056 1260
3 1056 1127 1128
3 1056 1261 1260
3 1057 1060 1058
3 1057 1073 1060
3 1057 1074 1073
3 1057 1109 1074
3 1058 1059 1065
3 1058 1060 1059
3 1058 1065 1089
3 1059 1060 1061
3 1059 1062 1061
3 1060 1073 1061
3 1060 1077 1061
3 1060 1073 1077
3 1061 1062 1099
3 1061 1099 1154
3 1061 1073 1077
3 1061 1154 1077
3 1062 1098 1099
3 1063 1377 1064
3 1064 1393 1376
3 1064 1377 1393
3 1064 1393 1450
3 1065 1092 1089
3 1066 1067 1068
3 1068 1149 1150
3 1071 1346 1456
3 1071 1409 1350
3 1073 1074 1076
3 1073 1076 1075
3 1073 1075 1077
3 1074 1109 1107
3 1075 1077 1146
3 1075 1146 1144
3 1075 1144 1147
3 1076 1151 1153
3 1077 1154 1146
3 1078 1080 1079
3 1078 1079 1084
3 1078 1079 1085
3 1078 1081 1080
3 1078 1081 1082
3 1078 1082 1083
3 1078 1083 1084
3 1078 1085 1084
3 1079 1080 1154
3 1079 1085 1084
3 1080 1145 1146
3 1080 1146 1154
3 1081 1152 1150
3 1082 1112 1111
3 1082 1083 1112
3 1083 1090 1094
3 1083 1090 1084
3 1083 1094 1084
3 1084 1090 1094
3 1084 1085 1094
3 1085 1095 1094
3 1085 1099 1098
3 1086 1324 1329
3 1086 1329 1103
3 1087 1477 1364
3 1088 1470 1471
3 1092 1449 1375
3 1095 1452 1453
3 1096 1384 1394
3 1096 1541 1384
3 1096 1447 1384
3 1100 1394 1378
3 1100 1378 1452
3 1101 1337 1347
3 1103 1336 1329
3 1105 1133 1134
3 1106 1361 1138
3 1114 1320 1318
3 1114 1244 1242
3 1114 1320 1244
3 1114 1244 1318
3 1120 1121 1122
3 1124 1402 1404
3 1130 1155 1156
3 1130 1131 1155
3 1131 1158 1155
3 1131 1132 1158
3 1132 1158 1163
3 1132 1163 1137
3 1135 1136 1137
3 1137 1163 1161
3 1138 1361 1327
3 1138 1327 1139
3 1139 1327 1328
3 1140 1466 1467
3 1142 1362 1363
3 1144 1146 1145
3 1144 1148 1147
3 1168 1348 1342
3 1170 1171 1184
3 1170 1172 1171
3 1170 1184 1183
3 1171 1187 1184
3 1171 1188 1187
3 1171 1172 1173
3 1171 1173 1188
3 1174 1364 1367
3 1178 1189 1186
3 1179 1184 1186
3 1179 1183 1180
3 1179 1184 1183
3 1182 1306 1307
3 1184 1187 1186
3 1192 1301 1193
3 1194 1195 1209
3 1194 1213 1197
3 1194 1207 1213
3 1195 1196 1201
3 1195 1201 1234
3 1195 1234 1209
3 1196 1198 1197
3 1196 1198 1200
3 1196 1199 1200
3 1196 1199 1202
3 1196 1200 1202
3 1196 1202 1201
3 1197 1211 1198
3 1197 1213 1198
3 1197 1213 1211
3 1198 1211 1213
3 1199 1217 1233
3 1199 1217 1250
3 1199 1233 1231
3 1199 1202 1200
3 1199 1231 1200
3 1199 1250 1202
3 1201 1250 1249
3 1201 1237 1234
3 1201 1202 1250
3 1201 1249 1237
3 1203 1525 1520
3 1203 1205 1204
3 1203 1204 1494
3 1203 1206 1205
3 1203 1520 1206
3 1203 1525 1206
3 1204 1493 1494
3 1204 1208 1493
3 1205 1206 1207
3 1206 1525 1520
3 1208 1209 1236
3 1209 1234 1236
3 1212 1231 1232
3 1214 1240 1216
3 1214 1219 1216
3 1214 1240 1219
3 1214 1237 1249
3 1214 1241 1240
3 1214 1249 1241
3 1214 1216 1215
3 1214 1215 1237
3 1215 1216 1225
3 1215 1224 1272
3 1215 1225 1224
3 1215 1272 1235
3 1215 1235 1237
3 1216 1240 1219
3 1216 1219 1220
3 1216 1220 1225
3 1217 1218 1233
3 1217 1247 1218
3 1217 1251 1250
3 1217 1247 1251
3 1217 1247 1250
3 1218 1248 1222
3 1218 1222 1246
3 1218 1226 1233
3 1218 1246 1226
3 1218 1248 1246
3 1218 1247 1248
3 1219 1221 1220
3 1220 1222 1221
3 1220 1246 1222
3 1220 1225 1226
3 1220 1225 1246
3 1220 1226 1246
3 1222 1248 1334
3 1222 1334 1257
3 1222 1246 1248
3 1223 1224 1225
3 1223 1229 1224
3 1223 1225 1226
3 1223 1226 1228
3 1223 1230 1229
3 1224 1229 1272
3 1224 1229 1273
3 1224 1273 1272
3 1225 1226 1246
3 1226 1232 1231
3 1226 1231 1233
3 1226 1232 1233
3 1227 1262 1261
3 1227 1262 1288
3 1227 1261 1230
3 1227 1262 1230
3 1227 1288 1275
3 1229 1273 1272
3 1230 1262 1261
3 1231 1233 1232
3 1232 1274 1266
3 1234 1237 1235
3 1235 1272 1269
3 1238 1240 1241
3 1238 1242 1244
3 1240 1241 1243
3 1241 1249 1250
3 1241 1250 1251
3 1244 1318 1320
3 1247 1251 1250
3 1248 1337 1334
3 1251 1254 1347
3 1254 1347 1318
3 1254 1337 1347
3 1257 1480 1479
3 1257 1479 1334
3 1261 1262 1263
3 1261 1263 1265
3 1261 1265 1264
3 1262 1263 1288
3 1263 1289 1288
3 1263 1302 1289
3 1263 1304 1265
3 1263 1303 1265
3 1263 1303 1302
3 1263 1303 1304
3 1264 1304 1280
3 1264 1265 1304
3 1264 1280 1278
3 1264 1278 1279
3 1264 1280 1279
3 1265 1303 1304
3 1266 1270 1267
3 1266 1271 1267
3 1266 1274 1270
3 1266 1270 1271
3 1267 1268 1269
3 1267 1268 1271
3 1267 1270 1271
3 1268 1269 1272
3 1268 1285 1271
3 1268 1272 1273
3 1270 1288 1284
3 1270 1284 1285
3 1270 1285 1271
3 1270 1274 1275
3 1270 1275 1288
3 1276 1299 1282
3 1276 1301 1282
3 1276 1299 1301
3 1276 1277 1299
3 1276 1277 1278
3 1276 1278 1282
3 1277 1285 1286
3 1277 1286 1299
3 1277 1279 1278
3 1278 1280 1281
3 1278 1281 1283
3 1278 1283 1282
3 1278 1279 1280
3 1280 1305 1281
3 1280 1304 1305
3 1281 1309 1283
3 1281 1305 1308
3 1282 1283 1313
3 1282 1299 1301
3 1282 1301 1316
3 1283 1487 1313
3 1284 1287 1285
3 1284 1288 1287
3 1284 1289 1287
3 1284 1288 1289
3 1285 1287 1286
3 1286 1287 1300
3 1286 1300 1299
3 1287 1288 1289
3 1287 1289 1302
3 1287 1302 1300
3 1291 1292 1305
3 1291 1292 1308
3 1291 1302 1303
3 1291 1304 1303
3 1291 1305 1304
3 1291 1308 1305
3 1292 1308 1305
3 1293 1294 1330
3 1293 1296 1316
3 1293 1296 1301
3 1293 1299 1300
3 1293 1301 1299
3 1293 1316 1301
3 1294 1332 1330
3 1296 1483 1482
3 1296 1316 1301
3 1297 1401 1392
3 1297 1482 1392
3 1306 1473 1369
3 1307 1471 1474
3 1312 1484 1485
3 1315 1398 1382
3 1317 1382 1383
3 1318 1347 1479
3 1318 1320 1319
3 1318 1479 1319
3 1319 1479 1326
3 1321 1322 1438
3 1321 1436 1323
3 1321 1438 1436
3 1322 1395 1438
3 1323 1436 1437
3 1324 1433 1329
3 1324 1325 1433
3 1325 1432 1433
3 1326 1479 1480
3 1326 1365 1368
3 1327 1457 1328
3 1327 1361 1458
3 1327 1458 1457
3 1328 1457 1333
3 1329 1433 1336
3 1330 1332 1441
3 1330 1441 1335
3 1332 1342 1441
3 1333 1457 1355
3 1334 1479 1337
3 1335 1441 1444
3 1336 1433 1341
3 1337 1479 1347
3 1339 1346 1345
3 1339 1454 1346
3 1339 1340 1454
3 1341 1353 1349
3 1341 1433 1349
3 1342 1344 1441
3 1344 1442 1441
3 1346 1454 1456
3 1349 1353 1354
3 1349 1433 1354
3 1350 1357 1351
3 1351 1357 1352
3 1351 1454 1352
3 1351 1456 1454
3 1352 1454 1356
3 1353 1412 1354
3 1354 1433 1432
3 1355 1457 1460
3 1356 1402 1404
3 1359 1442 1443
3 1359 1443 1360
3 1362 1468 1363
3 1363 1468 1469
3 1364 1477 1478
3 1366 1459 1461
3 1366 1461 1460
3 1367 1476 1369
3 1369 1473 1475
3 1369 1476 1475
3 1370 1371 1418
3 1371 1417 1418
3 1372 1426 1373
3 1373 1427 1424
3 1373 1426 1427
3 1375 1448 1376
3 1375 1449 1448
3 1376 1448 1393
3 1377 1451 1393
3 1382 1484 1383
3 1382 1484 1398
3 1383 1484 1485
3 1384 1446 1541
3 1384 1447 1446
3 1384 1447 1453
3 1384 1453 1394
3 1387 1483 1401
3 1389 1421 1422
3 1389 1421 1397
3 1390 1410 1434
3 1391 1486 1489
3 1391 1396 1486
3 1392 1482 1488
3 1393 1448 1450
3 1393 1451 1450
3 1396 1398 1486
3 1397 1421 1415
3 1399 1440 1410
3 1403 1424 1425
3 1403 1430 1425
3 1403 1406 1430
3 1405 1428 1411
3 1405 1429 1428
3 1410 1435 1434
3 1410 1440 1435
3 1414 1415 1416
3 1414 1421 1415
3 1414 1416 1417
3 1414 1417 1418
3 1414 1418 1419
3 1414 1419 1420
3 1414 1420 1422
3 1414 1422 1421
3 1423 1425 1424
3 1423 1424 1427
3 1423 1430 1425
3 1423 1427 1426
3 1423 1426 1429
3 1423 1429 1428
3 1423 1428 1431
3 1423 1431 1430
3 1434 1436 1435
3 1434 1437 1436
3 1435 1436 1440
3 1436 1438 1439
3 1436 1439 1440
3 1441 1442 1443
3 1441 1443 1444
3 1445 1449 1446
3 1445 1446 1447
3 1445 1453 1447
3 1445 1448 1449
3 1445 1450 1448
3 1445 1450 1451
3 1445 1451 1452
3 1445 1452 1453
3 1457 1458 1459
3 1457 1459 1461
3 1457 1461 1460
3 1462 1464 1463
3 1462 1463 1468
3 1463 1464 1465
3 1463 1465 1490
3 1463 1490 1466
3 1463 1466 1467
3 1463 1467 1469
3 1463 1469 1468
3 1470 1472 1477
3 1470 1471 1472
3 1471 1474 1472
3 1472 1474 1473
3 1472 1473 1475
3 1472 1475 1476
3 1472 1476 1478
3 1472 1478 1477
3 1481 1488 1482
3 1481 1482 1483
3 1481 1483 1485
3 1481 1485 1484
3 1481 1484 1487
3 1481 1486 1489
3 1481 1487 1486
3 1481 1489 1488
3 1500 1501 1504
3 1500 1502 1501
3 1520 1525 1526
3 1522 1523 1539
3 1526 1536 1527
3 1528 1529 1530
