ply
format ascii 1.0
comment algorithm Barycentric Ridge Graph
element vertex 1542
property float x
property float y
property float z
property float peak_d_vert
property int component_size
element edge 3154
property int vertex1
property int vertex2
property int component_size
property int midpoint_voxels
end_header
0.29261032 0.10949533 0.01587396 0.99316406 37
0.29117170 0.10664450 -0.02722863 0.97363281 15
0.27504504 0.15178689 -0.03481182 0.98583984 36
0.27450785 0.15453322 0.00848241 0.96484375 19
0.25090829 0.14540164 0.04376193 0.97314453 23
0.26549125 0.10425701 0.05424520 0.95166016 12
0.28851050 0.05958170 0.05373333 0.96630859 24
0.30171862 0.05910552 0.01555920 0.94726562 14
0.29980457 0.05885257 -0.02480330 0.97363281 28
0.28989175 0.10416862 -0.07196001 0.97167969 31
0.27133965 0.14753112 -0.08044983 0.96826172 22
0.27923799 0.00680997 -0.14478642 0.99267578 17
0.29369077 0.05453797 -0.11208906 0.97216797 25
0.28336257 0.05248125 -0.14533819 0.97119141 18
0.27215597 0.09792798 -0.14722332 0.97216797 22
0.28353494 0.10013605 -0.11461829 0.96630859 19
0.24241236 0.18413489 -0.08991577 0.98095703 34
0.24673532 0.18799773 -0.04597298 0.99023438 15
0.25041282 0.14083053 -0.15601383 0.96826172 21
0.26266241 0.14265063 -0.12227800 0.96875000 29
0.23305173 0.17948903 -0.13100921 0.99072266 21
0.21873543 0.17692314 -0.16259371 0.99169922 23
0.21078937 0.21779107 -0.05953694 0.97949219 33
0.21013790 0.22028047 -0.10477331 0.97509766 24
0.24724194 0.19258831 -0.00407312 0.96240234 35
0.21188238 0.22275499 -0.01818935 0.98828125 17
0.19602978 0.20749170 0.01800299 0.96728516 21
0.23412573 0.18424353 0.03338639 0.96142578 9
0.28809932 -0.03743065 -0.03293438 0.97705078 33
0.30264834 0.00702320 0.00789471 0.98339844 31
0.29526004 -0.04307385 -0.00161978 0.97021484 13
0.29912364 0.00936173 -0.02796621 0.95947266 16
0.28839114 0.00378141 0.03913992 0.98632812 10
0.27738801 -0.04393484 0.02506138 1.00000000 21
0.27578703 -0.08828235 -0.00853174 0.97900391 27
0.26840767 -0.08100251 -0.03885440 0.97753906 16
0.26353246 -0.08484129 0.01299113 0.97070312 9
0.23767881 -0.11870885 0.00182345 0.97753906 17
0.23801282 -0.11857906 -0.04615049 0.97998047 33
0.24338835 -0.12561060 -0.01266275 0.96386719 10
0.28455481 -0.03562305 -0.07404345 0.98339844 24
0.26320910 -0.07832512 -0.07803825 0.96679688 31
-0.06844570 0.22167848 -0.17109284 0.96923828 19
-0.03957712 0.25583398 -0.19387852 0.97705078 17
-0.04785594 0.23410678 -0.20743988 0.94726562 13
0.23672564 -0.07531975 -0.15437457 0.98046875 24
0.25187907 -0.07777737 -0.12070573 0.96728516 25
0.22176497 -0.11473469 -0.12874956 0.97753906 33
0.29745004 0.00952897 -0.06999947 0.97314453 28
0.27528489 -0.03701535 -0.11607999 0.98291016 30
0.26249936 -0.03614753 -0.14901175 0.96191406 24
0.28986505 0.00732879 -0.11217712 0.96582031 17
0.29978806 0.05792795 -0.06952071 0.98242188 17
0.14797202 -0.16824059 -0.06631895 0.96435547 30
0.09317789 -0.17559744 -0.04496520 0.98388672 34
0.09191906 -0.17675775 -0.07775648 0.96240234 13
0.14936824 -0.15569836 -0.00789383 0.98730469 18
0.14860314 -0.16778953 -0.03482428 0.95996094 13
0.09975484 -0.17623988 -0.00926738 0.97998047 15
0.04845088 -0.15540482 -0.00597495 0.99462891 25
0.03851074 -0.17551996 -0.08580319 0.97460938 31
0.03949483 -0.17627108 -0.04930326 0.97216797 16
0.14314568 -0.16457711 -0.10662143 0.97802734 20
0.08817545 -0.17480467 -0.11762036 0.97363281 23
-0.05173935 -0.13793202 -0.19231097 0.99804688 10
-0.07689935 -0.13574220 -0.19142781 0.94091797 4
-0.06874384 -0.14261436 -0.16483301 0.95556641 16
0.07565825 -0.16694374 -0.15779105 0.95214844 17
0.02350610 -0.16441259 -0.16509537 0.97460938 19
0.06054452 -0.16050033 -0.18878953 0.95556641 20
0.19111001 -0.14268133 -0.09450711 0.98876953 34
0.19525950 -0.14386936 -0.05477298 0.95166016 19
0.13014910 -0.15842205 -0.14748512 0.97656250 25
0.11289760 -0.15284206 -0.18053162 0.98486328 16
0.17875047 -0.14092314 -0.13668154 0.97216797 25
0.16146873 -0.13545917 -0.17022444 0.99218750 24
0.23262930 -0.11511694 -0.08601031 0.96923828 24
0.20214279 -0.15575609 -0.02186308 0.97949219 28
0.19431807 -0.13682118 -0.00109024 0.99462891 8
0.05549410 0.22564296 0.01725544 0.93896484 5
0.04237790 0.21454701 0.03645613 0.97656250 15
0.02303126 0.25443456 0.01034611 0.97998047 70
0.01818713 0.22351438 0.07422457 0.99951172 18
0.00223408 0.19098298 0.11503504 0.97070312 17
0.03757597 0.21018389 0.06045454 0.94580078 15
0.04783522 0.22274564 0.03397372 0.95214844 5
0.02745919 0.02324579 0.15722656 0.91748047 5
0.02246094 0.01220411 0.15726605 0.93994141 3
0.04100342 -0.01114154 0.16683681 0.97949219 17
0.03263830 -0.02287268 0.16308594 0.87597656 2
0.04394531 -0.05814260 0.16477484 0.97265625 4
0.07641745 -0.03853423 0.19232759 0.99707031 48
0.05284842 -0.04890601 0.17108096 0.92431641 7
0.05781516 0.00785452 0.18808942 0.95947266 22
0.04718055 0.04680863 0.17683885 0.97363281 31
0.04844666 -0.20453794 0.06431818 0.99902344 45
0.04991000 -0.18043093 0.00586324 0.97265625 13
0.07029226 -0.20153281 0.02968104 0.95947266 12
0.03802859 -0.16338842 0.01108350 0.97509766 8
0.06992007 -0.16828619 -0.00108700 0.91503906 8
0.08512991 -0.18937594 0.00870664 0.96484375 12
0.02160920 -0.12597656 0.03674887 0.95898438 8
0.02949045 -0.13893870 0.01205986 0.95654297 13
0.02364677 -0.15153490 0.04013683 0.99121094 15
0.01328267 -0.13806345 0.01347871 0.93798828 8
-0.00657231 -0.15802345 -0.02795166 0.98046875 19
0.01699249 -0.15675209 -0.01483020 0.99609375 9
0.03222656 -0.14355469 0.01660156 0.86230469 1
0.03227475 -0.15119664 0.08778488 0.96582031 27
0.02441406 -0.13114052 0.07393762 0.94921875 2
0.05606969 -0.14016348 0.15005997 0.98535156 45
0.04535328 -0.18013327 0.10924537 0.96923828 18
0.03485059 -0.12534502 0.12342696 0.96191406 10
0.03027343 -0.12115419 0.10422358 0.96728516 6
-0.01380127 -0.14786254 -0.06098728 0.95361328 9
0.00612996 -0.15730152 -0.05749477 0.97656250 14
-0.02103369 -0.15339941 -0.09120241 0.97460938 11
0.00118095 -0.15817375 -0.08881006 0.99267578 9
-0.08642987 -0.15134501 -0.08476092 0.98046875 20
-0.12895803 -0.14206690 -0.08121702 0.95996094 14
-0.12399117 -0.14238617 -0.04516654 0.98730469 28
-0.07857982 -0.14209741 -0.00081158 0.95751953 25
-0.08237240 -0.15225498 -0.04771167 0.98486328 14
-0.12562069 -0.13771719 -0.00675540 0.96142578 11
-0.16040759 -0.11949533 -0.00260756 1.00000000 18
-0.16454245 -0.12348031 -0.04322015 0.97412109 13
-0.17154409 -0.12244836 -0.08012793 0.96826172 28
-0.09442537 -0.14926454 -0.12449002 0.98291016 16
-0.13729966 -0.13877836 -0.11862423 0.97802734 23
0.19770688 0.21071616 -0.14254330 0.98925781 27
0.18045709 0.20647748 -0.17244333 0.98046875 18
-0.15025477 -0.12924252 -0.18278529 0.95800781 17
-0.14574972 -0.13383657 -0.15421195 0.97216797 16
-0.19043526 -0.12010131 -0.15107788 0.97314453 25
-0.00407837 -0.15447988 -0.12637557 0.98730469 20
-0.16552724 0.19229926 -0.17872319 0.98046875 19
-0.12084731 0.20688045 -0.18536593 0.95361328 16
-0.16405359 0.20125413 -0.15106408 0.98632812 22
-0.01530612 -0.15301105 -0.16459464 0.97656250 14
-0.02493225 -0.14452262 -0.19282176 0.95507812 11
-0.04158543 -0.14550783 -0.16495621 0.98242188 8
0.03394626 -0.17255068 -0.12589632 0.98046875 18
-0.23940110 -0.03533079 -0.02246205 0.97265625 34
-0.23039664 -0.06737137 -0.07020660 0.97607422 29
-0.25033730 -0.03379416 -0.06600447 0.97607422 16
-0.20516868 -0.06183232 0.01169049 0.98876953 18
-0.22002268 -0.07003695 -0.02742381 0.95117188 18
-0.22712727 0.00620347 0.01349188 0.96484375 19
-0.21620409 -0.02765136 0.01686319 0.94531250 12
-0.25223631 0.00270796 -0.02113679 0.97998047 15
-0.26275021 0.00593847 -0.06519954 0.96972656 32
-0.25802600 -0.02953166 -0.10693181 0.96875000 23
-0.23945978 -0.06391235 -0.11075525 0.99072266 16
-0.27246100 0.01482465 -0.14838365 0.96142578 17
-0.27356860 0.05576650 -0.17952788 0.97119141 12
-0.27209780 0.01432239 -0.17941967 0.97656250 10
-0.26410511 -0.02515855 -0.14688596 0.97070312 16
-0.26274696 -0.02321714 -0.17767556 0.94238281 12
-0.21674296 -0.09658799 -0.11244740 0.98144531 24
-0.20396292 -0.09630027 -0.07585243 0.97753906 16
-0.24631336 -0.05723525 -0.17810373 0.95898438 10
-0.24576201 -0.05985582 -0.14764607 0.98681641 16
-0.22182910 -0.08607577 -0.17752095 0.95361328 12
-0.22156745 -0.09006834 -0.14796722 0.95263672 14
-0.18120365 -0.12137205 -0.11660606 0.97558594 16
-0.19492954 -0.09849890 -0.03535400 0.97900391 30
-0.18322308 -0.09196769 0.00282443 0.98681641 11
-0.15500695 -0.10728905 0.00794470 0.96826172 8
-0.12631840 -0.12410197 0.00501008 0.97900391 12
-0.09001061 -0.13385475 0.00878906 0.96484375 6
-0.10530244 -0.15006898 0.01637731 0.95507812 11
-0.16853546 -0.12753773 0.02078437 0.98388672 22
-0.13632289 -0.14495163 0.01495998 0.97900391 9
-0.23430941 0.08818443 -0.00131343 0.93847656 11
-0.24178642 0.03850169 0.01012208 0.95947266 17
-0.22061914 0.08292427 -0.01331007 0.98730469 21
-0.22588402 0.03950208 0.00290784 0.97363281 10
-0.25114137 0.00143455 0.04198125 0.97949219 18
-0.23879318 0.00115007 0.01946119 0.98925781 6
-0.23965979 0.09558917 0.02496842 0.96728516 27
-0.25292972 0.04539049 0.03680085 0.93066406 9
-0.05922477 -0.15416057 0.02303411 0.98193359 21
-0.03981347 -0.13574217 0.02076950 0.98583984 7
0.00026661 -0.14635246 0.03881856 0.97265625 21
-0.03645555 -0.16878887 0.05334304 0.96679688 16
-0.07578211 -0.16893129 0.06653488 0.95849609 19
-0.09058880 -0.16274604 0.03476041 0.97363281 9
-0.02656127 -0.16478886 0.09556662 0.96826172 21
0.02016706 -0.14343397 0.13895290 0.97558594 36
0.00655665 -0.15659717 0.08569512 0.98681641 13
-0.00900055 -0.15712272 0.13784221 0.97021484 17
-0.05104056 -0.15486303 0.13871156 0.97851562 40
-0.06698646 -0.16234443 0.09914741 0.97070312 13
-0.11737416 0.20012835 -0.01974285 0.93945312 6
-0.13085866 0.19502960 -0.03353275 0.97949219 12
-0.09816848 0.22938785 -0.02633655 0.98046875 40
-0.13884665 0.20602022 -0.04216125 0.96240234 8
-0.16707870 0.16951858 -0.04454510 0.97705078 20
-0.17873952 0.18774799 -0.03758026 0.99365234 12
-0.18053308 0.19464605 -0.01274802 0.98925781 26
-0.12897046 0.20393510 -0.02070293 0.97119141 7
-0.11882366 0.19499555 -0.01459267 0.93408203 3
-0.06124612 0.13508189 0.09482403 0.96435547 25
-0.09346770 0.13783118 0.10744121 0.93701172 10
-0.09822117 0.15418914 0.07504596 0.95703125 14
-0.08466090 0.15742813 0.10180531 0.98339844 7
-0.10752506 0.16925853 0.07957371 0.97900391 20
-0.11948145 0.18629137 0.04431054 0.96240234 17
-0.10058594 0.16619618 0.04470434 0.95556641 4
-0.12068622 0.16713637 0.07641470 0.94921875 9
-0.11692729 0.13926931 0.10699063 0.97460938 18
-0.20960411 -0.06388303 0.01912026 0.98291016 6
-0.18642119 -0.09235654 0.01227048 0.95019531 11
-0.22569227 -0.07726222 0.03581076 0.98095703 20
-0.20171678 -0.10738406 0.02818473 0.97167969 11
-0.24167497 0.09505728 -0.03202454 0.98242188 15
-0.25944868 0.09876079 -0.06849614 0.97900391 34
-0.25502506 0.04943983 -0.02508314 0.97509766 31
-0.26747340 0.05108033 -0.06596508 0.98193359 15
-0.23687238 0.14503549 -0.07536506 0.99072266 19
-0.21871240 0.13777229 -0.04397863 0.96972656 33
-0.19526711 0.12645635 -0.03032867 0.99951172 12
-0.19793265 0.18055764 -0.08473886 0.98828125 31
-0.18440549 0.17784874 -0.05606664 0.98535156 14
-0.23929827 0.14249164 -0.11240515 0.98046875 25
-0.26413959 0.10140734 -0.10950395 0.96142578 18
0.20379947 -0.10955197 -0.16260396 0.97656250 23
-0.23879744 0.13670848 -0.17921092 0.95166016 21
-0.24118052 0.14257476 -0.14969102 0.96435547 19
-0.20591520 0.17578147 -0.15137884 0.98046875 22
-0.27242908 0.05549566 -0.10748664 0.98681641 23
-0.26533866 0.10182909 -0.14942101 1.00000000 21
-0.26126325 0.09732489 -0.17992339 0.96533203 14
-0.27433172 0.05789695 -0.14850546 0.98193359 18
-0.27212888 0.01013268 -0.10748791 0.96679688 16
0.01327358 0.27024063 -0.15515250 0.98144531 27
-0.03542889 0.25976703 -0.15440693 0.97802734 21
0.00523401 0.27835521 -0.11086685 0.96533203 31
0.04374331 0.26151103 -0.10485908 0.98681641 18
0.03377000 0.25784054 -0.05823015 0.97607422 37
-0.00219121 0.28910527 -0.06316220 0.97363281 38
-0.04181751 0.26881090 -0.11410999 0.99169922 26
-0.02685883 0.17729510 -0.30447802 0.98193359 16
-0.07345840 0.15232298 -0.34477669 0.97558594 14
-0.04526248 0.15674658 -0.34596097 0.98242188 18
-0.12576011 0.19932297 -0.20817384 0.98828125 17
-0.13493246 0.18292621 -0.25224862 0.96630859 29
-0.16612449 0.18474190 -0.20360301 0.98437500 27
0.01482898 0.26902011 -0.18572240 0.98486328 14
-0.00037963 0.23939140 -0.19706950 0.97705078 20
-0.16465102 0.21009037 -0.12229277 0.98242188 25
-0.20354261 0.17633609 -0.11874165 0.96191406 16
-0.09776269 0.23174338 -0.06976310 0.94580078 12
-0.10327955 0.22860737 -0.09881786 0.98388672 20
-0.14545591 0.21182431 -0.06557890 0.99023438 27
-0.15599903 0.21257921 -0.09105390 0.97021484 13
-0.02623030 0.17891364 0.13239525 0.94384766 8
-0.01126193 0.21271636 0.11432759 0.96386719 31
-0.01494240 0.24458915 0.08928336 0.97705078 27
-0.03928579 0.22770087 0.16642067 0.98291016 50
-0.03132886 0.19337380 0.15937348 0.94482422 11
-0.04929369 0.16140541 0.15977474 0.95751953 25
-0.05358728 0.03717415 0.15983020 0.97705078 30
0.00571274 0.01088277 0.17578468 0.96777344 24
-0.03743789 0.00776934 0.18056011 0.95703125 16
-0.03226263 0.07664072 0.13814825 0.98974609 18
-0.01778848 0.04250778 0.15312324 0.95361328 10
-0.10268348 0.07147414 0.15284826 0.98876953 31
-0.06436938 0.07400782 0.14434540 0.95166016 14
-0.09946167 0.03114240 0.16632721 0.95019531 19
-0.08854122 -0.00939066 0.18402815 0.98486328 41
-0.04032092 0.16173980 0.11281905 0.96435547 17
-0.05085868 0.17136611 0.11398151 0.95996094 7
-0.02661162 0.13936713 0.10561282 1.00000000 13
0.01307574 0.16554841 0.12523502 0.98730469 40
0.00157106 0.17249803 0.10986773 0.92285156 4
0.15324210 -0.16603291 -0.00438083 0.94970703 12
0.20427814 -0.15810251 0.00021068 0.98974609 22
0.24988803 -0.13575737 0.01061159 0.98193359 12
0.24533388 -0.13977462 0.03798114 0.97802734 33
0.15685552 -0.18948659 0.01908642 0.98242188 26
0.20390518 -0.16883276 0.02876896 0.98486328 17
0.23387283 0.18112364 0.03944126 0.94726562 14
0.20584418 0.22609247 0.04805434 0.98730469 26
0.20168757 0.20986645 0.02339580 0.99316406 10
0.26842448 0.15221041 0.06767093 0.97656250 29
0.24359013 0.19486016 0.05960047 0.96923828 13
0.10907692 -0.15819573 0.00522408 0.98437500 15
0.11091626 -0.17674191 0.01539967 0.98144531 10
-0.20495237 0.16819508 -0.18000171 0.95410156 14
0.07704588 0.25418869 -0.09759697 0.97265625 23
0.07648402 0.25862336 -0.05500482 0.98144531 15
0.16849095 0.24142893 -0.03396671 0.98925781 33
0.16776106 0.23817469 -0.07414157 0.96875000 18
0.12090743 0.25197050 -0.08839338 0.97607422 27
0.12123881 0.25258327 -0.04797619 0.98095703 17
0.11938028 0.24435602 -0.00415075 0.98632812 20
0.15860346 0.22548664 0.00667104 0.96484375 25
0.16310135 0.23369053 -0.11540934 0.99804688 25
0.11638376 0.25028327 -0.13043392 0.98339844 19
-0.19235452 -0.11487576 -0.18008080 0.95800781 15
0.15298551 0.23076512 -0.15388776 0.98291016 21
0.13630064 0.22650066 -0.18101512 0.98046875 16
0.07994363 0.24452040 -0.13753577 0.97460938 15
0.05118373 0.24594994 -0.14304416 0.98291016 21
-0.05389924 -0.02469341 -0.48546600 0.92626953 6
-0.07871727 -0.02723777 -0.49509364 0.92919922 7
-0.05115009 -0.04055528 -0.47672451 0.95458984 9
-0.09755141 -0.04201883 -0.48833701 0.93359375 5
-0.07554384 -0.04272475 -0.48690918 0.92382812 4
-0.10196389 -0.01211219 -0.49902347 0.90429688 4
-0.10058594 -0.02832031 -0.49707031 0.91601562 1
-0.05402409 -0.01074219 -0.48856366 0.98925781 4
-0.08065818 -0.01260905 -0.49827015 0.91113281 4
-0.02680071 -0.02268131 -0.46845022 0.97119141 10
-0.02531803 -0.03807628 -0.46149501 0.95996094 5
-0.02636719 -0.00809844 -0.47167969 0.87988281 2
0.00311662 -0.00348630 -0.45118716 0.95361328 15
0.00384939 -0.02050781 -0.45045486 0.95556641 6
0.00436325 -0.03658824 -0.44587481 0.95166016 9
-0.02348550 -0.05059870 -0.45070314 0.95507812 10
-0.04781517 -0.05293452 -0.46191406 0.94335938 4
0.00260085 -0.04998891 -0.43778434 0.93847656 4
0.00149865 -0.05957031 -0.43177989 0.96044922 5
-0.04158162 -0.06256767 -0.44301099 0.98437500 7
-0.01660156 -0.06152344 -0.43691045 0.96582031 2
-0.07124786 -0.05621902 -0.47146806 0.96728516 10
-0.06552827 -0.06593428 -0.45003146 0.97656250 5
-0.08534550 -0.06975374 -0.45461610 0.96582031 8
-0.09265372 -0.05761719 -0.47468674 0.93750000 3
-0.11230469 -0.04300895 -0.48730469 0.93261719 2
-0.12306162 -0.04266343 -0.48394680 0.89160156 5
-0.12792969 -0.01186848 -0.49511716 0.91162109 2
-0.11601066 -0.02750957 -0.49503508 0.92529297 4
-0.10726385 -0.05862181 -0.47367206 0.91601562 8
-0.11816406 -0.05793619 -0.47011307 0.94824219 3
-0.10058594 -0.07128906 -0.45422727 0.94091797 3
-0.11252746 -0.07120480 -0.45253286 0.95507812 5
-0.16019052 -0.04330725 -0.46386722 0.92871094 3
-0.15497181 -0.05651656 -0.45418569 0.93701172 7
-0.14548196 -0.04307788 -0.47463804 0.96044922 6
-0.13698342 -0.07032239 -0.44624314 0.93750000 7
-0.14160156 -0.05761719 -0.46374050 0.97851562 2
-0.15136719 -0.06835490 -0.44048119 0.92919922 3
-0.16894531 -0.05761719 -0.44123581 0.94677734 2
-0.17453089 -0.04324709 -0.44739899 0.97949219 9
-0.16365314 -0.02757089 -0.47001454 0.92773438 8
-0.14941408 -0.02792930 -0.48328182 0.97119141 3
-0.17871092 -0.02786438 -0.45263097 0.93310547 3
-0.18060713 -0.01269531 -0.45324036 0.97070312 4
-0.15100645 -0.01215319 -0.48442778 0.94140625 5
-0.16581438 -0.01269531 -0.47142813 0.94189453 3
-0.11740360 0.00192223 -0.49502379 0.90527344 5
-0.12792969 0.00097656 -0.49216902 0.89257812 2
-0.10103226 0.01066524 -0.48646072 0.95117188 6
-0.11621094 0.00878906 -0.48339844 0.93603516 1
-0.10253907 0.00183258 -0.49707031 0.93554688 2
-0.11816406 -0.01269531 -0.49902344 0.85644531 1
-0.14991154 0.00724171 -0.46885714 0.91943359 6
-0.16363250 0.00801691 -0.45783722 0.89013672 4
-0.16583334 0.00054800 -0.46809283 0.93212891 7
-0.15136719 0.00097656 -0.48131889 1.00000000 2
-0.18097720 -0.00097656 -0.45003447 0.93164062 4
-0.17822151 0.01153577 -0.44202313 0.93554688 8
-0.14746943 0.02202316 -0.45547044 0.92919922 4
-0.16096987 0.02287123 -0.44645894 0.96923828 5
-0.17285156 0.02636719 -0.43345702 0.94335938 2
-0.16851747 0.03887634 -0.42685801 0.92089844 5
-0.15917970 0.04182466 -0.43453258 0.99121094 3
-0.12792969 0.00755892 -0.47949222 0.96435547 2
-0.11277054 0.02480604 -0.46888170 0.96240234 8
-0.12067199 0.04514294 -0.44792601 0.92333984 8
-0.12450739 0.02246094 -0.46403828 0.90576172 3
-0.08888339 0.05183627 -0.45904833 0.98828125 11
-0.10816140 0.04746501 -0.45324492 0.96582031 6
-0.09500282 0.02894576 -0.47467163 0.96142578 5
-0.07717416 0.01350334 -0.48633701 0.96386719 5
-0.07991721 0.00161282 -0.49511713 0.93798828 5
-0.05054953 0.01577451 -0.47879666 0.95556641 9
-0.05343088 0.00097656 -0.48632815 0.97070312 4
-0.04654993 0.03580330 -0.46738759 0.95898438 4
-0.07189971 0.03167434 -0.47448519 0.98681641 12
-0.04007328 0.05751959 -0.45134613 0.98486328 11
-0.06553861 0.05468418 -0.45709339 0.97802734 6
-0.02259190 0.04004868 -0.45532706 0.98388672 12
-0.02437330 0.02136765 -0.46495679 0.90966797 6
-0.01693388 0.05945754 -0.44190341 0.99658203 4
-0.00046424 0.02839210 -0.44136491 0.98046875 12
-0.00227905 0.04538789 -0.43465051 0.90869141 5
-0.02593051 0.00478436 -0.47007564 0.94384766 7
0.00130470 0.01179611 -0.44805628 0.92529297 9
0.03694513 -0.09881123 0.23487926 0.96435547 10
0.00226831 -0.11363428 0.22901553 0.96533203 29
0.05741154 -0.12864548 0.25468603 0.99414062 29
0.05767894 -0.18072884 0.28840134 0.95947266 25
0.02749698 -0.14483713 0.25117090 0.95458984 18
0.10543925 -0.15539999 0.26006526 0.97070312 17
0.08486913 -0.16119733 0.28468773 0.98876953 15
0.07776296 -0.12200835 0.23471560 0.95849609 14
0.06279423 -0.08917565 0.22096306 0.97119141 13
-0.22602539 -0.03342564 0.02259837 0.97070312 14
-0.24478792 -0.04136017 0.04151127 0.96093750 10
-0.10675759 0.18855281 0.01002804 0.97607422 11
-0.11035156 0.19963831 0.02868635 0.94824219 10
-0.11537061 0.19201639 0.00524420 0.92138672 5
0.04624746 -0.03564710 0.19014587 0.96337891 7
0.03545513 -0.01600266 0.18492375 0.96142578 6
0.03308948 -0.02737924 0.17093144 0.99804688 8
0.04320462 -0.06438325 0.17290558 0.96093750 6
0.04537294 -0.04841365 0.18207619 0.90087891 5
0.03222656 -0.01855469 0.16113281 0.87304688 1
0.01570928 0.01050734 0.16193396 0.92968750 5
0.26093569 0.09937374 0.05880580 0.97216797 13
0.27595076 0.05606893 0.05893606 0.95214844 10
0.25155899 0.14229095 0.04980469 0.96142578 6
0.28624949 0.10513180 0.07580583 0.94970703 16
0.29456869 0.05590867 0.07801788 0.96582031 28
0.03262997 0.05863033 0.15821347 0.93017578 6
0.01613160 0.08147532 0.16126473 0.98291016 31
0.02082924 0.04379956 0.15534247 0.95458984 5
0.02050781 0.01660156 0.15722656 0.86621094 1
0.01269531 0.04557864 0.15361074 0.91552734 3
0.11724982 0.22949219 -0.00037145 0.90722656 4
0.11887202 0.24498968 0.01991864 0.95556641 16
0.16290845 0.24262445 0.03491215 0.96630859 12
0.08271025 0.22810532 0.00180098 0.96337891 15
0.07684986 0.26007104 -0.01286907 0.98095703 22
0.06152344 0.22621794 0.01666673 0.96875000 3
0.08118815 0.23622014 0.00895779 0.96679688 5
0.27871746 -0.09594249 0.02002062 0.96093750 18
0.30121329 -0.05638602 0.05675432 0.95898438 28
0.29199216 -0.04673928 0.02680142 0.96484375 7
0.27917114 -0.10260447 0.04618073 0.98437500 14
0.01791104 0.18246384 0.09081217 0.95556641 5
0.02246094 0.19628906 0.07769873 0.94042969 2
0.03118514 0.18932514 0.08905394 0.96484375 8
0.29787931 0.00304170 0.04449043 0.94726562 17
0.30533797 -0.00001221 0.07011432 0.96191406 17
0.05743379 -0.08000758 0.16714190 0.96142578 9
0.04603276 -0.09469409 0.15982710 0.88867188 4
0.07102193 -0.09062685 0.16934384 0.97753906 9
-0.00765634 0.07914258 0.14174764 0.95800781 7
0.00251892 0.04511761 0.15077323 0.96826172 11
-0.01898445 0.11418369 0.12950851 0.96386719 26
-0.04853753 0.10996069 0.12367699 0.94775391 12
0.00411096 0.12355085 0.14937705 0.96337891 14
-0.07802489 0.10801883 0.12699829 0.96240234 22
-0.10830785 0.10710694 0.13217406 0.97216797 11
-0.21085951 0.14006539 -0.02019818 0.98095703 26
-0.21085487 0.14624366 0.00592714 0.94238281 12
-0.09450883 0.09942931 -0.40753397 0.95947266 6
-0.11024116 0.09679852 -0.40325224 0.99072266 10
-0.08611874 0.12563388 -0.37854740 0.97705078 14
-0.09789824 0.14620607 -0.33919650 0.96386719 16
-0.05847903 0.17668957 -0.30659440 0.97021484 18
-0.00318570 0.19839752 -0.26055157 0.97070312 19
0.02384572 0.21070470 -0.21815014 0.98974609 16
-0.03853564 0.19655891 -0.26274997 0.97167969 22
-0.06268114 0.13083929 -0.38136742 0.98437500 14
-0.07310005 0.10323554 -0.41137090 0.99658203 19
-0.11588592 0.06980556 -0.42736271 0.90332031 4
-0.10102920 0.07276163 -0.43084681 0.95166016 14
-0.08203792 0.07654428 -0.43614510 0.94238281 8
-0.14175056 0.08925233 -0.39566615 0.98388672 12
-0.16025250 0.07963845 -0.39214218 0.95556641 8
-0.15937684 0.06023413 -0.41644254 0.96142578 9
-0.14568785 0.04274060 -0.44080302 0.97021484 7
-0.14354913 0.06499676 -0.42000839 0.96533203 6
-0.17285155 0.05032859 -0.41242278 0.93994141 4
-0.18086520 0.06940320 -0.39266407 0.97119141 14
-0.14060707 0.11373706 -0.36726063 0.95703125 9
-0.16212052 0.10184522 -0.36358175 0.97412109 20
-0.19171007 0.10836202 -0.33067569 0.98730469 26
-0.18459985 0.08638049 -0.36259392 0.95605469 9
-0.13850568 0.13609533 -0.33265150 0.96093750 18
-0.16381140 0.12410154 -0.33045852 0.94824219 12
-0.07404308 0.19270448 -0.25996196 0.96826172 19
-0.10472358 0.18977806 -0.25688866 0.96630859 14
-0.05709000 0.21245506 -0.21705365 0.96386719 17
-0.01394127 0.15527692 -0.33998254 0.98437500 23
0.02136041 0.14700368 -0.32772952 0.97607422 25
0.04021999 0.17216082 -0.29001272 0.96337891 20
-0.01269265 0.21570133 -0.21901971 0.97167969 19
-0.16509359 0.16503379 -0.24795154 0.96826172 17
-0.16515590 0.14591940 -0.29166871 0.99169922 31
-0.13631323 0.15835826 -0.29387179 0.97851562 12
-0.19452639 0.12524652 -0.29094818 0.95019531 14
-0.19851036 0.14326876 -0.24817677 0.98242188 37
-0.08844695 0.17030224 -0.30127069 0.98828125 18
0.01031966 -0.15912290 -0.19538040 0.95703125 11
-0.10393094 0.12200966 -0.37317050 0.99023438 10
-0.03050184 0.13338132 -0.38002026 0.98388672 26
0.05129488 0.22138715 -0.21443456 0.99365234 12
0.08968207 0.23773043 -0.19098072 0.95849609 11
0.07845146 0.22874589 -0.21385139 0.96484375 12
0.12378107 0.22099544 -0.20557941 0.97363281 34
0.10378588 0.20643204 -0.25197881 0.95117188 21
0.06173316 0.20094173 -0.25163785 0.99169922 27
0.16765560 0.20246221 -0.19705859 0.97460938 17
0.14192639 0.18709192 -0.24271663 0.97802734 47
0.07809838 0.18185385 -0.29505560 0.97802734 37
0.11513247 0.16634108 -0.28830031 0.96923828 22
0.08555122 0.14047784 -0.32775784 0.99511719 32
0.05140806 0.14960378 -0.32971075 0.95996094 16
-0.01445801 0.10569963 -0.40294757 0.97753906 21
-0.00010815 0.12777200 -0.36747786 0.94726562 13
-0.04500785 0.10552209 -0.40882877 0.95410156 10
0.02951319 0.19802152 -0.25331834 0.95800781 15
0.02635145 0.11764000 -0.35612902 0.97656250 24
0.00934533 0.09772455 -0.39207378 0.96826172 10
0.03062865 0.08883562 -0.38683268 0.98632812 19
0.05585357 0.11263714 -0.35900909 0.97998047 11
-0.02932904 0.08122777 -0.42976937 0.93115234 8
-0.00535290 0.07897022 -0.42161191 0.98925781 13
0.00850867 0.06916000 -0.41026241 0.96484375 4
-0.00354499 0.05824629 -0.43009686 0.94189453 5
-0.05643189 0.08103894 -0.43664706 0.95947266 18
-0.21937498 -0.02537542 -0.37247443 0.94726562 11
-0.20684122 -0.02663733 -0.40345484 0.98925781 6
-0.19994512 -0.04609820 -0.40093601 0.98144531 13
-0.22249761 -0.04882796 -0.33510166 0.97851562 20
-0.21182939 -0.04797648 -0.37086147 0.96240234 9
-0.23442297 0.00213031 -0.33642176 0.96630859 16
-0.23119125 -0.02380776 -0.33664998 0.94531250 7
-0.22241923 -0.00292969 -0.37244236 0.96923828 4
-0.20950003 -0.00769139 -0.40439764 0.93945312 9
-0.18780793 -0.04451043 -0.42664561 0.94091797 4
-0.19344379 -0.02760314 -0.43017095 0.98632812 10
-0.19585724 -0.01074219 -0.43128008 0.95703125 5
-0.18865265 -0.06408069 -0.39811662 0.94433594 7
-0.17921489 -0.05990752 -0.42189395 0.94677734 9
-0.16227826 -0.06542969 -0.43451303 0.91503906 3
-0.16711774 -0.07128906 -0.42021289 0.95849609 3
-0.17254628 -0.07801928 -0.39706564 0.98193359 13
-0.19825846 -0.06853660 -0.36839396 0.96630859 17
-0.18423751 -0.09091344 -0.33358091 0.96582031 19
-0.17888857 -0.08496093 -0.36844108 0.97509766 6
-0.20727040 -0.07241847 -0.33445480 0.99072266 9
-0.24037416 -0.05135645 -0.25051954 0.99365234 25
-0.24258490 -0.02179152 -0.29621005 0.97265625 27
-0.23239936 -0.04957966 -0.29523897 0.98144531 11
-0.25822031 0.01128003 -0.25198165 0.97265625 28
-0.25259545 -0.02106900 -0.25151274 0.96728516 13
-0.24881956 0.00713650 -0.29803202 0.97705078 9
-0.21522316 -0.07544450 -0.29441974 0.97558594 25
-0.22031777 -0.07828691 -0.24970378 0.96630859 14
-0.19334956 -0.10402863 -0.25043973 0.99072266 30
-0.18963988 -0.09756690 -0.29419383 0.97363281 14
-0.24554610 -0.05429167 -0.20348097 0.94042969 11
-0.22246321 -0.08236603 -0.20349708 0.97070312 27
-0.26045641 -0.02153281 -0.20416851 0.96093750 23
-0.27042452 0.01436850 -0.20477721 0.99121094 11
-0.25619563 0.04538628 -0.25147167 0.95898438 16
-0.24656403 0.08112797 -0.25032905 0.98974609 34
-0.24503812 0.03652149 -0.29633820 0.97998047 25
-0.22403651 0.05437070 -0.33251458 0.98388672 23
-0.23609945 0.06843488 -0.29464120 0.95117188 13
-0.23217073 0.02717605 -0.33524254 0.95751953 9
-0.27216050 0.05398545 -0.20629889 0.96972656 22
-0.25663862 0.09301869 -0.20483330 0.98486328 14
-0.22709432 0.11523006 -0.24972437 0.95556641 20
-0.23527715 0.13053058 -0.20483051 0.97363281 32
-0.20315817 0.16115618 -0.20379479 0.95410156 16
-0.22078644 0.10069815 -0.29342213 0.97998047 31
-0.20945668 0.08174625 -0.33068237 0.96191406 11
-0.20304823 0.02950609 -0.39715233 0.96533203 11
-0.21321191 0.04129968 -0.36738259 0.95898438 10
-0.22073534 0.01775184 -0.37061989 0.96044922 14
-0.20749357 0.00912522 -0.40167144 0.95703125 6
-0.19288671 0.04954970 -0.39307746 0.94677734 6
-0.20100431 0.06481077 -0.36403966 0.98193359 19
-0.18412393 0.03626557 -0.41593751 0.98339844 10
-0.19180739 0.01923798 -0.42315310 0.92041016 4
-0.19461015 0.00237439 -0.42716157 0.93310547 10
-0.01155485 -0.08663955 -0.39992863 0.96826172 13
-0.02625996 -0.10052360 -0.37419334 0.97753906 18
-0.04255060 -0.08448098 -0.40086469 0.93457031 7
0.00885004 -0.10102786 -0.37308258 0.93505859 11
0.02965508 -0.11284939 -0.33883709 0.96777344 26
-0.04347368 -0.10872113 -0.34205231 0.98486328 19
-0.01037134 -0.11558728 -0.34244391 0.99755859 12
-0.05580869 -0.09564276 -0.37435073 0.98876953 8
-0.06719237 -0.08529735 -0.40280369 0.97802734 10
-0.05560985 -0.07390913 -0.42540193 0.96923828 8
-0.02938628 -0.07202622 -0.42143786 0.95312500 5
-0.07714844 -0.07757910 -0.42923313 0.93603516 3
-0.00207432 -0.07185830 -0.41932121 0.95312500 10
0.01907517 -0.08300781 -0.39834857 0.94384766 6
0.04252084 -0.07135069 -0.39505136 0.98730469 16
0.01909411 -0.06542969 -0.41866332 0.98242188 5
0.04231993 -0.09230646 -0.36888641 0.97460938 24
0.09599009 -0.08206340 -0.32860366 0.98583984 31
0.06854276 -0.07683401 -0.36533827 0.97119141 11
0.06599394 -0.09979977 -0.33320484 0.95849609 13
0.07538499 -0.13489982 -0.25432202 0.99414062 41
0.05123284 -0.12157880 -0.29835641 0.97119141 17
0.00781827 -0.13092041 -0.30483860 0.98681641 26
-0.01540675 -0.13837349 -0.26405528 0.96044922 28
0.02763801 -0.14468980 -0.26238397 0.97949219 17
-0.03035840 -0.12235130 -0.30532613 0.97363281 13
0.11812895 -0.11731073 -0.24602078 0.97802734 22
0.09077419 -0.10719270 -0.29151842 0.97753906 36
0.15627682 -0.09521991 -0.23949873 0.98437500 48
0.12605113 -0.08833884 -0.28675932 0.97167969 18
0.14620484 -0.12981890 -0.19869302 0.97607422 36
0.09985476 -0.14802763 -0.20690477 0.97656250 17
0.04749391 -0.15453564 -0.21571289 0.96777344 31
-0.00033040 -0.15486071 -0.22045751 0.96533203 12
-0.04537784 -0.12368616 -0.26136672 0.95947266 12
-0.05792918 -0.11298136 -0.30293879 0.96337891 18
-0.07039645 -0.12201028 -0.25806111 0.96337891 17
-0.07939956 -0.10871276 -0.29918730 0.96777344 6
-0.08713351 -0.10129704 -0.33687916 0.98144531 13
-0.06769467 -0.10099158 -0.33917534 0.94433594 7
-0.05910615 -0.13003606 -0.21438001 0.97851562 5
-0.03311171 -0.13601014 -0.21757814 0.95996094 18
0.00464549 0.17592826 -0.29619420 0.97509766 25
-0.11963978 -0.11872809 -0.25461078 0.96142578 22
-0.15531965 -0.11583485 -0.25359204 0.97656250 15
-0.15286347 -0.12498380 -0.20763019 0.96679688 23
-0.19364275 -0.10993186 -0.20435765 0.98242188 13
-0.12417952 -0.10901239 -0.29606101 0.97705078 10
-0.15590595 -0.10925563 -0.29578325 0.97900391 26
-0.12692297 -0.10304179 -0.33412796 0.94091797 13
-0.15545030 -0.10226019 -0.33524415 0.99072266 9
-0.07669327 -0.09495808 -0.37363449 0.99609375 7
-0.10028946 -0.08886717 -0.40209967 0.95654297 6
-0.09392232 -0.09472657 -0.37218896 0.91796875 4
-0.08522722 -0.08788393 -0.40322551 0.91748047 5
-0.13115399 -0.09025745 -0.39984772 0.94384766 9
-0.15361223 -0.09478500 -0.36914125 0.96679688 18
-0.15161732 -0.08713818 -0.39834851 0.92333984 5
-0.12907033 -0.09667968 -0.36942056 0.91552734 4
-0.15017655 -0.07784016 -0.42162448 0.94384766 7
-0.13378906 -0.08105469 -0.42568126 0.92675781 2
-0.09358519 -0.08032377 -0.43032819 0.92431641 6
-0.10644532 -0.08105469 -0.42898446 0.97998047 2
0.06035944 0.05616243 -0.39333460 0.98388672 21
0.10283562 0.04755341 -0.36300543 0.97753906 26
0.06722213 0.03392550 -0.39684361 0.98388672 10
0.12827712 0.09384497 -0.32342428 0.96093750 37
0.09540758 0.07500262 -0.36456805 0.96142578 15
0.14614403 0.03076085 -0.32354355 0.98291016 34
0.14009929 0.06262611 -0.32337981 0.95751953 17
0.10557196 0.02056399 -0.36311579 0.99365234 15
0.07013033 0.01168652 -0.39774770 0.95556641 17
0.02843003 0.04067234 -0.41994214 0.97802734 8
0.03454561 0.02208115 -0.42632738 0.95898438 16
0.03663233 0.00317991 -0.42929775 0.94628906 7
0.04785737 0.07490000 -0.38915640 0.99267578 10
0.02156001 0.05759066 -0.41449496 0.95214844 14
0.07913271 0.09746302 -0.36126158 0.97119141 26
0.11136343 0.12134539 -0.32649845 0.98779297 17
0.20618705 0.13012251 -0.23285061 0.98388672 53
0.16915299 0.11418900 -0.28113237 0.97998047 24
0.18568771 0.07729999 -0.27719086 0.99218750 49
0.22838397 0.09013204 -0.22881244 0.99121094 26
0.23845516 0.04679874 -0.22639675 0.97558594 48
0.19470753 0.03937233 -0.27694482 0.95996094 25
0.17992118 0.16521437 -0.24001257 0.96142578 24
0.14623846 0.14413159 -0.28421271 0.98828125 45
0.20570615 0.17447622 -0.18981975 0.98339844 39
0.23890346 0.13979624 -0.18320584 0.98193359 18
0.25927922 0.09622205 -0.17660031 0.98144531 40
0.27246284 0.05123776 -0.17350025 0.97363281 17
0.23327507 0.00494915 -0.22692171 0.98437500 27
0.19073166 0.00255377 -0.27810180 0.97998047 44
0.21579161 -0.03327646 -0.23017943 0.97851562 49
0.17461002 -0.03142589 -0.27929693 0.97607422 22
0.13364178 -0.03105569 -0.32384491 0.96972656 34
0.14394155 -0.00117489 -0.32390165 0.97656250 16
0.24884310 -0.03522933 -0.17708738 0.96679688 21
0.26663131 0.00612346 -0.17429210 0.98339844 39
0.22152771 -0.07253300 -0.18337798 0.98095703 41
0.18952706 -0.06729914 -0.23458761 0.97656250 25
0.18775216 -0.10416092 -0.18972939 0.96484375 19
0.15360288 -0.06214887 -0.28237164 0.97851562 42
0.11838438 -0.05878182 -0.32612580 0.97363281 15
0.06592367 -0.03347569 -0.39548364 0.96093750 18
0.09804986 -0.03217164 -0.36254525 0.98632812 12
0.10487647 -0.00621096 -0.36300138 0.97412109 26
0.06947253 -0.01117727 -0.39637998 0.94482422 8
0.05707255 -0.05368279 -0.39409548 0.95800781 8
0.08691839 -0.05643535 -0.36304808 0.97656250 23
0.02986617 -0.05178969 -0.41953349 0.95800781 12
0.03488800 -0.03483143 -0.42367956 0.93896484 8
0.03714462 -0.01593699 -0.42671466 0.95947266 12
0.26317459 0.15329109 0.10008584 0.97802734 16
0.24696308 0.14642622 0.12466753 0.97460938 29
0.27786434 0.10029995 0.10790772 0.98535156 28
0.27358750 0.05085761 0.13530454 0.99658203 30
0.25961185 0.09084905 0.12715670 0.97119141 14
0.28987601 0.05585976 0.10852454 0.98876953 14
0.22052889 0.18545203 0.11038414 0.96289062 14
0.23461168 0.19367488 0.08741008 0.96777344 28
0.18717961 0.21272123 0.09442469 0.97509766 23
0.19730814 0.22122559 0.07210243 0.95898438 10
0.20026176 0.17028101 0.12636508 0.98291016 22
0.22224429 0.13292068 0.14097573 0.96533203 15
0.17249702 0.19599637 0.11151106 0.98681641 8
0.16078708 0.18047898 0.12341406 0.98681641 14
0.17435715 0.15843116 0.13885550 0.98974609 10
0.18861666 0.11937502 0.14960437 0.98046875 25
0.23567882 0.08218551 0.14435960 0.98681641 29
0.20866421 0.03609098 0.16600083 0.98632812 29
0.20280603 0.07726848 0.15950598 0.95996094 16
0.24611352 0.04258072 0.15574217 0.93652344 16
0.27120855 -0.05748134 0.12907438 0.99707031 36
0.27952933 -0.00564225 0.13560949 0.97753906 17
0.29575065 -0.00246053 0.10248865 0.98388672 32
0.29055735 -0.05684100 0.09328836 0.96142578 21
0.24790972 -0.01082246 0.15670571 0.97216797 30
0.24195717 -0.05946712 0.15311311 0.96630859 16
0.21071194 -0.01402613 0.16985731 0.98144531 19
0.20473287 -0.06110028 0.16471171 0.99023438 27
0.25104427 -0.10159895 0.11934613 0.97802734 18
0.22282660 -0.10164148 0.14534986 0.97119141 28
0.18248363 -0.12095040 0.14863050 0.98144531 11
0.19225124 -0.09768469 0.15567492 0.94824219 9
0.22102089 -0.13822517 0.11021101 0.98437500 36
0.20024216 -0.13073488 0.13587193 0.96972656 10
0.26826471 -0.10305684 0.08263214 0.98095703 39
0.23503828 -0.14073305 0.07347709 0.98681641 18
0.14811470 -0.18771303 0.05361378 0.97412109 15
0.13732190 -0.19403605 0.09541500 0.99609375 46
0.10465282 -0.19469005 0.04321206 0.97509766 25
0.09550050 -0.21227615 0.07688430 0.98632812 20
0.19377914 -0.16906665 0.06425042 0.97363281 33
0.18114358 -0.16552383 0.10194688 0.96728516 18
0.16640137 -0.15168829 0.13091959 0.97509766 29
0.13936199 -0.17891651 0.13490555 0.95556641 17
0.15666416 -0.13175973 0.15213537 0.96093750 10
0.12553926 -0.15392406 0.16297276 0.98974609 33
0.13129318 -0.22466391 0.15465511 0.96582031 33
0.12407013 -0.23811290 0.12362733 0.96386719 18
0.10812251 -0.25913352 0.20680077 0.98974609 19
0.11565606 -0.20910606 0.18100119 0.96533203 18
0.12070704 -0.28615269 0.14911063 0.96191406 20
0.12704901 -0.27352411 0.18031815 0.98193359 14
0.10909244 0.22844376 0.07060523 0.96777344 21
0.07185569 0.22497110 0.06638957 0.96582031 13
0.07698586 0.24151900 0.03638178 0.98681641 18
0.11612544 0.24028063 0.04677028 0.99267578 11
0.06479594 0.20405714 0.09308658 0.98486328 24
0.10293666 0.21155839 0.09552551 0.95458984 12
0.10221808 0.19671154 0.13511036 0.98486328 40
0.05762469 0.19514115 0.12772685 0.97607422 19
0.13918620 0.21142045 0.10240632 0.99169922 21
0.14785042 0.22763044 0.08049264 0.95068359 10
0.13612060 0.18736209 0.12385923 0.93652344 11
0.15688646 0.23879856 0.05844726 0.95410156 17
0.12522167 0.05845033 0.31328729 0.97949219 46
0.16083460 0.08519324 0.38327914 0.99462891 39
0.13576236 0.09821854 0.37748650 0.98095703 22
0.17941549 0.05062744 0.31577814 0.98876953 47
0.15043166 0.04437546 0.32076705 0.96240234 22
0.18952820 0.12619630 0.43259987 0.98828125 22
0.18952109 0.09186137 0.37755135 0.99511719 22
0.16051954 0.11674923 0.44155142 0.97705078 12
0.13384348 0.13042487 0.43381891 0.97753906 23
0.13621522 -0.04800615 0.19108081 0.97607422 43
0.12819314 -0.10474809 0.17171600 0.98144531 14
0.09737626 -0.10045309 0.17268160 0.96826172 28
0.10764423 -0.05323716 0.19980961 0.97412109 19
0.09010111 -0.14833266 0.16749248 0.96240234 16
0.16526817 -0.05992612 0.17153254 0.97998047 14
0.15877344 -0.10088810 0.16515784 0.97021484 22
0.14416662 0.00523482 0.19013342 0.96386719 20
0.16956332 -0.01089341 0.17246346 0.97607422 34
0.13040677 0.05197455 0.18239732 0.98828125 37
0.16894303 0.03761836 0.17150623 0.97412109 14
0.11257716 0.10795529 0.17620507 0.97363281 41
0.11820706 0.07565130 0.17089844 0.97167969 10
0.07174814 0.06818070 0.16332477 0.99072266 20
0.06589261 0.08761117 0.17580274 0.94677734 14
0.08837053 0.06487548 0.18098702 0.95996094 13
0.15238222 0.11305670 0.15851785 0.96044922 15
0.16158813 0.07767422 0.16604848 0.98437500 26
0.11651385 0.15592059 0.16162078 0.97753906 16
0.14296985 0.15224871 0.14379326 0.96582031 28
0.06552510 0.10086825 0.21045110 0.98144531 32
0.02546812 0.10398067 0.20088258 0.94824219 16
0.10071944 0.12328783 0.21398801 0.96289062 18
0.09148256 0.13281423 0.25960019 0.98144531 37
0.06003708 0.11113435 0.25094849 0.97460938 15
0.02500702 0.11665743 0.23746662 0.98291016 24
-0.11912746 -0.15810385 0.07154766 0.96337891 12
-0.11175570 -0.15249270 0.09927025 0.98876953 25
-0.10863557 -0.14136982 0.12363192 0.94531250 11
-0.14255153 -0.13411167 0.12013157 0.97070312 12
-0.16264179 -0.14169736 0.07691610 0.98535156 21
-0.15304208 -0.13800246 0.10188617 0.94433594 8
-0.13136810 -0.15818939 0.04474388 0.96582031 19
-0.17024910 -0.13897310 0.05091094 0.95068359 9
-0.24297231 0.00568100 0.17516723 0.97558594 12
-0.26341271 0.00270279 0.15407977 0.91162109 6
-0.27228817 0.01199921 0.17456642 0.99951172 15
-0.24956869 0.01701548 0.19689909 0.96142578 11
-0.26596153 0.02608105 0.23231542 0.94091797 14
-0.28807074 0.02317411 0.20279691 0.96630859 10
-0.30042022 0.03840442 0.17188451 1.00000000 13
-0.27405605 0.00850914 0.12608203 0.95849609 13
-0.28317022 0.02445632 0.14440797 0.95898438 7
-0.19812664 -0.11943576 0.08407670 0.95068359 11
-0.20379980 -0.11601856 0.05686036 0.96533203 22
-0.23393139 -0.09398029 0.09640322 0.96728516 32
-0.23021843 -0.08490474 0.06427030 0.96337891 11
-0.18527327 -0.12123373 0.11170175 0.96484375 20
-0.21315205 -0.10561860 0.12881537 0.96093750 9
-0.16068046 -0.12274577 0.13377801 0.98730469 12
-0.18832177 -0.09903856 0.15594915 0.98730469 30
-0.24867825 -0.04483276 0.06748025 0.97851562 18
-0.25226340 -0.03583774 0.09264363 0.97216797 6
-0.24808735 -0.05601741 0.09421587 0.99462891 9
-0.25182909 -0.02175515 0.08117962 0.94726562 5
-0.25292969 -0.00203293 0.07324219 0.95800781 4
-0.25292969 0.00003036 0.06152344 0.90478516 2
-0.21006286 0.13766414 0.06240074 0.96875000 18
-0.19167559 0.12076652 0.09283575 0.96630859 32
-0.23940295 0.09364594 0.08649221 0.97363281 35
-0.18744320 0.07220935 0.14628892 0.97216797 39
-0.21430041 0.08926029 0.11785043 0.97314453 15
-0.15893492 0.13354485 0.10180770 0.97167969 16
-0.16782601 0.10747143 0.11857673 0.95605469 11
-0.17001641 0.15209380 0.07777266 0.93701172 10
-0.18326718 0.17647229 0.04667055 0.97119141 27
-0.21363901 0.14596175 0.03184322 0.98339844 25
-0.23969771 0.09577952 0.05136197 0.96191406 14
-0.18219538 0.18794583 0.01531825 0.97656250 13
-0.14298251 0.20836000 0.00914313 0.99609375 20
-0.14895903 0.18794243 0.04168244 0.97851562 11
-0.14548855 0.16284291 0.07265268 0.99023438 21
-0.13996461 0.13757648 0.10567654 0.94824219 8
-0.22380282 0.04131576 0.19199991 0.96728516 32
-0.19067800 0.04033213 0.16470458 0.99023438 9
-0.24119557 0.09122880 0.21799044 1.00000000 20
-0.22158569 0.07478717 0.17930907 0.95947266 14
-0.24210081 0.05563258 0.23704664 0.95556641 13
-0.19843718 0.02179281 0.16421348 0.93896484 10
-0.21870181 0.01472975 0.17263415 0.92675781 6
-0.00114147 -0.15955876 0.21074115 0.99218750 53
-0.05544302 -0.14194450 0.15842341 0.96777344 13
0.05180915 -0.22227663 0.24295099 0.95751953 24
0.00339621 -0.18094595 0.19232148 0.98681641 19
0.04729983 -0.20429124 0.26867399 1.00000000 19
-0.02845175 -0.12416457 0.19493289 0.99902344 16
-0.05551058 -0.12592426 0.16517419 0.98535156 20
-0.14348371 0.06797697 0.15007746 0.97705078 12
-0.13913485 0.10497028 0.13047783 0.96630859 22
-0.11527373 -0.12707479 0.14549503 0.98144531 26
-0.11279554 -0.09739252 0.16406301 0.96875000 19
-0.08573230 -0.11273284 0.16018680 0.96972656 12
-0.14275546 -0.09635429 0.15672426 0.94628906 13
-0.19784072 0.07368824 0.26945409 0.97216797 14
-0.21498434 0.08416452 0.24725094 0.93457031 10
-0.20335843 0.08293396 0.27173939 0.96923828 9
-0.26208609 0.11005258 0.18660441 0.96044922 13
-0.25561994 0.07982796 0.20923690 0.96972656 12
-0.26719284 0.09012863 0.18788254 0.97167969 9
-0.24167430 -0.10304052 0.15619944 0.97607422 23
-0.22560215 -0.09384385 0.18353789 0.96289062 16
-0.25355086 -0.10166275 0.22203933 0.99804688 18
-0.29176813 -0.09279633 0.16014276 0.97558594 18
-0.27327296 -0.11035156 0.18785127 0.96533203 10
-0.26061752 -0.08830217 0.12963437 0.97998047 15
0.13275029 -0.05213551 0.31789231 0.92285156 8
0.12485404 -0.03680509 0.32817465 0.91162109 5
-0.23159230 0.10030574 0.23415408 0.95947266 11
-0.21405487 0.07601927 0.23779765 1.00000000 8
-0.27458292 0.05268298 0.11922500 0.97509766 33
-0.25376487 0.05387063 0.08890505 0.98779297 9
-0.25683591 0.03035075 0.08992763 0.94775391 7
-0.26564729 0.02098538 0.10449218 0.98388672 5
-0.30341476 0.07025392 0.15470159 0.94824219 13
-0.29104289 0.10499214 0.15768114 0.97900391 21
-0.26328528 0.08910498 0.12478708 0.95751953 15
-0.25439569 0.04423689 0.06302804 0.97998047 19
-0.25488281 0.01620837 0.07910156 0.96142578 2
-0.14941406 -0.08300781 0.45996094 0.96044922 1
-0.13899420 -0.09557023 0.45490801 0.95019531 7
-0.14902845 -0.09386695 0.45275003 0.93164062 5
0.14500473 -0.04481190 0.30698639 0.96142578 14
-0.15057491 0.02653767 0.16352238 0.99609375 34
-0.18348710 0.00676640 0.16503906 0.93359375 5
-0.17038094 -0.01254136 0.16699219 0.98193359 8
-0.14139771 -0.01356315 0.17193075 0.95849609 13
-0.27281535 -0.01317287 0.17090806 0.97509766 16
-0.27441406 -0.01664737 0.12496217 0.95507812 7
-0.26394603 -0.01322688 0.15248576 0.89648438 4
-0.28470835 -0.02267545 0.14100930 0.95312500 7
-0.30488527 -0.02638565 0.16710776 0.98583984 13
-0.26575714 -0.02109178 0.22800048 0.99316406 20
-0.29190817 -0.00955475 0.19841924 0.98291016 10
-0.24439719 -0.01911706 0.17259502 0.93896484 9
-0.25211093 -0.02506323 0.19244479 0.96337891 9
-0.19237013 -0.06460172 0.16801816 0.95654297 15
-0.22915450 -0.05619035 0.19124758 0.97949219 35
-0.20033669 -0.04361315 0.16561410 0.96875000 10
-0.22153102 -0.03269397 0.17347345 0.98095703 6
-0.25058609 -0.06032718 0.23649246 0.96289062 15
-0.23962982 0.09072296 0.15238954 0.97363281 26
-0.26160306 -0.00455895 0.09468418 0.97949219 10
-0.26432467 -0.02823106 0.10481948 0.98681641 6
-0.27050781 -0.00488281 0.11872226 0.86767578 2
-0.21092524 -0.00989379 0.16706152 0.93847656 11
-0.18331759 -0.03022880 0.16503903 0.93896484 6
-0.25933701 -0.00679683 0.14561722 0.97753906 5
-0.27251428 -0.05257839 0.12087125 0.98193359 27
-0.30299169 -0.05829949 0.15341423 0.96679688 12
0.03832785 -0.07123379 0.24173698 0.97900391 8
0.07172286 -0.08062649 0.27342930 0.97656250 34
0.06902301 -0.05345261 0.23088531 0.98681641 25
0.13786033 -0.07752339 0.30029410 0.97363281 20
0.09886779 -0.06187090 0.26666924 0.98242188 16
0.11478207 -0.10016651 0.31052768 0.97509766 13
0.08702161 -0.09923095 0.32977283 0.98339844 22
0.04197797 -0.08296467 0.28666899 0.97509766 19
-0.00768391 -0.07641761 0.24169835 0.97558594 34
0.06746820 -0.13295378 0.20119222 0.97705078 36
0.04671238 -0.09699588 0.17736022 0.96435547 9
0.04073142 -0.11714432 0.16652781 0.95312500 9
0.05907547 -0.09325884 0.19561128 0.95214844 8
0.09274676 -0.19432367 0.22107910 0.98583984 24
0.10563564 -0.17128751 0.23499547 0.96386719 11
0.05125507 -0.16293396 0.18539749 0.99414062 20
-0.01110883 0.09217114 0.49410951 0.91210938 5
-0.01885039 0.09921576 0.49836993 0.95898438 7
-0.01483695 0.07425069 0.49154454 0.90039062 4
0.02684087 -0.18047453 0.18229948 0.97509766 34
0.07382927 -0.21748203 0.22333254 0.94580078 14
0.18192793 0.13530578 0.42942759 0.95166016 7
0.00354443 0.10217114 0.48925784 0.90527344 3
0.04003906 -0.06412610 0.16503908 0.88476562 2
0.03618088 -0.09977404 0.14740501 0.97363281 14
0.04564263 -0.08108169 0.17311497 0.96142578 4
0.02832031 -0.12292133 0.11522581 0.91406250 5
0.02191179 0.00234153 0.25464627 0.97509766 19
0.06642140 -0.01241708 0.30089784 0.98242188 37
-0.01081966 -0.01646090 0.26222286 0.97314453 38
0.07882094 -0.03984021 0.35476959 0.98828125 24
0.03782772 -0.02868468 0.30990124 0.97167969 21
0.13141654 -0.01834148 0.32406655 0.98095703 21
0.10374107 -0.01896132 0.34551126 0.99316406 12
0.09571396 -0.00688249 0.28432772 0.95751953 15
0.05962974 0.00485743 0.24350329 0.96533203 27
-0.14544059 -0.05596783 0.16864921 0.98193359 32
-0.08645874 -0.06363114 0.18731165 0.97656250 15
-0.10248443 -0.07878286 0.17539176 0.97802734 9
-0.09703279 -0.04343008 0.18787616 0.96435547 12
-0.05806639 -0.04268448 0.21798439 0.97509766 33
-0.05538625 -0.06873374 0.20676555 0.95703125 16
-0.01901632 -0.04851620 0.25733477 0.97216797 20
-0.04701145 -0.01462256 0.22061840 0.97412109 17
0.05824681 -0.04155283 0.20374519 0.93750000 5
0.05143914 -0.06667871 0.19750078 0.94531250 11
0.05045949 -0.07143532 0.21205556 0.95800781 4
-0.05710946 -0.09623491 0.19181639 0.99414062 32
-0.01223760 -0.09041266 0.22289360 0.94677734 9
0.02765412 -0.07898732 0.22570379 0.96777344 12
0.05212028 -0.01434216 0.20593093 0.98095703 19
0.02924364 0.00664892 0.20796134 0.96728516 11
0.07713865 -0.02012931 0.23482718 0.95849609 15
0.05678919 -0.24122116 0.10662921 0.98486328 17
0.09429300 -0.24703151 0.10585034 0.97070312 39
0.05498793 -0.28369832 0.13600683 0.96582031 20
0.09047422 -0.28936765 0.13315141 0.97460938 12
0.05204182 -0.20394963 0.16723521 0.99316406 19
0.04563710 -0.22488132 0.13314122 0.96923828 28
0.03886100 -0.25676537 0.19254519 0.96875000 21
0.03417969 -0.27118772 0.15889233 0.92529297 8
0.08305109 -0.20163609 0.18440482 0.98535156 39
0.07211629 -0.25401869 0.21056837 1.00000000 14
0.04706197 0.11340971 0.28700337 0.98486328 25
0.01484638 0.11621162 0.26498562 0.97314453 21
0.07289433 0.13294652 0.30603871 0.96484375 16
0.04829864 0.12688223 0.34307507 0.95507812 29
0.02967372 0.10879821 0.31605422 0.96093750 10
0.00295461 0.10874403 0.29012018 0.99121094 11
0.00891235 0.13797081 0.18632454 0.97851562 25
0.01486405 0.18007709 0.17287189 0.97363281 20
0.00523449 0.14770323 0.22504383 0.95947266 15
0.00463830 0.19005260 0.21841908 1.00000000 36
0.10961577 0.16818975 0.20539771 0.97265625 40
0.08018715 0.21703452 0.24731807 0.97119141 42
0.09235618 0.20732872 0.18790400 0.98046875 20
0.10009979 0.17669001 0.25935394 0.98046875 23
0.05051329 0.20684178 0.17403881 0.98339844 41
0.03726373 0.21885848 0.22800075 0.97851562 22
-0.06254759 0.02208793 0.36292085 0.98242188 13
-0.06176429 0.04173272 0.32651043 0.96533203 12
-0.06881281 0.03027344 0.32400516 0.94873047 3
-0.06095078 0.03652454 0.41344559 0.97412109 17
-0.05385948 0.03613281 0.36524251 0.96582031 5
-0.06787076 0.01671285 0.40737933 0.99023438 6
-0.08379576 0.00360838 0.40282708 0.97119141 14
-0.07069697 0.00878906 0.35831255 0.99023438 5
-0.07455049 0.01846246 0.32145554 0.97851562 9
-0.01270902 0.18360105 0.25835410 0.97558594 15
-0.00616794 0.14451705 0.25677720 0.97412109 22
-0.03134602 0.16739726 0.28828278 0.99121094 24
-0.02135886 0.13289259 0.27975559 0.91308594 5
0.05141618 0.20761956 0.30371559 0.97949219 24
0.01370216 0.20891553 0.27904588 0.98339844 36
0.01777561 0.18875596 0.34547180 0.98242188 41
-0.01312080 0.18873708 0.31587064 0.95703125 19
0.07470141 0.17332928 0.31312138 0.98339844 45
0.04426220 0.16152743 0.35719952 0.97509766 17
-0.10973328 -0.02461234 0.38745931 0.97851562 20
-0.14052960 -0.03918917 0.43032545 0.99023438 19
-0.12273469 -0.05085092 0.42862919 0.96777344 7
-0.12785363 -0.01876394 0.39560258 0.98095703 5
-0.14402249 -0.00828707 0.38189179 0.97705078 21
-0.16073996 -0.03261615 0.42383587 0.97705078 11
-0.17564200 -0.06009848 0.46141770 0.96337891 11
-0.13936169 -0.07798941 0.46452740 1.00000000 10
-0.15633370 -0.06698491 0.46491405 0.95996094 6
-0.03026202 0.07214786 0.44711369 0.96728516 18
-0.06736053 0.09754908 0.40891135 0.95947266 25
-0.04336516 0.08848938 0.45280692 0.97070312 10
-0.03373952 0.07243599 0.40096974 0.96289062 20
-0.04865596 0.08041363 0.41443437 0.92675781 8
-0.01356977 0.06388374 0.43842262 0.96044922 7
0.00641655 0.04828084 0.47186241 0.95654297 12
-0.01295438 0.05634951 0.48433012 0.98925781 6
-0.02462710 0.07578576 0.49393618 0.98144531 9
0.00378797 0.11312015 0.43743199 0.97558594 25
0.00091188 0.09891787 0.38676041 0.97558594 25
0.01402282 0.09168740 0.43099016 0.96191406 8
-0.00927932 0.12146062 0.39651105 0.93798828 8
-0.03434017 0.13822891 0.39440987 0.97460938 34
0.00146781 0.11251038 0.49335250 0.96435547 10
-0.01795852 0.12279762 0.44655758 0.97021484 8
0.02128300 0.10238353 0.47958550 0.96972656 5
0.02972166 0.08273501 0.46797130 0.95654297 13
-0.10474082 0.07096039 0.41479349 0.98437500 22
-0.12127007 0.05372773 0.40322426 0.98242188 9
-0.12670437 0.06332482 0.35937321 0.97216797 18
-0.11564378 0.08105467 0.36522651 0.95214844 6
-0.11141550 0.07789581 0.32509077 0.96533203 12
-0.12771347 0.04847155 0.31827265 0.92724609 10
-0.12069691 0.06313173 0.32168007 0.94580078 6
-0.12798613 0.03089936 0.39621928 0.95458984 18
-0.13621351 0.04591184 0.35283095 0.97753906 5
0.01225126 0.09756079 0.33496696 0.99365234 20
-0.01114287 0.09586151 0.30433410 0.90380859 5
0.02414118 0.11491988 0.36645076 0.97949219 13
-0.00510140 0.08452439 0.34693044 0.97314453 10
-0.02419938 0.08255203 0.31380269 0.97119141 11
0.01425047 0.14443679 0.38090941 0.97607422 25
-0.01211755 0.16793753 0.37150314 0.99267578 15
-0.03694344 0.16827375 0.33831647 0.99121094 31
-0.05033620 0.14930236 0.30561653 0.96435547 10
-0.06561550 0.13211696 0.31663880 0.95898438 16
-0.05716484 0.14695664 0.35157260 0.96142578 12
-0.03639906 0.11773963 0.29329395 0.97558594 14
-0.00737309 0.11578236 0.28810883 0.95605469 19
-0.05029348 0.10337164 0.30162024 0.96093750 6
-0.16179968 -0.04404614 0.35325161 0.97753906 26
-0.18204750 -0.07017846 0.32155859 0.95410156 13
-0.18330298 -0.05232267 0.29311571 0.97558594 29
-0.17123351 -0.02338101 0.31513497 0.96240234 13
-0.15449938 -0.01532028 0.28493619 0.97998047 21
-0.16494901 -0.04417485 0.26563212 0.96777344 14
-0.18023127 -0.07696087 0.23889931 0.99707031 17
-0.20066565 -0.08623168 0.26724476 0.92285156 9
-0.20288205 -0.10579401 0.29716218 0.97851562 17
-0.10571590 0.00633131 0.44152501 0.96435547 16
-0.12024255 0.02179514 0.44020984 0.94189453 7
-0.10838533 0.01162599 0.40799803 0.94775391 7
-0.08781698 -0.01399659 0.48377010 0.96923828 8
-0.08616056 -0.00162453 0.44496441 0.92773438 7
-0.10646067 -0.00570993 0.48104215 0.93066406 5
-0.12108676 0.00870722 0.48349473 0.96582031 8
-0.16047332 -0.00096617 0.33196989 0.96533203 19
-0.15699306 -0.02283004 0.37030807 0.99169922 12
-0.13877465 0.02221873 0.30891472 0.94921875 11
-0.15092283 0.01592316 0.34271368 0.96044922 7
-0.14621462 0.00689005 0.29889172 0.95410156 7
-0.09262697 -0.03703957 0.33920848 0.97265625 20
-0.08935090 -0.02365382 0.30424005 0.95458984 6
-0.08378412 -0.00665694 0.31352225 0.97607422 12
-0.08502939 -0.01778314 0.34936747 0.92675781 9
-0.11628856 -0.04356064 0.37569553 0.95898438 11
-0.12892644 -0.06146637 0.35691065 0.96435547 28
-0.10271534 -0.06109791 0.32253748 0.96386719 12
-0.09896801 -0.04640449 0.29018021 0.98242188 18
-0.25598863 0.05916632 0.22071317 0.98779297 10
0.14383641 0.13814442 0.43066409 0.98974609 3
0.16233222 0.12815605 0.43372679 0.92919922 5
-0.16205446 -0.08763987 0.33225173 0.96777344 25
-0.13526317 -0.09643400 0.32672903 0.98632812 14
-0.14711143 -0.05595733 0.35945547 0.91748047 10
-0.17981040 -0.12651670 0.31182191 1.00000000 12
-0.14709303 -0.13450775 0.30410358 0.98583984 15
-0.11463234 -0.09141187 0.30073008 0.96777344 28
-0.11103939 -0.07482641 0.27078322 0.98535156 13
-0.12635498 -0.12700538 0.27716368 1.00000000 9
-0.12106210 -0.11066587 0.24328347 0.97119141 16
-0.13429998 -0.05522537 0.25825486 0.95361328 27
-0.12317886 -0.02698691 0.27691817 0.98242188 9
-0.14682588 -0.08800682 0.22791949 0.98242188 11
-0.24195999 0.12269729 0.24422713 0.96777344 10
-0.23671833 0.09792674 0.21961460 0.97363281 11
-0.26778829 0.04102566 0.21816467 0.96093750 12
0.00429826 0.07228345 0.43263996 0.98974609 19
-0.01353403 0.08109932 0.39496669 0.93457031 8
0.02563180 0.05953017 0.46557990 0.96582031 5
-0.17430501 -0.04282270 0.41132855 0.98242188 15
-0.18599537 -0.08672872 0.43979800 0.97705078 11
-0.17329742 -0.06102747 0.40209794 0.92968750 10
-0.18844493 -0.06995564 0.45042035 0.93847656 7
-0.12440004 -0.06899357 0.41753078 0.96923828 18
-0.13946629 -0.07853098 0.40642652 0.98486328 9
-0.15303954 -0.10488726 0.44356161 1.00000000 9
-0.24104777 0.13704762 0.26687649 0.94824219 5
-0.25032240 0.13070586 0.23374608 1.00000000 9
-0.06978434 0.00711096 0.44896558 0.97998047 14
-0.06608658 0.02456991 0.45457608 0.97900391 9
-0.06564135 0.01390452 0.49159923 0.94873047 9
-0.06968996 -0.00488281 0.48668289 0.94335938 3
-0.08053379 0.04029326 0.45773497 0.97509766 15
-0.07858934 0.05356819 0.42776003 0.96337891 7
-0.10074533 0.05093791 0.45555055 1.00000000 8
-0.09873784 0.03431906 0.49544525 0.99658203 8
-0.07910156 0.02794051 0.49457461 0.94824219 3
-0.11740398 0.04062791 0.44657958 0.96875000 17
-0.11621094 0.02607260 0.49037606 0.95849609 5
-0.07889670 0.11722653 0.32328507 0.94287109 5
-0.06068992 0.09239326 0.30821806 0.95898438 11
-0.03489986 0.07149774 0.31989992 0.92089844 4
-0.04463077 0.06253109 0.32374954 0.98437500 8
-0.06969921 0.08250498 0.31019744 0.90527344 5
-0.09060229 0.10455229 0.32702267 0.98095703 12
-0.02025577 0.07268063 0.35492796 0.98144531 15
-0.03417968 0.06223284 0.35995159 0.94482422 6
-0.05667920 0.12177317 0.40467146 0.98095703 13
-0.07421707 0.12745205 0.36083063 0.99121094 20
-0.08869743 0.10941661 0.36590621 0.93847656 9
0.00827994 0.05566407 0.47494236 0.95263672 3
-0.00628222 0.05997565 0.48339844 0.94140625 3
-0.17977233 -0.07463519 0.45079529 0.93701172 6
-0.15747072 -0.07270133 0.40270153 0.96875000 20
-0.17202350 -0.10035432 0.43907782 0.93701172 6
-0.03720212 0.11091292 0.45226786 0.97558594 25
-0.10441071 0.02333399 0.30365625 0.91943359 6
-0.07910156 0.00683594 0.31818914 0.95019531 2
-0.10883279 0.01074219 0.29879770 0.96875000 4
-0.13371094 0.03605468 0.31386864 0.97607422 3
-0.09937162 0.03491850 0.30625477 0.90576172 3
-0.11659339 0.00178501 0.39438620 0.95410156 9
-0.09342293 -0.00683594 0.38788691 0.93750000 5
-0.13711871 0.01618068 0.38162547 0.99267578 5
-0.07770821 -0.00393186 0.35502744 0.92675781 11
-0.14382872 0.03069733 0.34815302 0.96826172 13
-0.11488878 -0.00521925 0.29066780 0.98876953 16
-0.07831333 0.07136090 0.31082934 0.95507812 7
-0.05257114 0.05195135 0.32552490 0.92724609 4
-0.08676933 0.05948299 0.31035286 0.98632812 5
-0.10156141 0.09178051 0.32705808 0.96875000 8
-0.05025175 0.05483766 0.40095437 0.93066406 7
-0.06790093 0.06779899 0.41672760 0.95654297 10
-0.08948787 0.08567613 0.40446782 0.95361328 6
-0.04497709 0.04993859 0.36348271 0.96337891 10
-0.10313562 0.09548181 0.36714771 0.98828125 17
-0.09409849 0.04724528 0.30838269 0.97167969 9
-0.01122255 0.00217370 0.21433938 0.98486328 26
0.10816769 -0.03143348 0.27140823 0.96826172 31
0.02902736 -0.05960758 0.30138308 0.99951172 39
0.07541004 -0.07288709 0.34641156 0.98291016 17
-0.28237143 0.03516224 0.20057929 0.94824219 7
0.13096970 0.14960675 0.34834686 0.97558594 21
0.12037468 0.11105743 0.28635147 0.99218750 41
0.12464692 0.12409292 0.36417681 0.99414062 39
0.11593243 0.08388761 0.30021474 0.96240234 19
0.12402342 0.15727262 0.41979080 0.92431641 9
0.13086221 0.18398398 0.40287066 0.96582031 21
0.20102385 0.11959954 0.36087424 0.97900391 41
0.19628906 0.08496094 0.30566406 0.84423828 1
0.19378750 0.08063082 0.29910305 0.98632812 19
0.18456478 0.11353236 0.28293049 0.96972656 48
0.19327982 0.14991945 0.34409964 0.97412109 23
0.19176346 0.18249741 0.39991751 0.99316406 21
0.19915581 0.15268971 0.41483197 0.95117188 12
0.16067581 0.15961459 0.34021857 0.97705078 46
0.15117018 0.12353101 0.27940568 0.98876953 21
0.16103074 0.19563955 0.39578268 0.97412109 15
0.15677302 0.07778212 0.22714639 0.96728516 19
0.12617800 0.08797993 0.22300567 1.00000000 40
0.09155329 0.07415477 0.22760257 0.99023438 24
0.16466297 0.04050216 0.23985858 0.98925781 51
0.15409319 0.00411527 0.25093976 0.96386719 21
0.08644036 0.04268343 0.23773797 0.97216797 48
0.10073150 0.01256164 0.24930112 0.98681641 27
0.12665834 -0.00373921 0.25526622 0.98437500 47
-0.11397342 0.25769466 0.10882464 0.98193359 30
-0.12233744 0.25184292 0.15583943 0.94335938 13
-0.13285382 0.22535819 0.14225130 0.99755859 17
-0.12110823 0.22768295 0.11020564 0.97509766 10
-0.11237805 0.19481769 0.12114130 0.96484375 20
-0.14471129 0.17964678 0.15996477 0.96191406 20
-0.12726857 0.19090933 0.14044228 0.98828125 8
-0.14059944 0.23470865 0.19074619 0.98486328 28
-0.15029646 0.21288401 0.16823453 0.93701172 7
-0.05718683 0.28677580 -0.01783965 0.99365234 38
-0.06253464 0.28052053 0.05280251 0.94091797 15
-0.08797278 0.26827249 0.04072557 0.98046875 34
-0.07593617 0.25050187 -0.02575473 0.97900391 19
-0.10581085 0.24846403 0.04226836 0.99658203 19
-0.07100765 0.26337487 0.10623720 0.97998047 22
-0.09181263 0.26464841 0.11469638 0.91650391 9
-0.06569900 0.17397535 0.12309475 0.98681641 19
-0.10373442 0.18629381 0.09850299 0.96679688 10
-0.08373515 0.17309307 0.14037052 0.94580078 9
-0.11210358 0.21894965 0.06582191 0.96826172 27
-0.14771608 0.20217124 0.24873500 0.98583984 29
-0.09934144 0.19012415 0.24355344 0.97949219 36
-0.13070804 0.17226276 0.26576823 0.98437500 13
-0.16708989 0.15897556 0.17844331 0.97900391 16
-0.14846364 0.13467650 0.19708352 0.96777344 23
-0.15840504 0.15387402 0.28766975 0.96923828 23
-0.12639388 0.14028832 0.25441566 1.00000000 24
-0.14944655 0.12324413 0.27553073 0.96630859 10
-0.15442954 0.10683133 0.24675730 0.97412109 23
-0.09176037 0.13983533 0.24056870 0.98632812 16
-0.07908048 0.16616446 0.25590020 0.98339844 8
-0.10665908 0.15168816 0.23535515 0.98535156 7
-0.10744794 0.13671850 0.20558599 0.96191406 22
-0.07930602 0.09962936 0.22735736 0.96240234 26
-0.09008852 0.12451918 0.21455960 0.95507812 7
-0.06198733 0.13688844 0.27589208 0.97656250 28
-0.08001520 0.11470694 0.25670594 0.98291016 11
-0.10454489 0.16534626 0.15747114 0.98974609 21
-0.08203777 0.14562491 0.17849334 0.94775391 12
-0.12607203 0.15590973 0.17829899 0.97851562 14
-0.09172331 0.24968702 0.17516060 0.96972656 41
-0.07048785 0.21840097 0.21097682 0.97656250 22
-0.06007887 0.25266415 0.13550770 0.96093750 16
-0.11703587 0.22522344 0.21827328 0.95996094 17
-0.20392829 0.16078934 0.28564611 0.99609375 24
-0.18398452 0.13596258 0.30227947 0.96044922 10
-0.17736913 0.18059659 0.27171186 0.96337891 12
-0.19399600 0.18862437 0.24110161 0.98730469 25
-0.24974509 0.15211122 0.26502529 0.97753906 15
-0.22059360 0.16900194 0.25472245 0.96142578 12
-0.23062463 0.14373206 0.29681000 0.98730469 9
-0.20892222 0.11951838 0.31342486 0.93701172 12
-0.13168813 0.12341292 0.22722617 0.96484375 11
-0.18924402 0.13767716 0.19832514 0.96533203 20
-0.17024161 0.11488730 0.21613863 0.96533203 9
-0.16690174 0.21258759 0.21907151 0.98486328 15
-0.17272724 0.19149834 0.19157721 0.96972656 24
-0.19724432 0.16847451 0.21202514 0.96679688 14
-0.17001340 -0.06877899 0.45896634 0.91845703 5
-0.29253229 0.04359768 0.17990114 0.96777344 8
-0.22177204 0.14829707 0.22511461 0.97607422 25
-0.21118279 0.11804999 0.21100928 0.98291016 10
-0.17295209 0.10729186 0.28913456 0.96777344 20
-0.17670517 0.09376039 0.25988948 0.97558594 21
-0.19585909 0.08898009 0.30117872 0.99414062 9
-0.19159356 0.09624320 0.22908838 0.97607422 19
-0.03730552 0.10089143 0.29752076 0.98046875 18
-0.05659661 0.07934265 0.27761123 1.00000000 31
-0.05967097 0.06221446 0.24724707 0.96679688 18
-0.02991669 0.02429903 0.27439386 0.97802734 35
-0.00847496 0.06897094 0.31990141 1.00000000 25
-0.02764527 0.04493879 0.30311981 0.98095703 16
-0.04329737 0.14167818 0.18422548 0.96728516 10
-0.03006982 0.16703176 0.19282725 0.98144531 21
-0.01080703 0.15465286 0.23996840 0.97900391 27
-0.03001546 0.18961605 0.21238503 0.96337891 16
-0.03056390 0.11283123 0.20051174 0.97607422 23
-0.01299949 0.13559513 0.21463445 0.99072266 12
-0.05231320 0.18762000 0.23976141 1.00000000 31
-0.03261898 0.15358427 0.26556778 0.97070312 16
-0.06945942 0.12645708 0.19297431 0.98876953 15
-0.05862455 0.09912123 0.20481743 0.98339844 10
0.06892660 0.06549869 0.30915701 0.98046875 13
0.04127140 0.08309751 0.28586873 0.98242188 29
0.04653691 0.06443664 0.33120441 0.95654297 21
0.02025123 0.08285971 0.30949762 0.97753906 13
0.02005909 0.04987058 0.34321538 0.96093750 13
0.04879270 0.04102175 0.36926135 0.99267578 26
0.09641971 0.05780110 0.33465430 0.97753906 23
0.07346409 0.05728730 0.35614759 0.97607422 10
-0.00863954 0.07370841 0.21899362 0.99023438 16
0.01056010 0.09700774 0.23669437 0.98046875 31
0.03910420 0.06221110 0.26073131 0.97216797 15
0.02150625 0.03627347 0.24436809 0.98730469 33
-0.03806365 0.05983149 0.22300279 0.98974609 33
-0.00815275 0.01973537 0.24875043 0.96582031 19
0.10779524 -0.01772492 0.35696211 0.98632812 26
0.04579776 -0.01192929 0.34098607 0.99609375 29
0.08466756 -0.01567848 0.37487233 0.98339844 13
0.09355302 0.00295194 0.31231993 0.98486328 28
0.06997201 -0.01558067 0.32159361 0.98974609 14
0.16555966 -0.00008617 0.37838015 0.97460938 18
0.12922533 0.00087798 0.34737226 0.98095703 16
0.14526327 -0.02047446 0.39120740 0.96972656 8
0.11957309 -0.01837874 0.40972707 0.94531250 11
0.07089709 0.04211653 0.28836629 0.99658203 29
0.05665734 0.01314404 0.27656215 0.98876953 16
0.10396049 0.03348788 0.31793010 0.98291016 15
0.02995354 -0.00454774 0.28394499 0.98632812 31
0.00697217 -0.00005118 0.30659351 0.96435547 16
0.00469799 0.02280627 0.33053336 0.98925781 28
0.03893476 0.01180276 0.36020455 0.95410156 14
0.18335266 0.17509118 0.40661556 0.94287109 6
0.19014561 0.15490812 0.41794991 1.00000000 6
0.07470339 0.00738122 0.39156389 0.97167969 30
0.08078598 0.03766746 0.39821362 0.95898438 11
0.10819469 0.00457592 0.42650798 0.94726562 11
0.11159704 0.03717602 0.43268543 1.00000000 18
0.12643985 0.05669430 0.36361426 0.97705078 14
0.10296312 0.05542811 0.38472924 0.96875000 24
0.15895467 0.06111171 0.39321536 0.97216797 15
0.13388212 0.06040898 0.41755956 0.94873047 9
0.13590622 0.03113850 0.35017359 0.96289062 30
0.17217189 0.03331541 0.37995568 0.97021484 9
-0.21886891 0.15790771 0.25715005 1.00000000 15
-0.20139624 0.15446682 0.28020543 0.97851562 11
-0.22763300 0.13429126 0.29043117 0.96826172 10
0.07774968 -0.23374605 0.18552855 0.94091797 6
0.07587569 -0.26366210 0.19421263 0.93652344 8
0.10119656 -0.23870675 0.18584110 0.95947266 8
-0.22977582 0.04348357 0.18734276 0.94140625 9
-0.23243432 0.06753171 0.18196070 0.95361328 10
-0.18796363 0.13380015 0.29695717 0.96923828 14
-0.00313036 0.06238223 0.45439515 0.99121094 6
-0.01859580 0.06819288 0.46295303 0.90380859 6
-0.24574782 0.02360920 0.18817343 1.00000000 13
0.09043338 -0.02657922 0.31467429 0.93945312 5
0.10787427 -0.03600723 0.33887836 0.95898438 7
0.07615215 -0.04103605 0.32521254 0.98193359 8
-0.02558086 0.08196726 0.47372416 0.96386719 6
-0.18607369 0.10321099 0.23396714 0.96972656 11
0.11258894 -0.02702335 0.30543488 0.97265625 11
-0.26207808 0.02078247 0.16944845 0.94384766 10
-0.20636955 0.11909298 0.21838845 0.95751953 14
-0.07615784 0.01074219 0.49081576 0.86816406 3
-0.07324219 0.00292969 0.46462905 0.96191406 2
-0.07133294 0.01989515 0.46873903 0.93652344 5
-0.27843186 0.03196425 0.15489095 0.95703125 8
0.07152227 -0.06243815 0.31619802 0.93164062 7
0.09780194 -0.08516499 0.32923722 0.95800781 6
0.08187897 -0.08058758 0.30744520 0.96044922 6
-0.07972573 -0.00097656 0.48829266 0.91601562 3
-0.08713723 -0.00292969 0.46679109 0.93603516 3
-0.21360731 0.14523801 0.23072027 0.95947266 10
0.09027536 -0.06934987 0.33986869 0.95751953 5
-0.27570012 0.05319853 0.14209630 0.96337891 10
-0.11230469 0.00878906 0.48599207 0.94775391 2
-0.11035156 0.01322970 0.46465218 0.92871094 3
-0.10476346 0.02962825 0.46395403 0.92089844 5
-0.29238474 0.06451764 0.16718574 0.91308594 8
-0.26639012 0.07770558 0.14724366 0.95507812 11
-0.02407133 0.10139441 0.47128236 0.99023438 6
-0.09105714 0.03417968 0.47017643 0.89941406 5
-0.10815102 0.02057122 0.48894706 0.97509766 3
0.02441406 0.08129341 0.47091502 0.94824219 5
0.11404315 -0.08496094 0.31778213 0.94189453 5
0.12925731 -0.07204376 0.31350848 0.90283203 4
0.02112160 0.06483354 0.46921465 0.88916016 6
-0.15917969 -0.09953620 0.44611445 0.90234375 3
-0.17117207 -0.09472657 0.44171092 0.96044922 3
0.13574219 0.15684412 0.42031682 0.99218750 4
-0.21169326 0.11716259 0.30301651 0.93994141 8
0.01669692 0.09656692 0.47893775 0.93798828 4
0.14157008 0.17613527 0.40897056 0.97509766 7
-0.20149542 0.09685241 0.29344404 0.95849609 10
0.16227636 0.18255609 0.40239781 0.92382812 5
-0.25880799 -0.08945122 0.21127011 0.91113281 8
-0.27162191 -0.09807569 0.18948774 0.93017578 9
0.09655403 -0.17125870 0.25852782 0.95312500 7
0.09777515 -0.18102080 0.24301355 0.94921875 7
-0.28849217 -0.08584841 0.17083858 0.96582031 5
-0.17560148 -0.12052222 0.30101866 0.93017578 6
-0.19168666 -0.10587795 0.28973490 0.93164062 9
-0.17524953 -0.08558711 0.24797150 0.93994141 6
-0.15165597 -0.09336130 0.24197963 0.94140625 9
-0.26023647 -0.06352132 0.22294533 0.99267578 12
-0.26947039 -0.03642372 0.21785656 0.94921875 11
0.09096609 -0.19595937 0.23535155 0.99365234 5
0.15300797 0.05063469 0.39625633 0.96044922 12
0.16237095 0.03055532 0.38515437 0.97167969 9
-0.13551340 -0.12126381 0.27495155 0.98144531 8
0.09709658 -0.26586673 0.19242986 0.99560547 5
0.10947198 -0.27180555 0.17626324 0.94091797 9
0.16036510 0.00676895 0.38523772 0.97558594 7
-0.28447300 -0.02513862 0.19721575 0.93017578 12
-0.29650140 -0.03487583 0.17483737 0.94091797 8
0.10604455 -0.27977866 0.15754254 0.96142578 8
0.11490650 0.00818592 0.42026693 0.95117188 8
0.12517233 -0.00965593 0.40512666 0.95556641 9
-0.19008443 -0.09182002 0.26817968 0.95312500 8
-0.13513884 -0.10836703 0.25150579 0.96191406 10
0.05851768 -0.26695991 0.18287249 0.94091797 7
0.11992916 0.03149129 0.42355987 0.92138672 7
-0.29679739 -0.06049895 0.16474858 0.94580078 7
0.13339949 0.04873112 0.41145617 0.93994141 12
0.06597264 -0.27923688 0.14932562 0.93212891 7
0.05456899 -0.27327091 0.16458535 0.96923828 10
0.14483018 -0.00878906 0.39063814 0.97363281 6
-0.09667968 0.02580759 0.49316406 0.90527344 2
0.07693772 -0.20805202 0.23619688 0.93212891 6
-0.08309523 0.02118736 0.49386814 0.90332031 4
0.08453386 -0.17580698 0.27337864 0.96484375 9
0.06644319 -0.21386719 0.24928939 0.95800781 4
-0.09082032 -0.00683594 0.48663610 0.88378906 2
0.06501493 -0.20466033 0.26594105 0.97070312 6
-0.10449219 -0.00097656 0.48535156 0.87060547 1
0.08773524 -0.28104666 0.14696105 0.94482422 7
0.07128906 -0.19042969 0.27774704 0.98535156 2
-0.28372055 0.08524022 0.16979641 0.97802734 7
0.09348773 -0.04946869 0.34509706 0.93457031 5
-0.24680257 -0.06000491 0.16226847 0.95312500 12
-0.27182922 -0.06121705 0.14203754 0.98144531 10
-0.26952407 -0.08506216 0.15044722 0.96337891 10
-0.25022617 -0.09256445 0.16570650 0.96240234 8
-0.23944803 -0.08583019 0.18907699 0.93554688 7
-0.23636125 -0.06026296 0.19010702 0.98632812 12
-0.24779126 -0.04123551 0.18650620 0.96630859 10
-0.27367175 -0.03670973 0.15030321 0.99072266 10
-0.25707719 -0.03290082 0.16728233 0.97314453 9
0.05432326 -0.16734864 0.23851942 0.97119141 11
0.07477405 -0.17978601 0.22039409 0.96875000 9
0.05692595 -0.19019468 0.21999301 0.95800781 4
0.08129310 -0.15231301 0.24824582 0.95263672 7
0.08019102 -0.16161473 0.22821662 0.99072266 9
0.05256832 -0.17336805 0.26990131 1.00000000 8
0.06458714 -0.15549524 0.26352260 0.94140625 6
0.04534724 -0.19878748 0.23716158 0.94580078 9
0.04227945 -0.18608242 0.25560135 0.94335938 7
-0.24390478 0.07730735 0.16198307 0.98095703 8
-0.24730155 0.04612930 0.15855445 0.98193359 15
0.11063401 -0.25414073 0.14509895 0.95654297 10
0.09033306 -0.25284353 0.13259259 1.00000000 6
0.08490262 -0.23450610 0.15612644 0.99804688 12
0.11391932 -0.24180867 0.16575260 0.96582031 6
0.05801268 -0.23953879 0.17535254 0.93750000 7
0.05583903 -0.24373795 0.15247442 0.93212891 5
0.06748229 -0.25475389 0.13605455 0.97998047 8
0.08981547 -0.05053138 0.29640725 0.97216797 12
0.09882405 -0.07903730 0.29210767 0.95849609 6
0.11766364 -0.06662477 0.29044452 0.95703125 9
0.11854750 -0.04438835 0.29096699 0.99121094 6
-0.14527525 -0.07373572 0.29409584 0.98876953 13
-0.14002216 -0.10404404 0.30842957 1.00000000 14
-0.12431648 -0.09551896 0.29265684 0.95507812 7
-0.17762290 -0.08134821 0.30381814 0.96533203 10
-0.16012517 -0.09240283 0.31520134 0.92919922 7
-0.17418246 -0.06561103 0.28697866 0.95214844 5
-0.16281730 -0.06365676 0.26550913 0.92871094 9
-0.13795084 -0.06748968 0.26223075 0.95800781 9
-0.12403095 -0.08622622 0.26946470 0.92822266 7
-0.08842696 0.01715525 0.45605472 0.93652344 4
-0.07837522 0.03027344 0.46728808 0.91210938 3
-0.10058594 0.00097656 0.46227565 0.98974609 2
-0.01223885 0.08958445 0.45067531 0.97851562 8
0.00887291 0.07461248 0.44499671 0.94824219 6
0.01515124 0.09117377 0.44982117 0.90429688 6
-0.00664879 0.11192274 0.46815732 0.99218750 8
0.00619378 0.10644532 0.45447344 0.96044922 3
-0.13769531 -0.08088153 0.43179113 0.95654297 4
-0.15203094 -0.06369933 0.42168128 1.00000000 8
-0.13964842 -0.06738281 0.44510862 0.96435547 4
-0.14949478 -0.05566407 0.44333914 0.93798828 4
-0.17468469 -0.05748543 0.42778173 0.91796875 5
-0.17548995 -0.07324458 0.42237180 0.94921875 4
-0.15086544 -0.08880726 0.42542139 0.94531250 4
-0.16291654 -0.08227559 0.41894531 0.92333984 3
0.15981853 0.11865958 0.40823740 0.99462891 8
0.18067619 0.12676966 0.40610963 0.96923828 7
0.15874767 0.14055686 0.38682440 0.98144531 12
0.18151037 0.16393408 0.38530248 0.91992188 6
0.18640500 0.14245915 0.39206082 0.96679688 5
0.16031425 0.16994101 0.37988800 0.92968750 5
0.14034648 0.16628002 0.39048976 0.99511719 8
0.14151916 0.13049160 0.41071516 0.96728516 7
0.13420813 0.14619088 0.39823264 0.99511719 8
-0.18796624 0.13311101 0.25441614 0.97314453 20
-0.17398901 0.11265783 0.28180417 0.99707031 10
0.10320369 0.02307561 0.36654183 0.95556641 11
0.11645409 -0.00543129 0.36349145 0.93896484 10
0.13537358 0.00769483 0.36308065 0.98242188 11
0.12429211 0.04934907 0.37252101 0.99853516 10
0.13434298 0.03108546 0.36046937 0.94580078 6
0.08977499 0.03275524 0.39796990 0.96484375 14
0.10143787 0.04908273 0.38432831 1.00000000 11
0.09856719 -0.00668831 0.37819597 0.95117188 9
0.08429145 0.01080217 0.38769627 1.00000000 10
-0.16503908 -0.05188204 0.44130892 0.93212891 3
-0.15722656 -0.07324219 0.45996094 0.88671875 1
-0.17912848 -0.08496094 0.44391838 0.92382812 2
-0.03318261 0.27281365 0.07109652 0.98339844 50
-0.01367805 0.28946519 -0.00350477 0.97216797 32
-0.11910865 -0.08253305 -0.42794845 0.93066406 6
-0.11425781 -0.09015658 -0.40102261 0.99755859 3
-0.12402343 -0.07060287 -0.45016530 0.99462891 3
-0.11000378 -0.09638862 -0.37021598 0.97021484 6
-0.10600491 -0.10405416 -0.33618787 0.92285156 5
-0.11354637 -0.12975144 -0.21200873 0.93896484 9
-0.08384800 -0.13012145 -0.21360035 0.94628906 13
-0.09353253 -0.12368462 -0.25706050 0.96386719 8
-0.10373828 -0.14281392 -0.16139345 0.97314453 16
-0.10867266 -0.13574508 -0.18905893 0.96972656 12
-0.10042206 -0.10858767 -0.29667899 0.98535156 15
0.09705076 0.24438475 -0.17235738 0.98437500 18
-0.11299789 0.16618559 -0.29701087 0.95947266 19
-0.11701194 0.14338657 -0.33571303 0.95703125 11
-0.12914197 0.06879140 -0.42418826 0.94824219 11
-0.12481847 0.09300947 -0.39887857 0.94091797 8
-0.13215406 0.04365628 -0.44359317 0.90234375 4
-0.12123971 0.11891988 -0.37029943 0.95654297 13
-0.13584526 0.02241926 -0.46086401 0.95996094 5
-0.13769531 0.00683594 -0.47507617 0.90039062 2
-0.13942707 0.00097656 -0.48865515 0.97607422 3
-0.12958509 -0.05834945 -0.46840817 0.91845703 5
-0.13378906 -0.04311435 -0.48110837 0.97607422 3
-0.13743779 -0.02764095 -0.48878112 0.94775391 5
-0.12597656 -0.02636719 -0.49121094 0.96386719 1
-0.07018227 0.24300545 -0.07110294 0.97265625 22
-0.08918787 0.20574555 -0.21304074 0.97460938 15
0.04710298 0.23116505 -0.19293575 0.96191406 13
0.06801122 0.23281559 -0.17831092 0.97167969 8
0.03981422 0.21888475 -0.20173484 0.97753906 10
-0.05064222 0.28093961 -0.07163314 0.97558594 27
-0.06784115 0.24027029 -0.10688641 0.97314453 19
-0.10586140 0.22907196 -0.13354285 0.97656250 19
-0.04580010 -0.15624183 -0.09027423 0.99365234 12
-0.05640011 -0.14941403 -0.12755793 0.97216797 15
-0.02890979 -0.14746092 -0.12787108 0.94970703 7
-0.04080991 -0.16045883 -0.05665219 0.97900391 27
-0.03612154 -0.15281208 -0.01985390 0.98242188 14
0.02220813 -0.13601105 0.07467500 0.97265625 12
0.00829540 -0.12597656 0.03964010 0.93359375 4
-0.01586622 -0.14271061 0.01723804 0.97216797 17
-0.06271610 0.23384269 -0.14219482 0.97412109 21
-0.07954938 0.21261081 -0.19226968 0.98339844 8
-0.11481400 0.21567728 -0.16076976 0.97216797 18
0.06064191 0.22703874 -0.19342761 0.93066406 4
-0.15917969 -0.07519531 0.46191406 0.94335938 1
-0.15229069 -0.12780967 0.29549387 0.94775391 4
0 1 38 4
0 2 42 6
0 3 52 8
0 4 59 8
0 5 57 7
0 6 54 8
0 7 51 9
0 8 40 7
1 2 38 5
1 9 45 9
2 3 42 5
2 9 41 7
2 16 45 8
2 17 47 7
2 24 42 6
3 4 55 9
3 24 50 6
4 24 56 10
5 6 42 6
5 412 24 2
6 7 49 7
6 29 45 5
6 32 48 9
6 413 9 4
7 8 34 4
8 9 42 8
8 29 33 4
8 48 34 8
8 52 29 4
9 10 45 8
9 15 43 6
9 19 46 8
9 52 39 6
10 16 48 5
10 19 42 6
10 20 53 7
11 12 30 4
11 13 30 5
11 49 33 7
11 51 35 5
11 672 24 2
12 13 34 7
12 14 38 5
12 15 35 7
12 48 43 7
12 51 30 3
12 52 35 4
13 14 34 5
13 663 34 6
13 664 26 4
14 15 35 6
14 18 35 4
14 19 38 6
14 663 29 5
15 19 44 7
15 52 41 7
16 17 48 6
16 20 43 6
16 22 44 7
16 23 47 7
16 129 50 7
17 22 45 8
17 24 43 7
18 19 37 5
18 21 52 7
18 662 29 6
19 20 40 7
19 21 39 6
20 21 38 4
20 129 40 8
21 129 32 5
21 130 32 2
21 661 29 5
22 23 46 8
22 24 49 7
22 25 43 7
22 292 38 5
22 293 42 4
22 298 46 8
23 129 43 5
23 298 40 5
23 301 45 5
24 25 49 6
24 27 48 6
25 26 48 7
25 292 44 7
26 292 51 7
28 29 34 6
28 30 31 4
28 31 40 3
28 34 37 5
28 40 42 7
28 48 39 7
29 30 37 5
29 31 28 6
29 32 41 6
29 33 41 8
30 33 37 7
30 34 37 4
31 48 31 4
32 436 4 1
33 34 32 6
33 431 8 2
34 35 35 6
34 36 20 3
34 38 40 6
35 38 44 6
35 41 42 7
36 37 27 4
36 429 14 3
37 39 14 5
37 78 25 5
37 278 18 3
38 39 39 6
38 41 47 7
38 70 43 3
38 71 43 7
38 76 47 8
38 77 44 7
40 41 44 7
40 48 40 6
40 49 38 5
40 51 43 7
41 46 52 7
41 49 50 8
41 76 43 7
42 43 32 6
42 44 29 3
42 236 37 7
42 1536 26 6
42 1537 17 5
42 1538 28 4
43 44 23 3
43 235 37 5
43 249 27 4
44 1521 16 3
44 1537 20 4
45 46 40 7
45 47 40 5
45 49 52 8
45 50 32 6
45 226 35 6
45 673 30 4
46 47 44 8
46 49 41 4
46 76 46 8
47 70 47 7
47 74 43 7
47 76 51 7
47 226 39 5
48 51 36 3
48 52 30 5
49 50 29 3
49 51 37 4
50 671 31 5
50 672 31 3
50 673 33 4
53 54 34 6
53 55 38 7
53 57 31 3
53 62 43 6
53 63 47 9
53 70 44 7
53 71 44 6
53 77 38 6
54 55 33 5
54 56 38 5
54 57 35 5
54 58 49 8
54 59 45 5
54 61 51 5
55 63 43 4
56 57 36 7
56 58 32 4
56 77 37 5
56 78 25 6
56 276 4 3
57 77 34 5
58 287 23 5
59 61 51 8
59 98 8 3
59 102 13 2
59 106 15 2
59 115 40 7
60 61 37 6
60 63 36 4
60 115 30 4
60 117 28 4
60 141 33 4
61 115 37 5
62 63 46 8
62 70 46 8
62 72 45 9
62 74 48 8
63 67 39 5
63 72 43 5
63 141 37 6
64 65 11 4
64 66 14 2
64 139 15 2
64 140 13 1
64 614 10 2
64 615 14 3
65 1504 12 1
66 127 23 4
66 140 10 2
66 1503 29 4
66 1529 20 2
67 69 29 6
67 72 39 6
67 141 40 5
68 69 24 2
68 134 33 5
68 138 20 3
68 141 32 5
68 489 22 5
69 72 49 5
69 489 33 6
69 606 21 2
70 71 43 6
70 74 48 8
70 76 45 7
71 77 43 8
72 73 36 6
72 74 44 7
72 75 37 7
73 75 36 4
73 604 30 5
73 605 22 6
73 606 32 6
74 75 39 6
75 226 38 6
75 604 33 5
80 81 40 5
81 82 53 6
81 239 67 8
81 240 79 12
81 258 80 12
81 426 56 8
81 1493 98 14
81 1494 87 13
82 83 39 6
82 257 40 9
83 256 17 3
83 257 21 4
83 275 11 1
84 435 21 2
84 740 31 4
84 743 31 5
85 741 18 3
86 94 19 3
88 91 33 6
88 92 25 3
88 93 29 4
88 94 32 5
90 92 4 1
90 438 11 1
91 92 23 4
91 93 57 10
91 438 21 3
91 440 27 4
91 763 56 10
91 1191 76 9
91 1192 67 9
91 1193 74 13
92 438 17 2
93 94 45 6
93 1191 73 11
94 417 12 2
94 773 17 3
94 775 26 3
94 1188 54 9
94 1191 56 11
95 97 30 8
95 108 55 7
95 111 44 6
95 726 46 7
95 962 44 7
95 963 47 7
96 97 27 3
96 98 15 3
96 99 9 2
97 100 17 3
97 725 21 3
99 100 17 3
100 287 16 2
100 288 14 2
100 725 22 4
101 103 15 2
101 104 10 1
101 1534 3 1
102 106 17 4
104 1535 20 3
105 106 8 1
105 114 19 2
105 115 10 1
105 1531 21 2
105 1532 23 3
105 1535 31 4
108 110 47 9
108 111 43 6
108 113 15 2
110 111 46 7
110 112 25 3
110 440 29 4
110 762 34 4
110 764 40 7
110 933 23 4
110 966 56 8
110 967 51 8
110 970 54 7
111 967 39 6
113 935 13 2
114 1531 20 1
115 117 17 1
116 117 12 4
116 134 13 3
116 1528 11 2
116 1529 23 3
116 1530 18 4
116 1531 17 2
117 134 20 3
118 119 31 3
118 120 26 4
118 122 30 5
118 128 33 7
118 1529 29 6
118 1531 27 5
119 126 29 3
119 128 33 7
120 121 54 7
120 122 37 5
120 123 35 5
120 124 39 4
120 125 35 4
121 122 45 4
121 169 4 1
121 181 13 2
121 1531 43 8
121 1532 37 5
122 1531 33 5
123 124 30 4
123 168 13 4
124 125 45 6
124 165 37 7
124 166 23 4
124 167 6 1
125 126 31 4
125 165 34 4
126 128 36 4
126 159 35 6
126 164 33 5
126 165 34 5
127 128 33 5
127 1503 26 2
127 1529 23 2
128 132 30 6
128 1503 31 5
129 130 32 4
129 301 36 4
129 302 34 5
130 302 21 2
130 498 25 6
130 661 26 4
131 132 26 2
131 133 24 3
131 300 22 4
131 619 17 2
131 1504 21 4
132 133 27 4
132 164 32 4
132 1503 29 6
133 158 33 5
133 162 28 4
133 163 27 4
133 164 32 4
133 300 28 5
134 138 17 3
134 141 20 3
134 1530 22 4
135 136 29 5
135 137 27 5
135 229 33 5
135 245 42 6
135 247 20 2
135 289 26 4
136 137 31 5
136 245 21 3
136 1538 24 4
137 229 29 5
137 250 41 8
138 139 16 2
138 140 13 1
138 1530 18 2
139 140 15 4
139 489 19 3
139 615 15 5
140 1529 16 2
140 1530 18 2
142 143 41 5
142 144 40 6
142 146 39 7
142 147 41 7
142 148 41 9
142 149 40 4
142 150 35 4
143 144 36 6
143 146 41 4
143 151 36 4
143 152 38 4
143 158 43 5
143 159 36 4
143 165 40 7
144 150 34 5
144 151 35 7
145 146 41 6
145 165 42 5
146 165 36 7
147 148 21 2
147 149 43 7
147 176 23 3
147 217 37 5
149 150 39 6
149 217 40 9
150 151 41 4
150 217 38 5
150 218 26 4
150 230 37 7
150 234 35 6
151 152 32 5
151 156 33 5
151 161 33 8
151 234 40 6
152 158 33 5
152 161 30 6
152 163 30 4
153 154 29 6
153 155 10 2
153 230 28 4
154 232 48 7
154 233 25 4
155 157 18 3
155 550 22 5
155 551 12 3
156 157 24 4
156 161 20 3
156 234 32 5
157 550 20 1
158 159 36 6
158 163 31 5
158 164 34 4
159 165 37 5
160 161 23 3
160 162 19 2
160 548 17 1
161 162 25 2
161 163 29 5
162 300 19 4
162 549 19 2
165 166 34 5
167 168 19 1
167 171 17 3
167 212 17 4
168 170 13 3
168 172 14 3
169 170 14 2
170 172 21 4
170 186 18 2
170 792 21 4
171 172 19 4
171 212 22 3
171 214 26 4
171 792 33 5
171 793 32 5
171 804 30 5
172 792 27 4
173 175 15 3
173 179 29 5
174 176 11 2
174 177 25 3
174 179 31 3
174 180 27 5
175 215 34 8
175 217 40 5
176 217 38 5
177 178 13 3
177 180 25 5
177 400 27 5
177 811 20 4
177 816 13 3
178 400 21 2
179 826 31 5
179 827 23 4
180 876 25 5
181 182 23 5
181 183 42 6
181 184 44 8
181 185 26 6
181 186 22 4
182 1535 7 2
183 184 43 6
183 187 39 4
183 189 33 6
183 1533 21 3
183 1534 15 2
184 185 22 3
184 187 36 3
185 186 30 6
185 192 28 4
185 786 28 4
185 787 28 6
185 792 27 5
186 792 29 5
187 189 38 6
187 190 29 4
187 191 29 3
187 192 27 7
188 189 53 8
188 190 29 4
188 918 45 8
188 920 32 5
188 924 45 8
188 928 47 8
188 933 27 5
188 935 20 5
189 1533 29 6
190 191 29 4
191 192 31 7
191 840 54 8
191 841 29 7
191 849 54 8
192 787 35 4
193 195 31 6
194 196 11 3
194 198 27 2
195 196 21 3
195 252 42 7
195 254 39 7
195 403 53 7
195 1206 45 7
195 1207 73 13
195 1213 48 8
195 1520 30 5
196 254 23 5
197 198 19 6
197 221 24 3
197 223 20 4
197 254 26 5
198 199 26 7
198 448 35 5
199 448 33 7
199 449 37 5
199 828 25 4
199 829 29 4
200 829 22 2
202 203 31 5
202 205 22 3
202 271 22 4
202 273 23 2
202 444 24 5
202 446 29 7
203 204 23 5
203 210 17 3
203 446 22 3
204 205 17 2
205 206 16 4
206 403 30 6
206 1211 21 5
206 1213 33 5
207 208 26 8
207 209 21 4
207 404 23 4
207 829 24 4
207 830 23 5
207 831 20 3
208 402 20 4
209 210 23 5
209 831 19 4
210 446 24 4
210 447 28 3
210 832 17 4
211 213 20 5
212 213 22 3
212 214 18 4
213 214 26 4
213 400 25 4
213 401 27 3
213 804 30 5
213 806 28 4
214 804 23 2
215 216 49 6
215 217 43 8
215 220 41 7
216 217 41 7
216 218 45 8
216 219 48 8
216 220 53 7
216 225 40 8
216 230 38 5
217 218 41 6
218 230 38 6
219 220 48 7
219 224 39 6
220 221 34 6
220 222 46 6
220 223 34 6
221 448 23 5
222 223 40 7
222 224 42 7
222 250 38 6
222 251 37 7
222 254 37 5
224 225 44 8
224 228 37 7
224 231 39 8
224 251 37 6
225 230 34 5
225 231 37 5
225 233 37 5
226 673 32 4
226 675 30 6
227 228 28 3
227 229 32 3
227 231 30 5
227 232 37 6
227 289 32 6
227 561 26 6
228 229 41 6
228 231 27 4
228 251 38 6
229 250 35 7
229 251 36 4
229 289 32 7
230 233 34 6
230 234 33 5
231 232 31 4
231 233 19 4
232 559 24 2
235 236 39 4
235 237 41 4
235 238 45 7
235 248 25 3
235 304 52 10
235 1522 45 8
236 237 44 5
236 241 37 5
236 1536 25 4
237 238 43 7
237 240 50 7
238 239 36 6
238 290 33 6
238 304 37 5
239 240 60 8
239 290 29 6
239 291 28 4
239 426 41 6
240 241 51 6
240 1494 63 9
240 1525 50 9
241 1525 43 6
241 1526 34 5
241 1536 35 5
242 244 33 5
242 454 25 3
242 455 32 4
242 616 27 5
243 244 28 5
243 452 35 4
243 453 28 5
243 454 29 3
244 452 27 5
244 458 24 4
244 479 26 5
245 246 43 6
246 247 48 9
246 477 26 3
246 483 38 8
246 485 30 4
246 1507 31 4
246 1521 34 7
247 483 46 8
247 562 44 6
248 249 27 4
248 1522 51 9
249 456 24 5
249 482 26 3
250 251 39 3
250 1527 47 7
252 253 22 6
252 254 41 5
252 1520 20 6
253 254 31 4
253 255 37 4
253 1520 22 3
253 1526 21 3
254 255 28 5
256 257 32 4
256 1210 26 7
257 258 56 10
257 259 49 7
257 260 41 6
258 1493 64 10
259 260 29 4
259 1234 60 8
259 1235 66 10
259 1236 55 10
259 1269 36 5
260 261 28 4
260 1267 35 6
261 1212 22 3
261 1232 28 5
261 1266 21 3
261 1267 28 5
262 263 36 7
262 264 40 5
262 266 33 5
262 267 39 7
262 268 33 5
262 269 41 5
262 270 38 5
263 264 32 5
263 406 38 6
263 411 12 3
263 960 25 2
263 1165 31 3
264 270 45 7
264 1165 40 5
265 266 23 5
265 268 26 2
265 441 18 4
265 443 19 2
265 444 20 3
265 446 29 4
266 442 14 2
267 268 34 5
267 269 39 6
267 446 31 5
267 447 24 5
267 847 38 4
267 848 31 4
267 882 45 5
269 270 44 7
269 882 47 7
270 882 49 6
270 948 35 7
270 952 48 8
271 272 7 4
271 273 22 4
272 1210 10 2
273 274 37 5
273 443 36 6
274 275 12 4
274 435 29 4
274 743 42 5
274 746 47 6
274 979 48 7
274 986 59 9
275 433 10 1
276 280 33 4
277 278 28 4
277 280 40 10
277 281 34 4
278 279 27 6
278 429 29 2
279 281 37 6
279 432 39 4
279 721 43 7
279 722 39 6
279 727 43 7
280 723 34 4
280 725 32 4
280 727 41 7
282 283 36 7
282 285 33 4
282 286 28 3
283 284 33 5
283 286 33 6
283 297 40 6
283 424 31 4
283 696 26 5
283 750 27 4
285 286 32 4
285 414 21 4
285 415 36 5
285 687 41 6
285 689 39 8
285 694 40 8
286 694 31 4
287 288 11 3
288 725 27 3
289 562 25 5
290 291 35 5
290 294 26 4
290 295 35 4
290 303 27 4
290 304 27 5
291 295 40 7
291 296 46 7
291 426 31 6
292 293 40 8
292 294 43 5
292 295 42 5
292 296 47 7
292 297 44 5
293 294 43 7
293 298 47 8
294 295 35 6
294 298 41 7
294 299 27 3
294 303 30 4
295 296 43 7
296 422 8 1
296 425 18 3
296 426 30 5
297 424 35 6
298 299 40 6
298 301 39 6
299 301 45 6
299 303 21 4
300 619 23 4
300 620 21 3
301 302 22 5
302 495 22 2
302 1506 24 5
303 1506 30 3
303 1523 23 4
304 1522 41 6
304 1523 19 2
305 306 10 2
305 307 7 1
305 312 8 1
306 307 12 2
306 308 6 1
306 309 7 1
306 313 5 1
307 309 10 1
307 314 13 3
307 320 16 3
307 321 8 2
308 309 9 1
308 330 4 1
309 326 9 2
310 352 5 1
310 356 4 1
312 379 4 1
313 377 4 1
314 315 7 2
314 316 7 1
315 320 7 2
317 318 13 3
317 390 12 3
318 319 11 1
319 322 8 1
319 684 13 3
319 685 18 3
320 321 9 1
320 322 11 1
320 324 8 2
320 325 6 2
321 324 11 2
321 326 10 2
322 323 5 2
323 586 6 2
323 589 8 3
324 327 13 3
324 584 13 2
326 327 9 2
326 329 7 1
327 328 7 2
328 336 9 4
329 334 5 1
330 331 3 1
330 333 6 2
331 1517 3 1
332 353 3 1
332 1515 4 1
333 357 5 1
334 335 2 1
335 1516 3 2
336 337 4 1
337 1497 3 1
338 339 5 2
338 346 5 1
339 341 6 1
339 342 6 1
339 344 6 2
340 342 6 2
340 347 5 1
340 1517 4 1
341 342 7 1
341 343 6 2
341 1497 6 2
342 1516 5 1
343 531 3 1
344 345 8 1
344 530 15 4
345 348 7 1
345 526 11 1
346 351 5 1
347 350 4 1
348 349 5 2
349 351 11 2
350 351 4 1
350 361 3 1
350 1518 5 2
351 360 4 1
352 354 4 1
353 369 6 1
354 355 6 3
354 376 8 1
354 377 12 2
358 364 5 1
358 1514 3 1
359 360 3 2
359 365 7 1
360 362 9 3
361 1515 3 1
362 363 6 3
363 366 5 1
363 572 11 2
364 365 6 1
364 1513 4 1
366 367 5 1
367 368 3 2
367 465 9 2
367 571 6 1
368 465 6 1
368 466 8 2
369 1515 2 1
370 372 4 1
370 375 8 1
371 1511 5 1
372 1513 3 1
373 383 12 1
373 462 17 2
374 461 14 3
375 381 12 4
376 377 5 1
376 381 10 2
377 378 21 6
377 379 14 3
378 379 9 2
378 380 10 3
378 381 8 2
378 385 13 4
380 381 13 2
380 382 14 3
380 384 13 3
382 383 16 3
382 384 13 3
382 512 15 2
382 516 17 3
384 385 10 2
384 387 11 2
385 389 9 1
386 513 11 3
386 515 5 2
387 388 9 2
387 389 23 3
387 390 13 3
387 646 16 2
388 515 6 2
391 392 25 3
391 393 26 3
391 399 23 3
391 958 16 4
392 393 39 5
392 395 40 7
392 840 54 9
392 845 44 7
392 957 25 5
392 958 21 3
393 394 46 6
393 395 42 9
393 396 41 7
393 397 38 6
393 398 26 4
393 399 30 6
394 397 25 4
394 844 32 5
394 1405 13 4
394 1411 10 2
395 840 56 8
396 397 23 5
396 398 38 7
396 918 46 6
397 1405 8 2
398 399 25 5
398 918 31 5
399 921 19 3
400 401 27 4
401 811 20 3
402 403 15 3
403 1213 42 6
404 829 24 3
405 406 9 2
405 409 4 2
405 953 8 3
405 959 9 2
406 407 11 2
406 959 14 1
408 954 10 3
409 954 7 2
412 413 45 5
412 415 30 4
413 416 26 5
415 689 32 5
416 436 37 7
416 437 37 6
416 689 31 5
416 692 30 4
416 709 31 5
417 418 12 1
417 419 7 1
418 441 25 5
418 443 29 4
418 445 33 5
418 774 43 5
418 780 41 7
418 781 41 6
418 978 43 8
421 442 6 2
422 423 17 2
423 424 24 4
423 742 22 3
423 750 25 2
424 750 20 3
425 426 42 7
425 428 3 1
428 741 18 3
429 431 23 4
429 432 27 6
430 431 29 7
430 432 39 7
430 436 57 6
430 709 45 6
430 710 41 6
430 721 46 6
431 436 28 4
432 721 43 7
433 434 10 1
433 435 9 2
435 743 31 4
436 437 26 3
437 709 34 9
438 440 15 3
439 933 16 3
440 762 32 6
441 442 19 4
441 443 20 3
443 444 21 3
443 445 31 6
444 446 23 3
445 978 35 5
446 447 29 5
447 848 26 4
448 449 33 7
449 826 26 4
450 451 9 2
450 459 14 5
451 1510 8 2
452 458 19 3
452 459 21 4
452 490 13 2
453 454 32 5
453 488 24 4
453 1508 17 4
454 455 28 5
454 457 32 4
454 488 29 4
455 456 45 7
455 457 26 5
455 507 24 3
455 616 31 4
456 482 31 6
456 492 13 1
456 1524 10 1
457 476 29 5
457 482 37 5
457 488 35 6
458 459 23 3
458 479 30 3
458 491 27 5
459 462 21 5
459 491 24 5
459 506 19 4
459 516 18 3
460 461 7 2
460 1509 7 2
461 462 14 1
462 516 17 1
463 464 12 2
463 470 19 3
463 471 21 3
463 1510 11 2
464 465 13 3
464 469 14 3
464 471 19 4
465 467 12 3
465 468 9 2
465 469 13 3
466 467 20 4
466 1511 7 1
467 1509 7 3
468 571 8 2
469 473 21 4
469 569 13 3
469 570 20 2
470 471 21 5
470 474 24 4
470 1512 18 3
471 472 30 5
471 473 23 4
471 475 25 2
472 473 24 3
472 475 29 4
472 484 36 6
472 486 36 5
472 563 34 4
472 564 26 3
472 570 31 3
473 570 21 4
474 475 30 4
474 484 31 4
474 485 31 4
474 1507 27 3
474 1508 19 4
474 1512 20 4
475 484 31 4
476 477 29 4
476 478 39 5
476 482 44 6
476 488 33 3
476 1507 30 4
477 1507 33 5
477 1521 33 6
478 482 35 7
478 1521 21 5
479 480 38 4
479 481 42 6
479 491 32 6
479 616 31 6
480 481 38 4
480 500 38 6
480 503 25 3
480 508 29 6
481 500 38 7
481 616 33 5
483 484 40 6
483 487 47 7
484 485 35 7
484 486 40 6
484 487 45 8
485 1507 27 4
486 487 38 5
486 563 34 3
487 560 40 6
487 561 51 8
487 562 54 8
488 1507 21 3
489 606 18 3
489 607 18 1
490 1512 17 4
491 504 28 4
491 505 28 4
491 506 29 5
492 494 11 2
492 507 29 5
492 1539 14 3
493 495 23 4
493 1506 13 1
494 497 37 7
495 496 50 4
495 498 45 7
495 499 56 8
496 497 42 5
496 499 55 7
496 500 57 11
497 500 48 10
497 507 27 5
497 616 41 8
498 499 60 10
498 661 48 8
499 500 61 9
499 501 55 10
499 659 57 9
499 660 61 12
499 661 66 9
500 501 51 8
500 502 46 7
500 503 38 8
501 502 50 8
501 660 50 7
502 503 38 7
502 511 33 5
502 651 39 6
502 652 41 7
504 505 32 6
504 506 23 3
504 509 19 3
504 512 22 3
504 513 25 5
505 508 23 2
506 516 21 4
508 510 28 6
508 511 27 6
509 510 19 3
510 511 31 5
510 514 15 3
510 649 17 4
510 651 29 4
511 651 28 7
512 513 16 2
512 516 19 4
513 514 8 1
513 515 9 3
514 515 11 2
514 650 10 1
517 518 14 3
517 519 18 3
517 520 23 5
517 521 16 3
517 522 19 4
517 523 20 3
517 524 17 5
518 519 11 2
518 525 13 3
519 529 12 1
519 534 19 4
520 521 21 5
520 523 20 1
520 534 22 4
520 537 19 5
520 539 23 4
520 540 28 4
520 544 26 4
521 534 17 2
522 523 16 1
522 524 16 3
522 539 26 5
522 543 25 3
522 554 22 3
522 557 20 2
522 567 16 2
523 539 24 3
524 567 11 1
525 568 11 2
526 530 10 1
527 528 8 1
528 573 6 2
529 530 12 3
529 533 11 3
529 534 14 2
531 532 4 1
531 633 6 1
532 533 17 2
532 633 6 1
533 534 17 2
533 536 20 2
533 631 14 4
534 535 23 4
534 536 16 3
534 537 23 4
535 536 18 4
535 537 29 6
535 544 29 3
535 547 33 7
535 622 28 5
535 624 25 4
535 630 28 3
536 630 20 3
537 544 27 5
538 539 31 4
538 540 31 5
538 542 30 4
538 544 34 6
538 545 34 6
538 548 37 5
538 550 37 4
539 540 22 3
539 542 38 7
539 543 24 2
540 544 29 5
541 542 27 2
541 543 30 4
541 550 35 7
541 551 38 5
541 552 29 4
541 558 31 6
543 554 30 4
544 545 38 7
544 546 36 6
544 547 35 6
545 546 35 7
546 547 33 6
546 549 44 5
546 618 40 5
546 619 41 6
546 620 49 8
546 622 35 5
547 622 31 6
548 549 35 4
549 620 33 4
550 551 17 2
551 558 35 6
552 553 35 5
552 554 36 7
552 558 39 7
553 554 39 5
553 556 37 5
553 558 44 6
553 559 49 7
553 560 44 7
553 561 51 7
553 563 41 8
554 555 31 5
554 556 28 5
554 557 24 5
555 556 32 5
555 557 24 5
555 563 34 6
555 564 24 4
555 567 23 4
555 570 24 4
556 563 31 5
557 567 20 2
558 559 44 7
559 561 34 3
560 563 46 7
561 562 32 5
563 564 31 6
564 570 28 5
565 566 22 3
565 567 16 3
565 568 12 1
565 569 15 2
565 570 20 2
565 571 12 2
566 567 15 4
566 570 20 3
569 570 15 3
569 571 15 3
571 572 12 3
572 573 8 2
574 575 20 3
574 576 18 3
574 577 22 5
574 584 13 3
574 586 12 3
574 587 12 2
575 576 18 3
575 577 15 2
575 579 24 2
575 580 25 5
575 581 14 3
576 582 15 2
577 590 41 6
578 580 30 2
578 590 30 6
578 593 32 6
578 595 40 9
578 596 36 9
579 580 23 4
579 581 18 3
579 609 23 2
579 613 16 1
580 596 25 4
581 582 16 2
581 625 11 3
582 583 13 4
582 628 7 1
582 635 14 1
583 585 12 1
584 586 22 2
585 635 8 1
586 587 14 3
586 588 17 2
586 589 7 3
587 588 16 2
588 590 22 4
588 592 21 2
588 682 20 4
588 684 17 3
589 684 7 1
590 591 35 5
590 592 21 3
590 593 35 6
591 592 28 4
591 593 31 4
591 601 40 7
591 677 33 7
591 683 29 3
592 683 23 4
593 601 41 7
594 595 45 6
594 598 50 5
594 600 56 8
594 601 48 6
594 604 61 10
594 605 58 5
594 606 52 10
595 596 39 5
595 601 42 8
596 597 36 5
596 598 46 9
596 599 29 5
597 598 38 4
597 599 32 3
597 606 51 8
597 607 42 5
597 608 34 5
597 609 29 4
597 615 41 6
599 609 23 4
600 601 51 6
600 602 54 9
600 604 61 9
601 602 56 10
601 603 40 7
602 603 53 7
602 604 61 9
602 674 55 8
602 675 64 10
602 676 55 9
603 676 43 6
604 605 43 8
605 606 40 6
606 607 29 2
607 615 27 7
608 610 21 3
609 610 21 3
609 611 20 2
609 612 16 3
609 613 16 2
610 1502 21 5
611 1505 11 4
612 613 8 1
614 615 14 4
614 1501 7 1
617 618 30 6
617 619 33 4
617 622 26 3
617 1500 33 5
617 1501 25 4
617 1502 21 5
617 1505 22 4
618 619 37 5
618 622 22 3
619 620 33 4
619 1500 28 2
622 623 21 3
622 624 21 4
623 624 10 2
623 630 15 3
623 632 17 3
623 1499 13 1
623 1505 15 4
624 630 22 4
625 627 7 3
626 628 4 1
627 1498 11 4
629 631 11 1
629 632 14 3
629 1496 10 1
630 632 18 4
632 1498 6 1
634 1495 7 2
635 636 4 1
636 1495 5 2
637 638 29 4
637 639 22 6
637 641 30 3
637 646 26 3
637 647 24 5
637 649 18 2
638 640 44 9
638 641 30 6
638 642 40 4
638 643 43 7
638 644 28 5
638 645 27 5
639 645 19 4
639 647 24 5
640 641 41 5
640 643 45 8
640 651 44 7
640 652 43 8
640 654 60 10
640 655 58 7
641 651 31 5
642 643 40 8
642 658 56 10
642 666 49 8
642 670 39 6
643 655 63 9
644 645 31 3
644 680 25 5
645 680 23 3
645 681 25 7
646 647 15 2
646 650 14 4
647 648 12 1
648 686 17 5
649 650 22 4
651 652 42 8
653 654 62 11
653 655 67 10
653 656 68 8
653 659 61 8
653 660 64 9
653 661 62 8
653 662 69 11
654 655 62 9
654 660 54 9
655 656 70 9
655 657 65 8
655 658 57 10
656 657 67 10
656 663 69 9
657 658 55 9
657 663 68 9
657 664 67 8
657 665 57 9
657 672 67 9
658 666 54 8
659 660 63 11
659 661 60 8
661 662 52 9
662 663 55 10
663 664 51 5
664 672 47 7
665 666 66 12
665 667 64 10
665 672 67 9
666 667 64 10
666 668 50 9
666 669 51 7
666 670 47 5
667 668 55 6
667 671 65 9
667 672 69 11
667 673 67 12
667 674 61 8
667 676 61 11
668 669 64 8
668 676 49 9
669 670 40 7
669 676 46 8
669 677 35 6
669 679 32 6
669 680 36 7
670 680 36 7
671 672 49 6
671 673 50 8
673 674 64 12
673 675 52 8
674 676 57 8
676 677 42 6
677 683 37 5
678 679 32 3
678 681 20 3
678 683 24 4
678 685 20 3
679 680 27 5
679 683 23 2
682 683 18 3
684 685 10 3
685 686 14 3
687 688 36 5
687 689 42 5
687 694 37 5
688 689 38 6
688 693 35 6
688 694 38 6
688 697 31 5
688 698 33 5
689 690 33 4
689 691 27 5
689 692 26 4
690 692 33 7
690 703 31 3
690 706 37 7
690 709 45 7
690 711 44 5
691 703 31 6
692 709 34 7
693 694 27 3
693 695 31 5
693 697 28 3
694 695 65 9
695 696 26 4
695 699 18 1
695 750 26 4
696 750 26 4
697 698 37 6
697 699 21 3
697 700 20 5
697 701 21 5
697 702 34 5
698 702 35 7
698 703 36 6
699 700 12 4
700 701 16 3
700 749 19 3
701 702 28 4
701 779 24 4
702 703 39 5
702 705 37 8
702 776 28 4
702 779 29 5
703 704 36 7
703 705 33 4
703 706 34 6
704 705 35 5
704 706 37 6
704 711 42 8
704 713 38 7
704 768 34 5
704 770 34 5
704 777 50 8
706 711 38 5
707 708 48 6
707 709 48 8
707 710 50 6
707 712 38 7
707 715 43 5
707 721 45 6
708 709 41 6
708 711 48 7
710 721 52 7
711 712 44 6
711 713 36 6
712 716 41 7
713 714 39 4
713 768 30 5
714 716 31 5
714 718 27 6
714 766 24 4
715 716 45 7
715 719 45 7
715 721 48 8
716 717 22 4
716 718 20 5
716 719 40 5
716 720 26 4
717 718 17 4
717 720 15 2
717 729 20 2
717 731 18 5
717 766 15 4
718 766 22 5
719 720 26 4
719 721 52 7
719 722 49 9
719 727 48 6
719 728 43 5
719 729 38 6
720 729 23 2
721 722 48 8
722 727 45 7
723 724 39 5
723 725 36 5
723 727 41 7
724 725 35 5
724 726 56 9
724 728 48 7
724 729 39 6
724 730 38 7
724 733 37 7
724 734 48 7
724 963 56 7
725 726 36 5
726 963 47 6
727 728 46 7
728 729 38 5
729 730 36 4
729 731 21 3
729 732 33 4
730 732 42 7
730 733 37 4
731 732 26 4
731 766 21 3
732 736 41 6
732 762 33 5
732 764 36 5
732 766 36 6
733 734 32 4
733 736 40 5
733 737 38 8
733 738 37 7
734 737 44 9
734 963 48 8
735 736 47 7
735 738 25 4
735 971 30 7
735 1385 9 2
736 970 44 8
737 738 25 4
737 963 49 7
737 965 22 4
737 1390 11 2
738 1386 12 3
738 1390 8 1
739 740 25 3
739 742 23 5
739 744 23 5
739 747 23 2
739 748 27 3
739 750 24 3
740 743 26 5
742 750 21 3
743 744 28 5
743 745 34 5
743 746 32 5
744 745 25 3
744 747 24 3
745 747 29 4
745 749 31 5
745 778 43 5
745 779 40 7
745 982 52 8
745 984 50 7
745 986 41 5
746 986 52 9
747 748 19 4
748 750 25 4
749 779 27 5
751 755 51 9
751 1173 44 7
751 1191 63 7
751 1192 68 11
751 1193 69 11
752 753 49 8
752 755 56 8
752 757 49 9
752 758 50 6
753 759 50 8
753 1172 44 7
754 755 50 6
754 757 89 13
754 1178 58 8
754 1189 67 8
754 1190 92 12
756 757 55 7
756 758 23 4
756 1176 49 8
756 1182 23 4
757 1176 42 4
758 759 29 4
758 1088 3 1
759 1087 4 1
759 1172 46 9
759 1174 23 4
760 761 41 6
760 762 39 6
760 763 43 6
760 765 34 5
760 766 38 6
760 767 42 6
760 768 36 6
760 1190 88 16
761 762 30 7
761 766 31 4
762 763 44 6
762 764 35 6
763 1193 62 10
764 970 43 5
765 766 36 6
765 768 42 5
767 768 31 5
767 769 48 10
767 1189 65 9
768 769 37 7
768 770 43 5
769 770 35 5
769 772 21 4
769 775 36 7
769 777 29 4
769 1186 45 7
769 1187 53 5
769 1189 63 11
771 772 29 6
771 773 30 5
771 776 43 5
771 777 34 3
771 778 39 7
771 779 43 7
771 780 46 7
771 782 42 6
771 982 48 8
772 773 30 5
773 774 25 5
773 775 10 3
774 780 33 5
775 1187 43 8
776 777 34 6
776 779 42 7
778 779 36 5
778 982 41 9
780 781 38 6
780 782 42 6
780 783 45 7
780 785 32 5
781 785 38 7
781 978 37 5
782 783 46 5
782 982 41 7
783 784 37 5
783 972 41 6
783 974 45 7
783 982 47 7
783 985 50 8
783 1005 53 8
784 785 24 5
784 972 25 5
785 972 23 4
785 973 14 2
785 980 31 7
786 787 28 3
786 790 46 7
786 792 27 7
787 788 26 5
787 789 19 5
787 791 36 5
788 849 27 4
789 791 15 3
789 809 17 3
789 849 20 5
790 791 21 3
790 792 23 4
790 793 22 3
790 803 24 3
790 807 25 5
792 793 27 4
793 804 29 4
794 795 10 3
794 796 17 3
794 797 17 3
794 833 19 4
794 839 16 3
795 796 10 1
795 801 8 2
795 906 4 1
796 797 16 2
796 799 22 4
796 800 27 5
796 801 19 3
796 802 21 5
797 798 25 4
798 799 21 4
798 833 46 8
798 837 34 3
798 1103 11 3
799 800 20 2
799 1169 5 2
800 802 25 3
800 869 41 6
800 873 28 3
801 802 16 3
801 869 16 3
801 872 16 4
801 903 5 1
803 804 23 4
803 807 29 6
804 805 28 4
804 806 30 3
805 806 27 7
805 808 29 4
805 813 46 6
805 864 35 6
806 811 31 4
807 808 29 6
807 809 21 2
808 810 30 3
808 859 23 2
809 810 31 5
809 849 30 6
810 849 39 6
810 852 35 6
810 859 29 7
810 860 33 6
810 895 35 6
810 896 38 6
810 945 35 5
812 813 14 1
812 814 7 2
812 902 6 1
813 907 21 5
814 815 5 2
814 901 7 1
815 816 5 1
817 818 48 8
817 819 48 6
817 825 38 5
817 826 30 6
818 819 51 6
818 821 44 6
818 822 25 4
818 823 28 6
818 824 30 4
818 825 43 5
819 821 34 6
819 826 36 6
819 827 37 6
819 869 40 6
819 875 37 3
819 876 27 3
819 900 30 5
820 821 36 6
820 823 36 7
820 833 41 5
820 834 34 6
820 836 36 4
820 900 39 5
821 900 35 4
822 823 24 4
822 824 23 3
822 832 11 1
822 848 20 3
823 848 28 4
824 825 28 6
824 831 21 4
825 826 30 4
825 828 32 5
825 830 31 4
825 831 31 4
826 827 34 7
826 828 34 4
827 876 36 7
829 830 26 3
830 831 28 4
832 848 22 3
833 834 29 5
833 835 41 6
833 836 39 6
833 837 48 6
833 839 16 2
834 838 9 2
834 882 29 3
835 836 38 8
835 837 30 2
835 856 28 4
835 857 11 3
835 900 44 4
836 900 32 3
837 1086 11 2
838 839 15 3
838 883 7 1
839 904 9 2
840 842 65 7
840 843 51 10
840 844 69 9
840 845 43 6
841 846 17 4
842 844 39 7
842 929 26 3
842 1406 9 3
843 928 41 8
844 1411 13 1
845 846 35 6
845 956 38 6
846 851 25 4
846 956 33 5
847 848 39 4
847 882 39 7
849 850 21 2
849 851 17 4
849 852 27 6
850 851 24 5
850 852 19 5
850 945 27 6
850 947 26 4
850 956 34 4
852 945 27 6
853 855 2 1
853 1257 22 4
853 1259 30 4
854 855 16 2
854 867 18 4
854 868 4 1
855 1368 11 1
856 857 20 5
856 858 15 3
856 874 26 6
856 900 39 7
857 858 15 4
857 1086 26 2
857 1324 25 5
857 1325 21 2
858 1325 21 4
858 1354 23 4
858 1412 10 3
858 1432 22 4
859 860 31 4
859 863 36 7
859 864 29 4
860 861 36 5
860 896 37 5
861 1370 8 2
862 863 27 5
862 864 38 4
862 907 45 7
862 1374 3 1
863 1371 5 1
864 907 42 7
865 866 7 2
865 1444 17 2
866 1331 7 2
866 1335 13 2
867 1101 13 3
867 1102 7 1
867 1337 18 3
867 1347 24 6
868 1259 21 4
869 870 26 3
869 872 16 1
869 873 39 8
869 874 45 6
869 875 42 6
870 871 11 1
870 876 17 4
871 872 9 1
871 876 11 2
872 901 11 2
873 874 28 4
873 1353 5 1
873 1412 11 2
874 875 37 6
874 900 43 5
874 1412 8 1
875 900 30 3
878 880 4 2
878 1464 8 2
879 1014 13 1
880 1362 5 1
881 1166 41 7
882 884 15 3
882 885 34 6
883 884 11 2
883 904 11 2
884 885 21 3
884 905 15 2
884 945 36 4
885 945 32 4
886 888 4 1
886 889 16 3
886 890 23 4
886 892 22 4
886 894 16 1
887 889 10 2
889 890 19 4
890 892 20 2
890 908 21 2
890 1389 4 1
891 892 22 3
891 894 30 4
891 896 47 8
891 899 38 6
891 1380 10 4
892 1388 10 2
893 894 12 3
893 898 11 2
895 897 14 2
895 945 38 5
896 897 18 2
896 898 15 3
896 899 49 8
896 1419 22 2
897 898 14 2
898 904 12 3
899 1379 6 1
901 903 14 2
902 907 9 1
904 905 9 3
907 908 38 7
908 1397 2 1
909 910 34 4
909 911 26 2
909 917 24 5
909 958 12 1
910 911 40 6
910 913 35 4
910 914 47 7
910 916 35 5
911 913 34 3
911 955 23 3
911 959 22 2
911 961 30 5
911 1166 40 6
912 914 25 3
912 1166 44 8
912 1360 10 2
913 1166 32 5
914 915 30 3
914 1343 10 2
914 1359 5 1
915 916 46 8
915 1168 29 3
915 1343 9 3
916 1167 44 9
917 949 48 7
917 951 51 8
917 956 51 8
917 957 13 3
917 958 19 3
918 920 26 6
918 921 18 4
918 922 51 7
918 923 51 5
918 924 42 5
919 920 15 1
919 921 12 3
919 934 5 1
920 933 16 3
921 954 11 2
922 923 23 4
922 924 49 6
922 928 54 9
922 929 28 4
922 1381 6 1
923 1373 6 2
924 928 38 8
925 931 6 3
925 1355 12 2
926 1024 14 2
927 1024 2 1
930 1307 8 2
930 1470 12 2
930 1471 13 3
931 1030 4 2
931 1460 11 2
936 937 49 8
936 938 45 8
936 944 38 6
936 1165 41 4
937 940 44 8
937 941 38 7
937 942 43 8
937 943 28 3
938 940 47 8
938 951 42 8
938 952 40 6
938 1165 50 8
938 1167 54 8
939 940 51 8
939 942 26 3
939 1167 52 8
939 1168 37 7
939 1413 10 1
940 1167 44 7
941 942 24 5
941 943 39 3
941 1166 46 6
942 1290 9 2
942 1331 7 2
943 944 36 7
943 1166 42 8
944 959 30 4
944 960 35 5
944 961 28 4
944 1166 41 8
945 948 33 5
946 947 24 5
946 948 24 4
946 949 25 4
946 950 26 5
946 956 26 4
947 956 26 4
948 949 39 5
949 950 26 2
949 951 43 4
949 952 34 4
950 956 35 7
951 1167 56 6
952 1165 41 5
953 954 14 1
953 959 12 2
955 958 16 3
957 958 20 4
959 960 29 6
959 961 25 4
960 1165 26 4
961 1166 37 7
962 963 43 6
962 964 37 3
962 967 32 4
963 964 43 6
963 965 41 6
964 965 21 4
964 969 22 3
964 1399 6 1
964 1400 11 2
965 1399 8 2
965 1410 6 1
966 967 47 7
966 968 55 9
966 970 55 8
967 969 62 7
968 969 25 4
968 970 57 7
968 1395 12 1
969 1395 17 3
970 971 51 8
971 1322 8 1
972 973 17 2
972 974 37 6
972 976 22 5
972 977 24 3
973 977 12 1
973 998 25 4
973 1277 37 8
973 1285 35 7
974 975 38 3
974 1005 43 6
975 976 23 4
975 1005 42 7
975 1006 43 6
975 1043 31 5
975 1045 23 3
975 1048 30 6
976 977 20 3
976 1043 17 3
977 1277 31 6
978 979 39 7
978 980 33 5
978 981 36 3
979 981 44 6
979 986 45 7
980 981 29 5
981 986 58 8
981 987 59 9
981 997 36 6
981 1002 52 8
982 983 60 8
982 984 55 9
982 985 55 9
983 984 55 9
983 985 61 11
983 986 53 9
983 987 70 11
983 1001 63 10
983 1002 55 8
983 1005 73 10
984 986 40 5
985 1005 64 7
986 987 56 11
987 1002 55 9
988 992 13 2
988 995 12 3
989 990 4 1
989 1156 5 1
990 996 8 1
991 992 31 5
991 993 13 3
991 1116 17 2
991 1117 18 2
991 1120 23 4
991 1121 13 2
992 1162 15 3
993 994 16 3
993 1116 20 2
994 1068 12 1
994 1150 9 2
995 1152 10 1
996 1145 5 1
997 998 38 6
997 999 31 5
997 1002 31 6
998 999 27 3
998 1000 15 2
998 1055 21 5
999 1000 19 3
999 1002 42 6
999 1004 34 3
999 1050 32 4
999 1051 22 3
999 1054 20 3
1001 1002 53 7
1001 1003 56 6
1001 1005 66 10
1002 1004 46 6
1003 1004 40 8
1003 1006 43 7
1003 1048 41 6
1003 1049 35 5
1003 1050 42 8
1004 1050 33 6
1005 1006 52 7
1006 1048 35 6
1007 1010 9 1
1007 1081 22 4
1007 1082 19 3
1007 1111 37 5
1007 1150 11 1
1008 1009 21 4
1008 1012 21 4
1009 1111 19 2
1010 1149 13 3
1011 1074 17 4
1011 1076 21 4
1011 1151 9 2
1011 1153 15 2
1012 1107 20 4
1015 1465 12 3
1016 1018 17 2
1016 1019 29 4
1016 1021 11 1
1017 1020 9 3
1017 1135 26 4
1017 1143 28 5
1017 1160 13 2
1017 1161 18 2
1018 1143 25 6
1019 1020 9 2
1019 1105 16 3
1019 1159 13 2
1020 1160 9 1
1021 1104 16 4
1021 1327 13 3
1025 1026 25 5
1025 1027 20 2
1025 1028 23 3
1025 1029 31 5
1025 1030 32 6
1025 1031 24 2
1026 1028 21 4
1026 1043 29 6
1026 1045 27 4
1026 1046 20 4
1026 1105 19 4
1027 1104 21 4
1028 1029 17 2
1028 1048 19 3
1029 1048 29 4
1029 1049 43 5
1029 1050 44 6
1029 1053 35 4
1029 1135 29 7
1029 1136 33 6
1029 1143 51 9
1030 1143 29 4
1031 1143 25 4
1031 1460 17 4
1034 1035 25 4
1034 1036 29 4
1034 1122 36 5
1034 1125 26 3
1034 1161 16 4
1035 1041 19 3
1035 1125 36 9
1036 1037 15 2
1036 1038 15 3
1036 1040 19 2
1036 1042 14 4
1037 1038 32 5
1037 1163 16 1
1038 1040 10 3
1039 1040 8 1
1039 1147 6 3
1040 1164 12 3
1041 1068 15 2
1041 1149 12 2
1041 1151 12 3
1042 1153 13 1
1043 1044 19 3
1043 1045 27 5
1043 1046 20 5
1044 1047 10 4
1044 1264 26 4
1045 1048 25 3
1046 1047 18 2
1046 1133 16 3
1047 1056 12 2
1047 1129 9 2
1047 1260 25 2
1048 1049 37 7
1049 1050 44 7
1050 1051 23 3
1050 1052 26 4
1050 1053 31 8
1051 1052 15 2
1051 1054 20 4
1052 1053 25 5
1052 1056 12 2
1052 1127 15 4
1053 1136 26 4
1056 1128 5 2
1057 1058 29 5
1057 1060 28 3
1057 1073 24 5
1057 1074 23 3
1057 1089 32 6
1057 1091 13 2
1058 1059 31 6
1058 1065 31 6
1058 1089 24 3
1059 1060 30 3
1059 1061 35 6
1059 1062 29 5
1059 1063 40 7
1059 1065 37 8
1060 1061 28 6
1060 1073 18 4
1061 1062 25 6
1061 1073 25 3
1061 1077 19 6
1061 1099 21 5
1061 1154 20 2
1062 1063 38 7
1062 1098 27 4
1063 1064 22 6
1063 1098 37 6
1063 1377 5 3
1064 1393 4 1
1065 1089 37 5
1065 1092 28 3
1066 1067 18 3
1066 1068 29 5
1066 1070 15 5
1067 1125 14 6
1068 1149 8 2
1069 1119 8 2
1069 1407 7 3
1070 1116 12 3
1071 1072 5 1
1072 1125 16 4
1072 1126 9 2
1073 1074 32 3
1073 1076 15 2
1073 1077 20 5
1074 1107 29 4
1075 1076 16 3
1075 1077 9 4
1075 1147 7 1
1076 1153 11 1
1077 1154 18 4
1078 1079 17 4
1078 1080 15 3
1078 1081 16 2
1078 1082 27 4
1078 1083 31 5
1078 1084 26 6
1078 1085 22 5
1079 1080 11 3
1079 1085 19 2
1079 1154 20 4
1080 1145 7 2
1081 1152 9 2
1082 1083 24 5
1082 1111 32 3
1083 1084 35 3
1083 1090 32 4
1083 1091 12 4
1083 1094 41 5
1084 1085 25 5
1084 1094 36 6
1085 1094 27 5
1085 1095 26 6
1085 1098 26 4
1085 1099 23 5
1085 1154 22 3
1086 1103 12 3
1086 1324 30 4
1086 1329 34 5
1087 1088 6 1
1087 1364 10 2
1087 1477 9 1
1088 1470 13 2
1088 1477 11 2
1089 1090 23 5
1089 1092 34 6
1090 1093 33 5
1090 1094 34 3
1092 1093 22 4
1092 1375 3 1
1093 1094 42 6
1093 1096 23 3
1093 1541 4 2
1094 1095 25 5
1094 1096 32 4
1094 1097 35 6
1095 1098 29 7
1096 1097 21 3
1096 1384 2 1
1097 1098 42 6
1097 1394 7 2
1098 1099 24 5
1098 1100 40 7
1099 1154 19 3
1100 1378 7 1
1101 1114 17 4
1101 1115 5 1
1101 1347 27 3
1102 1115 19 4
1102 1254 32 6
1102 1255 25 3
1102 1259 29 5
1103 1169 16 3
1104 1105 25 5
1105 1133 20 2
1107 1109 14 3
1109 1141 18 4
1109 1467 12 2
1111 1112 18 1
1112 1141 18 5
1114 1242 11 2
1114 1318 18 3
1115 1242 28 4
1115 1254 32 6
1116 1117 11 1
1117 1120 16 2
1118 1124 7 2
1118 1338 2 1
1118 1455 12 4
1119 1345 2 2
1120 1121 20 2
1120 1122 18 2
1121 1160 10 2
1122 1125 17 5
1123 1124 8 1
1127 1128 14 2
1127 1132 9 2
1128 1131 3 1
1129 1130 3 1
1130 1134 17 3
1130 1156 8 2
1131 1155 8 2
1132 1158 8 1
1133 1134 13 4
1134 1162 14 6
1135 1136 32 7
1135 1143 36 7
1136 1137 23 5
1137 1163 13 3
1138 1139 5 1
1140 1466 13 3
1144 1148 5 3
1146 1154 9 1
1148 1164 6 1
1149 1150 11 3
1149 1151 12 3
1150 1152 20 2
1151 1153 21 4
1155 1157 8 1
1155 1158 12 3
1160 1161 13 1
1167 1168 59 9
1168 1348 5 2
1169 1336 20 3
1169 1341 19 4
1170 1171 75 9
1170 1172 37 7
1170 1175 60 8
1170 1183 49 8
1171 1173 43 6
1171 1183 61 9
1171 1184 53 7
1171 1187 61 9
1171 1188 61 11
1172 1173 43 5
1172 1174 36 6
1174 1175 28 4
1174 1364 3 1
1175 1183 60 7
1175 1185 31 4
1175 1367 6 2
1176 1177 52 9
1176 1179 57 6
1176 1180 46 9
1176 1182 37 5
1178 1179 56 8
1178 1189 65 6
1179 1180 55 9
1179 1183 61 9
1179 1184 58 9
1179 1186 57 7
1179 1187 61 9
1180 1183 54 8
1181 1182 27 4
1181 1183 59 11
1181 1185 30 6
1181 1306 4 1
1182 1307 2 2
1183 1185 51 7
1184 1187 53 9
1185 1369 4 1
1186 1187 41 7
1186 1189 51 8
1187 1188 50 8
1188 1191 49 9
1189 1190 57 8
1190 1193 47 6
1191 1192 62 9
1192 1193 59 11
1194 1195 27 4
1194 1196 29 5
1194 1197 30 5
1194 1205 59 8
1194 1209 26 3
1194 1213 36 8
1195 1196 32 2
1195 1201 31 5
1195 1234 27 5
1196 1197 23 3
1196 1198 25 4
1196 1199 28 5
1196 1200 19 3
1196 1201 27 3
1196 1202 24 5
1197 1198 30 4
1198 1200 19 3
1198 1211 17 2
1198 1212 50 6
1198 1213 22 3
1198 1231 35 4
1199 1200 19 3
1199 1202 25 4
1199 1217 23 4
1199 1231 28 3
1199 1233 26 3
1199 1250 28 3
1201 1202 28 5
1201 1234 38 7
1201 1237 39 5
1201 1249 32 6
1201 1250 32 4
1202 1250 23 4
1203 1204 45 7
1203 1205 57 10
1203 1206 53 8
1203 1494 60 7
1203 1520 50 7
1203 1525 47 7
1204 1205 36 5
1204 1208 56 10
1204 1493 38 6
1205 1206 89 12
1205 1207 39 7
1206 1520 36 6
1207 1213 42 9
1208 1209 22 5
1208 1236 25 6
1208 1493 35 5
1210 1211 26 5
1210 1212 20 4
1211 1213 19 2
1212 1231 22 1
1214 1215 44 7
1214 1216 31 3
1214 1219 37 6
1214 1237 51 9
1214 1240 33 3
1214 1249 31 4
1215 1216 35 7
1215 1224 22 5
1215 1225 29 5
1215 1235 43 6
1215 1237 48 7
1215 1272 33 6
1216 1219 32 6
1216 1220 32 5
1217 1218 22 4
1217 1247 27 3
1217 1250 24 4
1218 1222 31 6
1218 1233 24 3
1218 1246 25 3
1218 1248 23 6
1219 1221 22 5
1219 1238 29 5
1219 1239 24 3
1219 1240 30 3
1220 1221 25 3
1220 1222 26 4
1220 1225 22 5
1220 1226 28 4
1220 1246 23 4
1221 1222 26 5
1221 1256 22 4
1222 1246 25 3
1222 1248 26 3
1222 1257 19 3
1223 1224 22 3
1223 1225 11 3
1223 1228 15 2
1223 1229 22 4
1223 1230 18 4
1224 1229 28 5
1224 1272 27 6
1225 1226 24 5
1226 1228 13 3
1226 1231 31 5
1226 1232 26 3
1226 1233 24 2
1226 1246 20 2
1226 1274 22 3
1227 1228 20 3
1227 1230 30 5
1227 1261 37 5
1227 1262 33 8
1227 1274 21 4
1227 1275 25 4
1227 1288 41 5
1228 1274 17 2
1229 1230 27 5
1229 1272 33 5
1229 1273 35 6
1230 1261 33 4
1231 1232 28 7
1231 1233 21 4
1232 1274 18 3
1234 1235 56 8
1234 1236 57 8
1234 1237 43 7
1235 1272 47 9
1236 1493 50 10
1238 1240 25 4
1238 1241 32 4
1238 1242 32 5
1238 1243 27 3
1238 1244 24 3
1238 1245 24 4
1239 1245 23 6
1240 1241 31 3
1241 1243 29 4
1241 1249 35 8
1241 1250 41 6
1241 1251 30 5
1241 1254 34 7
1242 1243 29 4
1242 1244 21 3
1242 1254 34 6
1243 1254 30 6
1244 1320 2 1
1245 1256 27 5
1247 1248 21 3
1247 1250 34 4
1247 1251 28 6
1247 1254 25 4
1247 1255 20 2
1247 1259 30 5
1249 1250 33 5
1250 1251 31 5
1251 1254 25 5
1252 1540 5 1
1253 1341 13 3
1253 1353 12 2
1256 1258 23 4
1257 1259 21 4
1257 1334 17 2
1257 1368 26 4
1258 1368 3 3
1260 1261 31 5
1261 1262 38 5
1261 1263 50 7
1261 1264 41 5
1261 1265 41 6
1262 1263 43 6
1262 1288 39 7
1263 1265 41 5
1263 1288 46 7
1263 1289 42 8
1263 1302 42 6
1263 1303 40 7
1263 1304 48 7
1264 1265 30 3
1264 1278 31 5
1264 1279 28 4
1264 1280 29 4
1265 1304 37 7
1266 1267 15 1
1266 1270 23 5
1266 1274 19 3
1267 1268 35 6
1267 1269 28 6
1267 1270 25 3
1267 1271 29 4
1268 1269 34 4
1268 1271 30 6
1268 1272 46 7
1268 1273 39 6
1269 1272 43 9
1270 1271 28 5
1270 1275 21 4
1270 1284 28 3
1270 1285 36 5
1270 1288 32 6
1271 1285 34 4
1272 1273 35 6
1274 1275 21 4
1275 1288 35 5
1276 1277 28 6
1276 1278 15 1
1276 1282 24 4
1276 1299 28 4
1277 1278 28 4
1277 1279 30 6
1277 1286 35 5
1277 1299 35 4
1278 1279 24 2
1278 1280 26 5
1278 1281 28 4
1278 1282 23 3
1278 1283 22 3
1280 1304 25 3
1281 1283 26 5
1281 1305 26 3
1281 1308 28 2
1281 1309 29 4
1281 1313 28 5
1282 1283 16 2
1282 1299 32 5
1282 1301 31 6
1282 1312 22 2
1282 1313 22 5
1282 1316 33 6
1283 1313 24 5
1284 1285 36 7
1284 1287 38 5
1284 1288 34 7
1285 1286 39 5
1285 1287 41 7
1286 1287 32 7
1286 1299 35 3
1287 1288 45 8
1287 1289 36 6
1287 1300 39 7
1287 1302 48 9
1288 1289 44 7
1289 1302 42 6
1290 1292 23 3
1290 1295 42 5
1290 1296 28 4
1290 1297 28 5
1291 1292 29 6
1291 1294 26 7
1291 1302 33 5
1291 1303 35 4
1291 1304 41 5
1291 1305 34 4
1291 1308 42 5
1292 1298 34 5
1292 1308 35 6
1293 1294 34 7
1293 1296 37 5
1293 1300 33 4
1293 1301 30 5
1294 1302 37 5
1295 1296 39 4
1295 1297 21 5
1295 1316 36 5
1296 1316 31 6
1297 1298 19 3
1297 1401 2 1
1298 1308 40 7
1298 1310 24 5
1298 1392 2 2
1299 1300 37 7
1299 1301 30 5
1300 1302 32 5
1301 1316 33 5
1302 1303 33 5
1303 1304 42 7
1304 1305 33 5
1305 1308 30 6
1306 1369 9 1
1306 1473 11 2
1308 1309 29 6
1308 1310 33 7
1309 1311 26 4
1310 1311 24 4
1311 1313 39 4
1311 1315 24 3
1311 1396 5 1
1312 1313 22 3
1312 1316 28 6
1313 1315 31 4
1314 1315 22 3
1314 1317 26 4
1315 1398 3 2
1316 1317 39 5
1317 1383 3 2
1318 1319 19 5
1318 1320 23 4
1318 1347 24 3
1318 1479 23 4
1319 1320 22 5
1319 1326 19 5
1319 1479 19 3
1320 1365 15 1
1321 1323 17 4
1321 1438 13 2
1322 1323 12 1
1322 1385 7 2
1322 1395 8 2
1323 1385 10 3
1323 1386 15 3
1323 1436 21 4
1323 1437 11 4
1324 1325 16 2
1324 1329 22 4
1324 1433 16 2
1325 1432 16 3
1325 1433 18 3
1326 1368 21 2
1326 1480 19 4
1327 1361 8 2
1327 1458 8 2
1328 1457 9 2
1329 1336 17 3
1329 1433 18 2
1330 1331 14 3
1330 1332 12 3
1330 1335 12 3
1330 1441 20 3
1331 1332 17 3
1331 1413 6 1
1332 1342 14 1
1332 1348 12 2
1332 1441 17 3
1333 1355 6 2
1334 1337 21 2
1334 1479 23 3
1335 1441 16 4
1335 1444 14 3
1336 1341 20 3
1336 1433 16 3
1337 1347 19 4
1337 1479 26 5
1338 1404 4 1
1339 1345 11 2
1340 1454 8 2
1340 1455 4 1
1341 1349 15 3
1341 1433 19 4
1342 1344 11 2
1342 1348 17 2
1343 1344 11 2
1343 1348 9 3
1343 1359 7 2
1344 1441 15 3
1344 1442 12 1
1346 1456 13 2
1347 1479 24 4
1349 1354 13 3
1349 1433 17 3
1350 1351 17 3
1350 1409 3 1
1351 1352 4 1
1351 1456 6 1
1352 1356 5 1
1353 1354 21 4
1353 1412 12 1
1354 1432 18 2
1354 1433 15 2
1355 1457 12 3
1355 1460 7 1
1356 1455 4 1
1357 1402 2 1
1358 1366 5 1
1359 1360 9 4
1359 1442 13 3
1361 1458 10 2
1362 1363 5 1
1363 1492 5 2
1366 1461 9 3
1367 1476 9 3
1369 1475 13 2
1370 1418 17 3
1371 1417 15 2
1372 1373 7 2
1373 1424 14 2
1373 1427 11 2
1374 1416 31 4
1375 1376 16 2
1375 1446 18 3
1376 1393 13 3
1376 1448 17 3
1377 1378 16 3
1377 1393 11 2
1377 1451 16 3
1379 1380 17 3
1379 1418 24 4
1379 1419 26 4
1380 1388 19 2
1380 1419 23 4
1380 1420 20 3
1381 1424 9 2
1382 1383 12 1
1382 1398 11 3
1382 1484 16 3
1382 1485 27 4
1383 1485 24 4
1384 1394 17 2
1384 1446 21 2
1384 1447 19 3
1384 1453 17 3
1384 1541 11 2
1385 1386 7 1
1386 1390 8 1
1386 1437 14 2
1387 1401 9 1
1387 1483 14 2
1388 1389 11 2
1388 1420 24 2
1388 1422 20 3
1389 1397 19 4
1389 1421 18 2
1389 1422 20 2
1390 1410 10 3
1390 1434 13 2
1391 1392 21 2
1391 1396 15 2
1391 1489 30 3
1392 1401 12 2
1392 1488 20 4
1393 1448 18 2
1393 1450 19 3
1393 1451 25 4
1394 1452 21 3
1395 1400 8 2
1395 1438 13 3
1396 1398 16 2
1396 1486 21 3
1397 1415 18 2
1397 1421 21 3
1398 1484 14 2
1398 1486 31 5
1399 1400 7 2
1399 1410 9 2
1399 1439 17 3
1399 1440 16 3
1401 1482 16 2
1401 1483 16 2
1402 1404 6 1
1405 1411 8 1
1405 1426 14 3
1406 1408 9 2
1408 1428 16 4
1408 1430 15 2
1410 1434 15 4
1411 1428 10 2
1414 1416 16 2
1414 1418 16 2
1414 1420 11 2
1414 1421 18 3
1414 1422 13 2
1415 1416 14 3
1415 1421 15 4
1416 1417 15 3
1417 1418 12 3
1419 1420 13 5
1420 1422 17 3
1421 1422 12 2
1423 1424 10 2
1423 1425 13 2
1423 1426 14 3
1423 1428 13 2
1423 1431 10 2
1424 1425 12 2
1424 1427 8 1
1425 1430 11 3
1426 1427 9 2
1426 1429 12 2
1428 1429 11 3
1428 1431 10 1
1430 1431 9 2
1432 1433 18 3
1434 1435 17 3
1434 1437 13 1
1435 1440 11 1
1436 1437 16 5
1436 1439 15 3
1436 1440 16 2
1438 1439 13 3
1439 1440 14 2
1441 1442 13 2
1441 1443 12 2
1443 1444 8 1
1445 1447 16 2
1445 1450 15 3
1445 1451 13 3
1445 1452 20 3
1445 1453 16 3
1446 1447 15 3
1446 1449 15 5
1447 1453 11 2
1448 1449 14 4
1448 1450 12 3
1450 1451 17 2
1451 1452 15 3
1452 1453 15 3
1457 1460 12 3
1457 1461 7 1
1458 1459 10 2
1459 1461 7 1
1460 1461 9 1
1462 1464 8 2
1462 1468 7 1
1463 1468 9 3
1465 1490 7 1
1466 1467 6 1
1466 1490 5 2
1470 1471 11 2
1470 1472 19 4
1470 1477 13 3
1471 1472 12 3
1471 1474 11 3
1472 1473 14 2
1472 1474 15 1
1472 1476 12 3
1472 1477 16 3
1472 1478 16 4
1473 1474 11 2
1473 1475 11 1
1475 1476 11 3
1476 1478 10 2
1477 1478 9 1
1479 1480 21 4
1481 1484 18 3
1481 1485 15 2
1481 1487 19 3
1481 1488 18 4
1481 1489 15 2
1482 1483 13 2
1482 1488 10 2
1483 1485 16 4
1484 1485 16 3
1486 1487 15 2
1486 1489 16 2
1488 1489 17 1
1493 1494 85 11
1500 1501 15 2
1500 1504 11 2
1501 1502 22 4
1501 1504 11 2
1502 1505 24 4
1503 1504 18 4
1506 1523 19 4
1507 1508 25 3
1520 1525 43 5
1520 1526 29 5
1521 1537 14 1
1522 1524 12 2
1525 1526 37 6
1526 1527 24 4
1526 1536 32 5
1527 1536 30 3
1527 1538 31 4
1528 1531 19 5
1529 1530 11 2
1531 1532 27 2
1532 1535 35 5
1536 1538 33 6
