ply
format ascii 1.0
comment algorithm Barycentric Centroid Nearest-Face Mesh
comment color 1 vertex_core rgb=(255,40,40)
comment color 2 centroid_core rgb=(40,230,120)
element vertex 18293
property float x
property float y
property float z
property uchar red
property uchar green
property uchar blue
property uchar label
end_header
0.29199219 0.11035156 0.01464844 255 40 40 1
0.29199219 0.10644531 -0.02636719 255 40 40 1
0.27636719 0.15136719 -0.03417969 255 40 40 1
0.28613281 0.12402344 -0.01464844 40 230 120 2
0.29003906 0.10644531 -0.02636719 255 40 40 1
0.28613281 0.12207031 -0.01464844 40 230 120 2
0.28808594 0.12207031 -0.01464844 40 230 120 2
0.28613281 0.12207031 -0.01660156 40 230 120 2
0.25097656 0.14355469 0.04394531 255 40 40 1
0.29199219 0.11035156 0.01660156 255 40 40 1
0.27246094 0.13574219 0.02441406 40 230 120 2
0.27441406 0.15332031 0.00878906 255 40 40 1
0.27246094 0.13769531 0.02246094 40 230 120 2
0.27246094 0.13769531 0.02441406 40 230 120 2
0.27246094 0.13574219 0.02246094 40 230 120 2
0.25097656 0.14550781 0.04199219 255 40 40 1
0.25097656 0.14550781 0.04394531 255 40 40 1
0.27050781 0.09082031 0.05566406 40 230 120 2
0.29394531 0.11035156 0.01660156 255 40 40 1
0.26464844 0.10449219 0.05371094 255 40 40 1
0.28222656 0.09082031 0.04394531 40 230 120 2
0.29199219 0.10839844 0.01660156 255 40 40 1
0.28808594 0.05957031 0.05371094 255 40 40 1
0.28222656 0.09277344 0.04199219 40 230 120 2
0.26464844 0.10253906 0.05371094 255 40 40 1
0.28808594 0.05957031 0.05566406 255 40 40 1
0.28222656 0.09082031 0.04199219 40 230 120 2
0.26464844 0.10449219 0.05566406 255 40 40 1
0.28027344 0.09082031 0.04199219 40 230 120 2
0.26660156 0.10449219 0.05371094 255 40 40 1
0.28808594 0.06152344 0.05371094 255 40 40 1
0.29980469 0.07519531 0.00292969 40 230 120 2
0.29785156 0.07714844 0.00292969 40 230 120 2
0.29785156 0.07519531 0.00292969 40 230 120 2
0.29785156 0.07519531 0.00097656 40 230 120 2
0.30175781 0.05957031 0.01464844 255 40 40 1
0.29003906 0.10449219 -0.07128906 255 40 40 1
0.27246094 0.14746094 -0.07910156 255 40 40 1
0.28027344 0.13378906 -0.06347656 40 230 120 2
0.27832031 0.13378906 -0.06152344 40 230 120 2
0.28027344 0.13378906 -0.06152344 40 230 120 2
0.29003906 0.10449219 -0.07324219 255 40 40 1
0.27832031 0.13378906 -0.06347656 40 230 120 2
0.27441406 0.15136719 -0.03613281 255 40 40 1
0.29980469 0.05957031 -0.02636719 255 40 40 1
0.29394531 0.08886719 -0.04003906 40 230 120 2
0.29394531 0.09082031 -0.04199219 40 230 120 2
0.29003906 0.10253906 -0.07128906 255 40 40 1
0.29980469 0.05957031 -0.02441406 255 40 40 1
0.29394531 0.08886719 -0.04199219 40 230 120 2
0.29394531 0.09082031 -0.04003906 40 230 120 2
0.29199219 0.10644531 -0.02832031 255 40 40 1
0.28027344 0.00683594 -0.14550781 255 40 40 1
0.29394531 0.05371094 -0.11230469 255 40 40 1
0.27832031 0.00683594 -0.14550781 255 40 40 1
0.28417969 0.05175781 -0.14550781 255 40 40 1
0.28613281 0.04003906 -0.13378906 40 230 120 2
0.28613281 0.03808594 -0.13574219 40 230 120 2
0.28613281 0.03613281 -0.13378906 40 230 120 2
0.28613281 0.03808594 -0.13378906 40 230 120 2
0.29394531 0.05566406 -0.11230469 255 40 40 1
0.28417969 0.10058594 -0.11425781 255 40 40 1
0.28417969 0.10058594 -0.11621094 255 40 40 1
0.28417969 0.09863281 -0.11425781 255 40 40 1
0.27246094 0.09863281 -0.14550781 255 40 40 1
0.27246094 0.09863281 -0.14746094 255 40 40 1
0.27246094 0.09667969 -0.14746094 255 40 40 1
0.28222656 0.08496094 -0.12597656 40 230 120 2
0.28417969 0.08496094 -0.12597656 40 230 120 2
0.28417969 0.08496094 -0.12402344 40 230 120 2
0.28222656 0.08496094 -0.12402344 40 230 120 2
0.27441406 0.15332031 -0.03417969 255 40 40 1
0.24707031 0.18652344 -0.04589844 255 40 40 1
0.24707031 0.18847656 -0.04785156 255 40 40 1
0.25488281 0.17480469 -0.05566406 40 230 120 2
0.24316406 0.18457031 -0.08886719 255 40 40 1
0.25683594 0.17480469 -0.05566406 40 230 120 2
0.24707031 0.18847656 -0.04589844 255 40 40 1
0.25488281 0.17285156 -0.05761719 40 230 120 2
0.25488281 0.17480469 -0.05761719 40 230 120 2
0.27441406 0.15136719 -0.03417969 255 40 40 1
0.26269531 0.14355469 -0.12207031 255 40 40 1
0.26269531 0.14160156 -0.12207031 255 40 40 1
0.26269531 0.14355469 -0.12402344 255 40 40 1
0.26269531 0.14160156 -0.12402344 255 40 40 1
0.25097656 0.14160156 -0.15527344 255 40 40 1
0.25097656 0.13964844 -0.15527344 255 40 40 1
0.26074219 0.12792969 -0.14160156 40 230 120 2
0.27050781 0.09863281 -0.14746094 255 40 40 1
0.26269531 0.12792969 -0.14160156 40 230 120 2
0.26269531 0.12597656 -0.14160156 40 230 120 2
0.26269531 0.12792969 -0.14355469 40 230 120 2
0.23339844 0.18066406 -0.13183594 255 40 40 1
0.21972656 0.17675781 -0.16113281 255 40 40 1
0.23339844 0.17871094 -0.13183594 255 40 40 1
0.23730469 0.16699219 -0.13769531 40 230 120 2
0.23925781 0.16699219 -0.13964844 40 230 120 2
0.23730469 0.16503906 -0.13964844 40 230 120 2
0.23730469 0.16699219 -0.13964844 40 230 120 2
0.24316406 0.18457031 -0.09082031 255 40 40 1
0.21191406 0.21777344 -0.05957031 255 40 40 1
0.22167969 0.20800781 -0.08496094 40 230 120 2
0.22167969 0.20800781 -0.08300781 40 230 120 2
0.24121094 0.18457031 -0.08886719 255 40 40 1
0.24121094 0.18457031 -0.09082031 255 40 40 1
0.22167969 0.20605469 -0.08496094 40 230 120 2
0.21972656 0.20800781 -0.08496094 40 230 120 2
0.24707031 0.19238281 -0.00292969 255 40 40 1
0.24707031 0.19238281 -0.00488281 255 40 40 1
0.27441406 0.15527344 0.00683594 255 40 40 1
0.24902344 0.19238281 -0.00488281 255 40 40 1
0.26660156 0.16699219 -0.00878906 40 230 120 2
0.26660156 0.16699219 -0.01074219 40 230 120 2
0.26464844 0.16699219 -0.01074219 40 230 120 2
0.26660156 0.16503906 -0.01074219 40 230 120 2
0.24707031 0.19433594 -0.00488281 255 40 40 1
0.23339844 0.20019531 -0.03613281 40 230 120 2
0.24511719 0.18847656 -0.04589844 255 40 40 1
0.23535156 0.20019531 -0.03808594 40 230 120 2
0.23535156 0.20019531 -0.03613281 40 230 120 2
0.23535156 0.19824219 -0.03613281 40 230 120 2
0.19628906 0.20800781 0.01660156 255 40 40 1
0.19628906 0.20800781 0.01855469 255 40 40 1
0.19628906 0.20605469 0.01855469 255 40 40 1
0.21777344 0.20800781 0.00097656 40 230 120 2
0.21191406 0.22167969 -0.01660156 255 40 40 1
0.21191406 0.22363281 -0.01660156 255 40 40 1
0.21191406 0.22363281 -0.01855469 255 40 40 1
0.21777344 0.20800781 -0.00097656 40 230 120 2
0.21191406 0.22167969 -0.01855469 255 40 40 1
0.21777344 0.20800781 -0.00292969 40 230 120 2
0.21972656 0.20800781 -0.00097656 40 230 120 2
0.24902344 0.14550781 0.04394531 255 40 40 1
0.23535156 0.18457031 0.03417969 255 40 40 1
0.23535156 0.18457031 0.03222656 255 40 40 1
0.24511719 0.17480469 0.02441406 40 230 120 2
0.24511719 0.17480469 0.02636719 40 230 120 2
0.24316406 0.17480469 0.02441406 40 230 120 2
0.24316406 0.17480469 0.02636719 40 230 120 2
0.30371094 0.00683594 0.00683594 255 40 40 1
0.30175781 0.00683594 0.00683594 255 40 40 1
0.29589844 -0.02441406 -0.00878906 40 230 120 2
0.30371094 0.00683594 0.00878906 255 40 40 1
0.29589844 -0.02636719 -0.00878906 40 230 120 2
0.29589844 -0.02441406 -0.01074219 40 230 120 2
0.28808594 -0.03613281 -0.03222656 255 40 40 1
0.29589844 -0.02441406 -0.00683594 40 230 120 2
0.29589844 -0.04394531 -0.00292969 255 40 40 1
0.29589844 -0.04394531 -0.00097656 255 40 40 1
0.28808594 -0.03808594 -0.03222656 255 40 40 1
0.29589844 -0.04199219 -0.00097656 255 40 40 1
0.30175781 0.02441406 -0.01464844 40 230 120 2
0.29980469 0.05761719 -0.02441406 255 40 40 1
0.29980469 0.00878906 -0.02832031 255 40 40 1
0.29980469 0.01074219 -0.02832031 255 40 40 1
0.29980469 0.00878906 -0.02636719 255 40 40 1
0.30175781 0.02636719 -0.01464844 40 230 120 2
0.29980469 0.02441406 -0.01464844 40 230 120 2
0.29980469 0.02636719 -0.01464844 40 230 120 2
0.29003906 0.05957031 0.05371094 255 40 40 1
0.30175781 0.05761719 0.01464844 255 40 40 1
0.29785156 0.04199219 0.02636719 40 230 120 2
0.30175781 0.05957031 0.01660156 255 40 40 1
0.30175781 0.05761719 0.01660156 255 40 40 1
0.29785156 0.04003906 0.02636719 40 230 120 2
0.29785156 0.04199219 0.02441406 40 230 120 2
0.29785156 0.04394531 0.02636719 40 230 120 2
0.28808594 0.00292969 0.03808594 255 40 40 1
0.29003906 -0.01269531 0.02441406 40 230 120 2
0.27832031 -0.04394531 0.02441406 255 40 40 1
0.30175781 0.00683594 0.00878906 255 40 40 1
0.29003906 -0.01074219 0.02441406 40 230 120 2
0.29003906 -0.01074219 0.02246094 40 230 120 2
0.27832031 -0.04394531 0.02636719 255 40 40 1
0.29003906 -0.01074219 0.02636719 40 230 120 2
0.27636719 -0.08691406 -0.00878906 255 40 40 1
0.26855469 -0.08105469 -0.03808594 255 40 40 1
0.27636719 -0.08886719 -0.00878906 255 40 40 1
0.27832031 -0.06933594 -0.02636719 40 230 120 2
0.27636719 -0.06933594 -0.02636719 40 230 120 2
0.26855469 -0.07910156 -0.03808594 255 40 40 1
0.27832031 -0.07128906 -0.02636719 40 230 120 2
0.27832031 -0.06933594 -0.02832031 40 230 120 2
0.27636719 -0.04394531 0.02441406 255 40 40 1
0.28417969 -0.05761719 0.00488281 40 230 120 2
0.28222656 -0.05761719 0.00488281 40 230 120 2
0.27636719 -0.08886719 -0.00683594 255 40 40 1
0.28222656 -0.05957031 0.00488281 40 230 120 2
0.28417969 -0.05957031 0.00488281 40 230 120 2
0.29394531 -0.04394531 -0.00097656 255 40 40 1
0.23730469 -0.11816406 0.00292969 255 40 40 1
0.23730469 -0.11816406 0.00097656 255 40 40 1
0.26464844 -0.08496094 0.01269531 255 40 40 1
0.25878906 -0.09863281 0.00097656 40 230 120 2
0.27441406 -0.08886719 -0.00878906 255 40 40 1
0.25878906 -0.09667969 0.00292969 40 230 120 2
0.26269531 -0.08496094 0.01269531 255 40 40 1
0.25878906 -0.09667969 0.00097656 40 230 120 2
0.25878906 -0.09863281 0.00292969 40 230 120 2
0.24511719 -0.12597656 -0.01269531 255 40 40 1
0.24316406 -0.12597656 -0.01269531 255 40 40 1
0.25292969 -0.11035156 -0.02050781 40 230 120 2
0.24316406 -0.12402344 -0.01269531 255 40 40 1
0.25292969 -0.11035156 -0.02246094 40 230 120 2
0.25292969 -0.11230469 -0.02246094 40 230 120 2
0.25292969 -0.11230469 -0.02050781 40 230 120 2
0.28808594 -0.03808594 -0.03417969 255 40 40 1
0.28417969 -0.03613281 -0.07324219 255 40 40 1
0.27832031 -0.04980469 -0.06152344 40 230 120 2
0.27832031 -0.05175781 -0.06152344 40 230 120 2
0.27832031 -0.05175781 -0.06347656 40 230 120 2
0.28027344 -0.04980469 -0.06152344 40 230 120 2
0.26855469 -0.08105469 -0.04003906 255 40 40 1
0.26855469 -0.08300781 -0.03808594 255 40 40 1
0.25683594 -0.09277344 -0.05566406 40 230 120 2
0.23925781 -0.11816406 -0.04589844 255 40 40 1
0.26269531 -0.07910156 -0.07714844 255 40 40 1
0.25683594 -0.09472656 -0.05371094 40 230 120 2
0.25683594 -0.09277344 -0.05371094 40 230 120 2
0.25683594 -0.09082031 -0.05371094 40 230 120 2
-0.06738281 0.22167969 -0.17285156 255 40 40 1
-0.05175781 0.23730469 -0.19238281 40 230 120 2
-0.05175781 0.23535156 -0.19042969 40 230 120 2
-0.04785156 0.23339844 -0.20800781 255 40 40 1
-0.04785156 0.23339844 -0.20605469 255 40 40 1
-0.04003906 0.25488281 -0.19433594 255 40 40 1
-0.04785156 0.23535156 -0.20605469 255 40 40 1
-0.04785156 0.23535156 -0.20800781 255 40 40 1
-0.05175781 0.23730469 -0.19042969 40 230 120 2
-0.05371094 0.23730469 -0.19042969 40 230 120 2
0.23730469 -0.07519531 -0.15527344 255 40 40 1
0.25097656 -0.07714844 -0.12207031 255 40 40 1
0.23535156 -0.07519531 -0.15527344 255 40 40 1
0.23535156 -0.07519531 -0.15332031 255 40 40 1
0.23730469 -0.07519531 -0.15332031 255 40 40 1
0.23730469 -0.09082031 -0.13574219 40 230 120 2
0.23535156 -0.08886719 -0.13574219 40 230 120 2
0.23730469 -0.08886719 -0.13574219 40 230 120 2
0.23730469 -0.08886719 -0.13378906 40 230 120 2
0.29785156 0.00878906 -0.02832031 255 40 40 1
0.29785156 0.00878906 -0.06933594 255 40 40 1
0.29394531 -0.00683594 -0.04394531 40 230 120 2
0.29394531 -0.00488281 -0.04394531 40 230 120 2
0.29589844 -0.00488281 -0.04394531 40 230 120 2
0.29589844 -0.00683594 -0.04394531 40 230 120 2
0.28808594 -0.03613281 -0.03417969 255 40 40 1
0.27441406 -0.03613281 -0.11621094 255 40 40 1
0.27441406 -0.03808594 -0.11621094 255 40 40 1
0.26269531 -0.03808594 -0.14941406 255 40 40 1
0.25878906 -0.04980469 -0.13964844 40 230 120 2
0.26269531 -0.03613281 -0.14746094 255 40 40 1
0.25878906 -0.04785156 -0.13964844 40 230 120 2
0.26269531 -0.03613281 -0.14941406 255 40 40 1
0.25683594 -0.04980469 -0.13964844 40 230 120 2
0.25878906 -0.04980469 -0.14160156 40 230 120 2
0.29003906 0.00878906 -0.11230469 255 40 40 1
0.29003906 0.00683594 -0.11230469 255 40 40 1
0.29003906 0.00683594 -0.11425781 255 40 40 1
0.27832031 0.00683594 -0.14355469 255 40 40 1
0.28222656 -0.00683594 -0.12597656 40 230 120 2
0.28222656 -0.00878906 -0.12402344 40 230 120 2
0.28222656 -0.00878906 -0.12597656 40 230 120 2
0.28222656 -0.00683594 -0.12402344 40 230 120 2
0.28027344 0.00683594 -0.14355469 255 40 40 1
0.29980469 0.05761719 -0.02636719 255 40 40 1
0.29980469 0.05761719 -0.06933594 255 40 40 1
0.29980469 0.04199219 -0.05371094 40 230 120 2
0.29980469 0.05761719 -0.06738281 255 40 40 1
0.29980469 0.04199219 -0.05566406 40 230 120 2
0.29785156 0.01074219 -0.06933594 255 40 40 1
0.29980469 0.04003906 -0.05371094 40 230 120 2
0.29980469 0.04003906 -0.05566406 40 230 120 2
0.09277344 -0.17675781 -0.07714844 255 40 40 1
0.11035156 -0.17285156 -0.06152344 40 230 120 2
0.09277344 -0.17675781 -0.04589844 255 40 40 1
0.11035156 -0.17285156 -0.06347656 40 230 120 2
0.11035156 -0.17480469 -0.06347656 40 230 120 2
0.11230469 -0.17285156 -0.06347656 40 230 120 2
0.14941406 -0.15527344 -0.00878906 255 40 40 1
0.14746094 -0.16894531 -0.03417969 255 40 40 1
0.14941406 -0.15722656 -0.00878906 255 40 40 1
0.14941406 -0.16699219 -0.03417969 255 40 40 1
0.14746094 -0.16699219 -0.03417969 255 40 40 1
0.14746094 -0.15527344 -0.00878906 255 40 40 1
0.12988281 -0.16699219 -0.03027344 40 230 120 2
0.12988281 -0.16503906 -0.02832031 40 230 120 2
0.12988281 -0.16699219 -0.02832031 40 230 120 2
0.13183594 -0.16699219 -0.02832031 40 230 120 2
0.10058594 -0.17675781 -0.00878906 255 40 40 1
0.07910156 -0.16894531 -0.01855469 40 230 120 2
0.04980469 -0.15527344 -0.00488281 255 40 40 1
0.09277344 -0.17480469 -0.04589844 255 40 40 1
0.09277344 -0.17480469 -0.04394531 255 40 40 1
0.08105469 -0.16894531 -0.02050781 40 230 120 2
0.04980469 -0.15527344 -0.00683594 255 40 40 1
0.09277344 -0.17675781 -0.04394531 255 40 40 1
0.08105469 -0.16894531 -0.01855469 40 230 120 2
0.09863281 -0.17675781 -0.00878906 255 40 40 1
0.10058594 -0.17675781 -0.01074219 255 40 40 1
0.07910156 -0.16894531 -0.02050781 40 230 120 2
0.03808594 -0.17480469 -0.08496094 255 40 40 1
0.05566406 -0.17675781 -0.05957031 40 230 120 2
0.05566406 -0.17675781 -0.06152344 40 230 120 2
0.03808594 -0.17675781 -0.08496094 255 40 40 1
0.03808594 -0.17675781 -0.04980469 255 40 40 1
0.05761719 -0.17675781 -0.06152344 40 230 120 2
0.04003906 -0.17675781 -0.04980469 255 40 40 1
0.05761719 -0.17675781 -0.05957031 40 230 120 2
0.14746094 -0.16894531 -0.06738281 255 40 40 1
0.14355469 -0.16503906 -0.10644531 255 40 40 1
0.12597656 -0.16894531 -0.09863281 40 230 120 2
0.12597656 -0.16894531 -0.09667969 40 230 120 2
0.12402344 -0.16894531 -0.09667969 40 230 120 2
0.12597656 -0.17089844 -0.09667969 40 230 120 2
0.14160156 -0.16503906 -0.10644531 255 40 40 1
0.08886719 -0.17480469 -0.11816406 255 40 40 1
0.08886719 -0.17480469 -0.11621094 255 40 40 1
0.09082031 -0.17675781 -0.07714844 255 40 40 1
0.09082031 -0.17675781 -0.07910156 255 40 40 1
0.03808594 -0.17675781 -0.08691406 255 40 40 1
0.07128906 -0.17675781 -0.09472656 40 230 120 2
0.03808594 -0.17480469 -0.08691406 255 40 40 1
0.08691406 -0.17480469 -0.11621094 255 40 40 1
0.07128906 -0.17675781 -0.09277344 40 230 120 2
0.07324219 -0.17675781 -0.09472656 40 230 120 2
0.07324219 -0.17675781 -0.09277344 40 230 120 2
-0.05371094 -0.13769531 -0.19238281 255 40 40 1
-0.05175781 -0.13769531 -0.19238281 255 40 40 1
-0.07714844 -0.13574219 -0.19238281 255 40 40 1
-0.05175781 -0.13769531 -0.19042969 255 40 40 1
-0.07519531 -0.13574219 -0.19042969 255 40 40 1
-0.06738281 -0.14160156 -0.16503906 255 40 40 1
-0.07714844 -0.13574219 -0.19042969 255 40 40 1
-0.06933594 -0.14160156 -0.16503906 255 40 40 1
-0.06542969 -0.13964844 -0.18457031 40 230 120 2
-0.06542969 -0.13964844 -0.18261719 40 230 120 2
-0.06542969 -0.13769531 -0.18457031 40 230 120 2
-0.06542969 -0.13769531 -0.18261719 40 230 120 2
0.05175781 -0.16503906 -0.17089844 40 230 120 2
0.07519531 -0.16699219 -0.15917969 255 40 40 1
0.05957031 -0.16113281 -0.18847656 255 40 40 1
0.02441406 -0.16503906 -0.16699219 255 40 40 1
0.05371094 -0.16308594 -0.17089844 40 230 120 2
0.05371094 -0.16503906 -0.17089844 40 230 120 2
0.05175781 -0.16308594 -0.17089844 40 230 120 2
0.02441406 -0.16503906 -0.16503906 255 40 40 1
0.19042969 -0.14355469 -0.09472656 255 40 40 1
0.17871094 -0.15136719 -0.07128906 40 230 120 2
0.17871094 -0.15136719 -0.07324219 40 230 120 2
0.14746094 -0.16894531 -0.06542969 255 40 40 1
0.19433594 -0.14355469 -0.05566406 255 40 40 1
0.17675781 -0.15136719 -0.07128906 40 230 120 2
0.17675781 -0.15136719 -0.07324219 40 230 120 2
0.14941406 -0.16894531 -0.06542969 255 40 40 1
0.06152344 -0.16113281 -0.18847656 255 40 40 1
0.11230469 -0.15332031 -0.18066406 255 40 40 1
0.10058594 -0.15722656 -0.17089844 40 230 120 2
0.10058594 -0.15722656 -0.17285156 40 230 120 2
0.06152344 -0.15917969 -0.18847656 255 40 40 1
0.10253906 -0.15722656 -0.17285156 40 230 120 2
0.12988281 -0.15917969 -0.14746094 255 40 40 1
0.11230469 -0.15332031 -0.17871094 255 40 40 1
0.09863281 -0.15722656 -0.17285156 40 230 120 2
0.16113281 -0.13574219 -0.17089844 255 40 40 1
0.13183594 -0.15722656 -0.14746094 255 40 40 1
0.17871094 -0.13964844 -0.13769531 255 40 40 1
0.16113281 -0.13574219 -0.16894531 255 40 40 1
0.15527344 -0.14550781 -0.15136719 40 230 120 2
0.17871094 -0.14160156 -0.13769531 255 40 40 1
0.15722656 -0.14550781 -0.15136719 40 230 120 2
0.15722656 -0.14355469 -0.15136719 40 230 120 2
0.15722656 -0.14550781 -0.15332031 40 230 120 2
0.23339844 -0.11621094 -0.08496094 255 40 40 1
0.21972656 -0.12597656 -0.07714844 40 230 120 2
0.19238281 -0.14160156 -0.09472656 255 40 40 1
0.23730469 -0.11816406 -0.04785156 255 40 40 1
0.22167969 -0.12597656 -0.07519531 40 230 120 2
0.21972656 -0.12597656 -0.07519531 40 230 120 2
0.22167969 -0.12402344 -0.07519531 40 230 120 2
0.14941406 -0.16699219 -0.03613281 255 40 40 1
0.16699219 -0.16308594 -0.04003906 40 230 120 2
0.16699219 -0.16503906 -0.04003906 40 230 120 2
0.16699219 -0.16308594 -0.04199219 40 230 120 2
0.16699219 -0.16503906 -0.04199219 40 230 120 2
0.23730469 -0.12011719 -0.04589844 255 40 40 1
0.20214844 -0.15527344 -0.02246094 255 40 40 1
0.19628906 -0.14355469 -0.05566406 255 40 40 1
0.21191406 -0.13964844 -0.04003906 40 230 120 2
0.19433594 -0.14355469 -0.05371094 255 40 40 1
0.21191406 -0.13964844 -0.04199219 40 230 120 2
0.21191406 -0.13769531 -0.04199219 40 230 120 2
0.19628906 -0.14355469 -0.05371094 255 40 40 1
0.21386719 -0.13964844 -0.04003906 40 230 120 2
0.22949219 -0.13378906 -0.01074219 40 230 120 2
0.22753906 -0.13183594 -0.01074219 40 230 120 2
0.22753906 -0.13378906 -0.01074219 40 230 120 2
0.23730469 -0.12011719 0.00097656 255 40 40 1
0.22753906 -0.13378906 -0.00878906 40 230 120 2
0.24316406 -0.12597656 -0.01074219 255 40 40 1
0.19238281 -0.13769531 -0.00097656 255 40 40 1
0.19433594 -0.13769531 -0.00097656 255 40 40 1
0.19433594 -0.13769531 -0.00292969 255 40 40 1
0.18261719 -0.14941406 -0.00878906 40 230 120 2
0.18066406 -0.14941406 -0.00878906 40 230 120 2
0.20214844 -0.15527344 -0.02050781 255 40 40 1
0.18066406 -0.14941406 -0.01074219 40 230 120 2
0.18261719 -0.14941406 -0.01074219 40 230 120 2
0.05566406 0.22558594 0.01855469 255 40 40 1
0.05371094 0.22363281 0.02246094 40 230 120 2
0.04199219 0.23144531 0.02050781 40 230 120 2
0.05566406 0.22558594 0.01660156 255 40 40 1
0.04199219 0.21386719 0.03613281 255 40 40 1
0.04199219 0.23144531 0.02246094 40 230 120 2
0.04003906 0.23144531 0.02050781 40 230 120 2
0.05371094 0.22167969 0.02246094 40 230 120 2
0.05371094 0.22558594 0.01660156 255 40 40 1
0.02441406 0.25488281 0.01074219 255 40 40 1
0.04199219 0.21582031 0.03613281 255 40 40 1
0.04785156 0.21972656 0.03027344 40 230 120 2
0.04394531 0.21386719 0.03613281 255 40 40 1
0.04003906 0.23144531 0.02246094 40 230 120 2
0.02832031 0.20410156 0.06738281 40 230 120 2
0.00292969 0.19042969 0.11425781 255 40 40 1
0.00292969 0.19238281 0.11425781 255 40 40 1
0.04199219 0.21582031 0.04003906 40 230 120 2
0.02246094 0.20996094 0.07519531 40 230 120 2
0.01855469 0.22363281 0.07324219 255 40 40 1
0.01855469 0.22363281 0.07519531 255 40 40 1
0.02050781 0.20800781 0.07519531 40 230 120 2
0.02050781 0.20996094 0.07714844 40 230 120 2
0.02050781 0.20996094 0.07519531 40 230 120 2
0.03613281 0.20996094 0.05957031 255 40 40 1
0.04199219 0.21386719 0.03808594 255 40 40 1
0.03613281 0.20800781 0.05566406 40 230 120 2
0.03417969 0.20800781 0.05761719 40 230 120 2
0.03417969 0.20605469 0.05761719 40 230 120 2
0.03613281 0.20800781 0.05761719 40 230 120 2
0.03613281 0.20996094 0.06152344 255 40 40 1
0.04785156 0.22363281 0.03222656 255 40 40 1
0.05371094 0.22167969 0.02636719 40 230 120 2
0.04980469 0.22167969 0.02832031 40 230 120 2
0.05175781 0.22167969 0.02636719 40 230 120 2
0.05175781 0.22167969 0.02832031 40 230 120 2
0.04785156 0.22167969 0.03417969 255 40 40 1
0.04980469 0.21972656 0.03027344 40 230 120 2
0.02246094 0.01269531 0.15722656 255 40 40 1
0.03027344 0.00878906 0.15917969 40 230 120 2
0.03027344 0.00878906 0.16113281 40 230 120 2
0.03027344 0.00683594 0.15917969 40 230 120 2
0.02246094 0.01074219 0.15722656 255 40 40 1
0.02832031 0.00878906 0.15917969 40 230 120 2
0.03417969 -0.02441406 0.16308594 255 40 40 1
0.04003906 -0.03222656 0.16503906 40 230 120 2
0.03808594 -0.03027344 0.16503906 40 230 120 2
0.03808594 -0.03222656 0.16503906 40 230 120 2
0.04394531 -0.05566406 0.16503906 255 40 40 1
0.04199219 -0.01074219 0.16699219 255 40 40 1
0.05371094 -0.04785156 0.17089844 255 40 40 1
0.05175781 -0.04980469 0.17089844 255 40 40 1
0.04003906 -0.01269531 0.16699219 255 40 40 1
0.04199219 -0.01269531 0.16699219 255 40 40 1
0.05371094 -0.04980469 0.17089844 255 40 40 1
0.05175781 -0.04785156 0.17089844 255 40 40 1
0.05566406 -0.03417969 0.17480469 40 230 120 2
0.05566406 -0.03417969 0.17675781 40 230 120 2
0.05566406 -0.03222656 0.17675781 40 230 120 2
0.05761719 -0.03417969 0.17675781 40 230 120 2
0.04003906 -0.01074219 0.16699219 255 40 40 1
0.05761719 0.00683594 0.18652344 255 40 40 1
0.04980469 0.01464844 0.17675781 40 230 120 2
0.04785156 0.01269531 0.17675781 40 230 120 2
0.05761719 0.00878906 0.18652344 255 40 40 1
0.04589844 0.04589844 0.17675781 255 40 40 1
0.04785156 0.01464844 0.17480469 40 230 120 2
0.04785156 0.01464844 0.17675781 40 230 120 2
0.04980469 -0.20410156 0.06347656 255 40 40 1
0.06933594 -0.20214844 0.03027344 255 40 40 1
0.05566406 -0.19433594 0.03417969 40 230 120 2
0.04785156 -0.20410156 0.06347656 255 40 40 1
0.06933594 -0.20019531 0.03027344 255 40 40 1
0.05566406 -0.19433594 0.03222656 40 230 120 2
0.05566406 -0.19628906 0.03222656 40 230 120 2
0.05566406 -0.19628906 0.03417969 40 230 120 2
0.04980469 -0.18066406 0.00683594 255 40 40 1
0.04980469 -0.17871094 0.00488281 255 40 40 1
0.04589844 -0.16699219 0.00292969 40 230 120 2
0.04394531 -0.16503906 0.00292969 40 230 120 2
0.04785156 -0.15527344 -0.00488281 255 40 40 1
0.04589844 -0.16503906 0.00292969 40 230 120 2
0.04394531 -0.16699219 0.00292969 40 230 120 2
0.07128906 -0.16894531 -0.00097656 255 40 40 1
0.06933594 -0.16894531 -0.00097656 255 40 40 1
0.06738281 -0.17871094 0.00292969 40 230 120 2
0.06738281 -0.17871094 0.00488281 40 230 120 2
0.06933594 -0.17871094 0.00488281 40 230 120 2
0.04980469 -0.18066406 0.00488281 255 40 40 1
0.08496094 -0.18847656 0.00878906 255 40 40 1
0.06738281 -0.18066406 0.00488281 40 230 120 2
0.02050781 -0.12597656 0.03613281 255 40 40 1
0.02246094 -0.15136719 0.04003906 255 40 40 1
0.02246094 -0.12597656 0.03613281 255 40 40 1
0.03027344 -0.13769531 0.01269531 255 40 40 1
0.02441406 -0.13964844 0.02832031 40 230 120 2
0.02832031 -0.13964844 0.01269531 255 40 40 1
0.02441406 -0.13769531 0.02832031 40 230 120 2
0.02441406 -0.13964844 0.03027344 40 230 120 2
0.02441406 -0.13769531 0.03027344 40 230 120 2
0.01269531 -0.13769531 0.01269531 255 40 40 1
-0.00683594 -0.15722656 -0.02832031 255 40 40 1
-0.00683594 -0.15722656 -0.02636719 255 40 40 1
0.01464844 -0.13769531 0.01269531 255 40 40 1
-0.00488281 -0.15722656 -0.02832031 255 40 40 1
0.01074219 -0.14355469 -0.00097656 40 230 120 2
0.01269531 -0.14550781 -0.00097656 40 230 120 2
0.01269531 -0.14355469 -0.00097656 40 230 120 2
0.01269531 -0.14355469 0.00097656 40 230 120 2
0.01660156 -0.15722656 -0.01464844 255 40 40 1
0.03222656 -0.14941406 -0.00292969 40 230 120 2
0.03222656 -0.15136719 -0.00292969 40 230 120 2
0.03027344 -0.13964844 0.01074219 255 40 40 1
0.03027344 -0.14941406 -0.00292969 40 230 120 2
0.01660156 -0.15527344 -0.01464844 255 40 40 1
0.01855469 -0.15722656 -0.01464844 255 40 40 1
0.03027344 -0.15136719 -0.00292969 40 230 120 2
0.03808594 -0.16894531 0.02636719 40 230 120 2
0.03808594 -0.16308594 0.01269531 255 40 40 1
0.03808594 -0.16308594 0.01074219 255 40 40 1
0.03808594 -0.16113281 0.01074219 255 40 40 1
0.03027344 -0.13964844 0.01269531 255 40 40 1
0.03222656 -0.14355469 0.01660156 255 40 40 1
0.03808594 -0.16699219 0.02832031 40 230 120 2
0.03808594 -0.16699219 0.02636719 40 230 120 2
0.03808594 -0.16894531 0.02832031 40 230 120 2
0.02050781 -0.12597656 0.03808594 255 40 40 1
0.02636719 -0.13574219 0.06542969 40 230 120 2
0.02246094 -0.12988281 0.05761719 40 230 120 2
0.02246094 -0.12988281 0.05957031 40 230 120 2
0.03222656 -0.14941406 0.08691406 255 40 40 1
0.02636719 -0.13574219 0.06738281 40 230 120 2
0.02441406 -0.13574219 0.06542969 40 230 120 2
0.02636719 -0.13378906 0.06542969 40 230 120 2
0.02441406 -0.13183594 0.07324219 255 40 40 1
0.02246094 -0.12597656 0.03808594 255 40 40 1
0.03222656 -0.15136719 0.08691406 255 40 40 1
0.02441406 -0.15332031 0.04003906 255 40 40 1
0.03417969 -0.16894531 0.06542969 40 230 120 2
0.02441406 -0.15136719 0.04003906 255 40 40 1
0.02441406 -0.15136719 0.04199219 255 40 40 1
0.03417969 -0.17089844 0.06347656 40 230 120 2
0.03417969 -0.16894531 0.06347656 40 230 120 2
0.03417969 -0.16699219 0.06347656 40 230 120 2
0.04785156 -0.20410156 0.06542969 255 40 40 1
0.05566406 -0.13964844 0.14941406 255 40 40 1
0.05566406 -0.14160156 0.14941406 255 40 40 1
0.04589844 -0.15722656 0.11621094 40 230 120 2
0.04394531 -0.15527344 0.11621094 40 230 120 2
0.04394531 -0.15722656 0.11621094 40 230 120 2
0.04589844 -0.18066406 0.10839844 255 40 40 1
0.03222656 -0.15136719 0.08886719 255 40 40 1
0.04589844 -0.18066406 0.11035156 255 40 40 1
0.04589844 -0.17871094 0.10839844 255 40 40 1
0.04394531 -0.15722656 0.11425781 40 230 120 2
0.03417969 -0.12597656 0.12207031 255 40 40 1
0.03027344 -0.12207031 0.10449219 255 40 40 1
0.03222656 -0.14941406 0.08886719 255 40 40 1
0.03222656 -0.13378906 0.10449219 40 230 120 2
0.03222656 -0.13183594 0.10449219 40 230 120 2
0.03027344 -0.12207031 0.10253906 255 40 40 1
0.03222656 -0.13378906 0.10644531 40 230 120 2
0.03222656 -0.13183594 0.10644531 40 230 120 2
-0.01269531 -0.14746094 -0.06152344 255 40 40 1
0.00488281 -0.15722656 -0.05761719 255 40 40 1
-0.00878906 -0.15332031 -0.07128906 40 230 120 2
-0.01074219 -0.15332031 -0.06933594 40 230 120 2
-0.00878906 -0.15332031 -0.06933594 40 230 120 2
-0.00878906 -0.15136719 -0.06933594 40 230 120 2
-0.01464844 -0.14746094 -0.06152344 255 40 40 1
0.01269531 -0.16308594 -0.07714844 40 230 120 2
0.01660156 -0.16308594 -0.07714844 40 230 120 2
0.01464844 -0.16308594 -0.07910156 40 230 120 2
0.00097656 -0.15917969 -0.08886719 255 40 40 1
0.00292969 -0.15917969 -0.08886719 255 40 40 1
0.00097656 -0.15722656 -0.08691406 255 40 40 1
0.00683594 -0.15722656 -0.05761719 255 40 40 1
0.01464844 -0.16308594 -0.07714844 40 230 120 2
0.00097656 -0.15722656 -0.08886719 255 40 40 1
0.00683594 -0.15917969 -0.05761719 255 40 40 1
0.04785156 -0.15527344 -0.00683594 255 40 40 1
0.03222656 -0.16308594 -0.03808594 40 230 120 2
0.03808594 -0.17675781 -0.04785156 255 40 40 1
0.00683594 -0.15722656 -0.05566406 255 40 40 1
0.03027344 -0.16308594 -0.03613281 40 230 120 2
0.04003906 -0.17675781 -0.04785156 255 40 40 1
0.03027344 -0.16113281 -0.03808594 40 230 120 2
0.03027344 -0.16308594 -0.03808594 40 230 120 2
0.01660156 -0.15722656 -0.01660156 255 40 40 1
0.00683594 -0.15722656 -0.03222656 40 230 120 2
0.00488281 -0.15722656 -0.03222656 40 230 120 2
0.00488281 -0.15722656 -0.03417969 40 230 120 2
0.00683594 -0.15722656 -0.03417969 40 230 120 2
-0.08691406 -0.15136719 -0.08300781 255 40 40 1
-0.12792969 -0.14160156 -0.08105469 255 40 40 1
-0.12402344 -0.14355469 -0.04589844 255 40 40 1
-0.12792969 -0.14355469 -0.08105469 255 40 40 1
-0.11425781 -0.14550781 -0.07128906 40 230 120 2
-0.11230469 -0.14550781 -0.06933594 40 230 120 2
-0.08691406 -0.15136719 -0.08496094 255 40 40 1
-0.11425781 -0.14550781 -0.06933594 40 230 120 2
-0.11230469 -0.14550781 -0.07128906 40 230 120 2
-0.07910156 -0.14160156 -0.00097656 255 40 40 1
-0.08300781 -0.15136719 -0.04785156 255 40 40 1
-0.09667969 -0.14550781 -0.03027344 40 230 120 2
-0.09472656 -0.14550781 -0.03222656 40 230 120 2
-0.09472656 -0.14550781 -0.03027344 40 230 120 2
-0.09667969 -0.14550781 -0.03222656 40 230 120 2
-0.12402344 -0.14355469 -0.04394531 255 40 40 1
-0.12597656 -0.13769531 -0.00683594 255 40 40 1
-0.12597656 -0.13769531 -0.00878906 255 40 40 1
-0.13574219 -0.13378906 -0.01660156 40 230 120 2
-0.13574219 -0.13378906 -0.01855469 40 230 120 2
-0.13769531 -0.13378906 -0.01660156 40 230 120 2
-0.13769531 -0.13378906 -0.01855469 40 230 120 2
-0.12402344 -0.14160156 -0.04589844 255 40 40 1
-0.16113281 -0.12011719 -0.00097656 255 40 40 1
-0.12402344 -0.14160156 -0.04394531 255 40 40 1
-0.15917969 -0.12011719 -0.00292969 255 40 40 1
-0.16113281 -0.12011719 -0.00292969 255 40 40 1
-0.15332031 -0.12988281 -0.05761719 40 230 120 2
-0.16503906 -0.12402344 -0.04394531 255 40 40 1
-0.15527344 -0.12988281 -0.05566406 40 230 120 2
-0.15332031 -0.12988281 -0.05566406 40 230 120 2
-0.17089844 -0.12207031 -0.07910156 255 40 40 1
-0.15136719 -0.12988281 -0.05566406 40 230 120 2
-0.16308594 -0.12402344 -0.04394531 255 40 40 1
-0.08691406 -0.15136719 -0.08691406 255 40 40 1
-0.09472656 -0.14941406 -0.12402344 255 40 40 1
-0.13574219 -0.13964844 -0.11816406 255 40 40 1
-0.10644531 -0.14550781 -0.11035156 40 230 120 2
-0.10644531 -0.14550781 -0.10839844 40 230 120 2
-0.10644531 -0.14746094 -0.10839844 40 230 120 2
-0.10644531 -0.14746094 -0.11035156 40 230 120 2
-0.12988281 -0.14160156 -0.08105469 255 40 40 1
-0.14746094 -0.13378906 -0.09277344 40 230 120 2
-0.14550781 -0.13378906 -0.09277344 40 230 120 2
-0.14550781 -0.13378906 -0.09472656 40 230 120 2
-0.13769531 -0.13769531 -0.11816406 255 40 40 1
-0.13769531 -0.13964844 -0.11816406 255 40 40 1
-0.12988281 -0.14160156 -0.08300781 255 40 40 1
-0.14550781 -0.13574219 -0.09277344 40 230 120 2
0.19824219 0.20996094 -0.14355469 255 40 40 1
0.19824219 0.20019531 -0.15917969 40 230 120 2
0.19824219 0.19824219 -0.16113281 40 230 120 2
0.19824219 0.21191406 -0.14355469 255 40 40 1
0.20019531 0.19824219 -0.15917969 40 230 120 2
0.19824219 0.19824219 -0.15917969 40 230 120 2
-0.14550781 -0.13378906 -0.15527344 255 40 40 1
-0.14941406 -0.12988281 -0.18261719 255 40 40 1
-0.15136719 -0.12988281 -0.18261719 255 40 40 1
-0.14746094 -0.13378906 -0.15527344 255 40 40 1
-0.18847656 -0.12011719 -0.15136719 255 40 40 1
-0.16308594 -0.12792969 -0.16113281 40 230 120 2
-0.16308594 -0.12792969 -0.16308594 40 230 120 2
-0.16113281 -0.12792969 -0.16308594 40 230 120 2
-0.16113281 -0.12792969 -0.16113281 40 230 120 2
-0.00878906 -0.15527344 -0.10058594 40 230 120 2
-0.02050781 -0.15332031 -0.09277344 255 40 40 1
-0.02050781 -0.15332031 -0.09082031 255 40 40 1
-0.00683594 -0.15527344 -0.10253906 40 230 120 2
-0.00878906 -0.15527344 -0.10253906 40 230 120 2
-0.00683594 -0.15527344 -0.10058594 40 230 120 2
-0.14941406 0.20019531 -0.17285156 40 230 120 2
-0.15136719 0.20019531 -0.17285156 40 230 120 2
-0.12207031 0.20605469 -0.18457031 255 40 40 1
-0.15136719 0.20019531 -0.17089844 40 230 120 2
-0.16503906 0.19238281 -0.17871094 255 40 40 1
-0.16503906 0.19238281 -0.17675781 255 40 40 1
-0.16503906 0.20214844 -0.15136719 255 40 40 1
-0.14941406 0.20019531 -0.17089844 40 230 120 2
-0.16308594 0.20214844 -0.15136719 255 40 40 1
-0.16308594 0.20019531 -0.15136719 255 40 40 1
-0.16503906 0.20019531 -0.15136719 255 40 40 1
-0.01464844 -0.15332031 -0.16503906 255 40 40 1
-0.02441406 -0.14550781 -0.19238281 255 40 40 1
-0.02832031 -0.14746094 -0.17285156 40 230 120 2
-0.02636719 -0.14746094 -0.17480469 40 230 120 2
-0.02441406 -0.14355469 -0.19238281 255 40 40 1
-0.01660156 -0.15332031 -0.16503906 255 40 40 1
-0.02636719 -0.14355469 -0.19238281 255 40 40 1
-0.02636719 -0.14550781 -0.19238281 255 40 40 1
-0.02636719 -0.14746094 -0.17285156 40 230 120 2
-0.04199219 -0.14550781 -0.16699219 255 40 40 1
-0.02832031 -0.14746094 -0.17480469 40 230 120 2
-0.04199219 -0.14550781 -0.16503906 255 40 40 1
-0.04003906 -0.14550781 -0.16503906 255 40 40 1
0.03417969 -0.17285156 -0.12402344 255 40 40 1
0.03417969 -0.17285156 -0.12597656 255 40 40 1
0.02050781 -0.16699219 -0.11230469 40 230 120 2
-0.00292969 -0.15527344 -0.12597656 255 40 40 1
0.02246094 -0.16894531 -0.11230469 40 230 120 2
0.02246094 -0.16699219 -0.11230469 40 230 120 2
0.02246094 -0.16699219 -0.11425781 40 230 120 2
0.03222656 -0.17285156 -0.12597656 255 40 40 1
-0.24121094 -0.04589844 -0.05175781 40 230 120 2
-0.23925781 -0.03613281 -0.02441406 255 40 40 1
-0.24902344 -0.03417969 -0.06542969 255 40 40 1
-0.23925781 -0.04589844 -0.05175781 40 230 120 2
-0.24121094 -0.04589844 -0.05371094 40 230 120 2
-0.23925781 -0.04589844 -0.05371094 40 230 120 2
-0.20605469 -0.06152344 0.01074219 255 40 40 1
-0.23925781 -0.03613281 -0.02050781 255 40 40 1
-0.23925781 -0.03613281 -0.02246094 255 40 40 1
-0.22167969 -0.05566406 -0.01269531 40 230 120 2
-0.22363281 -0.05566406 -0.01269531 40 230 120 2
-0.22167969 -0.05761719 -0.01269531 40 230 120 2
-0.22167969 -0.05566406 -0.01074219 40 230 120 2
-0.21972656 -0.06933594 -0.02636719 255 40 40 1
-0.21582031 -0.02832031 0.01660156 255 40 40 1
-0.21777344 -0.02832031 0.01660156 255 40 40 1
-0.22753906 0.00488281 0.01269531 255 40 40 1
-0.22753906 0.00488281 0.01464844 255 40 40 1
-0.22753906 0.00683594 0.01464844 255 40 40 1
-0.23925781 -0.03417969 -0.02246094 255 40 40 1
-0.21582031 -0.02832031 0.01855469 255 40 40 1
-0.21582031 -0.02636719 0.01660156 255 40 40 1
-0.22753906 -0.01855469 0.00292969 40 230 120 2
-0.22753906 -0.02050781 0.00292969 40 230 120 2
-0.22753906 -0.02050781 0.00488281 40 230 120 2
-0.22753906 -0.01855469 0.00488281 40 230 120 2
-0.25292969 -0.00878906 -0.03613281 40 230 120 2
-0.25292969 0.00292969 -0.02050781 255 40 40 1
-0.25097656 -0.00878906 -0.03808594 40 230 120 2
-0.26269531 0.00488281 -0.06347656 255 40 40 1
-0.25292969 0.00097656 -0.02050781 255 40 40 1
-0.25097656 -0.01074219 -0.03613281 40 230 120 2
-0.25292969 0.00292969 -0.02246094 255 40 40 1
-0.25097656 -0.00878906 -0.03613281 40 230 120 2
-0.25878906 -0.03027344 -0.10644531 255 40 40 1
-0.23144531 -0.06738281 -0.07128906 255 40 40 1
-0.25683594 -0.03027344 -0.10644531 255 40 40 1
-0.23925781 -0.06347656 -0.11035156 255 40 40 1
-0.24316406 -0.05371094 -0.09667969 40 230 120 2
-0.24316406 -0.05175781 -0.09667969 40 230 120 2
-0.24316406 -0.05371094 -0.09472656 40 230 120 2
-0.24121094 -0.05371094 -0.09667969 40 230 120 2
-0.25878906 -0.03027344 -0.10839844 255 40 40 1
-0.26269531 0.00488281 -0.06542969 255 40 40 1
-0.25097656 -0.03417969 -0.06542969 255 40 40 1
-0.25097656 -0.03222656 -0.06542969 255 40 40 1
-0.25097656 -0.03417969 -0.06738281 255 40 40 1
-0.25683594 -0.02050781 -0.08105469 40 230 120 2
-0.25683594 -0.01855469 -0.08105469 40 230 120 2
-0.25683594 -0.02050781 -0.07910156 40 230 120 2
-0.25683594 -0.01855469 -0.07910156 40 230 120 2
-0.25878906 -0.02832031 -0.10644531 255 40 40 1
-0.27246094 0.01660156 -0.14941406 255 40 40 1
-0.27246094 0.01464844 -0.14941406 255 40 40 1
-0.27441406 0.05566406 -0.18066406 255 40 40 1
-0.27246094 0.02636719 -0.16894531 40 230 120 2
-0.27441406 0.05566406 -0.17871094 255 40 40 1
-0.27246094 0.02832031 -0.17089844 40 230 120 2
-0.27246094 0.01464844 -0.17871094 255 40 40 1
-0.27246094 0.03027344 -0.16894531 40 230 120 2
-0.27246094 0.02832031 -0.16894531 40 230 120 2
-0.26464844 -0.02441406 -0.14746094 255 40 40 1
-0.26660156 -0.01074219 -0.15722656 40 230 120 2
-0.26269531 -0.02246094 -0.17675781 255 40 40 1
-0.26660156 -0.01269531 -0.15917969 40 230 120 2
-0.26660156 -0.01074219 -0.15917969 40 230 120 2
-0.26660156 -0.01269531 -0.15722656 40 230 120 2
-0.21582031 -0.09667969 -0.11230469 255 40 40 1
-0.20410156 -0.09472656 -0.07519531 255 40 40 1
-0.20410156 -0.09667969 -0.07714844 255 40 40 1
-0.21582031 -0.08691406 -0.08691406 40 230 120 2
-0.21777344 -0.09667969 -0.11230469 255 40 40 1
-0.20410156 -0.09667969 -0.07519531 255 40 40 1
-0.21777344 -0.08691406 -0.08496094 40 230 120 2
-0.21777344 -0.08691406 -0.08691406 40 230 120 2
-0.21777344 -0.08496094 -0.08691406 40 230 120 2
-0.25097656 -0.04785156 -0.16894531 40 230 120 2
-0.24707031 -0.05761719 -0.17871094 255 40 40 1
-0.24707031 -0.05761719 -0.17675781 255 40 40 1
-0.26269531 -0.02441406 -0.17675781 255 40 40 1
-0.25097656 -0.04589844 -0.16894531 40 230 120 2
-0.26269531 -0.02441406 -0.17871094 255 40 40 1
-0.25097656 -0.04589844 -0.16699219 40 230 120 2
-0.24707031 -0.05957031 -0.14746094 255 40 40 1
-0.24511719 -0.05957031 -0.14941406 255 40 40 1
-0.25097656 -0.04785156 -0.16699219 40 230 120 2
-0.24511719 -0.05957031 -0.14746094 255 40 40 1
-0.23144531 -0.07910156 -0.15722656 40 230 120 2
-0.22167969 -0.08691406 -0.17871094 255 40 40 1
-0.22949219 -0.07910156 -0.15722656 40 230 120 2
-0.22167969 -0.08496094 -0.17871094 255 40 40 1
-0.24511719 -0.06152344 -0.14746094 255 40 40 1
-0.22167969 -0.08691406 -0.17675781 255 40 40 1
-0.22949219 -0.07910156 -0.15917969 40 230 120 2
-0.22167969 -0.09082031 -0.14941406 255 40 40 1
-0.23144531 -0.07910156 -0.15917969 40 230 120 2
-0.22167969 -0.08496094 -0.17675781 255 40 40 1
-0.22167969 -0.08886719 -0.14941406 255 40 40 1
-0.18261719 -0.12207031 -0.11621094 255 40 40 1
-0.17285156 -0.12207031 -0.08105469 255 40 40 1
-0.18066406 -0.12011719 -0.11621094 255 40 40 1
-0.18066406 -0.12207031 -0.11621094 255 40 40 1
-0.19042969 -0.11230469 -0.10253906 40 230 120 2
-0.19042969 -0.11425781 -0.10449219 40 230 120 2
-0.19042969 -0.11230469 -0.10449219 40 230 120 2
-0.19042969 -0.11425781 -0.10253906 40 230 120 2
-0.21972656 -0.06933594 -0.02832031 255 40 40 1
-0.22949219 -0.06738281 -0.06933594 255 40 40 1
-0.21582031 -0.07910156 -0.04394531 40 230 120 2
-0.21582031 -0.07910156 -0.04589844 40 230 120 2
-0.21386719 -0.07910156 -0.04394531 40 230 120 2
-0.21972656 -0.07128906 -0.02832031 255 40 40 1
-0.21582031 -0.07714844 -0.04394531 40 230 120 2
-0.20214844 -0.09667969 -0.07519531 255 40 40 1
-0.18847656 -0.10644531 -0.06347656 40 230 120 2
-0.17089844 -0.12207031 -0.08105469 255 40 40 1
-0.17285156 -0.12207031 -0.07910156 255 40 40 1
-0.19042969 -0.10644531 -0.06347656 40 230 120 2
-0.19042969 -0.10644531 -0.06542969 40 230 120 2
-0.19042969 -0.10449219 -0.06347656 40 230 120 2
-0.16113281 -0.11816406 -0.00292969 255 40 40 1
-0.19433594 -0.09863281 -0.03417969 255 40 40 1
-0.16503906 -0.12207031 -0.04394531 255 40 40 1
-0.16503906 -0.12402344 -0.04199219 255 40 40 1
-0.17285156 -0.11425781 -0.02832031 40 230 120 2
-0.17480469 -0.11425781 -0.02636719 40 230 120 2
-0.19433594 -0.09863281 -0.03613281 255 40 40 1
-0.17285156 -0.11425781 -0.02636719 40 230 120 2
-0.17285156 -0.11230469 -0.02636719 40 230 120 2
-0.18457031 -0.09082031 0.00292969 255 40 40 1
-0.18457031 -0.09277344 0.00292969 255 40 40 1
-0.19433594 -0.08496094 -0.00488281 40 230 120 2
-0.19433594 -0.08300781 -0.00683594 40 230 120 2
-0.19433594 -0.08496094 -0.00683594 40 230 120 2
-0.19433594 -0.08300781 -0.00488281 40 230 120 2
-0.14550781 -0.11621094 0.00292969 40 230 120 2
-0.15527344 -0.10839844 0.00683594 255 40 40 1
-0.12792969 -0.12402344 0.00488281 255 40 40 1
-0.14746094 -0.11816406 0.00292969 40 230 120 2
-0.14746094 -0.11621094 0.00488281 40 230 120 2
-0.14746094 -0.11621094 0.00292969 40 230 120 2
-0.11035156 -0.13378906 -0.00097656 40 230 120 2
-0.11035156 -0.13574219 -0.00097656 40 230 120 2
-0.11230469 -0.13378906 -0.00097656 40 230 120 2
-0.11035156 -0.13378906 0.00097656 40 230 120 2
-0.12597656 -0.12402344 0.00292969 255 40 40 1
-0.12597656 -0.12402344 0.00488281 255 40 40 1
-0.12402344 -0.13769531 -0.00683594 255 40 40 1
-0.12597656 -0.13769531 -0.00488281 255 40 40 1
-0.12597656 -0.12597656 0.00488281 255 40 40 1
-0.09082031 -0.13574219 0.00878906 255 40 40 1
-0.10644531 -0.13574219 0.00878906 40 230 120 2
-0.10839844 -0.13574219 0.00878906 40 230 120 2
-0.10644531 -0.13574219 0.01074219 40 230 120 2
-0.09082031 -0.13378906 0.00878906 255 40 40 1
-0.10644531 -0.14941406 0.01660156 255 40 40 1
-0.10449219 -0.14941406 0.01660156 255 40 40 1
-0.10839844 -0.13574219 0.01074219 40 230 120 2
-0.14160156 -0.13183594 0.01269531 40 230 120 2
-0.16699219 -0.12792969 0.02050781 255 40 40 1
-0.13574219 -0.14355469 0.01464844 255 40 40 1
-0.14355469 -0.13183594 0.01269531 40 230 120 2
-0.14355469 -0.13378906 0.01269531 40 230 120 2
-0.14355469 -0.13183594 0.01464844 40 230 120 2
-0.23339844 0.08886719 -0.00097656 255 40 40 1
-0.23535156 0.08691406 -0.00097656 255 40 40 1
-0.23339844 0.08691406 -0.00097656 255 40 40 1
-0.23144531 0.06933594 -0.00097656 40 230 120 2
-0.22167969 0.08300781 -0.01269531 255 40 40 1
-0.23144531 0.06933594 -0.00292969 40 230 120 2
-0.23535156 0.08886719 -0.00097656 255 40 40 1
-0.23339844 0.06933594 -0.00097656 40 230 120 2
-0.23144531 0.07128906 -0.00097656 40 230 120 2
-0.22558594 0.04003906 0.00292969 255 40 40 1
-0.23144531 0.02636719 0.00878906 40 230 120 2
-0.23144531 0.02832031 0.00878906 40 230 120 2
-0.23339844 0.02832031 0.00878906 40 230 120 2
-0.22753906 0.03808594 0.00292969 255 40 40 1
-0.22949219 0.02832031 0.00878906 40 230 120 2
-0.24121094 0.03808594 0.00878906 255 40 40 1
-0.24121094 0.03808594 0.01074219 255 40 40 1
-0.22558594 0.03808594 0.00488281 255 40 40 1
-0.22558594 0.03808594 0.00292969 255 40 40 1
-0.25097656 0.00292969 0.04199219 255 40 40 1
-0.25097656 0.00097656 0.04199219 255 40 40 1
-0.25097656 0.00097656 0.04003906 255 40 40 1
-0.24511719 0.01269531 0.02441406 40 230 120 2
-0.23925781 0.00292969 0.01855469 255 40 40 1
-0.23925781 0.00097656 0.01855469 255 40 40 1
-0.24316406 0.01269531 0.02441406 40 230 120 2
-0.23925781 0.00097656 0.02050781 255 40 40 1
-0.24316406 0.01269531 0.02246094 40 230 120 2
-0.24316406 0.01464844 0.02441406 40 230 120 2
-0.24121094 0.04003906 0.01074219 255 40 40 1
-0.25292969 0.04394531 0.03613281 255 40 40 1
-0.25292969 0.04589844 0.03613281 255 40 40 1
-0.24511719 0.05761719 0.02441406 40 230 120 2
-0.23925781 0.09667969 0.02636719 255 40 40 1
-0.24511719 0.05957031 0.02246094 40 230 120 2
-0.23925781 0.09472656 0.02441406 255 40 40 1
-0.23925781 0.09472656 0.02636719 255 40 40 1
-0.24511719 0.05957031 0.02441406 40 230 120 2
-0.23925781 0.09667969 0.02441406 255 40 40 1
-0.24511719 0.06152344 0.02441406 40 230 120 2
-0.24316406 0.03808594 0.01074219 255 40 40 1
-0.05957031 -0.15332031 0.02246094 255 40 40 1
-0.08886719 -0.13574219 0.00878906 255 40 40 1
-0.07910156 -0.14160156 0.00097656 255 40 40 1
-0.08886719 -0.13378906 0.00878906 255 40 40 1
-0.07714844 -0.14355469 0.00878906 40 230 120 2
-0.07714844 -0.14355469 0.01074219 40 230 120 2
-0.07519531 -0.14355469 0.01074219 40 230 120 2
-0.07519531 -0.14355469 0.00878906 40 230 120 2
-0.04003906 -0.13574219 0.02050781 255 40 40 1
-0.04199219 -0.13574219 0.02050781 255 40 40 1
-0.03808594 -0.13574219 0.02246094 255 40 40 1
-0.03222656 -0.14550781 0.02636719 40 230 120 2
-0.03808594 -0.13574219 0.02050781 255 40 40 1
-0.03222656 -0.14550781 0.02832031 40 230 120 2
-0.03417969 -0.14550781 0.02636719 40 230 120 2
-0.03222656 -0.14355469 0.02636719 40 230 120 2
-0.03808594 -0.16894531 0.05371094 255 40 40 1
-0.03808594 -0.16894531 0.05175781 255 40 40 1
-0.05957031 -0.15527344 0.02246094 255 40 40 1
-0.05957031 -0.15527344 0.02441406 255 40 40 1
-0.07519531 -0.16894531 0.06542969 255 40 40 1
-0.05761719 -0.16308594 0.04785156 40 230 120 2
-0.05761719 -0.16503906 0.04589844 40 230 120 2
-0.05957031 -0.15332031 0.02441406 255 40 40 1
-0.05761719 -0.16503906 0.04785156 40 230 120 2
-0.05566406 -0.16503906 0.04785156 40 230 120 2
-0.08886719 -0.16308594 0.03417969 255 40 40 1
-0.08496094 -0.15527344 0.02246094 40 230 120 2
-0.09082031 -0.16308594 0.03417969 255 40 40 1
-0.09082031 -0.16113281 0.03417969 255 40 40 1
-0.10449219 -0.15136719 0.01660156 255 40 40 1
-0.08496094 -0.15527344 0.02441406 40 230 120 2
-0.08496094 -0.15527344 0.02636719 40 230 120 2
-0.08691406 -0.15527344 0.02441406 40 230 120 2
-0.02832031 -0.16503906 0.09472656 255 40 40 1
-0.03613281 -0.16894531 0.05371094 255 40 40 1
-0.02050781 -0.16113281 0.06347656 40 230 120 2
0.00097656 -0.14550781 0.03808594 255 40 40 1
0.00097656 -0.14550781 0.04003906 255 40 40 1
-0.02050781 -0.16113281 0.06152344 40 230 120 2
-0.02050781 -0.15917969 0.06152344 40 230 120 2
-0.02050781 -0.15917969 0.06347656 40 230 120 2
-0.02636719 -0.16503906 0.09472656 255 40 40 1
0.00097656 -0.14746094 0.03808594 255 40 40 1
0.00683594 -0.15722656 0.08496094 255 40 40 1
-0.00097656 -0.15527344 0.10644531 40 230 120 2
0.00097656 -0.15527344 0.10644531 40 230 120 2
0.00683594 -0.15722656 0.08691406 255 40 40 1
0.00097656 -0.15527344 0.10839844 40 230 120 2
-0.02636719 -0.16503906 0.09667969 255 40 40 1
-0.00097656 -0.15527344 0.10839844 40 230 120 2
-0.03027344 -0.15917969 0.12402344 40 230 120 2
-0.01074219 -0.15722656 0.13769531 255 40 40 1
-0.04980469 -0.15527344 0.13769531 255 40 40 1
-0.02832031 -0.15917969 0.12207031 40 230 120 2
-0.02832031 -0.15917969 0.12402344 40 230 120 2
-0.03027344 -0.15917969 0.12207031 40 230 120 2
-0.02832031 -0.16503906 0.09667969 255 40 40 1
-0.05566406 -0.16699219 0.08691406 40 230 120 2
-0.06542969 -0.16308594 0.09863281 255 40 40 1
-0.05566406 -0.16503906 0.08691406 40 230 120 2
-0.05761719 -0.16503906 0.08691406 40 230 120 2
-0.07519531 -0.16894531 0.06738281 255 40 40 1
-0.06738281 -0.16308594 0.09863281 255 40 40 1
-0.05761719 -0.16699219 0.08691406 40 230 120 2
-0.11621094 0.20019531 -0.02050781 255 40 40 1
-0.12988281 0.19628906 -0.03417969 255 40 40 1
-0.11816406 0.20214844 -0.02050781 255 40 40 1
-0.11816406 0.20019531 -0.02050781 255 40 40 1
-0.11425781 0.20800781 -0.02636719 40 230 120 2
-0.11621094 0.20800781 -0.02832031 40 230 120 2
-0.09863281 0.22949219 -0.02636719 255 40 40 1
-0.11621094 0.20800781 -0.02636719 40 230 120 2
-0.09863281 0.22753906 -0.02636719 255 40 40 1
-0.11425781 0.20800781 -0.02832031 40 230 120 2
-0.13964844 0.20605469 -0.04199219 255 40 40 1
-0.12988281 0.19433594 -0.03417969 255 40 40 1
-0.13183594 0.19433594 -0.03417969 255 40 40 1
-0.13964844 0.20410156 -0.04199219 255 40 40 1
-0.13769531 0.20605469 -0.04199219 255 40 40 1
-0.17871094 0.18847656 -0.03613281 255 40 40 1
-0.18066406 0.19628906 -0.01269531 255 40 40 1
-0.13183594 0.19433594 -0.03222656 255 40 40 1
-0.18066406 0.19433594 -0.01464844 255 40 40 1
-0.17871094 0.18847656 -0.03808594 255 40 40 1
-0.16308594 0.19238281 -0.02832031 40 230 120 2
-0.16308594 0.19433594 -0.02832031 40 230 120 2
-0.16113281 0.19238281 -0.02832031 40 230 120 2
-0.16113281 0.19433594 -0.02832031 40 230 120 2
-0.12402344 0.19824219 -0.02246094 40 230 120 2
-0.12597656 0.19824219 -0.02246094 40 230 120 2
-0.12792969 0.20410156 -0.02050781 255 40 40 1
-0.12597656 0.19824219 -0.02441406 40 230 120 2
-0.12792969 0.20410156 -0.02246094 255 40 40 1
-0.12011719 0.19628906 -0.01464844 255 40 40 1
-0.06152344 0.13574219 0.09472656 255 40 40 1
-0.08496094 0.14160156 0.09277344 40 230 120 2
-0.08300781 0.14355469 0.09277344 40 230 120 2
-0.09863281 0.15332031 0.07519531 255 40 40 1
-0.09277344 0.13769531 0.10839844 255 40 40 1
-0.09472656 0.13769531 0.10644531 255 40 40 1
-0.09667969 0.15332031 0.07519531 255 40 40 1
-0.09472656 0.13769531 0.10839844 255 40 40 1
-0.09277344 0.13769531 0.10644531 255 40 40 1
-0.08496094 0.14355469 0.09277344 40 230 120 2
-0.08496094 0.14355469 0.09082031 40 230 120 2
-0.10839844 0.16894531 0.08105469 255 40 40 1
-0.10839844 0.16894531 0.07910156 255 40 40 1
-0.09863281 0.15527344 0.07519531 255 40 40 1
-0.09863281 0.15917969 0.08496094 40 230 120 2
-0.09667969 0.15917969 0.08496094 40 230 120 2
-0.09863281 0.16113281 0.08496094 40 230 120 2
-0.09667969 0.16113281 0.08496094 40 230 120 2
-0.10644531 0.16894531 0.08105469 255 40 40 1
-0.10253906 0.16308594 0.06542969 40 230 120 2
-0.10644531 0.17480469 0.04589844 40 230 120 2
-0.11816406 0.18652344 0.04589844 255 40 40 1
-0.10058594 0.16503906 0.04589844 255 40 40 1
-0.10253906 0.16308594 0.06738281 40 230 120 2
-0.11816406 0.18652344 0.04394531 255 40 40 1
-0.10058594 0.16699219 0.04589844 255 40 40 1
-0.12011719 0.16699219 0.07714844 255 40 40 1
-0.11230469 0.15332031 0.08496094 40 230 120 2
-0.11621094 0.13964844 0.10644531 255 40 40 1
-0.11230469 0.15332031 0.08691406 40 230 120 2
-0.11230469 0.15527344 0.08691406 40 230 120 2
-0.11035156 0.15332031 0.08691406 40 230 120 2
-0.20605469 -0.06152344 0.01269531 255 40 40 1
-0.20800781 -0.06542969 0.01855469 255 40 40 1
-0.20019531 -0.07324219 0.01464844 40 230 120 2
-0.20019531 -0.07128906 0.01464844 40 230 120 2
-0.19824219 -0.07324219 0.01464844 40 230 120 2
-0.18652344 -0.09277344 0.01074219 255 40 40 1
-0.18652344 -0.09277344 0.01269531 255 40 40 1
-0.18652344 -0.09082031 0.01269531 255 40 40 1
-0.20410156 -0.06152344 0.01269531 255 40 40 1
-0.20214844 -0.07128906 0.01464844 40 230 120 2
-0.17871094 -0.10058594 0.00488281 40 230 120 2
-0.17871094 -0.09863281 0.00488281 40 230 120 2
-0.17675781 -0.09863281 0.00488281 40 230 120 2
-0.17675781 -0.10058594 0.00488281 40 230 120 2
-0.18261719 -0.09082031 0.00292969 255 40 40 1
-0.18261719 -0.09277344 0.00292969 255 40 40 1
-0.18457031 -0.09277344 0.01269531 255 40 40 1
-0.17089844 -0.11035156 0.01269531 40 230 120 2
-0.17089844 -0.10839844 0.01269531 40 230 120 2
-0.16894531 -0.12597656 0.02050781 255 40 40 1
-0.15527344 -0.10644531 0.00683594 255 40 40 1
-0.15527344 -0.10839844 0.00878906 255 40 40 1
-0.16894531 -0.10839844 0.01269531 40 230 120 2
-0.16894531 -0.11035156 0.01269531 40 230 120 2
-0.15527344 -0.10644531 0.00878906 255 40 40 1
-0.20410156 -0.09277344 0.02636719 40 230 120 2
-0.20214844 -0.10644531 0.02832031 255 40 40 1
-0.20605469 -0.09277344 0.02441406 40 230 120 2
-0.20410156 -0.09082031 0.02441406 40 230 120 2
-0.20410156 -0.09277344 0.02441406 40 230 120 2
-0.22558594 -0.07714844 0.03613281 255 40 40 1
-0.22558594 -0.07910156 0.03613281 255 40 40 1
-0.22558594 -0.07714844 0.03417969 255 40 40 1
-0.20019531 -0.10644531 0.02832031 255 40 40 1
-0.25488281 0.04980469 -0.02636719 255 40 40 1
-0.26074219 0.09863281 -0.06738281 255 40 40 1
-0.24316406 0.09472656 -0.03222656 255 40 40 1
-0.25488281 0.04980469 -0.02441406 255 40 40 1
-0.25878906 0.09863281 -0.06738281 255 40 40 1
-0.24121094 0.09472656 -0.03222656 255 40 40 1
-0.25097656 0.08105469 -0.04199219 40 230 120 2
-0.25292969 0.08300781 -0.04199219 40 230 120 2
-0.25292969 0.08105469 -0.04199219 40 230 120 2
-0.25292969 0.08105469 -0.04003906 40 230 120 2
-0.26855469 0.05175781 -0.06542969 255 40 40 1
-0.25488281 0.04785156 -0.02636719 255 40 40 1
-0.26855469 0.04980469 -0.06542969 255 40 40 1
-0.26269531 0.00683594 -0.06347656 255 40 40 1
-0.26660156 0.05175781 -0.06542969 255 40 40 1
-0.25488281 0.04785156 -0.02441406 255 40 40 1
-0.26269531 0.03417969 -0.05175781 40 230 120 2
-0.26269531 0.00683594 -0.06542969 255 40 40 1
-0.26269531 0.03613281 -0.05175781 40 230 120 2
-0.26660156 0.04980469 -0.06542969 255 40 40 1
-0.26074219 0.03417969 -0.05175781 40 230 120 2
-0.26269531 0.03613281 -0.04980469 40 230 120 2
-0.22753906 0.00683594 0.01269531 255 40 40 1
-0.24511719 0.01855469 -0.01074219 40 230 120 2
-0.24511719 0.02050781 -0.01074219 40 230 120 2
-0.24511719 0.01855469 -0.00878906 40 230 120 2
-0.25097656 0.00292969 -0.02050781 255 40 40 1
-0.24511719 0.02050781 -0.00878906 40 230 120 2
-0.21972656 0.08105469 -0.01269531 255 40 40 1
-0.23339844 0.05761719 -0.01269531 40 230 120 2
-0.23535156 0.05761719 -0.01074219 40 230 120 2
-0.23339844 0.05761719 -0.01074219 40 230 120 2
-0.23339844 0.05566406 -0.01074219 40 230 120 2
-0.21972656 0.08300781 -0.01269531 255 40 40 1
-0.21972656 0.13769531 -0.04394531 255 40 40 1
-0.23730469 0.12792969 -0.06347656 40 230 120 2
-0.23925781 0.12792969 -0.06152344 40 230 120 2
-0.25878906 0.09863281 -0.06933594 255 40 40 1
-0.23730469 0.14355469 -0.07519531 255 40 40 1
-0.23730469 0.14550781 -0.07519531 255 40 40 1
-0.23925781 0.12792969 -0.06347656 40 230 120 2
-0.23730469 0.12792969 -0.06152344 40 230 120 2
-0.22167969 0.08300781 -0.01464844 255 40 40 1
-0.22753906 0.10449219 -0.02832031 40 230 120 2
-0.24121094 0.09472656 -0.03027344 255 40 40 1
-0.24121094 0.09667969 -0.03222656 255 40 40 1
-0.22753906 0.10644531 -0.03027344 40 230 120 2
-0.22753906 0.10449219 -0.03027344 40 230 120 2
-0.22753906 0.10644531 -0.02832031 40 230 120 2
-0.19433594 0.14550781 -0.04003906 40 230 120 2
-0.19433594 0.12597656 -0.03027344 255 40 40 1
-0.19628906 0.12792969 -0.03027344 255 40 40 1
-0.19433594 0.14355469 -0.04003906 40 230 120 2
-0.19238281 0.14355469 -0.04003906 40 230 120 2
-0.21777344 0.13964844 -0.04394531 255 40 40 1
-0.19628906 0.12597656 -0.03027344 255 40 40 1
-0.19238281 0.14550781 -0.04003906 40 230 120 2
-0.19433594 0.12792969 -0.03027344 255 40 40 1
-0.21777344 0.13769531 -0.04394531 255 40 40 1
-0.18457031 0.17871094 -0.05566406 255 40 40 1
-0.18457031 0.17871094 -0.05761719 255 40 40 1
-0.18457031 0.17675781 -0.05761719 255 40 40 1
-0.18457031 0.17675781 -0.05566406 255 40 40 1
-0.20019531 0.16503906 -0.06152344 40 230 120 2
-0.20214844 0.16503906 -0.06152344 40 230 120 2
-0.19824219 0.18066406 -0.08300781 255 40 40 1
-0.20019531 0.16699219 -0.06152344 40 230 120 2
-0.20019531 0.16503906 -0.05957031 40 230 120 2
-0.23925781 0.14160156 -0.11230469 255 40 40 1
-0.26074219 0.09863281 -0.06933594 255 40 40 1
-0.25488281 0.11425781 -0.09863281 40 230 120 2
-0.25488281 0.11621094 -0.09667969 40 230 120 2
-0.24121094 0.14160156 -0.11230469 255 40 40 1
-0.25292969 0.11425781 -0.09667969 40 230 120 2
-0.26464844 0.10058594 -0.10839844 255 40 40 1
-0.26464844 0.10253906 -0.11035156 255 40 40 1
-0.26464844 0.10253906 -0.10839844 255 40 40 1
-0.25488281 0.11425781 -0.09667969 40 230 120 2
-0.23730469 0.14550781 -0.07714844 255 40 40 1
-0.23535156 0.14550781 -0.07519531 255 40 40 1
-0.23925781 0.14355469 -0.11230469 255 40 40 1
-0.22558594 0.15722656 -0.09277344 40 230 120 2
-0.22558594 0.15527344 -0.09082031 40 230 120 2
-0.22363281 0.15722656 -0.09082031 40 230 120 2
-0.22558594 0.15722656 -0.09082031 40 230 120 2
0.20410156 -0.11035156 -0.16308594 255 40 40 1
0.19628906 -0.12011719 -0.15527344 40 230 120 2
0.22167969 -0.11621094 -0.12988281 255 40 40 1
0.16308594 -0.13574219 -0.17089844 255 40 40 1
0.19433594 -0.12011719 -0.15527344 40 230 120 2
0.22167969 -0.11425781 -0.12988281 255 40 40 1
0.20410156 -0.11035156 -0.16113281 255 40 40 1
0.19628906 -0.12011719 -0.15332031 40 230 120 2
0.19433594 -0.12011719 -0.15332031 40 230 120 2
-0.23925781 0.13769531 -0.17871094 255 40 40 1
-0.24121094 0.14160156 -0.14941406 255 40 40 1
-0.24121094 0.14160156 -0.15136719 255 40 40 1
-0.22753906 0.15136719 -0.16113281 40 230 120 2
-0.24121094 0.14355469 -0.14941406 255 40 40 1
-0.24121094 0.14355469 -0.15136719 255 40 40 1
-0.22949219 0.15136719 -0.16113281 40 230 120 2
-0.22949219 0.15136719 -0.15917969 40 230 120 2
-0.22753906 0.15136719 -0.15917969 40 230 120 2
-0.27246094 0.05566406 -0.10644531 255 40 40 1
-0.26660156 0.06933594 -0.07910156 40 230 120 2
-0.26660156 0.06933594 -0.08105469 40 230 120 2
-0.26660156 0.06738281 -0.07910156 40 230 120 2
-0.26660156 0.06738281 -0.08105469 40 230 120 2
-0.26660156 0.10058594 -0.14941406 255 40 40 1
-0.26464844 0.10253906 -0.14941406 255 40 40 1
-0.26464844 0.10058594 -0.14941406 255 40 40 1
-0.26074219 0.09667969 -0.17871094 255 40 40 1
-0.23925781 0.13574219 -0.17871094 255 40 40 1
-0.25488281 0.11035156 -0.16894531 40 230 120 2
-0.23925781 0.13574219 -0.18066406 255 40 40 1
-0.26660156 0.10253906 -0.14941406 255 40 40 1
-0.25488281 0.11230469 -0.17089844 40 230 120 2
-0.25683594 0.11230469 -0.16894531 40 230 120 2
-0.25488281 0.11230469 -0.16894531 40 230 120 2
-0.27441406 0.05761719 -0.14941406 255 40 40 1
-0.27050781 0.07128906 -0.15917969 40 230 120 2
-0.27050781 0.07128906 -0.16113281 40 230 120 2
-0.27050781 0.06933594 -0.15917969 40 230 120 2
-0.27246094 0.06933594 -0.15917969 40 230 120 2
-0.27441406 0.05957031 -0.14941406 255 40 40 1
-0.27246094 0.01074219 -0.10644531 255 40 40 1
-0.26855469 0.02441406 -0.09277344 40 230 120 2
-0.27246094 0.05371094 -0.10839844 255 40 40 1
-0.27050781 0.02441406 -0.09277344 40 230 120 2
-0.27246094 0.05371094 -0.10644531 255 40 40 1
-0.27246094 0.05566406 -0.10839844 255 40 40 1
-0.27050781 0.02441406 -0.09472656 40 230 120 2
-0.26855469 0.02441406 -0.09472656 40 230 120 2
-0.00488281 0.27050781 -0.13964844 40 230 120 2
0.01269531 0.27050781 -0.15527344 255 40 40 1
-0.03613281 0.26074219 -0.15527344 255 40 40 1
-0.03613281 0.26074219 -0.15332031 255 40 40 1
0.00488281 0.27832031 -0.11230469 255 40 40 1
0.01269531 0.27050781 -0.15332031 255 40 40 1
-0.00488281 0.27050781 -0.14160156 40 230 120 2
-0.00683594 0.27050781 -0.13964844 40 230 120 2
-0.00683594 0.27050781 -0.14160156 40 230 120 2
0.03417969 0.25878906 -0.05957031 255 40 40 1
0.02636719 0.26660156 -0.09082031 40 230 120 2
0.00683594 0.27832031 -0.11035156 255 40 40 1
0.02832031 0.26464844 -0.09082031 40 230 120 2
0.04394531 0.26074219 -0.10449219 255 40 40 1
0.02832031 0.26660156 -0.09277344 40 230 120 2
0.02832031 0.26660156 -0.09082031 40 230 120 2
0.04394531 0.26269531 -0.10449219 255 40 40 1
-0.01464844 0.27832031 -0.09667969 40 230 120 2
-0.04003906 0.26855469 -0.11425781 255 40 40 1
-0.04199219 0.26855469 -0.11425781 255 40 40 1
0.00488281 0.27832031 -0.11035156 255 40 40 1
0.00488281 0.28027344 -0.11035156 255 40 40 1
-0.01269531 0.27832031 -0.09667969 40 230 120 2
-0.01269531 0.27832031 -0.09472656 40 230 120 2
-0.01269531 0.28027344 -0.09667969 40 230 120 2
-0.04199219 0.26855469 -0.11230469 255 40 40 1
-0.04980469 0.16308594 -0.33300781 40 230 120 2
-0.04785156 0.16308594 -0.33105469 40 230 120 2
-0.04589844 0.15722656 -0.34472656 255 40 40 1
-0.04785156 0.16308594 -0.33300781 40 230 120 2
-0.04785156 0.16113281 -0.33300781 40 230 120 2
-0.04589844 0.15722656 -0.34667969 255 40 40 1
-0.12597656 0.19824219 -0.20800781 255 40 40 1
-0.13378906 0.18261719 -0.25097656 255 40 40 1
-0.13378906 0.18261719 -0.25292969 255 40 40 1
-0.16503906 0.18457031 -0.20214844 255 40 40 1
-0.16503906 0.18457031 -0.20410156 255 40 40 1
-0.13574219 0.18261719 -0.25097656 255 40 40 1
-0.14160156 0.19042969 -0.21972656 40 230 120 2
-0.13574219 0.18261719 -0.25292969 255 40 40 1
-0.14160156 0.18847656 -0.21972656 40 230 120 2
-0.14160156 0.18847656 -0.22167969 40 230 120 2
-0.14160156 0.19042969 -0.22167969 40 230 120 2
0.01464844 0.27050781 -0.18457031 255 40 40 1
0.01464844 0.26855469 -0.18457031 255 40 40 1
0.01464844 0.26855469 -0.18652344 255 40 40 1
-0.00097656 0.23925781 -0.19628906 255 40 40 1
-0.00878906 0.25488281 -0.19238281 40 230 120 2
-0.00683594 0.25488281 -0.19238281 40 230 120 2
-0.04003906 0.25683594 -0.19433594 255 40 40 1
0.01464844 0.27050781 -0.18652344 255 40 40 1
-0.00878906 0.25683594 -0.19238281 40 230 120 2
-0.01074219 0.25488281 -0.19238281 40 230 120 2
0.00097656 0.23925781 -0.19628906 255 40 40 1
-0.03808594 0.25488281 -0.19433594 255 40 40 1
-0.16503906 0.20996094 -0.12011719 255 40 40 1
-0.16503906 0.20996094 -0.12207031 255 40 40 1
-0.19824219 0.18066406 -0.08496094 255 40 40 1
-0.20410156 0.17675781 -0.11816406 255 40 40 1
-0.19628906 0.18066406 -0.08496094 255 40 40 1
-0.20214844 0.17675781 -0.11816406 255 40 40 1
-0.18847656 0.18847656 -0.10839844 40 230 120 2
-0.18847656 0.18847656 -0.11035156 40 230 120 2
-0.19042969 0.18847656 -0.10839844 40 230 120 2
-0.18847656 0.19042969 -0.10839844 40 230 120 2
-0.09667969 0.23144531 -0.06933594 255 40 40 1
-0.09667969 0.23144531 -0.07128906 255 40 40 1
-0.09863281 0.23144531 -0.06933594 255 40 40 1
-0.10449219 0.22753906 -0.09863281 255 40 40 1
-0.09863281 0.23144531 -0.07128906 255 40 40 1
-0.11425781 0.22363281 -0.07714844 40 230 120 2
-0.11425781 0.22363281 -0.07910156 40 230 120 2
-0.10253906 0.22753906 -0.09863281 255 40 40 1
-0.10253906 0.22949219 -0.09863281 255 40 40 1
-0.14355469 0.21191406 -0.06542969 255 40 40 1
-0.11621094 0.22363281 -0.07910156 40 230 120 2
-0.11621094 0.22363281 -0.07714844 40 230 120 2
-0.15527344 0.21191406 -0.09082031 255 40 40 1
-0.15722656 0.21191406 -0.09082031 255 40 40 1
-0.14550781 0.21191406 -0.06738281 255 40 40 1
-0.16503906 0.20214844 -0.08105469 40 230 120 2
-0.16699219 0.20214844 -0.07910156 40 230 120 2
-0.14550781 0.21191406 -0.06542969 255 40 40 1
-0.16699219 0.20019531 -0.08105469 40 230 120 2
-0.16699219 0.20214844 -0.08105469 40 230 120 2
-0.14550781 0.20996094 -0.06542969 255 40 40 1
-0.16503906 0.18652344 -0.05371094 40 230 120 2
-0.16503906 0.18652344 -0.05566406 40 230 120 2
-0.16699219 0.18652344 -0.05566406 40 230 120 2
-0.16699219 0.17089844 -0.04589844 255 40 40 1
-0.16503906 0.18847656 -0.05566406 40 230 120 2
-0.13964844 0.20605469 -0.04394531 255 40 40 1
-0.12597656 0.21582031 -0.04589844 40 230 120 2
-0.12792969 0.21582031 -0.04394531 40 230 120 2
-0.12792969 0.21582031 -0.04589844 40 230 120 2
-0.12597656 0.21582031 -0.04394531 40 230 120 2
-0.02636719 0.18066406 0.13183594 255 40 40 1
0.00097656 0.19042969 0.11621094 255 40 40 1
-0.01074219 0.21191406 0.11621094 255 40 40 1
-0.02636719 0.17871094 0.13183594 255 40 40 1
-0.01074219 0.21191406 0.11425781 255 40 40 1
-0.01269531 0.19433594 0.12207031 40 230 120 2
-0.01074219 0.19433594 0.12011719 40 230 120 2
-0.01074219 0.19433594 0.12207031 40 230 120 2
-0.01269531 0.19433594 0.12011719 40 230 120 2
-0.02441406 0.17871094 0.13183594 255 40 40 1
0.02246094 0.25292969 0.01074219 255 40 40 1
0.01660156 0.22363281 0.07324219 255 40 40 1
0.01074219 0.22949219 0.06542969 40 230 120 2
-0.01074219 0.21386719 0.11425781 255 40 40 1
0.01074219 0.22949219 0.06738281 40 230 120 2
0.01074219 0.23144531 0.06542969 40 230 120 2
0.01660156 0.22363281 0.07519531 255 40 40 1
0.02246094 0.25488281 0.01074219 255 40 40 1
0.00878906 0.22949219 0.06542969 40 230 120 2
-0.02246094 0.22753906 0.12207031 40 230 120 2
-0.02050781 0.22753906 0.12402344 40 230 120 2
-0.02246094 0.22753906 0.12402344 40 230 120 2
-0.01269531 0.21386719 0.11425781 255 40 40 1
-0.02246094 0.22949219 0.12402344 40 230 120 2
-0.03222656 0.19433594 0.15917969 255 40 40 1
-0.03027344 0.19433594 0.15917969 255 40 40 1
-0.03027344 0.19042969 0.14550781 40 230 120 2
-0.03027344 0.18847656 0.14355469 40 230 120 2
-0.03222656 0.19238281 0.15917969 255 40 40 1
-0.03222656 0.18847656 0.14550781 40 230 120 2
-0.03027344 0.19238281 0.15917969 255 40 40 1
-0.03027344 0.18847656 0.14550781 40 230 120 2
-0.05175781 0.03808594 0.15917969 255 40 40 1
-0.05371094 0.03808594 0.15917969 255 40 40 1
0.00488281 0.01074219 0.17675781 255 40 40 1
0.00488281 0.01074219 0.17480469 255 40 40 1
-0.02636719 0.01855469 0.17285156 40 230 120 2
-0.02832031 0.01855469 0.17285156 40 230 120 2
-0.05371094 0.03613281 0.15917969 255 40 40 1
-0.05371094 0.03613281 0.16113281 255 40 40 1
-0.02636719 0.01855469 0.17089844 40 230 120 2
-0.03808594 0.00878906 0.18066406 255 40 40 1
-0.03613281 0.00878906 0.18066406 255 40 40 1
-0.02832031 0.01855469 0.17089844 40 230 120 2
-0.03417969 0.05371094 0.14941406 40 230 120 2
-0.03222656 0.07519531 0.13964844 255 40 40 1
-0.03222656 0.07519531 0.13769531 255 40 40 1
-0.01660156 0.04394531 0.15332031 255 40 40 1
-0.03613281 0.05175781 0.14941406 40 230 120 2
-0.01660156 0.04199219 0.15332031 255 40 40 1
-0.03417969 0.05175781 0.14941406 40 230 120 2
-0.03417969 0.05175781 0.15136719 40 230 120 2
-0.01855469 0.04394531 0.15332031 255 40 40 1
-0.01855469 0.04199219 0.15332031 255 40 40 1
-0.10058594 0.07128906 0.15332031 255 40 40 1
-0.06542969 0.07324219 0.14355469 255 40 40 1
-0.07324219 0.05957031 0.15332031 40 230 120 2
-0.06347656 0.07324219 0.14550781 255 40 40 1
-0.06347656 0.07324219 0.14355469 255 40 40 1
-0.07519531 0.06152344 0.15332031 40 230 120 2
-0.07324219 0.06152344 0.15332031 40 230 120 2
-0.07324219 0.06152344 0.15136719 40 230 120 2
-0.09863281 0.03027344 0.16699219 255 40 40 1
-0.08105469 0.01855469 0.17089844 40 230 120 2
-0.08886719 -0.00878906 0.18261719 255 40 40 1
-0.08105469 0.02050781 0.16894531 40 230 120 2
-0.08105469 0.02050781 0.17089844 40 230 120 2
-0.07910156 0.02050781 0.17089844 40 230 120 2
-0.04199219 0.16113281 0.11230469 255 40 40 1
-0.04980469 0.17089844 0.11425781 255 40 40 1
-0.05175781 0.17089844 0.11425781 255 40 40 1
-0.06738281 0.16699219 0.10058594 40 230 120 2
-0.06738281 0.16699219 0.10253906 40 230 120 2
-0.06542969 0.16894531 0.10253906 40 230 120 2
-0.06542969 0.16699219 0.10253906 40 230 120 2
-0.06347656 0.15136719 0.10449219 40 230 120 2
-0.08300781 0.15722656 0.10253906 255 40 40 1
-0.06152344 0.15136719 0.10449219 40 230 120 2
-0.06347656 0.15136719 0.10253906 40 230 120 2
-0.06152344 0.15136719 0.10253906 40 230 120 2
-0.05957031 0.13574219 0.09472656 255 40 40 1
-0.01660156 0.15527344 0.11425781 40 230 120 2
-0.01855469 0.15527344 0.11425781 40 230 120 2
-0.02832031 0.13964844 0.10644531 255 40 40 1
-0.04003906 0.16113281 0.11230469 255 40 40 1
-0.04003906 0.16113281 0.11425781 255 40 40 1
-0.01855469 0.15332031 0.11425781 40 230 120 2
-0.01855469 0.15722656 0.11425781 40 230 120 2
-0.02636719 0.13964844 0.10644531 255 40 40 1
0.00097656 0.17285156 0.11035156 255 40 40 1
-0.01269531 0.17675781 0.11230469 40 230 120 2
-0.01074219 0.17480469 0.11230469 40 230 120 2
-0.01269531 0.17480469 0.11230469 40 230 120 2
-0.01269531 0.17480469 0.11425781 40 230 120 2
0.16894531 -0.16113281 -0.00488281 40 230 120 2
0.14941406 -0.15527344 -0.00683594 255 40 40 1
0.17089844 -0.15917969 -0.00292969 40 230 120 2
0.20410156 -0.15917969 -0.00097656 255 40 40 1
0.17089844 -0.15917969 -0.00488281 40 230 120 2
0.15332031 -0.16503906 -0.00488281 255 40 40 1
0.16894531 -0.15917969 -0.00488281 40 230 120 2
0.20410156 -0.15722656 -0.00097656 255 40 40 1
0.21386719 -0.13769531 0.00097656 40 230 120 2
0.21191406 -0.13964844 0.00097656 40 230 120 2
0.20996094 -0.13769531 0.00097656 40 230 120 2
0.21191406 -0.13769531 0.00097656 40 230 120 2
0.19433594 -0.13574219 -0.00097656 255 40 40 1
0.24511719 -0.13964844 0.03613281 255 40 40 1
0.23339844 -0.14355469 0.01660156 40 230 120 2
0.23339844 -0.14550781 0.01660156 40 230 120 2
0.23339844 -0.14355469 0.01464844 40 230 120 2
0.24902344 -0.13574219 0.01074219 255 40 40 1
0.24902344 -0.13769531 0.01074219 255 40 40 1
0.23339844 -0.14550781 0.01464844 40 230 120 2
0.20410156 -0.15722656 0.00097656 255 40 40 1
0.15722656 -0.18847656 0.01855469 255 40 40 1
0.15722656 -0.19042969 0.01855469 255 40 40 1
0.20410156 -0.15917969 0.00097656 255 40 40 1
0.18847656 -0.17285156 0.01660156 40 230 120 2
0.20214844 -0.16894531 0.02832031 255 40 40 1
0.18847656 -0.17089844 0.01464844 40 230 120 2
0.18847656 -0.17285156 0.01464844 40 230 120 2
0.18652344 -0.17285156 0.01660156 40 230 120 2
0.20410156 -0.16894531 0.02832031 255 40 40 1
0.22558594 0.18847656 0.03222656 40 230 120 2
0.22363281 0.18847656 0.03027344 40 230 120 2
0.22558594 0.18652344 0.03222656 40 230 120 2
0.23339844 0.18457031 0.03417969 255 40 40 1
0.21972656 0.19238281 0.03027344 40 230 120 2
0.22363281 0.18847656 0.03222656 40 230 120 2
0.23339844 0.18261719 0.04003906 255 40 40 1
0.20605469 0.22558594 0.04785156 255 40 40 1
0.20214844 0.20996094 0.02246094 255 40 40 1
0.21582031 0.20605469 0.03613281 40 230 120 2
0.20214844 0.20996094 0.02441406 255 40 40 1
0.21386719 0.20410156 0.03613281 40 230 120 2
0.21386719 0.20605469 0.03613281 40 230 120 2
0.21386719 0.20605469 0.03808594 40 230 120 2
0.26855469 0.15332031 0.06738281 255 40 40 1
0.23339844 0.18066406 0.04003906 255 40 40 1
0.23339844 0.18066406 0.03808594 255 40 40 1
0.24511719 0.19433594 0.05957031 255 40 40 1
0.24902344 0.17480469 0.05566406 40 230 120 2
0.24316406 0.19433594 0.05957031 255 40 40 1
0.24902344 0.17675781 0.05566406 40 230 120 2
0.24902344 0.17675781 0.05371094 40 230 120 2
0.23535156 0.18066406 0.04003906 255 40 40 1
0.24902344 0.17480469 0.05371094 40 230 120 2
0.10839844 -0.15917969 0.00488281 255 40 40 1
0.06933594 -0.16699219 -0.00097656 255 40 40 1
0.07128906 -0.16699219 -0.00097656 255 40 40 1
0.10839844 -0.15722656 0.00488281 255 40 40 1
0.11035156 -0.15722656 0.00488281 255 40 40 1
0.10058594 -0.17480469 -0.00878906 255 40 40 1
0.11816406 -0.16308594 -0.00292969 40 230 120 2
0.11816406 -0.16308594 -0.00488281 40 230 120 2
0.12011719 -0.16308594 -0.00292969 40 230 120 2
0.11035156 -0.15917969 0.00488281 255 40 40 1
0.12011719 -0.16308594 -0.00488281 40 230 120 2
0.15332031 -0.16699219 -0.00488281 255 40 40 1
0.13964844 -0.17089844 0.00683594 40 230 120 2
0.13769531 -0.17089844 0.00683594 40 230 120 2
0.15136719 -0.16699219 -0.00488281 255 40 40 1
0.15332031 -0.16699219 -0.00292969 255 40 40 1
0.13964844 -0.17285156 0.00683594 40 230 120 2
0.13964844 -0.17089844 0.00488281 40 230 120 2
0.11035156 -0.17675781 0.01464844 255 40 40 1
0.10253906 -0.17480469 0.01074219 40 230 120 2
0.08691406 -0.18847656 0.00878906 255 40 40 1
0.10253906 -0.17480469 0.00878906 40 230 120 2
0.10058594 -0.17480469 0.00878906 40 230 120 2
0.10058594 -0.17480469 0.01074219 40 230 120 2
-0.20410156 0.17675781 -0.15136719 255 40 40 1
-0.20605469 0.17675781 -0.15136719 255 40 40 1
-0.20605469 0.17675781 -0.15332031 255 40 40 1
-0.19042969 0.17871094 -0.17089844 40 230 120 2
-0.20410156 0.16894531 -0.17871094 255 40 40 1
-0.19238281 0.17871094 -0.16894531 40 230 120 2
-0.19238281 0.17871094 -0.17089844 40 230 120 2
-0.16699219 0.19238281 -0.17871094 255 40 40 1
-0.19042969 0.17871094 -0.16894531 40 230 120 2
-0.20605469 0.17480469 -0.15136719 255 40 40 1
0.07714844 0.25488281 -0.09667969 255 40 40 1
0.07519531 0.25878906 -0.05566406 255 40 40 1
0.06347656 0.25683594 -0.06933594 40 230 120 2
0.03417969 0.25683594 -0.05957031 255 40 40 1
0.06347656 0.25683594 -0.07128906 40 230 120 2
0.06152344 0.25683594 -0.07128906 40 230 120 2
0.06152344 0.25683594 -0.06933594 40 230 120 2
0.07519531 0.25488281 -0.09667969 255 40 40 1
0.03417969 0.25683594 -0.05761719 255 40 40 1
0.16894531 0.24121094 -0.03417969 255 40 40 1
0.15136719 0.24316406 -0.06542969 40 230 120 2
0.15136719 0.24511719 -0.06542969 40 230 120 2
0.15332031 0.24316406 -0.06542969 40 230 120 2
0.16699219 0.24121094 -0.03417969 255 40 40 1
0.12011719 0.25292969 -0.08886719 255 40 40 1
0.16699219 0.23925781 -0.07519531 255 40 40 1
0.16699219 0.23925781 -0.07324219 255 40 40 1
0.12207031 0.25292969 -0.08886719 255 40 40 1
0.15332031 0.24511719 -0.06542969 40 230 120 2
0.16894531 0.24121094 -0.03613281 255 40 40 1
0.13769531 0.24707031 -0.02832031 40 230 120 2
0.13769531 0.24511719 -0.02832031 40 230 120 2
0.13574219 0.24707031 -0.02832031 40 230 120 2
0.12011719 0.24511719 -0.00488281 255 40 40 1
0.13574219 0.24511719 -0.02832031 40 230 120 2
0.12011719 0.24316406 -0.00488281 255 40 40 1
0.12011719 0.24511719 -0.00292969 255 40 40 1
0.12207031 0.25292969 -0.04785156 255 40 40 1
0.19433594 0.20800781 0.01855469 255 40 40 1
0.18847656 0.21191406 0.01660156 40 230 120 2
0.17480469 0.22363281 -0.00292969 40 230 120 2
0.16894531 0.24121094 -0.03222656 255 40 40 1
0.17480469 0.22558594 -0.00292969 40 230 120 2
0.17285156 0.22363281 -0.00292969 40 230 120 2
0.17285156 0.22558594 -0.00292969 40 230 120 2
0.15917969 0.22558594 0.00488281 255 40 40 1
0.20996094 0.21777344 -0.05957031 255 40 40 1
0.19824219 0.22753906 -0.03613281 40 230 120 2
0.20996094 0.21777344 -0.05761719 255 40 40 1
0.19824219 0.22753906 -0.03808594 40 230 120 2
0.19628906 0.22753906 -0.03613281 40 230 120 2
0.19628906 0.22753906 -0.03808594 40 230 120 2
0.13378906 0.24511719 -0.11230469 40 230 120 2
0.11621094 0.25097656 -0.12988281 255 40 40 1
0.13183594 0.24511719 -0.11230469 40 230 120 2
0.16113281 0.23339844 -0.11621094 255 40 40 1
0.13378906 0.24511719 -0.11035156 40 230 120 2
0.13183594 0.24511719 -0.11035156 40 230 120 2
0.12207031 0.25097656 -0.08886719 255 40 40 1
0.12011719 0.25097656 -0.08886719 255 40 40 1
0.18066406 0.22949219 -0.08496094 40 230 120 2
0.16308594 0.23339844 -0.11425781 255 40 40 1
0.16699219 0.23730469 -0.07324219 255 40 40 1
0.16699219 0.23730469 -0.07519531 255 40 40 1
0.18261719 0.22949219 -0.08300781 40 230 120 2
0.18066406 0.22949219 -0.08300781 40 230 120 2
0.18066406 0.23144531 -0.08300781 40 230 120 2
0.20996094 0.21972656 -0.05957031 255 40 40 1
-0.19238281 -0.12011719 -0.15136719 255 40 40 1
-0.19238281 -0.11621094 -0.17871094 255 40 40 1
-0.19042969 -0.12011719 -0.15136719 255 40 40 1
-0.19238281 -0.11425781 -0.17871094 255 40 40 1
-0.20214844 -0.10839844 -0.17089844 40 230 120 2
-0.20214844 -0.10644531 -0.17089844 40 230 120 2
-0.20214844 -0.10839844 -0.16894531 40 230 120 2
-0.20214844 -0.10644531 -0.16894531 40 230 120 2
0.13574219 0.22753906 -0.18066406 255 40 40 1
0.13574219 0.22558594 -0.18066406 255 40 40 1
0.15332031 0.22949219 -0.15332031 255 40 40 1
0.16113281 0.22363281 -0.15917969 40 230 120 2
0.13769531 0.22753906 -0.18066406 255 40 40 1
0.16308594 0.22363281 -0.15917969 40 230 120 2
0.13769531 0.22558594 -0.18066406 255 40 40 1
0.15332031 0.23144531 -0.15527344 255 40 40 1
0.16308594 0.22167969 -0.15917969 40 230 120 2
0.16113281 0.22167969 -0.15917969 40 230 120 2
0.07910156 0.24511719 -0.13574219 255 40 40 1
0.06933594 0.24902344 -0.12597656 40 230 120 2
0.06933594 0.24707031 -0.12597656 40 230 120 2
0.07714844 0.25292969 -0.09863281 255 40 40 1
0.06738281 0.24707031 -0.12597656 40 230 120 2
0.05175781 0.24511719 -0.14355469 255 40 40 1
0.06738281 0.24902344 -0.12597656 40 230 120 2
0.07910156 0.24511719 -0.13769531 255 40 40 1
0.05175781 0.24511719 -0.14160156 255 40 40 1
0.01855469 0.26660156 -0.03613281 40 230 120 2
-0.00097656 0.29003906 -0.06347656 255 40 40 1
-0.00097656 0.28808594 -0.06347656 255 40 40 1
0.01855469 0.26855469 -0.03613281 40 230 120 2
0.02246094 0.25488281 0.00878906 255 40 40 1
0.01855469 0.26660156 -0.03808594 40 230 120 2
0.01855469 0.26855469 -0.03808594 40 230 120 2
0.03417969 0.25878906 -0.05761719 255 40 40 1
-0.05371094 -0.02636719 -0.48535156 255 40 40 1
-0.07910156 -0.02636719 -0.49511719 255 40 40 1
-0.07910156 -0.02832031 -0.49511719 255 40 40 1
-0.06152344 -0.03027344 -0.48535156 40 230 120 2
-0.06152344 -0.03222656 -0.48730469 40 230 120 2
-0.06152344 -0.03027344 -0.48730469 40 230 120 2
-0.06152344 -0.03222656 -0.48535156 40 230 120 2
-0.05566406 -0.02441406 -0.48535156 255 40 40 1
-0.05175781 -0.04003906 -0.47753906 255 40 40 1
-0.07714844 -0.02636719 -0.49511719 255 40 40 1
-0.07714844 -0.02832031 -0.49511719 255 40 40 1
-0.05371094 -0.02441406 -0.48730469 255 40 40 1
-0.05371094 -0.02441406 -0.48535156 255 40 40 1
-0.09667969 -0.04199219 -0.48925781 255 40 40 1
-0.08496094 -0.03613281 -0.49121094 40 230 120 2
-0.07714844 -0.04199219 -0.48730469 255 40 40 1
-0.08496094 -0.03808594 -0.49121094 40 230 120 2
-0.08496094 -0.03808594 -0.48925781 40 230 120 2
-0.08300781 -0.03808594 -0.49121094 40 230 120 2
-0.10058594 -0.01269531 -0.49902344 255 40 40 1
-0.10253906 -0.01269531 -0.49902344 255 40 40 1
-0.10058594 -0.02832031 -0.49707031 255 40 40 1
-0.09472656 -0.02050781 -0.49902344 40 230 120 2
-0.09667969 -0.02246094 -0.49707031 40 230 120 2
-0.09472656 -0.02050781 -0.49707031 40 230 120 2
-0.09472656 -0.02246094 -0.49707031 40 230 120 2
-0.05566406 -0.01074219 -0.48925781 255 40 40 1
-0.07910156 -0.01269531 -0.49902344 255 40 40 1
-0.07128906 -0.01660156 -0.49316406 40 230 120 2
-0.06933594 -0.01660156 -0.49316406 40 230 120 2
-0.08105469 -0.01269531 -0.49902344 255 40 40 1
-0.06933594 -0.01660156 -0.49511719 40 230 120 2
-0.07128906 -0.01660156 -0.49511719 40 230 120 2
-0.08105469 -0.01269531 -0.49707031 255 40 40 1
-0.02636719 -0.02246094 -0.46777344 255 40 40 1
-0.02832031 -0.02246094 -0.46777344 255 40 40 1
-0.02636719 -0.02441406 -0.46777344 255 40 40 1
-0.03417969 -0.03222656 -0.46777344 40 230 120 2
-0.03417969 -0.03417969 -0.46972656 40 230 120 2
-0.03417969 -0.03222656 -0.46972656 40 230 120 2
-0.03417969 -0.03417969 -0.46777344 40 230 120 2
-0.02636719 -0.03808594 -0.46191406 255 40 40 1
-0.04394531 -0.01855469 -0.48144531 40 230 120 2
-0.05175781 -0.01074219 -0.48730469 255 40 40 1
-0.05371094 -0.01074219 -0.48730469 255 40 40 1
-0.04589844 -0.02050781 -0.48144531 40 230 120 2
-0.04394531 -0.02050781 -0.47949219 40 230 120 2
-0.05371094 -0.01074219 -0.48925781 255 40 40 1
-0.04394531 -0.02050781 -0.48144531 40 230 120 2
-0.02636719 -0.00683594 -0.47167969 255 40 40 1
0.00292969 -0.00488281 -0.45214844 255 40 40 1
-0.01660156 -0.01074219 -0.46386719 40 230 120 2
-0.01660156 -0.01269531 -0.46386719 40 230 120 2
-0.01855469 -0.01074219 -0.46386719 40 230 120 2
0.00292969 -0.00292969 -0.45214844 255 40 40 1
-0.01660156 -0.01074219 -0.46191406 40 230 120 2
-0.02636719 -0.00878906 -0.47167969 255 40 40 1
0.00488281 -0.02050781 -0.45019531 255 40 40 1
0.00488281 -0.03613281 -0.44628906 255 40 40 1
0.00292969 -0.02050781 -0.45019531 255 40 40 1
0.00292969 -0.02050781 -0.45214844 255 40 40 1
-0.00683594 -0.02636719 -0.45605469 40 230 120 2
-0.00683594 -0.02832031 -0.45410156 40 230 120 2
-0.00683594 -0.02636719 -0.45410156 40 230 120 2
-0.00488281 -0.02636719 -0.45410156 40 230 120 2
0.00292969 -0.03613281 -0.44628906 255 40 40 1
-0.05175781 -0.04003906 -0.47558594 255 40 40 1
-0.04199219 -0.04785156 -0.46191406 40 230 120 2
-0.04199219 -0.04785156 -0.46386719 40 230 120 2
-0.04003906 -0.04785156 -0.46386719 40 230 120 2
-0.04785156 -0.05371094 -0.46191406 255 40 40 1
-0.04003906 -0.04785156 -0.46191406 40 230 120 2
-0.04785156 -0.05175781 -0.46191406 255 40 40 1
-0.04589844 -0.05371094 -0.46191406 255 40 40 1
-0.02636719 -0.03808594 -0.45996094 255 40 40 1
-0.01464844 -0.04199219 -0.45410156 40 230 120 2
-0.01464844 -0.04003906 -0.45214844 40 230 120 2
-0.02441406 -0.03808594 -0.45996094 255 40 40 1
-0.02246094 -0.04980469 -0.45019531 255 40 40 1
-0.02441406 -0.04980469 -0.45019531 255 40 40 1
-0.01464844 -0.04199219 -0.45214844 40 230 120 2
-0.02441406 -0.03808594 -0.46191406 255 40 40 1
-0.01660156 -0.04199219 -0.45214844 40 230 120 2
0.00097656 -0.04980469 -0.43847656 255 40 40 1
0.00292969 -0.05175781 -0.43847656 255 40 40 1
-0.00683594 -0.05175781 -0.44042969 40 230 120 2
0.00292969 -0.04980469 -0.43847656 255 40 40 1
-0.02246094 -0.05175781 -0.45019531 255 40 40 1
0.00097656 -0.05957031 -0.43261719 255 40 40 1
-0.00488281 -0.05371094 -0.44042969 40 230 120 2
-0.00683594 -0.05371094 -0.44042969 40 230 120 2
-0.00683594 -0.05371094 -0.43847656 40 230 120 2
-0.04199219 -0.06152344 -0.44238281 255 40 40 1
-0.01660156 -0.06152344 -0.43847656 255 40 40 1
-0.01660156 -0.06152344 -0.43652344 255 40 40 1
-0.02441406 -0.05175781 -0.45019531 255 40 40 1
-0.02636719 -0.05761719 -0.44238281 40 230 120 2
-0.02832031 -0.05761719 -0.44238281 40 230 120 2
-0.04199219 -0.06347656 -0.44238281 255 40 40 1
-0.02832031 -0.05761719 -0.44433594 40 230 120 2
-0.02636719 -0.05761719 -0.44433594 40 230 120 2
-0.05175781 -0.04199219 -0.47753906 255 40 40 1
-0.07519531 -0.04199219 -0.48535156 255 40 40 1
-0.06738281 -0.04589844 -0.47753906 40 230 120 2
-0.07519531 -0.04199219 -0.48730469 255 40 40 1
-0.06933594 -0.05566406 -0.47167969 255 40 40 1
-0.07519531 -0.04394531 -0.48730469 255 40 40 1
-0.06738281 -0.04589844 -0.47949219 40 230 120 2
-0.06542969 -0.04589844 -0.47949219 40 230 120 2
-0.07128906 -0.05566406 -0.47167969 255 40 40 1
-0.06542969 -0.04589844 -0.47753906 40 230 120 2
-0.05371094 -0.05761719 -0.45800781 40 230 120 2
-0.04199219 -0.06152344 -0.44433594 255 40 40 1
-0.05566406 -0.05761719 -0.45996094 40 230 120 2
-0.05371094 -0.05566406 -0.45996094 40 230 120 2
-0.05371094 -0.05761719 -0.45996094 40 230 120 2
-0.08496094 -0.06933594 -0.45410156 255 40 40 1
-0.08496094 -0.06933594 -0.45605469 255 40 40 1
-0.06542969 -0.06542969 -0.45019531 255 40 40 1
-0.07519531 -0.06347656 -0.45996094 40 230 120 2
-0.07519531 -0.06347656 -0.45800781 40 230 120 2
-0.07324219 -0.06347656 -0.45996094 40 230 120 2
-0.07324219 -0.06347656 -0.45800781 40 230 120 2
-0.06738281 -0.06542969 -0.45019531 255 40 40 1
-0.08691406 -0.05371094 -0.47753906 40 230 120 2
-0.08691406 -0.05175781 -0.47753906 40 230 120 2
-0.09082031 -0.05761719 -0.47363281 255 40 40 1
-0.09277344 -0.05761719 -0.47363281 255 40 40 1
-0.08886719 -0.05175781 -0.47753906 40 230 120 2
-0.08691406 -0.05175781 -0.47949219 40 230 120 2
-0.09277344 -0.05761719 -0.47558594 255 40 40 1
-0.11816406 -0.03808594 -0.48730469 40 230 120 2
-0.11230469 -0.04199219 -0.48730469 255 40 40 1
-0.11621094 -0.03808594 -0.48925781 40 230 120 2
-0.11621094 -0.03808594 -0.48730469 40 230 120 2
-0.11816406 -0.03808594 -0.48925781 40 230 120 2
-0.12402344 -0.04199219 -0.48339844 255 40 40 1
-0.12207031 -0.04199219 -0.48339844 255 40 40 1
-0.12402344 -0.02246094 -0.49316406 40 230 120 2
-0.12402344 -0.02246094 -0.49511719 40 230 120 2
-0.12207031 -0.02246094 -0.49316406 40 230 120 2
-0.12792969 -0.01269531 -0.49511719 255 40 40 1
-0.12402344 -0.02050781 -0.49316406 40 230 120 2
-0.11621094 -0.02636719 -0.49511719 255 40 40 1
-0.11230469 -0.01660156 -0.49707031 40 230 120 2
-0.11230469 -0.01660156 -0.49902344 40 230 120 2
-0.11035156 -0.01660156 -0.49902344 40 230 120 2
-0.11035156 -0.01660156 -0.49707031 40 230 120 2
-0.10449219 -0.03222656 -0.49511719 40 230 120 2
-0.11621094 -0.02832031 -0.49511719 255 40 40 1
-0.10644531 -0.03222656 -0.49511719 40 230 120 2
-0.10449219 -0.03222656 -0.49316406 40 230 120 2
-0.11425781 -0.02832031 -0.49511719 255 40 40 1
-0.10644531 -0.03222656 -0.49316406 40 230 120 2
-0.10839844 -0.05761719 -0.47363281 255 40 40 1
-0.11816406 -0.05761719 -0.47167969 255 40 40 1
-0.12207031 -0.04394531 -0.48339844 255 40 40 1
-0.11621094 -0.05371094 -0.47753906 40 230 120 2
-0.12402344 -0.04394531 -0.48339844 255 40 40 1
-0.11621094 -0.05175781 -0.47558594 40 230 120 2
-0.11621094 -0.05175781 -0.47753906 40 230 120 2
-0.11621094 -0.05371094 -0.47558594 40 230 120 2
-0.09863281 -0.04199219 -0.48925781 255 40 40 1
-0.09863281 -0.04199219 -0.48730469 255 40 40 1
-0.11230469 -0.04394531 -0.48730469 255 40 40 1
-0.10449219 -0.04785156 -0.48144531 40 230 120 2
-0.10449219 -0.04785156 -0.48339844 40 230 120 2
-0.10644531 -0.04785156 -0.48339844 40 230 120 2
-0.10644531 -0.05761719 -0.47363281 255 40 40 1
-0.10644531 -0.04785156 -0.48144531 40 230 120 2
-0.09667969 -0.06152344 -0.46777344 40 230 120 2
-0.09667969 -0.06347656 -0.46777344 40 230 120 2
-0.10644531 -0.05957031 -0.47363281 255 40 40 1
-0.09472656 -0.06152344 -0.46777344 40 230 120 2
-0.09472656 -0.06347656 -0.46777344 40 230 120 2
-0.10058594 -0.07128906 -0.45410156 255 40 40 1
-0.11230469 -0.07128906 -0.45410156 255 40 40 1
-0.10644531 -0.06738281 -0.45996094 40 230 120 2
-0.10644531 -0.06738281 -0.45800781 40 230 120 2
-0.10839844 -0.06738281 -0.45996094 40 230 120 2
-0.10839844 -0.06738281 -0.45800781 40 230 120 2
-0.10839844 -0.05957031 -0.47363281 255 40 40 1
-0.11230469 -0.07128906 -0.45214844 255 40 40 1
-0.10058594 -0.07128906 -0.45605469 255 40 40 1
-0.15917969 -0.04199219 -0.46386719 255 40 40 1
-0.15332031 -0.04589844 -0.46386719 40 230 120 2
-0.15332031 -0.04785156 -0.46386719 40 230 120 2
-0.15332031 -0.04785156 -0.46582031 40 230 120 2
-0.15527344 -0.04785156 -0.46386719 40 230 120 2
-0.15917969 -0.04394531 -0.46386719 255 40 40 1
-0.14550781 -0.04394531 -0.47363281 255 40 40 1
-0.15332031 -0.05761719 -0.45410156 255 40 40 1
-0.14550781 -0.06152344 -0.45605469 40 230 120 2
-0.14355469 -0.06152344 -0.45605469 40 230 120 2
-0.14550781 -0.06152344 -0.45410156 40 230 120 2
-0.14160156 -0.05761719 -0.46191406 255 40 40 1
-0.14355469 -0.06152344 -0.45410156 40 230 120 2
-0.15136719 -0.06738281 -0.44042969 255 40 40 1
-0.15136719 -0.06738281 -0.44238281 255 40 40 1
-0.15527344 -0.06347656 -0.44433594 40 230 120 2
-0.15722656 -0.06347656 -0.44238281 40 230 120 2
-0.15722656 -0.06347656 -0.44433594 40 230 120 2
-0.15527344 -0.06347656 -0.44238281 40 230 120 2
-0.16894531 -0.05761719 -0.44042969 255 40 40 1
-0.15527344 -0.05566406 -0.45410156 255 40 40 1
-0.16503906 -0.05175781 -0.44824219 40 230 120 2
-0.16503906 -0.05175781 -0.44628906 40 230 120 2
-0.16699219 -0.05175781 -0.44824219 40 230 120 2
-0.15527344 -0.05761719 -0.45410156 255 40 40 1
-0.17480469 -0.04394531 -0.44628906 255 40 40 1
-0.16894531 -0.05761719 -0.44238281 255 40 40 1
-0.16699219 -0.05175781 -0.44628906 40 230 120 2
-0.17480469 -0.04394531 -0.44824219 255 40 40 1
-0.14550781 -0.04199219 -0.47363281 255 40 40 1
-0.14550781 -0.04199219 -0.47558594 255 40 40 1
-0.16308594 -0.02832031 -0.46972656 255 40 40 1
-0.15332031 -0.03222656 -0.47753906 40 230 120 2
-0.15136719 -0.03222656 -0.47558594 40 230 120 2
-0.14941406 -0.02832031 -0.48144531 255 40 40 1
-0.15332031 -0.03222656 -0.47558594 40 230 120 2
-0.15332031 -0.03417969 -0.47558594 40 230 120 2
-0.17480469 -0.04199219 -0.44824219 255 40 40 1
-0.16699219 -0.03808594 -0.45996094 40 230 120 2
-0.16503906 -0.03808594 -0.46191406 40 230 120 2
-0.16503906 -0.03808594 -0.45996094 40 230 120 2
-0.16503906 -0.03613281 -0.45996094 40 230 120 2
-0.17871094 -0.02636719 -0.45214844 255 40 40 1
-0.17871094 -0.01269531 -0.45410156 255 40 40 1
-0.17871094 -0.02832031 -0.45214844 255 40 40 1
-0.18066406 -0.01269531 -0.45410156 255 40 40 1
-0.17871094 -0.02832031 -0.45410156 255 40 40 1
-0.16503906 -0.02832031 -0.46972656 255 40 40 1
-0.16503906 -0.02636719 -0.46972656 255 40 40 1
-0.16308594 -0.02636719 -0.46972656 255 40 40 1
-0.17285156 -0.02246094 -0.45800781 40 230 120 2
-0.17480469 -0.02246094 -0.45800781 40 230 120 2
-0.17480469 -0.02050781 -0.45800781 40 230 120 2
-0.17480469 -0.02246094 -0.45996094 40 230 120 2
-0.15136719 -0.01269531 -0.48339844 255 40 40 1
-0.16503906 -0.01269531 -0.47167969 255 40 40 1
-0.15917969 -0.01660156 -0.47558594 40 230 120 2
-0.16113281 -0.01855469 -0.47558594 40 230 120 2
-0.15917969 -0.01855469 -0.47558594 40 230 120 2
-0.16113281 -0.01660156 -0.47558594 40 230 120 2
-0.11816406 0.00097656 -0.49511719 255 40 40 1
-0.12402344 0.00292969 -0.48925781 40 230 120 2
-0.12402344 0.00292969 -0.48730469 40 230 120 2
-0.12792969 0.00097656 -0.49316406 255 40 40 1
-0.12402344 0.00292969 -0.49121094 40 230 120 2
-0.12792969 0.00097656 -0.49121094 255 40 40 1
-0.12597656 0.00292969 -0.48925781 40 230 120 2
-0.11621094 0.00097656 -0.49511719 255 40 40 1
-0.10253906 0.01074219 -0.48730469 255 40 40 1
-0.10253906 0.01074219 -0.48535156 255 40 40 1
-0.11035156 0.00683594 -0.48925781 40 230 120 2
-0.11621094 0.00292969 -0.49511719 255 40 40 1
-0.11621094 0.00878906 -0.48339844 255 40 40 1
-0.11816406 0.00292969 -0.49511719 255 40 40 1
-0.11230469 0.00683594 -0.48730469 40 230 120 2
-0.11035156 0.00683594 -0.48730469 40 230 120 2
-0.11230469 0.00683594 -0.48925781 40 230 120 2
-0.10058594 0.01074219 -0.48730469 255 40 40 1
-0.10058594 0.01074219 -0.48535156 255 40 40 1
-0.10253906 0.00097656 -0.49707031 255 40 40 1
-0.10839844 -0.00292969 -0.49707031 40 230 120 2
-0.10644531 -0.00292969 -0.49707031 40 230 120 2
-0.10253906 -0.01074219 -0.49902344 255 40 40 1
-0.10644531 -0.00488281 -0.49902344 40 230 120 2
-0.10644531 -0.00488281 -0.49707031 40 230 120 2
-0.12011719 -0.00878906 -0.49707031 40 230 120 2
-0.12011719 -0.00683594 -0.49707031 40 230 120 2
-0.11816406 -0.01269531 -0.49902344 255 40 40 1
-0.12207031 -0.00683594 -0.49707031 40 230 120 2
-0.12011719 -0.00683594 -0.49511719 40 230 120 2
-0.12792969 -0.01074219 -0.49511719 255 40 40 1
-0.16113281 0.00488281 -0.46582031 40 230 120 2
-0.15917969 0.00488281 -0.46582031 40 230 120 2
-0.15917969 0.00488281 -0.46386719 40 230 120 2
-0.16308594 0.00683594 -0.45800781 255 40 40 1
-0.15917969 0.00683594 -0.46582031 40 230 120 2
-0.16308594 0.00878906 -0.45800781 255 40 40 1
-0.16503906 0.00097656 -0.46777344 255 40 40 1
-0.15136719 0.00683594 -0.46972656 255 40 40 1
-0.16503906 -0.00097656 -0.46777344 255 40 40 1
-0.15527344 -0.00292969 -0.47949219 40 230 120 2
-0.15136719 0.00097656 -0.48144531 255 40 40 1
-0.15136719 -0.01074219 -0.48339844 255 40 40 1
-0.16503906 0.00097656 -0.46972656 255 40 40 1
-0.15722656 -0.00292969 -0.47753906 40 230 120 2
-0.15136719 0.00097656 -0.47949219 255 40 40 1
-0.15527344 -0.00292969 -0.47753906 40 230 120 2
-0.15527344 -0.00488281 -0.47753906 40 230 120 2
-0.16699219 -0.01269531 -0.47167969 255 40 40 1
-0.16503906 -0.01269531 -0.46972656 255 40 40 1
-0.17089844 -0.00683594 -0.46386719 40 230 120 2
-0.17089844 -0.00878906 -0.46386719 40 230 120 2
-0.16894531 -0.00878906 -0.46386719 40 230 120 2
-0.17089844 -0.00878906 -0.46582031 40 230 120 2
-0.18066406 -0.00097656 -0.44824219 255 40 40 1
-0.18066406 -0.00097656 -0.45019531 255 40 40 1
-0.17089844 0.00683594 -0.45410156 40 230 120 2
-0.17871094 0.01074219 -0.44238281 255 40 40 1
-0.17675781 0.01074219 -0.44238281 255 40 40 1
-0.16699219 0.00097656 -0.46777344 255 40 40 1
-0.17480469 0.00488281 -0.45214844 40 230 120 2
-0.17480469 0.00292969 -0.45410156 40 230 120 2
-0.17480469 0.00292969 -0.45214844 40 230 120 2
-0.17480469 0.00488281 -0.45410156 40 230 120 2
-0.14746094 0.02246094 -0.45605469 255 40 40 1
-0.14941406 0.00683594 -0.46777344 255 40 40 1
-0.14746094 0.02050781 -0.45605469 255 40 40 1
-0.15917969 0.02246094 -0.44628906 255 40 40 1
-0.16113281 0.02246094 -0.44628906 255 40 40 1
-0.15332031 0.01660156 -0.45800781 40 230 120 2
-0.15332031 0.01660156 -0.45605469 40 230 120 2
-0.15332031 0.01855469 -0.45800781 40 230 120 2
-0.14941406 0.02246094 -0.45605469 255 40 40 1
-0.15332031 0.01855469 -0.45605469 40 230 120 2
-0.16113281 0.02246094 -0.44824219 255 40 40 1
-0.16503906 0.00878906 -0.45800781 255 40 40 1
-0.16894531 0.01464844 -0.44824219 40 230 120 2
-0.16699219 0.01464844 -0.44824219 40 230 120 2
-0.16308594 0.00878906 -0.45605469 255 40 40 1
-0.16699219 0.01464844 -0.45019531 40 230 120 2
-0.16699219 0.01269531 -0.44824219 40 230 120 2
-0.17285156 0.02636719 -0.43457031 255 40 40 1
-0.16894531 0.03027344 -0.43652344 40 230 120 2
-0.16699219 0.02832031 -0.43652344 40 230 120 2
-0.16113281 0.02441406 -0.44628906 255 40 40 1
-0.16894531 0.03808594 -0.42871094 255 40 40 1
-0.16894531 0.02832031 -0.43652344 40 230 120 2
-0.16699219 0.03027344 -0.43652344 40 230 120 2
-0.15917969 0.04003906 -0.43457031 255 40 40 1
-0.15527344 0.03613281 -0.44042969 40 230 120 2
-0.15527344 0.03417969 -0.44042969 40 230 120 2
-0.15332031 0.03613281 -0.44042969 40 230 120 2
-0.15527344 0.03613281 -0.43847656 40 230 120 2
-0.12792969 0.00878906 -0.47949219 255 40 40 1
-0.12792969 0.00683594 -0.47949219 255 40 40 1
-0.12011719 0.01269531 -0.47753906 40 230 120 2
-0.11816406 0.01269531 -0.47753906 40 230 120 2
-0.12011719 0.01464844 -0.47753906 40 230 120 2
-0.11816406 0.01464844 -0.47753906 40 230 120 2
-0.12011719 0.03222656 -0.45996094 40 230 120 2
-0.12011719 0.03027344 -0.45996094 40 230 120 2
-0.12597656 0.02246094 -0.46386719 255 40 40 1
-0.12207031 0.04394531 -0.44824219 255 40 40 1
-0.12011719 0.03027344 -0.46191406 40 230 120 2
-0.11816406 0.03027344 -0.45996094 40 230 120 2
-0.12402344 0.02246094 -0.46386719 255 40 40 1
-0.12011719 0.04394531 -0.44824219 255 40 40 1
-0.08886719 0.05175781 -0.45800781 255 40 40 1
-0.10449219 0.04199219 -0.45996094 40 230 120 2
-0.10449219 0.04003906 -0.45996094 40 230 120 2
-0.11230469 0.02636719 -0.46972656 255 40 40 1
-0.11230469 0.02441406 -0.46972656 255 40 40 1
-0.10253906 0.04199219 -0.45996094 40 230 120 2
-0.10253906 0.04003906 -0.45996094 40 230 120 2
-0.10839844 0.04589844 -0.45214844 255 40 40 1
-0.11230469 0.02441406 -0.46777344 255 40 40 1
-0.09082031 0.05175781 -0.45996094 255 40 40 1
-0.10839844 0.04589844 -0.45410156 255 40 40 1
-0.10839844 0.04785156 -0.45410156 255 40 40 1
-0.10839844 0.04785156 -0.45214844 255 40 40 1
-0.08886719 0.05175781 -0.45996094 255 40 40 1
-0.10449219 0.02050781 -0.47558594 40 230 120 2
-0.10449219 0.02050781 -0.47753906 40 230 120 2
-0.10253906 0.02050781 -0.47753906 40 230 120 2
-0.10253906 0.02050781 -0.47558594 40 230 120 2
-0.07714844 0.01269531 -0.48730469 255 40 40 1
-0.08105469 0.00097656 -0.49511719 255 40 40 1
-0.07910156 0.00097656 -0.49511719 255 40 40 1
-0.06933594 0.01074219 -0.48730469 40 230 120 2
-0.07128906 0.00878906 -0.48730469 40 230 120 2
-0.07128906 0.01074219 -0.48730469 40 230 120 2
-0.08105469 0.00292969 -0.49511719 255 40 40 1
-0.06933594 0.00878906 -0.48730469 40 230 120 2
-0.07910156 0.00292969 -0.49511719 255 40 40 1
-0.05371094 0.00097656 -0.48730469 255 40 40 1
-0.05566406 0.00097656 -0.48730469 255 40 40 1
-0.06347656 -0.00292969 -0.49121094 40 230 120 2
-0.06347656 -0.00292969 -0.48925781 40 230 120 2
-0.06152344 -0.00292969 -0.48925781 40 230 120 2
-0.06152344 -0.00292969 -0.49121094 40 230 120 2
-0.10058594 -0.01074219 -0.49902344 255 40 40 1
-0.08886719 -0.00683594 -0.49707031 40 230 120 2
-0.08105469 -0.01074219 -0.49902344 255 40 40 1
-0.08691406 -0.00683594 -0.49902344 40 230 120 2
-0.08886719 -0.00683594 -0.49902344 40 230 120 2
-0.08691406 -0.00683594 -0.49707031 40 230 120 2
-0.09277344 0.00488281 -0.49316406 40 230 120 2
-0.10253906 0.00292969 -0.49707031 255 40 40 1
-0.09472656 0.00488281 -0.49121094 40 230 120 2
-0.09472656 0.00292969 -0.49316406 40 230 120 2
-0.09472656 0.00488281 -0.49316406 40 230 120 2
-0.04785156 0.03613281 -0.46777344 255 40 40 1
-0.07128906 0.03222656 -0.47363281 255 40 40 1
-0.04980469 0.01660156 -0.47949219 255 40 40 1
-0.04785156 0.03417969 -0.46777344 255 40 40 1
-0.04589844 0.03613281 -0.46777344 255 40 40 1
-0.05566406 0.02636719 -0.47363281 40 230 120 2
-0.05761719 0.02832031 -0.47363281 40 230 120 2
-0.07128906 0.03027344 -0.47363281 255 40 40 1
-0.04980469 0.01660156 -0.47753906 255 40 40 1
-0.05761719 0.02636719 -0.47363281 40 230 120 2
-0.05566406 0.02832031 -0.47363281 40 230 120 2
-0.05175781 0.01660156 -0.47949219 255 40 40 1
-0.04980469 0.01464844 -0.47949219 255 40 40 1
-0.07128906 0.03222656 -0.47558594 255 40 40 1
-0.08496094 0.01855469 -0.48339844 40 230 120 2
-0.08300781 0.01855469 -0.48144531 40 230 120 2
-0.08300781 0.01855469 -0.48339844 40 230 120 2
-0.07714844 0.01464844 -0.48535156 255 40 40 1
-0.08496094 0.01855469 -0.48144531 40 230 120 2
-0.07714844 0.01464844 -0.48730469 255 40 40 1
-0.07324219 0.03222656 -0.47363281 255 40 40 1
-0.08496094 0.03808594 -0.46972656 40 230 120 2
-0.08691406 0.03808594 -0.46972656 40 230 120 2
-0.08691406 0.03613281 -0.46972656 40 230 120 2
-0.09472656 0.03027344 -0.47363281 255 40 40 1
-0.08496094 0.03613281 -0.46972656 40 230 120 2
-0.09472656 0.03027344 -0.47558594 255 40 40 1
-0.09472656 0.02832031 -0.47558594 255 40 40 1
-0.04199219 0.05761719 -0.45214844 255 40 40 1
-0.05957031 0.04785156 -0.45996094 40 230 120 2
-0.06542969 0.05371094 -0.45800781 255 40 40 1
-0.05957031 0.04785156 -0.46191406 40 230 120 2
-0.05761719 0.04785156 -0.45996094 40 230 120 2
-0.06542969 0.05371094 -0.45605469 255 40 40 1
-0.05761719 0.04785156 -0.46191406 40 230 120 2
-0.02246094 0.04003906 -0.45605469 255 40 40 1
-0.02441406 0.02246094 -0.46386719 255 40 40 1
-0.02441406 0.02246094 -0.46582031 255 40 40 1
-0.03222656 0.02441406 -0.46582031 40 230 120 2
-0.03222656 0.02636719 -0.46582031 40 230 120 2
-0.03417969 0.02441406 -0.46582031 40 230 120 2
-0.03222656 0.02441406 -0.46777344 40 230 120 2
-0.02441406 0.02050781 -0.46582031 255 40 40 1
-0.02441406 0.04003906 -0.45605469 255 40 40 1
-0.04003906 0.05761719 -0.45214844 255 40 40 1
-0.04589844 0.03613281 -0.46582031 255 40 40 1
-0.03613281 0.04394531 -0.45996094 40 230 120 2
-0.04003906 0.05566406 -0.45214844 255 40 40 1
-0.03613281 0.04394531 -0.45800781 40 230 120 2
-0.02246094 0.04199219 -0.45605469 255 40 40 1
-0.03808594 0.04394531 -0.45800781 40 230 120 2
-0.03613281 0.04589844 -0.45800781 40 230 120 2
-0.02246094 0.04003906 -0.45410156 255 40 40 1
-0.01855469 0.05761719 -0.44238281 255 40 40 1
-0.01660156 0.05957031 -0.44238281 255 40 40 1
-0.01464844 0.05371094 -0.44238281 40 230 120 2
-0.01464844 0.05175781 -0.44238281 40 230 120 2
-0.01660156 0.05175781 -0.44238281 40 230 120 2
-0.01464844 0.05175781 -0.44042969 40 230 120 2
-0.01660156 0.05957031 -0.44042969 255 40 40 1
-0.00878906 0.03613281 -0.44433594 40 230 120 2
-0.00683594 0.03808594 -0.44433594 40 230 120 2
-0.00878906 0.03808594 -0.44433594 40 230 120 2
-0.00292969 0.04394531 -0.43457031 255 40 40 1
-0.00878906 0.03808594 -0.44238281 40 230 120 2
-0.00097656 0.02832031 -0.44238281 255 40 40 1
-0.00097656 0.02832031 -0.44042969 255 40 40 1
-0.00292969 0.04589844 -0.43652344 255 40 40 1
-0.00292969 0.04589844 -0.43457031 255 40 40 1
-0.04199219 0.00683594 -0.47753906 40 230 120 2
-0.04199219 0.00683594 -0.47949219 40 230 120 2
-0.05175781 0.00097656 -0.48535156 255 40 40 1
-0.04394531 0.00683594 -0.47753906 40 230 120 2
-0.04394531 0.00683594 -0.47949219 40 230 120 2
-0.05371094 0.00097656 -0.48535156 255 40 40 1
-0.02636719 0.00488281 -0.46972656 255 40 40 1
-0.01660156 0.01660156 -0.45996094 40 230 120 2
-0.01660156 0.01660156 -0.45800781 40 230 120 2
-0.01660156 0.01855469 -0.45996094 40 230 120 2
-0.02441406 0.00488281 -0.46972656 255 40 40 1
-0.02441406 0.02050781 -0.46386719 255 40 40 1
-0.01660156 0.01855469 -0.45800781 40 230 120 2
-0.00683594 0.00488281 -0.45800781 40 230 120 2
-0.00683594 0.00488281 -0.45605469 40 230 120 2
-0.00683594 0.00292969 -0.45605469 40 230 120 2
0.00097656 0.01074219 -0.44824219 255 40 40 1
0.00292969 -0.00292969 -0.45019531 255 40 40 1
-0.00683594 0.00292969 -0.45800781 40 230 120 2
-0.02636719 0.00488281 -0.47167969 255 40 40 1
-0.04199219 -0.00683594 -0.48144531 40 230 120 2
-0.04003906 -0.00683594 -0.47949219 40 230 120 2
-0.03613281 -0.00488281 -0.47753906 40 230 120 2
-0.03417969 -0.00488281 -0.47558594 40 230 120 2
-0.04003906 -0.00683594 -0.48144531 40 230 120 2
-0.03417969 -0.00488281 -0.47753906 40 230 120 2
-0.03417969 -0.00292969 -0.47753906 40 230 120 2
0.03613281 -0.09863281 0.23535156 255 40 40 1
0.00292969 -0.11425781 0.22949219 255 40 40 1
0.03222656 -0.11425781 0.24121094 40 230 120 2
0.03222656 -0.11230469 0.23925781 40 230 120 2
0.00292969 -0.11230469 0.22949219 255 40 40 1
0.03808594 -0.09863281 0.23535156 255 40 40 1
0.03222656 -0.11425781 0.23925781 40 230 120 2
0.03417969 -0.11230469 0.23925781 40 230 120 2
0.05761719 -0.12988281 0.25488281 255 40 40 1
0.05761719 -0.18066406 0.28808594 255 40 40 1
0.05761719 -0.12792969 0.25488281 255 40 40 1
0.05761719 -0.18066406 0.29003906 255 40 40 1
0.02832031 -0.14550781 0.25097656 255 40 40 1
0.05957031 -0.18066406 0.28808594 255 40 40 1
0.02832031 -0.14355469 0.25097656 255 40 40 1
0.04785156 -0.15332031 0.26660156 40 230 120 2
0.05566406 -0.12792969 0.25488281 255 40 40 1
0.04785156 -0.15136719 0.26464844 40 230 120 2
0.04785156 -0.15136719 0.26660156 40 230 120 2
0.04785156 -0.15332031 0.26464844 40 230 120 2
0.10449219 -0.15527344 0.26074219 255 40 40 1
0.08300781 -0.14746094 0.26660156 40 230 120 2
0.08300781 -0.14941406 0.26855469 40 230 120 2
0.08496094 -0.16113281 0.28417969 255 40 40 1
0.10644531 -0.15527344 0.26074219 255 40 40 1
0.08496094 -0.14941406 0.26660156 40 230 120 2
0.08300781 -0.14941406 0.26660156 40 230 120 2
0.07714844 -0.12207031 0.23535156 255 40 40 1
0.07714844 -0.12011719 0.23535156 255 40 40 1
0.06542969 -0.11230469 0.23535156 40 230 120 2
0.07714844 -0.12207031 0.23339844 255 40 40 1
0.06542969 -0.11230469 0.23730469 40 230 120 2
0.06738281 -0.11230469 0.23730469 40 230 120 2
0.06542969 -0.11425781 0.23730469 40 230 120 2
0.05761719 -0.12792969 0.25292969 255 40 40 1
-0.23144531 -0.01074219 0.01855469 40 230 120 2
-0.22949219 -0.01074219 0.01855469 40 230 120 2
-0.22949219 -0.00878906 0.01855469 40 230 120 2
-0.23730469 0.00097656 0.02050781 255 40 40 1
-0.23144531 -0.00878906 0.01855469 40 230 120 2
-0.21582031 -0.04003906 0.01855469 40 230 120 2
-0.22558594 -0.03222656 0.02246094 255 40 40 1
-0.21582031 -0.04199219 0.01660156 40 230 120 2
-0.21582031 -0.04199219 0.01855469 40 230 120 2
-0.21582031 -0.04003906 0.01660156 40 230 120 2
-0.22558594 -0.03417969 0.02246094 255 40 40 1
-0.22167969 -0.05761719 0.02636719 40 230 120 2
-0.20996094 -0.06347656 0.01855469 255 40 40 1
-0.20996094 -0.06347656 0.02050781 255 40 40 1
-0.21972656 -0.05761719 0.02441406 40 230 120 2
-0.21972656 -0.05761719 0.02636719 40 230 120 2
-0.21972656 -0.05957031 0.02636719 40 230 120 2
-0.24511719 -0.04003906 0.04199219 255 40 40 1
-0.22753906 -0.03417969 0.02246094 255 40 40 1
-0.24121094 -0.02441406 0.03613281 40 230 120 2
-0.24121094 -0.02636719 0.03417969 40 230 120 2
-0.24121094 -0.02441406 0.03417969 40 230 120 2
-0.22753906 -0.03222656 0.02246094 255 40 40 1
-0.24511719 -0.04199219 0.04199219 255 40 40 1
-0.24511719 -0.04199219 0.04003906 255 40 40 1
-0.23925781 -0.02441406 0.03417969 40 230 120 2
-0.10058594 0.16699219 0.04394531 255 40 40 1
-0.10449219 0.17480469 0.04394531 40 230 120 2
-0.10644531 0.18652344 0.01074219 255 40 40 1
-0.10058594 0.16699219 0.04199219 255 40 40 1
-0.10644531 0.18847656 0.01074219 255 40 40 1
-0.10644531 0.17675781 0.04199219 40 230 120 2
-0.10449219 0.17480469 0.04199219 40 230 120 2
-0.11035156 0.20019531 0.02832031 255 40 40 1
-0.10644531 0.18847656 0.00878906 255 40 40 1
-0.10644531 0.19042969 0.00878906 255 40 40 1
-0.11035156 0.19824219 0.02832031 255 40 40 1
-0.10449219 0.20605469 0.00488281 40 230 120 2
-0.10644531 0.20605469 0.00488281 40 230 120 2
-0.10449219 0.20410156 0.00292969 40 230 120 2
-0.10449219 0.20605469 0.00292969 40 230 120 2
-0.11425781 0.19238281 -0.00292969 40 230 120 2
-0.11230469 0.19238281 -0.00292969 40 230 120 2
-0.11230469 0.19238281 -0.00488281 40 230 120 2
-0.11425781 0.19433594 -0.00488281 40 230 120 2
-0.11425781 0.19433594 -0.00683594 40 230 120 2
-0.11425781 0.19433594 -0.00878906 40 230 120 2
-0.11816406 0.19433594 -0.01464844 255 40 40 1
-0.11816406 0.19433594 -0.01269531 255 40 40 1
-0.11816406 0.20019531 -0.01855469 255 40 40 1
-0.11425781 0.19433594 -0.01074219 40 230 120 2
-0.11230469 0.18847656 0.01855469 40 230 120 2
-0.12011719 0.18652344 0.04394531 255 40 40 1
-0.11425781 0.18847656 0.02050781 40 230 120 2
-0.11425781 0.18847656 0.01855469 40 230 120 2
-0.11425781 0.19042969 0.01855469 40 230 120 2
-0.11425781 0.19238281 0.00488281 255 40 40 1
-0.11621094 0.19042969 0.00683594 255 40 40 1
0.04589844 -0.03613281 0.18847656 255 40 40 1
0.03613281 -0.01660156 0.18457031 255 40 40 1
0.04003906 -0.02636719 0.18261719 40 230 120 2
0.04589844 -0.03613281 0.19042969 255 40 40 1
0.03417969 -0.02636719 0.17089844 255 40 40 1
0.03417969 -0.02832031 0.17089844 255 40 40 1
0.03808594 -0.02636719 0.18066406 40 230 120 2
0.03808594 -0.02832031 0.18261719 40 230 120 2
0.03808594 -0.02636719 0.18261719 40 230 120 2
0.04589844 -0.03417969 0.19042969 255 40 40 1
0.04199219 -0.06347656 0.17285156 255 40 40 1
0.04589844 -0.04785156 0.18066406 255 40 40 1
0.04589844 -0.04980469 0.18261719 255 40 40 1
0.04003906 -0.04589844 0.17675781 40 230 120 2
0.04003906 -0.04785156 0.17675781 40 230 120 2
0.04589844 -0.04785156 0.18261719 255 40 40 1
0.04003906 -0.04589844 0.17480469 40 230 120 2
0.04394531 -0.06347656 0.17285156 255 40 40 1
0.04003906 -0.04785156 0.17480469 40 230 120 2
0.04003906 -0.05371094 0.16699219 40 230 120 2
0.04394531 -0.05957031 0.16503906 255 40 40 1
0.04394531 -0.05761719 0.16503906 255 40 40 1
0.03222656 -0.02636719 0.17089844 255 40 40 1
0.03222656 -0.01855469 0.16113281 255 40 40 1
0.03222656 -0.02246094 0.16308594 255 40 40 1
0.03222656 -0.02832031 0.17089844 255 40 40 1
0.03027344 -0.01074219 0.16308594 40 230 120 2
0.01660156 0.00878906 0.16308594 255 40 40 1
0.01660156 0.00878906 0.16113281 255 40 40 1
0.01855469 -0.00097656 0.17089844 40 230 120 2
0.01660156 0.01074219 0.16308594 255 40 40 1
0.01855469 -0.00292969 0.16894531 40 230 120 2
0.01855469 -0.00097656 0.16894531 40 230 120 2
0.00683594 0.01074219 0.17480469 255 40 40 1
0.01855469 -0.00292969 0.17089844 40 230 120 2
0.26074219 0.09863281 0.05761719 255 40 40 1
0.27441406 0.06933594 0.05761719 40 230 120 2
0.27636719 0.07128906 0.05761719 40 230 120 2
0.27636719 0.05761719 0.05957031 255 40 40 1
0.27636719 0.05761719 0.05761719 255 40 40 1
0.27441406 0.07128906 0.05761719 40 230 120 2
0.27441406 0.07324219 0.05761719 40 230 120 2
0.25683594 0.12207031 0.05175781 40 230 120 2
0.25683594 0.12011719 0.05175781 40 230 120 2
0.25878906 0.11425781 0.05371094 40 230 120 2
0.25878906 0.11621094 0.05175781 40 230 120 2
0.25878906 0.11230469 0.05371094 40 230 120 2
0.25878906 0.11621094 0.05371094 40 230 120 2
0.25683594 0.12402344 0.05175781 40 230 120 2
0.25097656 0.14355469 0.04980469 255 40 40 1
0.25097656 0.14160156 0.04980469 255 40 40 1
0.25292969 0.14160156 0.04980469 255 40 40 1
0.25878906 0.13183594 0.05761719 40 230 120 2
0.25292969 0.14355469 0.04980469 255 40 40 1
0.26074219 0.12988281 0.05761719 40 230 120 2
0.26074219 0.13183594 0.05761719 40 230 120 2
0.26074219 0.13183594 0.05957031 40 230 120 2
0.26855469 0.15136719 0.06738281 255 40 40 1
0.28613281 0.10449219 0.07519531 255 40 40 1
0.26269531 0.09863281 0.05957031 255 40 40 1
0.28027344 0.08691406 0.07128906 40 230 120 2
0.28027344 0.08691406 0.06933594 40 230 120 2
0.28027344 0.08886719 0.07128906 40 230 120 2
0.26074219 0.09863281 0.05957031 255 40 40 1
0.26074219 0.10058594 0.05957031 255 40 40 1
0.28222656 0.08691406 0.07128906 40 230 120 2
0.03222656 0.05761719 0.15722656 255 40 40 1
0.03222656 0.05957031 0.15917969 255 40 40 1
0.02050781 0.04589844 0.15527344 255 40 40 1
0.02246094 0.06152344 0.15722656 40 230 120 2
0.02441406 0.06152344 0.15722656 40 230 120 2
0.02441406 0.06152344 0.15917969 40 230 120 2
0.02246094 0.05957031 0.15722656 40 230 120 2
0.03222656 0.05957031 0.15722656 255 40 40 1
0.02050781 0.04394531 0.15527344 255 40 40 1
0.01855469 0.03613281 0.15527344 40 230 120 2
0.01660156 0.03613281 0.15527344 40 230 120 2
0.01855469 0.03222656 0.15527344 40 230 120 2
0.02050781 0.04199219 0.15527344 255 40 40 1
0.01855469 0.03417969 0.15527344 40 230 120 2
0.02050781 0.01660156 0.15722656 255 40 40 1
0.01269531 0.04394531 0.15332031 255 40 40 1
0.02246094 0.04394531 0.15527344 255 40 40 1
0.02832031 0.02441406 0.15722656 255 40 40 1
0.02636719 0.02441406 0.15722656 255 40 40 1
0.03027344 0.03808594 0.16308594 40 230 120 2
0.03027344 0.03613281 0.16308594 40 230 120 2
0.03027344 0.03808594 0.16113281 40 230 120 2
0.03222656 0.03808594 0.16308594 40 230 120 2
0.18847656 0.21386719 0.01660156 40 230 120 2
0.18261719 0.21582031 0.01464844 40 230 120 2
0.18457031 0.21386719 0.01660156 40 230 120 2
0.18066406 0.21582031 0.01464844 40 230 120 2
0.20019531 0.20996094 0.02246094 255 40 40 1
0.18652344 0.21386719 0.01660156 40 230 120 2
0.15722656 0.22558594 0.00683594 255 40 40 1
0.15722656 0.22558594 0.00488281 255 40 40 1
0.11816406 0.22949219 0.00097656 255 40 40 1
0.11621094 0.22949219 -0.00097656 255 40 40 1
0.12988281 0.23339844 0.00878906 40 230 120 2
0.11816406 0.22949219 -0.00097656 255 40 40 1
0.11816406 0.24511719 0.01855469 255 40 40 1
0.13183594 0.23144531 0.00878906 40 230 120 2
0.11621094 0.22949219 0.00097656 255 40 40 1
0.13183594 0.23339844 0.00683594 40 230 120 2
0.13183594 0.23339844 0.00878906 40 230 120 2
0.12011719 0.24511719 0.02050781 255 40 40 1
0.12011719 0.24511719 0.01855469 255 40 40 1
0.11816406 0.24511719 0.02050781 255 40 40 1
0.17675781 0.23144531 0.03222656 40 230 120 2
0.16308594 0.24316406 0.03613281 255 40 40 1
0.15917969 0.22558594 0.00878906 255 40 40 1
0.16308594 0.24121094 0.03417969 255 40 40 1
0.16308594 0.24316406 0.03417969 255 40 40 1
0.17675781 0.23144531 0.03027344 40 230 120 2
0.17675781 0.23144531 0.02832031 40 230 120 2
0.17480469 0.23144531 0.03027344 40 230 120 2
0.10449219 0.23339844 -0.00097656 40 230 120 2
0.10644531 0.23339844 -0.00097656 40 230 120 2
0.10449219 0.23144531 -0.00097656 40 230 120 2
0.10644531 0.23144531 -0.00097656 40 230 120 2
0.08300781 0.22949219 0.00097656 255 40 40 1
0.06347656 0.24707031 -0.00097656 40 230 120 2
0.06152344 0.24902344 -0.00097656 40 230 120 2
0.07714844 0.25878906 -0.01269531 255 40 40 1
0.08105469 0.22753906 0.00097656 255 40 40 1
0.07714844 0.26074219 -0.01269531 255 40 40 1
0.07519531 0.26074219 -0.01269531 255 40 40 1
0.06152344 0.24707031 -0.00097656 40 230 120 2
0.06152344 0.24707031 0.00097656 40 230 120 2
0.08300781 0.22753906 0.00097656 255 40 40 1
0.08300781 0.22753906 0.00292969 255 40 40 1
0.06152344 0.22558594 0.01660156 255 40 40 1
0.08300781 0.23730469 0.00878906 255 40 40 1
0.09472656 0.23730469 0.01074219 40 230 120 2
0.09472656 0.23535156 0.01074219 40 230 120 2
0.09472656 0.23535156 0.00878906 40 230 120 2
0.09277344 0.23535156 0.01074219 40 230 120 2
0.08105469 0.23535156 0.00878906 255 40 40 1
0.27832031 -0.09667969 0.01855469 255 40 40 1
0.25683594 -0.11621094 0.01074219 40 230 120 2
0.25683594 -0.11816406 0.01074219 40 230 120 2
0.25097656 -0.13574219 0.01074219 255 40 40 1
0.25488281 -0.11816406 0.01074219 40 230 120 2
0.25488281 -0.11621094 0.01074219 40 230 120 2
0.23730469 -0.12011719 0.00292969 255 40 40 1
0.27246094 -0.07519531 0.01855469 40 230 120 2
0.27636719 -0.04394531 0.02636719 255 40 40 1
0.26464844 -0.08300781 0.01269531 255 40 40 1
0.26464844 -0.08496094 0.01464844 255 40 40 1
0.27441406 -0.07519531 0.01855469 40 230 120 2
0.27832031 -0.09472656 0.02050781 255 40 40 1
0.27441406 -0.07519531 0.02050781 40 230 120 2
0.27441406 -0.07324219 0.01855469 40 230 120 2
0.29199219 -0.04785156 0.02636719 255 40 40 1
0.29199219 -0.04785156 0.02832031 255 40 40 1
0.30175781 -0.05761719 0.05566406 255 40 40 1
0.30175781 -0.05566406 0.05566406 255 40 40 1
0.29003906 -0.06738281 0.03417969 40 230 120 2
0.29003906 -0.06542969 0.03417969 40 230 120 2
0.29199219 -0.06542969 0.03417969 40 230 120 2
0.29199219 -0.06738281 0.03417969 40 230 120 2
0.27832031 -0.10253906 0.04589844 255 40 40 1
0.28027344 -0.10253906 0.04589844 255 40 40 1
0.26855469 -0.11230469 0.03613281 40 230 120 2
0.27832031 -0.09667969 0.02050781 255 40 40 1
0.26660156 -0.11230469 0.03417969 40 230 120 2
0.26855469 -0.11230469 0.03417969 40 230 120 2
0.26855469 -0.11425781 0.03417969 40 230 120 2
0.24707031 -0.13964844 0.03808594 255 40 40 1
0.01660156 0.18261719 0.09277344 255 40 40 1
0.01855469 0.18261719 0.09082031 255 40 40 1
0.01855469 0.18261719 0.08886719 255 40 40 1
0.01660156 0.18261719 0.09082031 255 40 40 1
0.02246094 0.19628906 0.07910156 255 40 40 1
0.01464844 0.19042969 0.09277344 40 230 120 2
0.01464844 0.18847656 0.09472656 40 230 120 2
0.01464844 0.19042969 0.09472656 40 230 120 2
0.02246094 0.19628906 0.07714844 255 40 40 1
0.01464844 0.19042969 0.09667969 40 230 120 2
0.00292969 0.17285156 0.11035156 255 40 40 1
0.01074219 0.17480469 0.10839844 40 230 120 2
0.01269531 0.17285156 0.10839844 40 230 120 2
0.00292969 0.17285156 0.10839844 255 40 40 1
0.01074219 0.17285156 0.11035156 40 230 120 2
0.01074219 0.17285156 0.10839844 40 230 120 2
0.01269531 0.16699219 0.12402344 255 40 40 1
0.02636719 0.19628906 0.07519531 40 230 120 2
0.02832031 0.19433594 0.08105469 40 230 120 2
0.02832031 0.19238281 0.07910156 40 230 120 2
0.02832031 0.19433594 0.07910156 40 230 120 2
0.03027344 0.19433594 0.07910156 40 230 120 2
0.03027344 0.18847656 0.08886719 255 40 40 1
0.03027344 0.19042969 0.08886719 255 40 40 1
0.02636719 0.19628906 0.07714844 40 230 120 2
0.29003906 -0.02832031 0.03222656 40 230 120 2
0.29003906 -0.03027344 0.03222656 40 230 120 2
0.29199219 -0.04589844 0.02636719 255 40 40 1
0.29785156 0.00097656 0.04394531 255 40 40 1
0.28808594 -0.02832031 0.03222656 40 230 120 2
0.28808594 -0.03027344 0.03222656 40 230 120 2
0.29199219 0.02050781 0.04589844 40 230 120 2
0.29785156 0.00488281 0.04394531 255 40 40 1
0.29785156 0.00292969 0.04394531 255 40 40 1
0.28808594 0.00488281 0.04003906 255 40 40 1
0.29199219 0.01855469 0.04589844 40 230 120 2
0.28808594 0.00292969 0.04003906 255 40 40 1
0.29199219 0.02246094 0.04589844 40 230 120 2
0.29003906 0.02050781 0.04589844 40 230 120 2
0.29589844 0.05566406 0.07714844 255 40 40 1
0.29394531 0.05566406 0.07714844 255 40 40 1
0.27636719 0.05566406 0.05957031 255 40 40 1
0.27636719 0.05566406 0.05761719 255 40 40 1
0.29003906 0.04003906 0.06152344 40 230 120 2
0.29003906 0.03808594 0.05957031 40 230 120 2
0.29003906 0.03808594 0.06152344 40 230 120 2
0.29003906 0.04003906 0.05957031 40 230 120 2
0.30566406 -0.00097656 0.06933594 255 40 40 1
0.30175781 -0.01660156 0.05566406 40 230 120 2
0.30175781 -0.01855469 0.05566406 40 230 120 2
0.29785156 0.00292969 0.04589844 255 40 40 1
0.30175781 -0.05566406 0.05761719 255 40 40 1
0.30175781 -0.01855469 0.05761719 40 230 120 2
0.30175781 -0.01660156 0.05761719 40 230 120 2
0.05761719 -0.07910156 0.16699219 255 40 40 1
0.05566406 -0.07910156 0.16699219 255 40 40 1
0.05175781 -0.06152344 0.16894531 40 230 120 2
0.05175781 -0.06347656 0.16699219 40 230 120 2
0.05175781 -0.06152344 0.16699219 40 230 120 2
0.04980469 -0.06152344 0.16699219 40 230 120 2
0.04589844 -0.09472656 0.15917969 255 40 40 1
0.04589844 -0.09667969 0.15917969 255 40 40 1
0.05371094 -0.10449219 0.15917969 40 230 120 2
0.05175781 -0.10644531 0.15917969 40 230 120 2
0.05371094 -0.10644531 0.15917969 40 230 120 2
0.05566406 -0.13964844 0.15136719 255 40 40 1
0.05371094 -0.10644531 0.15722656 40 230 120 2
0.04785156 -0.09472656 0.15917969 255 40 40 1
0.05761719 -0.08105469 0.16699219 255 40 40 1
0.07128906 -0.08886719 0.16894531 255 40 40 1
0.06933594 -0.09082031 0.16894531 255 40 40 1
0.07128906 -0.09082031 0.16894531 255 40 40 1
0.05761719 -0.07910156 0.16894531 255 40 40 1
0.06738281 -0.07128906 0.17480469 40 230 120 2
0.06738281 -0.06933594 0.17480469 40 230 120 2
0.06738281 -0.07128906 0.17675781 40 230 120 2
0.06738281 -0.06933594 0.17675781 40 230 120 2
-0.00683594 0.07910156 0.14160156 255 40 40 1
-0.00683594 0.07714844 0.14160156 255 40 40 1
-0.01074219 0.06738281 0.14355469 40 230 120 2
-0.01269531 0.06738281 0.14355469 40 230 120 2
-0.00878906 0.07910156 0.14160156 255 40 40 1
-0.01269531 0.06542969 0.14355469 40 230 120 2
0.00097656 0.04589844 0.15136719 255 40 40 1
-0.01269531 0.06933594 0.14355469 40 230 120 2
0.00292969 0.04589844 0.14941406 255 40 40 1
0.00292969 0.04589844 0.15136719 255 40 40 1
-0.00292969 0.03222656 0.16113281 40 230 120 2
-0.00097656 0.03222656 0.15917969 40 230 120 2
0.00292969 0.04394531 0.15136719 255 40 40 1
-0.00292969 0.03417969 0.15917969 40 230 120 2
-0.00292969 0.03222656 0.15917969 40 230 120 2
0.01464844 0.01074219 0.16113281 255 40 40 1
0.01464844 0.02050781 0.15722656 40 230 120 2
0.01464844 0.02050781 0.15527344 40 230 120 2
0.01269531 0.02246094 0.15527344 40 230 120 2
0.01269531 0.02441406 0.15527344 40 230 120 2
0.01464844 0.02246094 0.15722656 40 230 120 2
0.01269531 0.02441406 0.15722656 40 230 120 2
0.01660156 0.02050781 0.15722656 40 230 120 2
0.01074219 0.05761719 0.15527344 40 230 120 2
0.01660156 0.08105469 0.16113281 255 40 40 1
0.01269531 0.04785156 0.15527344 255 40 40 1
0.01269531 0.04589844 0.15332031 255 40 40 1
0.01074219 0.05371094 0.15527344 40 230 120 2
0.01464844 0.08105469 0.16113281 255 40 40 1
0.00878906 0.05566406 0.15527344 40 230 120 2
0.01074219 0.05566406 0.15527344 40 230 120 2
-0.02050781 0.11425781 0.12988281 255 40 40 1
-0.04785156 0.11035156 0.12402344 255 40 40 1
-0.01855469 0.11425781 0.12988281 255 40 40 1
-0.03417969 0.10058594 0.12988281 40 230 120 2
-0.03222656 0.10058594 0.12988281 40 230 120 2
-0.01855469 0.11230469 0.12988281 255 40 40 1
-0.03222656 0.09863281 0.12988281 40 230 120 2
-0.03222656 0.10058594 0.13183594 40 230 120 2
-0.04785156 0.10839844 0.12402344 255 40 40 1
-0.00683594 0.07910156 0.14355469 255 40 40 1
-0.00292969 0.09082031 0.14355469 40 230 120 2
-0.00292969 0.09277344 0.14355469 40 230 120 2
-0.00292969 0.09082031 0.14550781 40 230 120 2
-0.00488281 0.09082031 0.14355469 40 230 120 2
0.00488281 0.12402344 0.14941406 255 40 40 1
0.01269531 0.16503906 0.12597656 255 40 40 1
0.01269531 0.16503906 0.12402344 255 40 40 1
-0.00097656 0.13378906 0.13574219 40 230 120 2
-0.00097656 0.13378906 0.13378906 40 230 120 2
0.00292969 0.12402344 0.14941406 255 40 40 1
-0.00097656 0.13574219 0.13378906 40 230 120 2
0.00292969 0.12207031 0.14941406 255 40 40 1
-0.00097656 0.13574219 0.13574219 40 230 120 2
-0.01855469 0.11425781 0.12792969 255 40 40 1
-0.02636719 0.13964844 0.10449219 255 40 40 1
-0.02636719 0.13769531 0.10644531 255 40 40 1
-0.03417969 0.12988281 0.11035156 40 230 120 2
-0.03613281 0.12792969 0.11035156 40 230 120 2
-0.05957031 0.13378906 0.09472656 255 40 40 1
-0.03613281 0.12988281 0.10839844 40 230 120 2
-0.03613281 0.12988281 0.11035156 40 230 120 2
-0.06347656 0.07519531 0.14355469 255 40 40 1
-0.05761719 0.08496094 0.13574219 40 230 120 2
-0.05761719 0.08496094 0.13769531 40 230 120 2
-0.05761719 0.08691406 0.13574219 40 230 120 2
-0.05761719 0.08691406 0.13769531 40 230 120 2
-0.03417969 0.07714844 0.13769531 255 40 40 1
-0.07714844 0.10839844 0.12597656 255 40 40 1
-0.06347656 0.11816406 0.11621094 40 230 120 2
-0.06152344 0.11816406 0.11425781 40 230 120 2
-0.06347656 0.11816406 0.11425781 40 230 120 2
-0.06152344 0.11816406 0.11621094 40 230 120 2
-0.04980469 0.11035156 0.12402344 255 40 40 1
-0.09472656 0.12792969 0.11425781 40 230 120 2
-0.09667969 0.12792969 0.11425781 40 230 120 2
-0.09667969 0.12988281 0.11425781 40 230 120 2
-0.11621094 0.13964844 0.10839844 255 40 40 1
-0.09472656 0.12988281 0.11425781 40 230 120 2
-0.07910156 0.10839844 0.12792969 255 40 40 1
-0.09472656 0.09472656 0.13769531 40 230 120 2
-0.10839844 0.10644531 0.13378906 255 40 40 1
-0.10839844 0.10644531 0.13183594 255 40 40 1
-0.10644531 0.10644531 0.13183594 255 40 40 1
-0.09667969 0.09472656 0.13769531 40 230 120 2
-0.09667969 0.09667969 0.13769531 40 230 120 2
-0.09472656 0.09667969 0.13769531 40 230 120 2
-0.16699219 0.17089844 -0.04394531 255 40 40 1
-0.16699219 0.16894531 -0.04394531 255 40 40 1
-0.18457031 0.16503906 -0.03417969 40 230 120 2
-0.17871094 0.18652344 -0.03808594 255 40 40 1
-0.18652344 0.16699219 -0.03417969 40 230 120 2
-0.20996094 0.14160156 -0.02050781 255 40 40 1
-0.18457031 0.16699219 -0.03417969 40 230 120 2
-0.18652344 0.16503906 -0.03417969 40 230 120 2
-0.21191406 0.13964844 -0.02050781 255 40 40 1
-0.20800781 0.11621094 -0.02246094 40 230 120 2
-0.20800781 0.11816406 -0.02050781 40 230 120 2
-0.20800781 0.11621094 -0.02050781 40 230 120 2
-0.20996094 0.11621094 -0.02050781 40 230 120 2
-0.20996094 0.13964844 -0.02050781 255 40 40 1
-0.22949219 0.10644531 0.00097656 40 230 120 2
-0.22753906 0.10839844 0.00097656 40 230 120 2
-0.22753906 0.10644531 0.00097656 40 230 120 2
-0.22949219 0.10839844 0.00097656 40 230 120 2
-0.20996094 0.14550781 0.00488281 255 40 40 1
-0.20996094 0.13964844 -0.01855469 255 40 40 1
-0.20019531 0.16113281 -0.01074219 40 230 120 2
-0.20019531 0.15917969 -0.00878906 40 230 120 2
-0.20019531 0.16113281 -0.00878906 40 230 120 2
-0.20214844 0.16113281 -0.00878906 40 230 120 2
-0.09472656 0.09863281 -0.40722656 255 40 40 1
-0.10839844 0.09667969 -0.40332031 255 40 40 1
-0.11035156 0.09863281 -0.40332031 255 40 40 1
-0.11035156 0.09667969 -0.40332031 255 40 40 1
-0.09472656 0.10058594 -0.40722656 255 40 40 1
-0.09667969 0.10839844 -0.39550781 40 230 120 2
-0.09667969 0.10644531 -0.39746094 40 230 120 2
-0.09667969 0.10644531 -0.39550781 40 230 120 2
-0.09667969 0.10839844 -0.39746094 40 230 120 2
-0.09863281 0.14746094 -0.33886719 255 40 40 1
-0.09863281 0.14550781 -0.33886719 255 40 40 1
-0.07714844 0.15917969 -0.32910156 40 230 120 2
-0.07714844 0.15917969 -0.33105469 40 230 120 2
-0.07714844 0.15722656 -0.33105469 40 230 120 2
-0.09667969 0.14550781 -0.33886719 255 40 40 1
-0.07324219 0.15136719 -0.34472656 255 40 40 1
-0.07519531 0.15332031 -0.34472656 255 40 40 1
-0.07714844 0.15722656 -0.32910156 40 230 120 2
-0.09667969 0.14746094 -0.33886719 255 40 40 1
-0.07324219 0.15332031 -0.34472656 255 40 40 1
-0.07519531 0.15136719 -0.34472656 255 40 40 1
-0.00683594 0.20214844 -0.24707031 40 230 120 2
-0.00683594 0.20214844 -0.24902344 40 230 120 2
-0.00488281 0.19824219 -0.26074219 255 40 40 1
-0.00488281 0.20214844 -0.24902344 40 230 120 2
-0.00488281 0.20214844 -0.24707031 40 230 120 2
-0.00292969 0.19824219 -0.26074219 255 40 40 1
-0.00292969 0.19824219 -0.25878906 255 40 40 1
-0.07324219 0.12011719 -0.39160156 40 230 120 2
-0.07519531 0.12011719 -0.39160156 40 230 120 2
-0.07324219 0.12011719 -0.38964844 40 230 120 2
-0.08691406 0.12597656 -0.37988281 255 40 40 1
-0.06347656 0.12988281 -0.38183594 255 40 40 1
-0.08496094 0.12597656 -0.37988281 255 40 40 1
-0.08691406 0.12597656 -0.37792969 255 40 40 1
-0.07519531 0.12011719 -0.38964844 40 230 120 2
-0.08496094 0.12597656 -0.37792969 255 40 40 1
-0.11425781 0.06933594 -0.42675781 255 40 40 1
-0.11035156 0.07910156 -0.42089844 40 230 120 2
-0.11621094 0.06933594 -0.42675781 255 40 40 1
-0.11035156 0.08105469 -0.42089844 40 230 120 2
-0.10253906 0.07324219 -0.43066406 255 40 40 1
-0.11621094 0.07128906 -0.42675781 255 40 40 1
-0.10839844 0.07910156 -0.42089844 40 230 120 2
-0.10839844 0.08105469 -0.42089844 40 230 120 2
-0.08886719 0.09082031 -0.41699219 40 230 120 2
-0.09277344 0.09863281 -0.40722656 255 40 40 1
-0.09472656 0.09863281 -0.40917969 255 40 40 1
-0.09082031 0.09082031 -0.41699219 40 230 120 2
-0.10058594 0.07324219 -0.43066406 255 40 40 1
-0.08886719 0.09277344 -0.41699219 40 230 120 2
-0.09082031 0.09277344 -0.41699219 40 230 120 2
-0.08886719 0.05371094 -0.45800781 255 40 40 1
-0.09082031 0.06738281 -0.44042969 40 230 120 2
-0.09082031 0.06542969 -0.44238281 40 230 120 2
-0.09082031 0.06738281 -0.44238281 40 230 120 2
-0.10058594 0.07324219 -0.43261719 255 40 40 1
-0.09277344 0.06738281 -0.44238281 40 230 120 2
-0.08300781 0.07519531 -0.43652344 255 40 40 1
-0.10058594 0.07128906 -0.43066406 255 40 40 1
-0.11035156 0.05371094 -0.44433594 40 230 120 2
-0.11035156 0.05566406 -0.44433594 40 230 120 2
-0.11035156 0.05371094 -0.44238281 40 230 120 2
-0.11035156 0.05566406 -0.44238281 40 230 120 2
-0.12011719 0.04589844 -0.44824219 255 40 40 1
-0.15332031 0.07519531 -0.40136719 40 230 120 2
-0.14160156 0.08886719 -0.39746094 255 40 40 1
-0.16113281 0.07910156 -0.39355469 255 40 40 1
-0.14355469 0.08886719 -0.39550781 255 40 40 1
-0.15332031 0.07714844 -0.40332031 40 230 120 2
-0.15917969 0.06152344 -0.41503906 255 40 40 1
-0.15527344 0.07714844 -0.40136719 40 230 120 2
-0.16113281 0.07910156 -0.39160156 255 40 40 1
-0.14160156 0.08886719 -0.39550781 255 40 40 1
-0.15917969 0.07910156 -0.39160156 255 40 40 1
-0.15332031 0.07714844 -0.40136719 40 230 120 2
-0.14355469 0.06347656 -0.41894531 255 40 40 1
-0.14746094 0.05566406 -0.42480469 40 230 120 2
-0.14355469 0.06542969 -0.42089844 255 40 40 1
-0.14941406 0.05761719 -0.42480469 40 230 120 2
-0.15917969 0.05957031 -0.41699219 255 40 40 1
-0.14941406 0.05566406 -0.42480469 40 230 120 2
-0.14355469 0.06542969 -0.41894531 255 40 40 1
-0.14941406 0.05566406 -0.42675781 40 230 120 2
-0.14355469 0.06347656 -0.42089844 255 40 40 1
-0.16699219 0.03808594 -0.42675781 255 40 40 1
-0.16894531 0.04003906 -0.42675781 255 40 40 1
-0.16894531 0.03808594 -0.42675781 255 40 40 1
-0.15917969 0.04199219 -0.43261719 255 40 40 1
-0.16113281 0.04589844 -0.42675781 40 230 120 2
-0.16308594 0.04589844 -0.42480469 40 230 120 2
-0.16113281 0.04589844 -0.42480469 40 230 120 2
-0.16113281 0.04785156 -0.42480469 40 230 120 2
-0.17285156 0.05175781 -0.41113281 255 40 40 1
-0.17285156 0.05175781 -0.41308594 255 40 40 1
-0.17089844 0.05957031 -0.40917969 40 230 120 2
-0.18066406 0.06933594 -0.39355469 255 40 40 1
-0.17089844 0.05957031 -0.40722656 40 230 120 2
-0.15917969 0.05957031 -0.41503906 255 40 40 1
-0.17285156 0.05957031 -0.40722656 40 230 120 2
-0.17089844 0.06152344 -0.40722656 40 230 120 2
-0.13964844 0.11425781 -0.36621094 255 40 40 1
-0.16113281 0.10253906 -0.36425781 255 40 40 1
-0.16113281 0.10058594 -0.36425781 255 40 40 1
-0.13964844 0.11425781 -0.36816406 255 40 40 1
-0.14746094 0.10058594 -0.37597656 40 230 120 2
-0.14941406 0.10253906 -0.37597656 40 230 120 2
-0.14160156 0.11425781 -0.36816406 255 40 40 1
-0.14746094 0.10253906 -0.37597656 40 230 120 2
-0.14160156 0.09082031 -0.39550781 255 40 40 1
-0.14941406 0.10058594 -0.37597656 40 230 120 2
-0.14160156 0.11425781 -0.36621094 255 40 40 1
-0.16308594 0.10253906 -0.36425781 255 40 40 1
-0.16113281 0.08105469 -0.39160156 255 40 40 1
-0.18066406 0.06933594 -0.39160156 255 40 40 1
-0.16308594 0.10058594 -0.36425781 255 40 40 1
-0.16894531 0.08300781 -0.38378906 40 230 120 2
-0.16699219 0.08300781 -0.38183594 40 230 120 2
-0.16699219 0.08300781 -0.38378906 40 230 120 2
-0.16699219 0.08496094 -0.38378906 40 230 120 2
-0.17871094 0.09863281 -0.35253906 40 230 120 2
-0.18066406 0.09863281 -0.35253906 40 230 120 2
-0.18457031 0.08691406 -0.36230469 255 40 40 1
-0.17871094 0.10058594 -0.35253906 40 230 120 2
-0.18066406 0.10058594 -0.35253906 40 230 120 2
-0.19238281 0.10839844 -0.33105469 255 40 40 1
-0.19042969 0.10839844 -0.33105469 255 40 40 1
-0.15332031 0.12011719 -0.34277344 40 230 120 2
-0.13964844 0.13574219 -0.33300781 255 40 40 1
-0.16308594 0.12402344 -0.33105469 255 40 40 1
-0.15527344 0.12207031 -0.34277344 40 230 120 2
-0.15527344 0.12011719 -0.34277344 40 230 120 2
-0.15527344 0.12011719 -0.34082031 40 230 120 2
-0.07324219 0.19238281 -0.25878906 255 40 40 1
-0.10449219 0.19042969 -0.25683594 255 40 40 1
-0.07910156 0.19824219 -0.24316406 40 230 120 2
-0.05761719 0.21191406 -0.21777344 255 40 40 1
-0.07519531 0.19238281 -0.25878906 255 40 40 1
-0.07519531 0.19238281 -0.26074219 255 40 40 1
-0.07714844 0.19824219 -0.24511719 40 230 120 2
-0.08105469 0.19824219 -0.24511719 40 230 120 2
-0.07910156 0.19824219 -0.24511719 40 230 120 2
-0.04589844 0.15527344 -0.34667969 255 40 40 1
-0.06347656 0.13183594 -0.38183594 255 40 40 1
-0.06347656 0.13769531 -0.37011719 40 230 120 2
-0.06542969 0.13769531 -0.36816406 40 230 120 2
-0.06542969 0.13769531 -0.37011719 40 230 120 2
-0.06347656 0.13769531 -0.36816406 40 230 120 2
0.02246094 0.14746094 -0.32714844 255 40 40 1
-0.01464844 0.15527344 -0.33886719 255 40 40 1
-0.01269531 0.15527344 -0.34082031 255 40 40 1
-0.01464844 0.15527344 -0.34082031 255 40 40 1
0.02050781 0.14746094 -0.32714844 255 40 40 1
0.04003906 0.17089844 -0.29003906 255 40 40 1
0.01660156 0.15722656 -0.31933594 40 230 120 2
0.01464844 0.15722656 -0.31933594 40 230 120 2
0.01660156 0.15917969 -0.31933594 40 230 120 2
-0.01269531 0.15527344 -0.33886719 255 40 40 1
0.02050781 0.14746094 -0.32910156 255 40 40 1
0.01464844 0.15917969 -0.31933594 40 230 120 2
-0.01269531 0.21582031 -0.21972656 255 40 40 1
-0.04199219 0.20214844 -0.24707031 40 230 120 2
-0.03808594 0.19824219 -0.26269531 255 40 40 1
-0.07324219 0.19238281 -0.26074219 255 40 40 1
-0.03808594 0.19628906 -0.26269531 255 40 40 1
-0.04003906 0.20214844 -0.24707031 40 230 120 2
-0.04199219 0.20214844 -0.24902344 40 230 120 2
-0.04199219 0.20214844 -0.24511719 40 230 120 2
-0.04003906 0.19628906 -0.26269531 255 40 40 1
-0.16503906 0.14550781 -0.29003906 255 40 40 1
-0.15527344 0.16308594 -0.26464844 40 230 120 2
-0.16503906 0.14746094 -0.29199219 255 40 40 1
-0.15332031 0.16503906 -0.26464844 40 230 120 2
-0.16503906 0.14550781 -0.29199219 255 40 40 1
-0.15527344 0.16503906 -0.26269531 40 230 120 2
-0.15527344 0.16503906 -0.26464844 40 230 120 2
-0.16503906 0.16503906 -0.24902344 255 40 40 1
-0.13574219 0.15722656 -0.29394531 255 40 40 1
-0.13769531 0.15722656 -0.29394531 255 40 40 1
-0.14746094 0.14746094 -0.30761719 40 230 120 2
-0.14550781 0.14746094 -0.30761719 40 230 120 2
-0.13769531 0.13574219 -0.33300781 255 40 40 1
-0.13769531 0.13769531 -0.33300781 255 40 40 1
-0.14746094 0.14746094 -0.30566406 40 230 120 2
-0.13769531 0.13574219 -0.33105469 255 40 40 1
-0.14550781 0.14746094 -0.30566406 40 230 120 2
-0.16308594 0.12402344 -0.32910156 255 40 40 1
-0.16503906 0.12402344 -0.33105469 255 40 40 1
-0.19042969 0.10839844 -0.32910156 255 40 40 1
-0.16503906 0.12402344 -0.32910156 255 40 40 1
-0.17285156 0.12597656 -0.31738281 40 230 120 2
-0.17285156 0.12597656 -0.31933594 40 230 120 2
-0.17480469 0.12597656 -0.31738281 40 230 120 2
-0.17285156 0.12792969 -0.31738281 40 230 120 2
-0.19433594 0.12597656 -0.29199219 255 40 40 1
-0.19824219 0.14355469 -0.24902344 255 40 40 1
-0.19824219 0.14160156 -0.24902344 255 40 40 1
-0.19433594 0.12597656 -0.29003906 255 40 40 1
-0.16699219 0.14550781 -0.29199219 255 40 40 1
-0.18652344 0.13769531 -0.27636719 40 230 120 2
-0.18652344 0.13769531 -0.27832031 40 230 120 2
-0.18652344 0.13964844 -0.27636719 40 230 120 2
-0.18457031 0.13769531 -0.27636719 40 230 120 2
-0.13769531 0.19824219 -0.19042969 40 230 120 2
-0.13769531 0.20019531 -0.19238281 40 230 120 2
-0.13769531 0.20019531 -0.19042969 40 230 120 2
-0.16503906 0.19238281 -0.18066406 255 40 40 1
-0.13574219 0.20019531 -0.19042969 40 230 120 2
-0.19824219 0.14355469 -0.24707031 255 40 40 1
-0.16699219 0.18457031 -0.20410156 255 40 40 1
-0.16503906 0.16503906 -0.24707031 255 40 40 1
-0.17675781 0.16308594 -0.23339844 40 230 120 2
-0.17480469 0.16503906 -0.23339844 40 230 120 2
-0.16699219 0.18457031 -0.20214844 255 40 40 1
-0.16699219 0.16503906 -0.24707031 255 40 40 1
-0.17675781 0.16503906 -0.23339844 40 230 120 2
-0.17675781 0.16503906 -0.23144531 40 230 120 2
-0.05957031 0.17675781 -0.30761719 255 40 40 1
-0.06347656 0.18066406 -0.29003906 40 230 120 2
-0.06152344 0.18261719 -0.29003906 40 230 120 2
-0.08886719 0.17089844 -0.30175781 255 40 40 1
-0.05761719 0.17675781 -0.30566406 255 40 40 1
-0.05957031 0.17675781 -0.30566406 255 40 40 1
-0.08886719 0.17089844 -0.29980469 255 40 40 1
-0.05761719 0.17675781 -0.30761719 255 40 40 1
-0.06152344 0.18066406 -0.29003906 40 230 120 2
-0.06152344 0.18066406 -0.29199219 40 230 120 2
-0.08691406 0.17089844 -0.30175781 255 40 40 1
0.01074219 -0.15917969 -0.19433594 255 40 40 1
0.00292969 -0.15722656 -0.18261719 40 230 120 2
0.00292969 -0.15527344 -0.18457031 40 230 120 2
0.00292969 -0.15722656 -0.18457031 40 230 120 2
0.00878906 -0.15917969 -0.19433594 255 40 40 1
0.02246094 -0.16308594 -0.16503906 255 40 40 1
0.00488281 -0.15722656 -0.18457031 40 230 120 2
0.02246094 -0.16503906 -0.16503906 255 40 40 1
-0.10253906 0.12207031 -0.37207031 255 40 40 1
-0.10449219 0.12207031 -0.37207031 255 40 40 1
-0.10253906 0.12207031 -0.37402344 255 40 40 1
-0.10449219 0.12207031 -0.37402344 255 40 40 1
-0.08886719 0.13378906 -0.36425781 40 230 120 2
-0.08886719 0.13378906 -0.36621094 40 230 120 2
-0.08691406 0.13378906 -0.36621094 40 230 120 2
-0.08886719 0.13183594 -0.36621094 40 230 120 2
-0.06152344 0.12988281 -0.38183594 255 40 40 1
-0.03027344 0.13378906 -0.37988281 255 40 40 1
-0.03613281 0.13964844 -0.36816406 40 230 120 2
-0.03808594 0.13964844 -0.36816406 40 230 120 2
-0.06152344 0.13183594 -0.38183594 255 40 40 1
-0.03613281 0.13964844 -0.36621094 40 230 120 2
-0.03417969 0.13964844 -0.36816406 40 230 120 2
-0.03222656 0.13378906 -0.37988281 255 40 40 1
-0.03222656 0.19042969 -0.27636719 40 230 120 2
-0.03417969 0.19042969 -0.27636719 40 230 120 2
-0.03808594 0.19628906 -0.26464844 255 40 40 1
-0.03222656 0.19042969 -0.27832031 40 230 120 2
-0.03417969 0.19042969 -0.27832031 40 230 120 2
0.07910156 0.22949219 -0.21386719 255 40 40 1
0.07519531 0.22949219 -0.20605469 40 230 120 2
0.08886719 0.23730469 -0.19238281 255 40 40 1
0.07324219 0.22949219 -0.20605469 40 230 120 2
0.07324219 0.22949219 -0.20410156 40 230 120 2
0.07714844 0.22949219 -0.21386719 255 40 40 1
0.07128906 0.22949219 -0.20605469 40 230 120 2
0.10449219 0.20605469 -0.25292969 255 40 40 1
0.10253906 0.20605469 -0.25292969 255 40 40 1
0.09667969 0.20996094 -0.23535156 40 230 120 2
0.09667969 0.20996094 -0.23730469 40 230 120 2
0.09472656 0.20996094 -0.23535156 40 230 120 2
0.10449219 0.20605469 -0.25097656 255 40 40 1
0.09472656 0.20996094 -0.23730469 40 230 120 2
0.12207031 0.22167969 -0.20605469 255 40 40 1
0.10253906 0.20605469 -0.25097656 255 40 40 1
0.12402344 0.21972656 -0.20605469 255 40 40 1
0.14550781 0.20410156 -0.21386719 40 230 120 2
0.14355469 0.20410156 -0.21582031 40 230 120 2
0.14550781 0.20410156 -0.21582031 40 230 120 2
0.12402344 0.22167969 -0.20410156 255 40 40 1
0.16699219 0.20214844 -0.19824219 255 40 40 1
0.12402344 0.22167969 -0.20605469 255 40 40 1
0.16699219 0.20214844 -0.19628906 255 40 40 1
0.14355469 0.20410156 -0.21386719 40 230 120 2
0.07714844 0.18261719 -0.29589844 255 40 40 1
0.06152344 0.20019531 -0.25292969 255 40 40 1
0.04199219 0.17285156 -0.29003906 255 40 40 1
0.04003906 0.17285156 -0.29003906 255 40 40 1
0.05957031 0.18652344 -0.27832031 40 230 120 2
0.05957031 0.18457031 -0.28027344 40 230 120 2
0.06152344 0.18457031 -0.27832031 40 230 120 2
0.04003906 0.17285156 -0.28808594 255 40 40 1
0.05957031 0.18457031 -0.27832031 40 230 120 2
0.07714844 0.18261719 -0.29394531 255 40 40 1
0.14160156 0.18847656 -0.24316406 255 40 40 1
0.10644531 0.19238281 -0.26464844 40 230 120 2
0.10839844 0.19238281 -0.26464844 40 230 120 2
0.10839844 0.19238281 -0.26269531 40 230 120 2
0.14160156 0.18652344 -0.24316406 255 40 40 1
0.07910156 0.18261719 -0.29394531 255 40 40 1
0.10644531 0.19238281 -0.26269531 40 230 120 2
0.09472656 0.16308594 -0.30371094 40 230 120 2
0.11425781 0.16699219 -0.28808594 255 40 40 1
0.09277344 0.16308594 -0.30566406 40 230 120 2
0.08496094 0.14160156 -0.32714844 255 40 40 1
0.07910156 0.18261719 -0.29589844 255 40 40 1
0.09277344 0.16308594 -0.30371094 40 230 120 2
0.09277344 0.16113281 -0.30371094 40 230 120 2
0.05175781 0.14941406 -0.32910156 255 40 40 1
0.04980469 0.14941406 -0.32910156 255 40 40 1
0.04980469 0.15917969 -0.31933594 40 230 120 2
0.04980469 0.16113281 -0.31738281 40 230 120 2
0.05175781 0.15136719 -0.32910156 255 40 40 1
0.04980469 0.15917969 -0.31738281 40 230 120 2
0.05175781 0.15917969 -0.31738281 40 230 120 2
-0.01464844 0.10644531 -0.40136719 255 40 40 1
-0.01464844 0.12207031 -0.38378906 40 230 120 2
-0.01464844 0.12402344 -0.38378906 40 230 120 2
-0.01660156 0.12207031 -0.38378906 40 230 120 2
-0.01464844 0.12207031 -0.38183594 40 230 120 2
-0.00097656 0.12792969 -0.36816406 255 40 40 1
-0.03027344 0.13183594 -0.37988281 255 40 40 1
-0.07324219 0.10449219 -0.41113281 255 40 40 1
-0.07324219 0.10253906 -0.41113281 255 40 40 1
-0.05175781 0.11425781 -0.40136719 40 230 120 2
-0.03027344 0.13378906 -0.38183594 255 40 40 1
-0.04589844 0.10449219 -0.40917969 255 40 40 1
-0.07128906 0.10253906 -0.41113281 255 40 40 1
-0.04589844 0.10644531 -0.40917969 255 40 40 1
-0.04980469 0.11230469 -0.40136719 40 230 120 2
-0.04980469 0.11425781 -0.40136719 40 230 120 2
-0.04980469 0.11425781 -0.39941406 40 230 120 2
0.07714844 0.22753906 -0.21386719 255 40 40 1
0.06152344 0.20019531 -0.25097656 255 40 40 1
0.07910156 0.22753906 -0.21386719 255 40 40 1
0.05761719 0.20800781 -0.23925781 40 230 120 2
0.05566406 0.20800781 -0.23925781 40 230 120 2
0.03027344 0.19824219 -0.25292969 255 40 40 1
0.05761719 0.20996094 -0.23925781 40 230 120 2
0.06152344 0.20214844 -0.25097656 255 40 40 1
0.05566406 0.20996094 -0.23925781 40 230 120 2
0.02636719 0.11621094 -0.35644531 255 40 40 1
0.00878906 0.09863281 -0.39160156 255 40 40 1
-0.01269531 0.10644531 -0.40332031 255 40 40 1
0.01074219 0.09863281 -0.39160156 255 40 40 1
0.00878906 0.10644531 -0.38378906 40 230 120 2
0.00683594 0.10644531 -0.38378906 40 230 120 2
0.00683594 0.10839844 -0.38378906 40 230 120 2
0.00683594 0.10644531 -0.38574219 40 230 120 2
0.02636719 0.11816406 -0.35449219 255 40 40 1
0.02636719 0.11816406 -0.35644531 255 40 40 1
0.02050781 0.14550781 -0.32714844 255 40 40 1
0.01464844 0.12988281 -0.35058594 40 230 120 2
0.02441406 0.11816406 -0.35644531 255 40 40 1
0.01660156 0.13183594 -0.35058594 40 230 120 2
0.01660156 0.12988281 -0.35058594 40 230 120 2
0.01464844 0.13183594 -0.35058594 40 230 120 2
0.00097656 0.12792969 -0.36621094 255 40 40 1
0.08496094 0.13964844 -0.32910156 255 40 40 1
0.05566406 0.13574219 -0.33691406 40 230 120 2
0.05175781 0.14941406 -0.33105469 255 40 40 1
0.05371094 0.13574219 -0.33886719 40 230 120 2
0.05371094 0.13574219 -0.33691406 40 230 120 2
0.05566406 0.13574219 -0.33886719 40 230 120 2
0.03027344 0.08886719 -0.38574219 255 40 40 1
0.05566406 0.11230469 -0.35839844 255 40 40 1
0.05566406 0.11230469 -0.36035156 255 40 40 1
0.03613281 0.10644531 -0.36816406 40 230 120 2
0.03808594 0.10644531 -0.36816406 40 230 120 2
0.03613281 0.10644531 -0.36621094 40 230 120 2
0.03808594 0.10644531 -0.36621094 40 230 120 2
0.03222656 0.08886719 -0.38574219 255 40 40 1
-0.02832031 0.08105469 -0.42871094 255 40 40 1
-0.00683594 0.07910156 -0.42285156 255 40 40 1
-0.01660156 0.08886719 -0.41894531 40 230 120 2
-0.01660156 0.08691406 -0.41894531 40 230 120 2
-0.00683594 0.07910156 -0.42089844 255 40 40 1
-0.00488281 0.07910156 -0.42285156 255 40 40 1
-0.01660156 0.08886719 -0.41699219 40 230 120 2
-0.01464844 0.08886719 -0.41894531 40 230 120 2
-0.00488281 0.07910156 -0.42089844 255 40 40 1
0.01074219 0.09667969 -0.39160156 255 40 40 1
0.01074219 0.08886719 -0.39941406 40 230 120 2
0.00878906 0.09667969 -0.39160156 255 40 40 1
0.01269531 0.08886719 -0.40136719 40 230 120 2
0.01269531 0.08886719 -0.39941406 40 230 120 2
0.01074219 0.08886719 -0.40136719 40 230 120 2
0.00683594 0.06933594 -0.41113281 255 40 40 1
0.00683594 0.06738281 -0.41113281 255 40 40 1
0.00097656 0.06738281 -0.42089844 40 230 120 2
-0.00097656 0.06933594 -0.42089844 40 230 120 2
0.00097656 0.06933594 -0.42089844 40 230 120 2
-0.00097656 0.06738281 -0.42089844 40 230 120 2
-0.02050781 0.06347656 -0.43847656 40 230 120 2
-0.02246094 0.06542969 -0.43847656 40 230 120 2
-0.01855469 0.05957031 -0.44238281 255 40 40 1
-0.02050781 0.06542969 -0.43652344 40 230 120 2
-0.02050781 0.06542969 -0.43847656 40 230 120 2
-0.01464844 0.10644531 -0.40332031 255 40 40 1
-0.01464844 0.10449219 -0.40332031 255 40 40 1
-0.04003906 0.09667969 -0.41503906 40 230 120 2
-0.04003906 0.09667969 -0.41699219 40 230 120 2
-0.05566406 0.08105469 -0.43652344 255 40 40 1
-0.04394531 0.10449219 -0.40917969 255 40 40 1
-0.03808594 0.09667969 -0.41503906 40 230 120 2
-0.03808594 0.09667969 -0.41699219 40 230 120 2
-0.04199219 0.07324219 -0.44042969 40 230 120 2
-0.04199219 0.07128906 -0.44042969 40 230 120 2
-0.03027344 0.08105469 -0.43066406 255 40 40 1
-0.04003906 0.07324219 -0.44042969 40 230 120 2
-0.05566406 0.07910156 -0.43652344 255 40 40 1
-0.04199219 0.07324219 -0.43847656 40 230 120 2
-0.07128906 0.06152344 -0.45214844 40 230 120 2
-0.07128906 0.06152344 -0.45019531 40 230 120 2
-0.06933594 0.06152344 -0.45019531 40 230 120 2
-0.06933594 0.06152344 -0.45214844 40 230 120 2
-0.06542969 0.05566406 -0.45800781 255 40 40 1
-0.06542969 0.05566406 -0.45605469 255 40 40 1
-0.06933594 0.08691406 -0.42675781 40 230 120 2
-0.06933594 0.08691406 -0.42871094 40 230 120 2
-0.07128906 0.08691406 -0.42871094 40 230 120 2
-0.05761719 0.08105469 -0.43652344 255 40 40 1
-0.07128906 0.08691406 -0.42675781 40 230 120 2
-0.08105469 0.07714844 -0.43652344 255 40 40 1
-0.21972656 -0.02441406 -0.37207031 255 40 40 1
-0.21972656 -0.02636719 -0.37207031 255 40 40 1
-0.21972656 -0.02636719 -0.37402344 255 40 40 1
-0.20800781 -0.02636719 -0.40332031 255 40 40 1
-0.20996094 -0.03222656 -0.39355469 40 230 120 2
-0.20019531 -0.04589844 -0.39941406 255 40 40 1
-0.20019531 -0.04589844 -0.40136719 255 40 40 1
-0.20605469 -0.02636719 -0.40332031 255 40 40 1
-0.21972656 -0.02441406 -0.37402344 255 40 40 1
-0.20605469 -0.02832031 -0.40332031 255 40 40 1
-0.20800781 -0.03222656 -0.39355469 40 230 120 2
-0.20800781 -0.03222656 -0.39160156 40 230 120 2
-0.20996094 -0.03222656 -0.39160156 40 230 120 2
-0.21777344 -0.04199219 -0.36035156 40 230 120 2
-0.21777344 -0.04003906 -0.35839844 40 230 120 2
-0.21777344 -0.04199219 -0.35839844 40 230 120 2
-0.21191406 -0.04785156 -0.37011719 255 40 40 1
-0.21777344 -0.04003906 -0.36035156 40 230 120 2
-0.23339844 0.00097656 -0.33691406 255 40 40 1
-0.23144531 -0.02246094 -0.33691406 255 40 40 1
-0.23144531 -0.02441406 -0.33691406 255 40 40 1
-0.22753906 -0.01660156 -0.34863281 40 230 120 2
-0.22753906 -0.01464844 -0.34863281 40 230 120 2
-0.22949219 -0.01660156 -0.34863281 40 230 120 2
-0.22949219 -0.01464844 -0.34863281 40 230 120 2
-0.22167969 -0.00292969 -0.37207031 255 40 40 1
-0.22167969 -0.00292969 -0.37402344 255 40 40 1
-0.21582031 -0.01269531 -0.38378906 40 230 120 2
-0.20996094 -0.00878906 -0.40332031 255 40 40 1
-0.21582031 -0.01074219 -0.38378906 40 230 120 2
-0.20996094 -0.00683594 -0.40332031 255 40 40 1
-0.21777344 -0.01074219 -0.38378906 40 230 120 2
-0.21777344 -0.01269531 -0.38378906 40 230 120 2
-0.18847656 -0.04394531 -0.42675781 255 40 40 1
-0.18847656 -0.04394531 -0.42480469 255 40 40 1
-0.19238281 -0.04003906 -0.41894531 40 230 120 2
-0.19238281 -0.03808594 -0.41894531 40 230 120 2
-0.19433594 -0.03808594 -0.41894531 40 230 120 2
-0.19433594 -0.04003906 -0.41894531 40 230 120 2
-0.19824219 -0.04589844 -0.40136719 255 40 40 1
-0.19238281 -0.02832031 -0.43066406 255 40 40 1
-0.20410156 -0.02050781 -0.41308594 40 230 120 2
-0.20214844 -0.02050781 -0.41308594 40 230 120 2
-0.19238281 -0.02636719 -0.43066406 255 40 40 1
-0.20410156 -0.02050781 -0.41113281 40 230 120 2
-0.19433594 -0.02636719 -0.43066406 255 40 40 1
-0.19433594 -0.02832031 -0.43066406 255 40 40 1
-0.20996094 -0.00878906 -0.40527344 255 40 40 1
-0.20410156 -0.02246094 -0.41308594 40 230 120 2
-0.20605469 -0.02636719 -0.40527344 255 40 40 1
-0.19628906 -0.01074219 -0.43261719 255 40 40 1
-0.19433594 -0.01074219 -0.43066406 255 40 40 1
-0.19628906 -0.01074219 -0.43066406 255 40 40 1
-0.19042969 -0.01855469 -0.43847656 40 230 120 2
-0.18261719 -0.01269531 -0.45214844 255 40 40 1
-0.19042969 -0.01660156 -0.43847656 40 230 120 2
-0.18847656 -0.01660156 -0.43847656 40 230 120 2
-0.19433594 -0.01074219 -0.43261719 255 40 40 1
-0.19042969 -0.01660156 -0.43652344 40 230 120 2
-0.18261719 -0.03222656 -0.44238281 40 230 120 2
-0.18261719 -0.03222656 -0.44433594 40 230 120 2
-0.18261719 -0.03417969 -0.44238281 40 230 120 2
-0.18261719 -0.03417969 -0.44433594 40 230 120 2
-0.17480469 -0.04199219 -0.44628906 255 40 40 1
-0.18847656 -0.06347656 -0.39941406 255 40 40 1
-0.18066406 -0.05957031 -0.42089844 255 40 40 1
-0.18847656 -0.06347656 -0.39746094 255 40 40 1
-0.18847656 -0.05761719 -0.40722656 40 230 120 2
-0.19042969 -0.05566406 -0.40722656 40 230 120 2
-0.18847656 -0.05566406 -0.40722656 40 230 120 2
-0.20019531 -0.04785156 -0.40136719 255 40 40 1
-0.19042969 -0.05761719 -0.40722656 40 230 120 2
-0.18652344 -0.04394531 -0.42675781 255 40 40 1
-0.18066406 -0.04980469 -0.43066406 40 230 120 2
-0.18066406 -0.04980469 -0.43261719 40 230 120 2
-0.18066406 -0.04785156 -0.43261719 40 230 120 2
-0.18066406 -0.04785156 -0.43066406 40 230 120 2
-0.17871094 -0.05957031 -0.42285156 255 40 40 1
-0.16894531 -0.06152344 -0.43261719 40 230 120 2
-0.17089844 -0.06152344 -0.43261719 40 230 120 2
-0.16308594 -0.06542969 -0.43457031 255 40 40 1
-0.16894531 -0.05957031 -0.43261719 40 230 120 2
-0.17089844 -0.05957031 -0.43261719 40 230 120 2
-0.16699219 -0.07128906 -0.41894531 255 40 40 1
-0.16699219 -0.07128906 -0.42089844 255 40 40 1
-0.16894531 -0.07128906 -0.42089844 255 40 40 1
-0.17285156 -0.06933594 -0.41503906 40 230 120 2
-0.17285156 -0.06933594 -0.41308594 40 230 120 2
-0.17089844 -0.06933594 -0.41308594 40 230 120 2
-0.17285156 -0.07128906 -0.41308594 40 230 120 2
-0.19824219 -0.06738281 -0.36816406 255 40 40 1
-0.21191406 -0.04785156 -0.37207031 255 40 40 1
-0.21191406 -0.04980469 -0.37011719 255 40 40 1
-0.19824219 -0.06738281 -0.37011719 255 40 40 1
-0.21191406 -0.04980469 -0.37207031 255 40 40 1
-0.19824219 -0.06933594 -0.37011719 255 40 40 1
-0.20410156 -0.05371094 -0.37988281 40 230 120 2
-0.20214844 -0.05371094 -0.37988281 40 230 120 2
-0.20410156 -0.05371094 -0.38183594 40 230 120 2
-0.20410156 -0.05566406 -0.37988281 40 230 120 2
-0.19824219 -0.06933594 -0.36816406 255 40 40 1
-0.17285156 -0.07714844 -0.39550781 255 40 40 1
-0.17285156 -0.07714844 -0.39746094 255 40 40 1
-0.18652344 -0.07128906 -0.38964844 40 230 120 2
-0.18652344 -0.06933594 -0.38964844 40 230 120 2
-0.18847656 -0.06542969 -0.39746094 255 40 40 1
-0.18652344 -0.07128906 -0.38769531 40 230 120 2
-0.18652344 -0.06933594 -0.38769531 40 230 120 2
-0.18457031 -0.09082031 -0.33496094 255 40 40 1
-0.17871094 -0.08496094 -0.36816406 255 40 40 1
-0.18847656 -0.08105469 -0.35644531 40 230 120 2
-0.18652344 -0.08300781 -0.35644531 40 230 120 2
-0.18652344 -0.08105469 -0.35839844 40 230 120 2
-0.18066406 -0.08496094 -0.36816406 255 40 40 1
-0.18652344 -0.08105469 -0.35644531 40 230 120 2
-0.20800781 -0.07128906 -0.33496094 255 40 40 1
-0.20800781 -0.06347656 -0.34667969 40 230 120 2
-0.20605469 -0.07128906 -0.33496094 255 40 40 1
-0.20996094 -0.06347656 -0.34667969 40 230 120 2
-0.20996094 -0.06152344 -0.34667969 40 230 120 2
-0.22167969 -0.04980469 -0.33496094 255 40 40 1
-0.20996094 -0.06347656 -0.34472656 40 230 120 2
-0.24121094 -0.04980469 -0.25097656 255 40 40 1
-0.24316406 -0.02246094 -0.29589844 255 40 40 1
-0.24121094 -0.05175781 -0.25097656 255 40 40 1
-0.23730469 -0.04199219 -0.28027344 40 230 120 2
-0.23339844 -0.04980469 -0.29589844 255 40 40 1
-0.23925781 -0.04003906 -0.28027344 40 230 120 2
-0.23925781 -0.04199219 -0.28222656 40 230 120 2
-0.23925781 -0.04199219 -0.28027344 40 230 120 2
-0.24121094 -0.02246094 -0.29589844 255 40 40 1
-0.23339844 -0.04980469 -0.29394531 255 40 40 1
-0.25292969 -0.02050781 -0.25097656 255 40 40 1
-0.25683594 0.01074219 -0.25292969 255 40 40 1
-0.25292969 -0.02050781 -0.25292969 255 40 40 1
-0.24316406 -0.02050781 -0.29589844 255 40 40 1
-0.25878906 0.01074219 -0.25097656 255 40 40 1
-0.25097656 -0.01074219 -0.26855469 40 230 120 2
-0.25878906 0.01074219 -0.25292969 255 40 40 1
-0.25097656 -0.01074219 -0.26660156 40 230 120 2
-0.25097656 -0.00878906 -0.26660156 40 230 120 2
-0.25097656 -0.01074219 -0.26464844 40 230 120 2
-0.23339844 0.00292969 -0.33691406 255 40 40 1
-0.24902344 0.00683594 -0.29785156 255 40 40 1
-0.24902344 0.00683594 -0.29980469 255 40 40 1
-0.24121094 -0.00292969 -0.30957031 40 230 120 2
-0.24316406 -0.00488281 -0.30957031 40 230 120 2
-0.24121094 -0.00488281 -0.30957031 40 230 120 2
-0.23535156 0.00292969 -0.33691406 255 40 40 1
-0.23535156 0.00097656 -0.33691406 255 40 40 1
-0.24121094 -0.00488281 -0.31152344 40 230 120 2
-0.23144531 -0.02441406 -0.33496094 255 40 40 1
-0.22363281 -0.04785156 -0.33496094 255 40 40 1
-0.23144531 -0.03222656 -0.32324219 40 230 120 2
-0.23339844 -0.03027344 -0.32324219 40 230 120 2
-0.23144531 -0.03027344 -0.32324219 40 230 120 2
-0.23144531 -0.03027344 -0.32128906 40 230 120 2
-0.21972656 -0.07714844 -0.24902344 255 40 40 1
-0.21972656 -0.07910156 -0.24902344 255 40 40 1
-0.23925781 -0.05175781 -0.25097656 255 40 40 1
-0.22558594 -0.06738281 -0.26660156 40 230 120 2
-0.21972656 -0.07910156 -0.25097656 255 40 40 1
-0.22558594 -0.06738281 -0.26464844 40 230 120 2
-0.22558594 -0.06933594 -0.26660156 40 230 120 2
-0.22558594 -0.06933594 -0.26464844 40 230 120 2
-0.21582031 -0.07519531 -0.29394531 255 40 40 1
-0.22363281 -0.05957031 -0.30761719 40 230 120 2
-0.22363281 -0.05761719 -0.30761719 40 230 120 2
-0.22167969 -0.04785156 -0.33496094 255 40 40 1
-0.22363281 -0.05957031 -0.30957031 40 230 120 2
-0.22363281 -0.04980469 -0.33496094 255 40 40 1
-0.22363281 -0.05761719 -0.30957031 40 230 120 2
-0.21582031 -0.07519531 -0.29589844 255 40 40 1
-0.23144531 -0.04980469 -0.29589844 255 40 40 1
-0.20605469 -0.07324219 -0.33496094 255 40 40 1
-0.20410156 -0.07910156 -0.32128906 40 230 120 2
-0.20800781 -0.07324219 -0.33496094 255 40 40 1
-0.20214844 -0.08105469 -0.32128906 40 230 120 2
-0.20214844 -0.07910156 -0.31933594 40 230 120 2
-0.18457031 -0.09082031 -0.33300781 255 40 40 1
-0.20214844 -0.07910156 -0.32128906 40 230 120 2
-0.19433594 -0.10449219 -0.25097656 255 40 40 1
-0.20019531 -0.09082031 -0.28027344 40 230 120 2
-0.19042969 -0.09863281 -0.29394531 255 40 40 1
-0.19824219 -0.09277344 -0.28027344 40 230 120 2
-0.20019531 -0.09277344 -0.28027344 40 230 120 2
-0.19042969 -0.09667969 -0.29394531 255 40 40 1
-0.20019531 -0.09277344 -0.27832031 40 230 120 2
-0.24511719 -0.05371094 -0.20214844 255 40 40 1
-0.24511719 -0.05566406 -0.20410156 255 40 40 1
-0.23730469 -0.06347656 -0.21972656 40 230 120 2
-0.24511719 -0.05371094 -0.20410156 255 40 40 1
-0.24121094 -0.05175781 -0.24902344 255 40 40 1
-0.23535156 -0.06347656 -0.21777344 40 230 120 2
-0.23730469 -0.06347656 -0.21777344 40 230 120 2
-0.23535156 -0.06347656 -0.21972656 40 230 120 2
-0.19433594 -0.10449219 -0.24902344 255 40 40 1
-0.21191406 -0.08691406 -0.23535156 40 230 120 2
-0.21191406 -0.08886719 -0.23535156 40 230 120 2
-0.21191406 -0.08886719 -0.23339844 40 230 120 2
-0.21191406 -0.08691406 -0.23339844 40 230 120 2
-0.26074219 -0.02050781 -0.20410156 255 40 40 1
-0.26074219 -0.02246094 -0.20410156 255 40 40 1
-0.26074219 -0.02246094 -0.20605469 255 40 40 1
-0.25097656 -0.03027344 -0.23339844 40 230 120 2
-0.25097656 -0.03222656 -0.23535156 40 230 120 2
-0.25292969 -0.02246094 -0.25097656 255 40 40 1
-0.25097656 -0.03027344 -0.23535156 40 230 120 2
-0.25292969 -0.03027344 -0.23535156 40 230 120 2
-0.27050781 0.01464844 -0.20410156 255 40 40 1
-0.27050781 0.01269531 -0.20410156 255 40 40 1
-0.27050781 0.01464844 -0.20605469 255 40 40 1
-0.26269531 0.00292969 -0.21972656 40 230 120 2
-0.26269531 0.00097656 -0.21972656 40 230 120 2
-0.26464844 0.00292969 -0.21972656 40 230 120 2
-0.26269531 0.00097656 -0.22167969 40 230 120 2
-0.27050781 0.01269531 -0.20605469 255 40 40 1
-0.25683594 0.04589844 -0.25292969 255 40 40 1
-0.25488281 0.04589844 -0.25097656 255 40 40 1
-0.24511719 0.03808594 -0.29589844 255 40 40 1
-0.25683594 0.04589844 -0.25097656 255 40 40 1
-0.24511719 0.03613281 -0.29589844 255 40 40 1
-0.24902344 0.05371094 -0.26660156 40 230 120 2
-0.24902344 0.05566406 -0.26660156 40 230 120 2
-0.24902344 0.05371094 -0.26464844 40 230 120 2
-0.25097656 0.05371094 -0.26660156 40 230 120 2
-0.22363281 0.05371094 -0.33105469 255 40 40 1
-0.22363281 0.05371094 -0.33300781 255 40 40 1
-0.24511719 0.03808594 -0.29785156 255 40 40 1
-0.24511719 0.03613281 -0.29785156 255 40 40 1
-0.22558594 0.05371094 -0.33300781 255 40 40 1
-0.23535156 0.05175781 -0.30957031 40 230 120 2
-0.23535156 0.05175781 -0.30761719 40 230 120 2
-0.23535156 0.05371094 -0.30957031 40 230 120 2
-0.23535156 0.05371094 -0.30761719 40 230 120 2
-0.23144531 0.02636719 -0.33496094 255 40 40 1
-0.23730469 0.02050781 -0.32324219 40 230 120 2
-0.23730469 0.02246094 -0.32128906 40 230 120 2
-0.23730469 0.02246094 -0.32324219 40 230 120 2
-0.23339844 0.02636719 -0.33496094 255 40 40 1
-0.23730469 0.02246094 -0.32519531 40 230 120 2
-0.25878906 0.01269531 -0.25292969 255 40 40 1
-0.25097656 0.01855469 -0.28417969 40 230 120 2
-0.24902344 0.00683594 -0.29589844 255 40 40 1
-0.24902344 0.00878906 -0.29785156 255 40 40 1
-0.25097656 0.01660156 -0.28222656 40 230 120 2
-0.25097656 0.01855469 -0.28222656 40 230 120 2
-0.25097656 0.01855469 -0.28027344 40 230 120 2
-0.27246094 0.05566406 -0.20605469 255 40 40 1
-0.25683594 0.09277344 -0.20410156 255 40 40 1
-0.25878906 0.07519531 -0.21972656 40 230 120 2
-0.24707031 0.08105469 -0.24902344 255 40 40 1
-0.25683594 0.09277344 -0.20605469 255 40 40 1
-0.25878906 0.07714844 -0.21972656 40 230 120 2
-0.25878906 0.07519531 -0.22167969 40 230 120 2
-0.25878906 0.07714844 -0.22167969 40 230 120 2
-0.27246094 0.05371094 -0.20800781 255 40 40 1
-0.26269531 0.03613281 -0.23535156 40 230 120 2
-0.27246094 0.05371094 -0.20605469 255 40 40 1
-0.26269531 0.03613281 -0.23730469 40 230 120 2
-0.26269531 0.03808594 -0.23730469 40 230 120 2
-0.25683594 0.04394531 -0.25097656 255 40 40 1
-0.26269531 0.03808594 -0.23535156 40 230 120 2
-0.23535156 0.12988281 -0.20605469 255 40 40 1
-0.22753906 0.11621094 -0.24902344 255 40 40 1
-0.23730469 0.11035156 -0.23535156 40 230 120 2
-0.22753906 0.11425781 -0.24902344 255 40 40 1
-0.23730469 0.10839844 -0.23535156 40 230 120 2
-0.24707031 0.08105469 -0.25097656 255 40 40 1
-0.24707031 0.08300781 -0.25097656 255 40 40 1
-0.23730469 0.10839844 -0.23339844 40 230 120 2
-0.23535156 0.10839844 -0.23535156 40 230 120 2
-0.23535156 0.13183594 -0.20410156 255 40 40 1
-0.23535156 0.13183594 -0.20605469 255 40 40 1
-0.20214844 0.16113281 -0.20410156 255 40 40 1
-0.20410156 0.16113281 -0.20410156 255 40 40 1
-0.21191406 0.14550781 -0.21972656 40 230 120 2
-0.21386719 0.14550781 -0.21777344 40 230 120 2
-0.21191406 0.14550781 -0.21777344 40 230 120 2
-0.21386719 0.14550781 -0.21972656 40 230 120 2
-0.24511719 0.08105469 -0.25097656 255 40 40 1
-0.22167969 0.10058594 -0.29199219 255 40 40 1
-0.23535156 0.06933594 -0.29394531 255 40 40 1
-0.22167969 0.10058594 -0.29394531 255 40 40 1
-0.23535156 0.06933594 -0.29589844 255 40 40 1
-0.23730469 0.06933594 -0.29394531 255 40 40 1
-0.23535156 0.08496094 -0.28027344 40 230 120 2
-0.23535156 0.08300781 -0.28027344 40 230 120 2
-0.23535156 0.08300781 -0.27832031 40 230 120 2
-0.23339844 0.08300781 -0.28027344 40 230 120 2
-0.21972656 0.10058594 -0.29394531 255 40 40 1
-0.22753906 0.11621094 -0.25097656 255 40 40 1
-0.22753906 0.11425781 -0.25097656 255 40 40 1
-0.21972656 0.10058594 -0.29199219 255 40 40 1
-0.21582031 0.11816406 -0.26464844 40 230 120 2
-0.21582031 0.12011719 -0.26269531 40 230 120 2
-0.21582031 0.12011719 -0.26464844 40 230 120 2
-0.21386719 0.12011719 -0.26464844 40 230 120 2
-0.19433594 0.12402344 -0.29199219 255 40 40 1
-0.19238281 0.10839844 -0.32910156 255 40 40 1
-0.20214844 0.11035156 -0.30566406 40 230 120 2
-0.20214844 0.11230469 -0.30566406 40 230 120 2
-0.20214844 0.11035156 -0.30371094 40 230 120 2
-0.20214844 0.11230469 -0.30371094 40 230 120 2
-0.21777344 0.07910156 -0.31933594 40 230 120 2
-0.20996094 0.08105469 -0.32910156 255 40 40 1
-0.21972656 0.07910156 -0.31933594 40 230 120 2
-0.20996094 0.08105469 -0.33105469 255 40 40 1
-0.21777344 0.07714844 -0.31933594 40 230 120 2
-0.21777344 0.07910156 -0.31738281 40 230 120 2
-0.22363281 0.05566406 -0.33300781 255 40 40 1
-0.20214844 0.03027344 -0.39746094 255 40 40 1
-0.20214844 0.02832031 -0.39746094 255 40 40 1
-0.21191406 0.03027344 -0.37792969 40 230 120 2
-0.21386719 0.04003906 -0.36816406 255 40 40 1
-0.20410156 0.03027344 -0.39746094 255 40 40 1
-0.21972656 0.01855469 -0.37011719 255 40 40 1
-0.21191406 0.02832031 -0.37988281 40 230 120 2
-0.21191406 0.03027344 -0.37988281 40 230 120 2
-0.20410156 0.02832031 -0.39746094 255 40 40 1
-0.21191406 0.02832031 -0.37792969 40 230 120 2
-0.21386719 0.00683594 -0.39160156 40 230 120 2
-0.20800781 0.00878906 -0.40136719 255 40 40 1
-0.21191406 0.00683594 -0.39355469 40 230 120 2
-0.20996094 -0.00683594 -0.40527344 255 40 40 1
-0.21191406 0.00488281 -0.39160156 40 230 120 2
-0.21191406 0.00683594 -0.39160156 40 230 120 2
-0.22558594 0.00488281 -0.35839844 40 230 120 2
-0.22558594 0.00488281 -0.36035156 40 230 120 2
-0.22363281 -0.00292969 -0.37011719 255 40 40 1
-0.22363281 -0.00292969 -0.37207031 255 40 40 1
-0.22167969 0.01660156 -0.37011719 255 40 40 1
-0.21972656 0.01660156 -0.37011719 255 40 40 1
-0.22558594 0.00488281 -0.36230469 40 230 120 2
-0.22558594 0.00683594 -0.36035156 40 230 120 2
-0.22558594 0.03222656 -0.34667969 40 230 120 2
-0.22558594 0.03417969 -0.34472656 40 230 120 2
-0.23144531 0.02832031 -0.33496094 255 40 40 1
-0.22558594 0.03222656 -0.34472656 40 230 120 2
-0.22558594 0.03417969 -0.34667969 40 230 120 2
-0.19238281 0.04980469 -0.39160156 255 40 40 1
-0.19238281 0.04980469 -0.39355469 255 40 40 1
-0.19433594 0.04980469 -0.39355469 255 40 40 1
-0.20019531 0.04785156 -0.38574219 40 230 120 2
-0.19824219 0.04785156 -0.38574219 40 230 120 2
-0.19824219 0.04785156 -0.38378906 40 230 120 2
-0.19238281 0.04785156 -0.39355469 255 40 40 1
-0.20019531 0.04785156 -0.38378906 40 230 120 2
-0.20019531 0.06347656 -0.36425781 255 40 40 1
-0.21191406 0.04199219 -0.36816406 255 40 40 1
-0.21386719 0.04199219 -0.36816406 255 40 40 1
-0.20214844 0.06542969 -0.36425781 255 40 40 1
-0.20019531 0.06542969 -0.36425781 255 40 40 1
-0.21386719 0.05175781 -0.35449219 40 230 120 2
-0.21191406 0.05371094 -0.35449219 40 230 120 2
-0.21386719 0.04199219 -0.36621094 255 40 40 1
-0.21386719 0.05371094 -0.35449219 40 230 120 2
-0.20214844 0.06347656 -0.36425781 255 40 40 1
-0.21191406 0.05175781 -0.35449219 40 230 120 2
-0.20019531 0.08496094 -0.34277344 40 230 120 2
-0.20214844 0.08496094 -0.34277344 40 230 120 2
-0.20800781 0.08105469 -0.33105469 255 40 40 1
-0.20214844 0.08496094 -0.34082031 40 230 120 2
-0.20996094 0.08300781 -0.33105469 255 40 40 1
-0.20019531 0.08496094 -0.34082031 40 230 120 2
-0.18457031 0.08496094 -0.36230469 255 40 40 1
-0.18847656 0.07324219 -0.37402344 40 230 120 2
-0.18457031 0.08691406 -0.36425781 255 40 40 1
-0.18261719 0.06933594 -0.39160156 255 40 40 1
-0.18847656 0.07519531 -0.37402344 40 230 120 2
-0.19042969 0.07324219 -0.37402344 40 230 120 2
-0.18847656 0.07324219 -0.37207031 40 230 120 2
-0.19238281 0.02050781 -0.42285156 255 40 40 1
-0.18457031 0.03613281 -0.41699219 255 40 40 1
-0.19238281 0.02832031 -0.41113281 40 230 120 2
-0.19433594 0.02832031 -0.41308594 40 230 120 2
-0.19433594 0.02832031 -0.41113281 40 230 120 2
-0.19238281 0.02832031 -0.41308594 40 230 120 2
-0.18457031 0.03613281 -0.41503906 255 40 40 1
-0.18457031 0.05175781 -0.40136719 40 230 120 2
-0.18652344 0.05175781 -0.40136719 40 230 120 2
-0.18652344 0.04980469 -0.40136719 40 230 120 2
-0.18652344 0.05175781 -0.39941406 40 230 120 2
-0.17285156 0.04980469 -0.41308594 255 40 40 1
-0.18261719 0.03613281 -0.41699219 255 40 40 1
-0.17480469 0.04199219 -0.41894531 40 230 120 2
-0.17480469 0.04003906 -0.41894531 40 230 120 2
-0.17675781 0.04199219 -0.41894531 40 230 120 2
-0.17480469 0.04199219 -0.41699219 40 230 120 2
-0.18261719 0.03613281 -0.41503906 255 40 40 1
-0.17871094 0.01269531 -0.44238281 255 40 40 1
-0.17285156 0.02636719 -0.43261719 255 40 40 1
-0.17871094 0.02441406 -0.43261719 40 230 120 2
-0.17871094 0.02636719 -0.43066406 40 230 120 2
-0.17871094 0.02441406 -0.43066406 40 230 120 2
-0.17675781 0.02441406 -0.43066406 40 230 120 2
-0.20800781 0.01074219 -0.40136719 255 40 40 1
-0.20800781 0.00878906 -0.40332031 255 40 40 1
-0.19628906 0.00292969 -0.42675781 255 40 40 1
-0.19433594 0.00292969 -0.42675781 255 40 40 1
-0.20214844 0.01269531 -0.40722656 40 230 120 2
-0.20019531 0.01269531 -0.40917969 40 230 120 2
-0.20214844 0.01464844 -0.40917969 40 230 120 2
-0.20214844 0.01269531 -0.40917969 40 230 120 2
-0.20605469 0.00878906 -0.40136719 255 40 40 1
-0.17871094 0.01074219 -0.44042969 255 40 40 1
-0.19238281 0.01855469 -0.42480469 255 40 40 1
-0.18847656 0.01269531 -0.43066406 40 230 120 2
-0.18847656 0.01074219 -0.43066406 40 230 120 2
-0.19238281 0.01855469 -0.42285156 255 40 40 1
-0.18847656 0.01074219 -0.43261719 40 230 120 2
-0.18652344 0.01074219 -0.43066406 40 230 120 2
-0.19433594 0.00292969 -0.42871094 255 40 40 1
-0.18457031 -0.00488281 -0.44433594 40 230 120 2
-0.18066406 -0.01269531 -0.45214844 255 40 40 1
-0.18457031 -0.00292969 -0.44433594 40 230 120 2
-0.18261719 -0.00097656 -0.44824219 255 40 40 1
-0.18457031 -0.00488281 -0.44238281 40 230 120 2
-0.18457031 -0.00292969 -0.44238281 40 230 120 2
-0.19824219 -0.00488281 -0.42089844 40 230 120 2
-0.20019531 -0.00683594 -0.42089844 40 230 120 2
-0.19433594 0.00097656 -0.42675781 255 40 40 1
-0.20019531 -0.00488281 -0.42285156 40 230 120 2
-0.20019531 -0.00488281 -0.42089844 40 230 120 2
-0.01269531 -0.08691406 -0.39941406 255 40 40 1
-0.04199219 -0.08496094 -0.40136719 255 40 40 1
-0.02832031 -0.09082031 -0.39355469 40 230 120 2
-0.02832031 -0.09082031 -0.39160156 40 230 120 2
-0.04199219 -0.08496094 -0.39941406 255 40 40 1
-0.02636719 -0.09082031 -0.39355469 40 230 120 2
-0.02636719 -0.09082031 -0.39160156 40 230 120 2
0.00878906 -0.10058594 -0.37207031 255 40 40 1
0.00488281 -0.10449219 -0.36425781 40 230 120 2
0.00292969 -0.10449219 -0.36230469 40 230 120 2
-0.02441406 -0.10058594 -0.37402344 255 40 40 1
0.00292969 -0.10449219 -0.36425781 40 230 120 2
0.00488281 -0.10449219 -0.36230469 40 230 120 2
0.00878906 -0.10058594 -0.37402344 255 40 40 1
0.00878906 -0.10253906 -0.37207031 255 40 40 1
-0.04199219 -0.10839844 -0.34277344 255 40 40 1
-0.04394531 -0.10839844 -0.34277344 255 40 40 1
-0.01074219 -0.11425781 -0.34277344 255 40 40 1
-0.02832031 -0.10839844 -0.35449219 40 230 120 2
-0.02636719 -0.10839844 -0.35449219 40 230 120 2
-0.02832031 -0.10058594 -0.37402344 255 40 40 1
-0.02832031 -0.10839844 -0.35253906 40 230 120 2
-0.02636719 -0.10058594 -0.37402344 255 40 40 1
-0.02636719 -0.10839844 -0.35253906 40 230 120 2
-0.01074219 -0.11621094 -0.34277344 255 40 40 1
-0.04980469 -0.09472656 -0.38378906 40 230 120 2
-0.04980469 -0.09277344 -0.38378906 40 230 120 2
-0.04980469 -0.09277344 -0.38574219 40 230 120 2
-0.05175781 -0.09277344 -0.38378906 40 230 120 2
-0.05566406 -0.09472656 -0.37597656 255 40 40 1
-0.06738281 -0.08496094 -0.40332031 255 40 40 1
-0.05566406 -0.09667969 -0.37597656 255 40 40 1
-0.05566406 -0.09667969 -0.37402344 255 40 40 1
-0.05566406 -0.09472656 -0.37402344 255 40 40 1
-0.06542969 -0.08496094 -0.40332031 255 40 40 1
-0.06738281 -0.08496094 -0.40136719 255 40 40 1
-0.06738281 -0.08691406 -0.40136719 255 40 40 1
-0.03222656 -0.07714844 -0.41503906 40 230 120 2
-0.01269531 -0.08691406 -0.40136719 255 40 40 1
-0.05371094 -0.07324219 -0.42480469 255 40 40 1
-0.02832031 -0.07324219 -0.42089844 255 40 40 1
-0.03417969 -0.07714844 -0.41503906 40 230 120 2
-0.03222656 -0.07714844 -0.41699219 40 230 120 2
-0.03222656 -0.07910156 -0.41503906 40 230 120 2
-0.04394531 -0.08496094 -0.40136719 255 40 40 1
-0.05566406 -0.08105469 -0.41113281 40 230 120 2
-0.05371094 -0.08105469 -0.40917969 40 230 120 2
-0.05566406 -0.08300781 -0.40917969 40 230 120 2
-0.05566406 -0.08105469 -0.40917969 40 230 120 2
-0.05566406 -0.07519531 -0.42480469 255 40 40 1
-0.07324219 -0.07324219 -0.43652344 40 230 120 2
-0.07324219 -0.07519531 -0.43652344 40 230 120 2
-0.08496094 -0.07128906 -0.45410156 255 40 40 1
-0.07324219 -0.07324219 -0.43847656 40 230 120 2
-0.07714844 -0.07714844 -0.43066406 255 40 40 1
-0.07714844 -0.07714844 -0.42871094 255 40 40 1
-0.07128906 -0.07324219 -0.43652344 40 230 120 2
-0.04199219 -0.06347656 -0.44433594 255 40 40 1
-0.05371094 -0.06738281 -0.43847656 40 230 120 2
-0.05371094 -0.06738281 -0.44042969 40 230 120 2
-0.05566406 -0.07324219 -0.42675781 255 40 40 1
-0.06542969 -0.06542969 -0.44824219 255 40 40 1
-0.05566406 -0.06738281 -0.44042969 40 230 120 2
-0.05566406 -0.06738281 -0.43847656 40 230 120 2
-0.00097656 -0.07128906 -0.41894531 255 40 40 1
-0.00292969 -0.07128906 -0.41894531 255 40 40 1
0.01855469 -0.08300781 -0.39746094 255 40 40 1
0.01855469 -0.08300781 -0.39941406 255 40 40 1
0.00292969 -0.08105469 -0.40527344 40 230 120 2
0.00292969 -0.08105469 -0.40722656 40 230 120 2
0.00097656 -0.08105469 -0.40722656 40 230 120 2
0.00097656 -0.08105469 -0.40527344 40 230 120 2
-0.01074219 -0.08691406 -0.39941406 255 40 40 1
-0.00292969 -0.07324219 -0.41894531 255 40 40 1
-0.01074219 -0.08691406 -0.40136719 255 40 40 1
-0.00097656 -0.07324219 -0.41894531 255 40 40 1
-0.03027344 -0.07128906 -0.42285156 255 40 40 1
-0.02441406 -0.06933594 -0.42675781 40 230 120 2
-0.02832031 -0.07128906 -0.42089844 255 40 40 1
-0.03027344 -0.07128906 -0.42089844 255 40 40 1
-0.02636719 -0.06933594 -0.42871094 40 230 120 2
-0.02441406 -0.06738281 -0.42871094 40 230 120 2
-0.02441406 -0.06933594 -0.42871094 40 230 120 2
0.00097656 -0.05957031 -0.43066406 255 40 40 1
-0.00683594 -0.06347656 -0.42871094 40 230 120 2
-0.00488281 -0.06347656 -0.42871094 40 230 120 2
-0.00683594 -0.06347656 -0.43066406 40 230 120 2
-0.00683594 -0.06542969 -0.42871094 40 230 120 2
0.02050781 -0.06738281 -0.41113281 40 230 120 2
0.01855469 -0.06542969 -0.41699219 255 40 40 1
0.01855469 -0.06542969 -0.41894531 255 40 40 1
0.02050781 -0.06542969 -0.41699219 255 40 40 1
0.02050781 -0.06933594 -0.41113281 40 230 120 2
0.01855469 -0.06933594 -0.41308594 40 230 120 2
0.01855469 -0.06933594 -0.41113281 40 230 120 2
0.01269531 -0.09277344 -0.37988281 40 230 120 2
0.01269531 -0.09472656 -0.37988281 40 230 120 2
0.01269531 -0.09472656 -0.38183594 40 230 120 2
0.01269531 -0.09277344 -0.38183594 40 230 120 2
0.01074219 -0.10058594 -0.37402344 255 40 40 1
0.04199219 -0.09082031 -0.37011719 255 40 40 1
0.04199219 -0.09277344 -0.37011719 255 40 40 1
0.03417969 -0.08300781 -0.38769531 40 230 120 2
0.03417969 -0.08105469 -0.38769531 40 230 120 2
0.02050781 -0.08300781 -0.39746094 255 40 40 1
0.04199219 -0.07128906 -0.39550781 255 40 40 1
0.04199219 -0.07324219 -0.39550781 255 40 40 1
0.03613281 -0.08300781 -0.38769531 40 230 120 2
0.04199219 -0.07128906 -0.39355469 255 40 40 1
0.03613281 -0.08105469 -0.38769531 40 230 120 2
0.06933594 -0.07714844 -0.36425781 255 40 40 1
0.06738281 -0.07714844 -0.36621094 255 40 40 1
0.09472656 -0.08105469 -0.32910156 255 40 40 1
0.09472656 -0.08300781 -0.32910156 255 40 40 1
0.04394531 -0.09277344 -0.36816406 255 40 40 1
0.06738281 -0.07714844 -0.36425781 255 40 40 1
0.06738281 -0.08496094 -0.35449219 40 230 120 2
0.06738281 -0.08300781 -0.35449219 40 230 120 2
0.06933594 -0.08300781 -0.35449219 40 230 120 2
0.06933594 -0.08496094 -0.35449219 40 230 120 2
0.06542969 -0.10058594 -0.33300781 255 40 40 1
0.03027344 -0.11230469 -0.33886719 255 40 40 1
0.04589844 -0.10253906 -0.34863281 40 230 120 2
0.04589844 -0.10058594 -0.34863281 40 230 120 2
0.04589844 -0.10253906 -0.34667969 40 230 120 2
0.04199219 -0.09277344 -0.36816406 255 40 40 1
0.04589844 -0.10058594 -0.34667969 40 230 120 2
0.07519531 -0.13574219 -0.25488281 255 40 40 1
0.04980469 -0.12207031 -0.29785156 255 40 40 1
0.04589844 -0.12988281 -0.28613281 40 230 120 2
0.04589844 -0.12792969 -0.28613281 40 230 120 2
0.04394531 -0.12988281 -0.28613281 40 230 120 2
0.07519531 -0.13378906 -0.25488281 255 40 40 1
0.00878906 -0.13183594 -0.30566406 255 40 40 1
0.00878906 -0.12988281 -0.30566406 255 40 40 1
0.04394531 -0.12792969 -0.28613281 40 230 120 2
0.05175781 -0.12207031 -0.29785156 255 40 40 1
0.00683594 -0.13769531 -0.27636719 40 230 120 2
0.00488281 -0.13769531 -0.27832031 40 230 120 2
0.02636719 -0.14355469 -0.26269531 255 40 40 1
-0.01464844 -0.13769531 -0.26464844 255 40 40 1
0.00488281 -0.13769531 -0.27636719 40 230 120 2
0.00683594 -0.13769531 -0.27832031 40 230 120 2
-0.04199219 -0.10839844 -0.34082031 255 40 40 1
-0.04394531 -0.10839844 -0.34082031 255 40 40 1
-0.02246094 -0.12207031 -0.31738281 40 230 120 2
-0.02050781 -0.12011719 -0.31738281 40 230 120 2
-0.02246094 -0.12011719 -0.31738281 40 230 120 2
-0.02832031 -0.12207031 -0.30566406 255 40 40 1
-0.03027344 -0.12207031 -0.30566406 255 40 40 1
-0.02246094 -0.12011719 -0.31933594 40 230 120 2
0.02832031 -0.11230469 -0.33886719 255 40 40 1
0.02832031 -0.11425781 -0.33886719 255 40 40 1
-0.01074219 -0.11621094 -0.34082031 255 40 40 1
0.01074219 -0.12011719 -0.32910156 40 230 120 2
0.00878906 -0.12011719 -0.32714844 40 230 120 2
0.00683594 -0.12988281 -0.30566406 255 40 40 1
0.00683594 -0.12011719 -0.32910156 40 230 120 2
0.00878906 -0.12011719 -0.32910156 40 230 120 2
-0.00878906 -0.11621094 -0.34277344 255 40 40 1
0.11816406 -0.11621094 -0.24707031 255 40 40 1
0.09082031 -0.10839844 -0.29003906 255 40 40 1
0.09472656 -0.12011719 -0.26269531 40 230 120 2
0.09472656 -0.11816406 -0.26464844 40 230 120 2
0.09472656 -0.12011719 -0.26464844 40 230 120 2
0.09667969 -0.12011719 -0.26464844 40 230 120 2
0.11816406 -0.11816406 -0.24707031 255 40 40 1
0.09082031 -0.10644531 -0.29199219 255 40 40 1
0.05175781 -0.12207031 -0.29980469 255 40 40 1
0.05761719 -0.11230469 -0.30957031 40 230 120 2
0.05761719 -0.11425781 -0.30957031 40 230 120 2
0.05761719 -0.11425781 -0.31152344 40 230 120 2
0.05566406 -0.11425781 -0.30957031 40 230 120 2
0.09082031 -0.10839844 -0.29199219 255 40 40 1
0.05175781 -0.12011719 -0.29785156 255 40 40 1
0.06738281 -0.10058594 -0.33300781 255 40 40 1
0.08300781 -0.09667969 -0.31933594 40 230 120 2
0.06738281 -0.09863281 -0.33300781 255 40 40 1
0.08300781 -0.09667969 -0.31738281 40 230 120 2
0.08496094 -0.09667969 -0.31933594 40 230 120 2
0.08496094 -0.09667969 -0.31738281 40 230 120 2
0.09082031 -0.10644531 -0.29003906 255 40 40 1
0.12597656 -0.08886719 -0.28613281 255 40 40 1
0.12402344 -0.09863281 -0.27246094 40 230 120 2
0.12402344 -0.09667969 -0.27441406 40 230 120 2
0.12597656 -0.09667969 -0.27246094 40 230 120 2
0.12402344 -0.09667969 -0.27246094 40 230 120 2
0.14550781 -0.12988281 -0.19824219 255 40 40 1
0.10058594 -0.14746094 -0.20605469 255 40 40 1
0.09863281 -0.14746094 -0.20800781 255 40 40 1
0.10644531 -0.13769531 -0.21972656 40 230 120 2
0.10839844 -0.13769531 -0.21972656 40 230 120 2
0.10644531 -0.13769531 -0.21777344 40 230 120 2
0.10839844 -0.13769531 -0.21777344 40 230 120 2
0.10058594 -0.14746094 -0.20800781 255 40 40 1
0.14550781 -0.12988281 -0.20019531 255 40 40 1
0.14746094 -0.12988281 -0.20019531 255 40 40 1
0.13964844 -0.11425781 -0.22949219 40 230 120 2
0.15527344 -0.09667969 -0.23925781 255 40 40 1
0.13964844 -0.11425781 -0.22753906 40 230 120 2
0.14746094 -0.12988281 -0.19824219 255 40 40 1
0.11816406 -0.11816406 -0.24511719 255 40 40 1
0.11816406 -0.11621094 -0.24511719 255 40 40 1
0.14160156 -0.11425781 -0.22753906 40 230 120 2
0.14160156 -0.11425781 -0.22949219 40 230 120 2
0.07519531 -0.13574219 -0.25292969 255 40 40 1
0.04980469 -0.14550781 -0.24316406 40 230 120 2
0.04589844 -0.15527344 -0.21582031 255 40 40 1
0.02832031 -0.14550781 -0.26269531 255 40 40 1
0.04785156 -0.15332031 -0.21582031 255 40 40 1
0.04785156 -0.15527344 -0.21582031 255 40 40 1
0.05175781 -0.14550781 -0.24316406 40 230 120 2
0.04980469 -0.14550781 -0.24511719 40 230 120 2
0.04980469 -0.14355469 -0.24511719 40 230 120 2
0.02832031 -0.14355469 -0.26269531 255 40 40 1
0.01269531 -0.14941406 -0.23339844 40 230 120 2
0.04589844 -0.15332031 -0.21582031 255 40 40 1
-0.00097656 -0.15527344 -0.22167969 255 40 40 1
0.01074219 -0.14941406 -0.23144531 40 230 120 2
-0.00097656 -0.15527344 -0.21972656 255 40 40 1
0.00097656 -0.15527344 -0.21972656 255 40 40 1
0.01074219 -0.14941406 -0.23339844 40 230 120 2
0.00878906 -0.14941406 -0.23339844 40 230 120 2
-0.04589844 -0.12402344 -0.26269531 255 40 40 1
-0.04589844 -0.12402344 -0.26074219 255 40 40 1
-0.05761719 -0.12011719 -0.27441406 40 230 120 2
-0.05761719 -0.12011719 -0.27636719 40 230 120 2
-0.05957031 -0.11816406 -0.27441406 40 230 120 2
-0.05957031 -0.12011719 -0.27441406 40 230 120 2
-0.06933594 -0.12207031 -0.25878906 255 40 40 1
-0.05761719 -0.11230469 -0.30175781 255 40 40 1
-0.07910156 -0.10839844 -0.29980469 255 40 40 1
-0.07519531 -0.10644531 -0.31542969 40 230 120 2
-0.07519531 -0.10839844 -0.31347656 40 230 120 2
-0.07519531 -0.10644531 -0.31347656 40 230 120 2
-0.08691406 -0.10253906 -0.33691406 255 40 40 1
-0.08691406 -0.10058594 -0.33496094 255 40 40 1
-0.08691406 -0.10058594 -0.33691406 255 40 40 1
-0.07519531 -0.10839844 -0.31542969 40 230 120 2
-0.06738281 -0.10058594 -0.34082031 255 40 40 1
-0.06738281 -0.10058594 -0.33886719 255 40 40 1
-0.05761719 -0.10644531 -0.32910156 40 230 120 2
-0.06738281 -0.10253906 -0.33886719 255 40 40 1
-0.05566406 -0.10839844 -0.32910156 40 230 120 2
-0.05566406 -0.10644531 -0.32910156 40 230 120 2
-0.05761719 -0.10839844 -0.32910156 40 230 120 2
-0.05761719 -0.11230469 -0.30371094 255 40 40 1
-0.03613281 -0.12402344 -0.29199219 40 230 120 2
-0.03027344 -0.12207031 -0.30371094 255 40 40 1
-0.03417969 -0.12402344 -0.29199219 40 230 120 2
-0.05761719 -0.11425781 -0.30175781 255 40 40 1
-0.05761719 -0.11425781 -0.30371094 255 40 40 1
-0.03222656 -0.12207031 -0.30566406 255 40 40 1
-0.03613281 -0.12402344 -0.29003906 40 230 120 2
-0.03417969 -0.12402344 -0.29003906 40 230 120 2
-0.05761719 -0.13183594 -0.21386719 255 40 40 1
-0.06933594 -0.12207031 -0.25683594 255 40 40 1
-0.07128906 -0.12207031 -0.25878906 255 40 40 1
-0.05957031 -0.12988281 -0.21386719 255 40 40 1
-0.05566406 -0.12792969 -0.22949219 40 230 120 2
-0.07128906 -0.12207031 -0.25683594 255 40 40 1
-0.05761719 -0.12988281 -0.21386719 255 40 40 1
-0.05566406 -0.12988281 -0.22949219 40 230 120 2
-0.05957031 -0.12988281 -0.21582031 255 40 40 1
-0.05371094 -0.12988281 -0.23144531 40 230 120 2
-0.05371094 -0.12988281 -0.22949219 40 230 120 2
-0.03417969 -0.13574219 -0.21777344 255 40 40 1
-0.01660156 -0.13769531 -0.26464844 255 40 40 1
-0.04394531 -0.12402344 -0.26074219 255 40 40 1
-0.03222656 -0.13574219 -0.21777344 255 40 40 1
-0.03222656 -0.13574219 -0.21582031 255 40 40 1
-0.03027344 -0.13378906 -0.24707031 40 230 120 2
-0.03027344 -0.13183594 -0.24707031 40 230 120 2
-0.03222656 -0.13378906 -0.24707031 40 230 120 2
-0.03222656 -0.13183594 -0.24707031 40 230 120 2
0.05175781 0.22167969 -0.21582031 255 40 40 1
0.04980469 0.22167969 -0.21582031 255 40 40 1
0.04980469 0.22167969 -0.21386719 255 40 40 1
0.02832031 0.19824219 -0.25292969 255 40 40 1
0.05175781 0.22167969 -0.21386719 255 40 40 1
0.02441406 0.20605469 -0.24316406 40 230 120 2
0.02832031 0.19824219 -0.25488281 255 40 40 1
0.02636719 0.20605469 -0.24316406 40 230 120 2
0.02636719 0.20605469 -0.24121094 40 230 120 2
0.02636719 0.20410156 -0.24316406 40 230 120 2
0.00488281 0.17480469 -0.29589844 255 40 40 1
0.03613281 0.18457031 -0.27832031 40 230 120 2
0.03613281 0.18261719 -0.28027344 40 230 120 2
0.00488281 0.17675781 -0.29589844 255 40 40 1
0.03613281 0.18261719 -0.27832031 40 230 120 2
0.03417969 0.18261719 -0.27832031 40 230 120 2
-0.12011719 -0.11816406 -0.25292969 255 40 40 1
-0.15527344 -0.11621094 -0.25292969 255 40 40 1
-0.12011719 -0.11816406 -0.25488281 255 40 40 1
-0.15136719 -0.12402344 -0.20800781 255 40 40 1
-0.15332031 -0.12597656 -0.20800781 255 40 40 1
-0.15332031 -0.12402344 -0.20800781 255 40 40 1
-0.14160156 -0.12011719 -0.23730469 40 230 120 2
-0.15136719 -0.12597656 -0.20800781 255 40 40 1
-0.14355469 -0.12011719 -0.23925781 40 230 120 2
-0.14355469 -0.12011719 -0.23730469 40 230 120 2
-0.14160156 -0.12011719 -0.23925781 40 230 120 2
-0.18066406 -0.11230469 -0.22167969 40 230 120 2
-0.19238281 -0.11035156 -0.20410156 255 40 40 1
-0.19238281 -0.10449219 -0.24902344 255 40 40 1
-0.19238281 -0.10449219 -0.25097656 255 40 40 1
-0.17871094 -0.11230469 -0.21972656 40 230 120 2
-0.18066406 -0.11425781 -0.21972656 40 230 120 2
-0.18066406 -0.11230469 -0.21972656 40 230 120 2
-0.19433594 -0.11035156 -0.20410156 255 40 40 1
-0.19433594 -0.11035156 -0.20605469 255 40 40 1
-0.13378906 -0.11230469 -0.28222656 40 230 120 2
-0.13378906 -0.11230469 -0.28417969 40 230 120 2
-0.15527344 -0.11035156 -0.29589844 255 40 40 1
-0.13183594 -0.11230469 -0.28222656 40 230 120 2
-0.12402344 -0.10839844 -0.29589844 255 40 40 1
-0.13183594 -0.11230469 -0.28417969 40 230 120 2
-0.12597656 -0.10839844 -0.29589844 255 40 40 1
-0.12402344 -0.11035156 -0.29589844 255 40 40 1
-0.15527344 -0.10839844 -0.29589844 255 40 40 1
-0.15527344 -0.11621094 -0.25488281 255 40 40 1
-0.16894531 -0.11035156 -0.26660156 40 230 120 2
-0.16699219 -0.11035156 -0.26660156 40 230 120 2
-0.15527344 -0.11425781 -0.25488281 255 40 40 1
-0.15722656 -0.11035156 -0.29589844 255 40 40 1
-0.16894531 -0.11035156 -0.26855469 40 230 120 2
-0.15722656 -0.10839844 -0.29589844 255 40 40 1
-0.15722656 -0.11621094 -0.25292969 255 40 40 1
-0.16894531 -0.10839844 -0.26660156 40 230 120 2
-0.17675781 -0.09863281 -0.30957031 40 230 120 2
-0.17480469 -0.09863281 -0.30761719 40 230 120 2
-0.17675781 -0.09863281 -0.30761719 40 230 120 2
-0.18847656 -0.09863281 -0.29394531 255 40 40 1
-0.18261719 -0.09082031 -0.33300781 255 40 40 1
-0.17675781 -0.10058594 -0.30761719 40 230 120 2
-0.18847656 -0.09667969 -0.29394531 255 40 40 1
-0.12792969 -0.10253906 -0.33300781 255 40 40 1
-0.12792969 -0.10253906 -0.33496094 255 40 40 1
-0.14550781 -0.10449219 -0.32128906 40 230 120 2
-0.15332031 -0.10253906 -0.33496094 255 40 40 1
-0.15527344 -0.10253906 -0.33496094 255 40 40 1
-0.14550781 -0.10449219 -0.32324219 40 230 120 2
-0.14746094 -0.10449219 -0.32324219 40 230 120 2
-0.14746094 -0.10449219 -0.32128906 40 230 120 2
-0.07714844 -0.09472656 -0.37402344 255 40 40 1
-0.08886719 -0.09277344 -0.38378906 40 230 120 2
-0.09082031 -0.09277344 -0.38183594 40 230 120 2
-0.09082031 -0.09277344 -0.38378906 40 230 120 2
-0.10058594 -0.08886719 -0.40136719 255 40 40 1
-0.09863281 -0.08886719 -0.40136719 255 40 40 1
-0.10058594 -0.08886719 -0.39941406 255 40 40 1
-0.08886719 -0.09277344 -0.38183594 40 230 120 2
-0.09472656 -0.09472656 -0.37402344 255 40 40 1
-0.09472656 -0.09472656 -0.37207031 255 40 40 1
-0.09277344 -0.09472656 -0.37207031 255 40 40 1
-0.08496094 -0.08886719 -0.40136719 255 40 40 1
-0.08496094 -0.08886719 -0.40332031 255 40 40 1
-0.07714844 -0.08886719 -0.39550781 40 230 120 2
-0.07714844 -0.08886719 -0.39160156 40 230 120 2
-0.07714844 -0.08886719 -0.39355469 40 230 120 2
-0.07519531 -0.08886719 -0.39355469 40 230 120 2
-0.08496094 -0.08691406 -0.40332031 255 40 40 1
-0.05761719 -0.10058594 -0.36425781 40 230 120 2
-0.07519531 -0.09472656 -0.37207031 255 40 40 1
-0.07519531 -0.09472656 -0.37402344 255 40 40 1
-0.05957031 -0.09863281 -0.36425781 40 230 120 2
-0.05957031 -0.10058594 -0.36425781 40 230 120 2
-0.05957031 -0.10058594 -0.36230469 40 230 120 2
-0.06933594 -0.10058594 -0.33886719 255 40 40 1
-0.07910156 -0.09863281 -0.35058594 40 230 120 2
-0.07714844 -0.09863281 -0.35058594 40 230 120 2
-0.07714844 -0.09863281 -0.34863281 40 230 120 2
-0.07714844 -0.09863281 -0.35253906 40 230 120 2
-0.13183594 -0.09082031 -0.39941406 255 40 40 1
-0.14746094 -0.09082031 -0.38769531 40 230 120 2
-0.15136719 -0.08691406 -0.39746094 255 40 40 1
-0.15136719 -0.08691406 -0.39941406 255 40 40 1
-0.15136719 -0.08886719 -0.39746094 255 40 40 1
-0.14746094 -0.09082031 -0.38964844 40 230 120 2
-0.14550781 -0.09082031 -0.38964844 40 230 120 2
-0.14550781 -0.09082031 -0.38769531 40 230 120 2
-0.12792969 -0.09667969 -0.36816406 255 40 40 1
-0.12792969 -0.09667969 -0.37011719 255 40 40 1
-0.12988281 -0.09667969 -0.36816406 255 40 40 1
-0.12988281 -0.09667969 -0.37011719 255 40 40 1
-0.12597656 -0.10253906 -0.33496094 255 40 40 1
-0.13574219 -0.09863281 -0.35644531 40 230 120 2
-0.15332031 -0.09472656 -0.36816406 255 40 40 1
-0.13769531 -0.09863281 -0.35839844 40 230 120 2
-0.13574219 -0.09863281 -0.35839844 40 230 120 2
-0.15332031 -0.09472656 -0.37011719 255 40 40 1
-0.13769531 -0.09863281 -0.35644531 40 230 120 2
-0.18261719 -0.09082031 -0.33496094 255 40 40 1
-0.15722656 -0.10253906 -0.33496094 255 40 40 1
-0.15527344 -0.10253906 -0.33691406 255 40 40 1
-0.16503906 -0.09472656 -0.34667969 40 230 120 2
-0.16308594 -0.09667969 -0.34667969 40 230 120 2
-0.16503906 -0.09667969 -0.34472656 40 230 120 2
-0.16503906 -0.09667969 -0.34667969 40 230 120 2
-0.15527344 -0.09472656 -0.36816406 255 40 40 1
-0.16699219 -0.08691406 -0.37792969 40 230 120 2
-0.17675781 -0.08496094 -0.36816406 255 40 40 1
-0.16894531 -0.08691406 -0.37988281 40 230 120 2
-0.16894531 -0.08691406 -0.37792969 40 230 120 2
-0.15527344 -0.09472656 -0.37011719 255 40 40 1
-0.16894531 -0.08496094 -0.37792969 40 230 120 2
-0.17871094 -0.08496094 -0.37011719 255 40 40 1
-0.13964844 -0.08300781 -0.41503906 40 230 120 2
-0.13964844 -0.08300781 -0.41699219 40 230 120 2
-0.14941406 -0.07910156 -0.42089844 255 40 40 1
-0.13769531 -0.08300781 -0.41699219 40 230 120 2
-0.14941406 -0.07714844 -0.42285156 255 40 40 1
-0.14941406 -0.07714844 -0.42089844 255 40 40 1
-0.13769531 -0.08300781 -0.41503906 40 230 120 2
-0.13378906 -0.08105469 -0.42480469 255 40 40 1
-0.17285156 -0.07910156 -0.39746094 255 40 40 1
-0.15722656 -0.08105469 -0.40722656 40 230 120 2
-0.15917969 -0.08105469 -0.40527344 40 230 120 2
-0.17089844 -0.07714844 -0.39746094 255 40 40 1
-0.15917969 -0.08105469 -0.40722656 40 230 120 2
-0.15136719 -0.07714844 -0.42089844 255 40 40 1
-0.15722656 -0.08105469 -0.40527344 40 230 120 2
-0.15332031 -0.08691406 -0.39941406 255 40 40 1
-0.15917969 -0.07324219 -0.42480469 40 230 120 2
-0.15917969 -0.07128906 -0.42480469 40 230 120 2
-0.16113281 -0.06542969 -0.43261719 255 40 40 1
-0.16113281 -0.07128906 -0.42480469 40 230 120 2
-0.15917969 -0.07128906 -0.42675781 40 230 120 2
-0.16113281 -0.06542969 -0.43457031 255 40 40 1
-0.13769531 -0.06933594 -0.44628906 255 40 40 1
-0.13769531 -0.07128906 -0.44628906 255 40 40 1
-0.14550781 -0.07128906 -0.43457031 40 230 120 2
-0.15136719 -0.06933594 -0.44042969 255 40 40 1
-0.14550781 -0.07324219 -0.43652344 40 230 120 2
-0.14550781 -0.07128906 -0.43652344 40 230 120 2
-0.14746094 -0.07128906 -0.43652344 40 230 120 2
-0.09277344 -0.08691406 -0.41113281 40 230 120 2
-0.09277344 -0.08496094 -0.41113281 40 230 120 2
-0.10058594 -0.08886719 -0.40332031 255 40 40 1
-0.09277344 -0.08496094 -0.41308594 40 230 120 2
-0.09472656 -0.08105469 -0.43066406 255 40 40 1
-0.09472656 -0.08496094 -0.41113281 40 230 120 2
-0.08691406 -0.08691406 -0.40332031 255 40 40 1
-0.09277344 -0.08105469 -0.43066406 255 40 40 1
-0.11230469 -0.07128906 -0.45019531 255 40 40 1
-0.09472656 -0.07910156 -0.43066406 255 40 40 1
-0.10449219 -0.07910156 -0.43652344 40 230 120 2
-0.10253906 -0.07714844 -0.43652344 40 230 120 2
-0.10644531 -0.08105469 -0.42871094 255 40 40 1
-0.10449219 -0.07714844 -0.43847656 40 230 120 2
-0.10449219 -0.07714844 -0.43652344 40 230 120 2
-0.10644531 -0.08105469 -0.43066406 255 40 40 1
-0.08691406 -0.06933594 -0.45410156 255 40 40 1
-0.09277344 -0.07910156 -0.43066406 255 40 40 1
-0.09277344 -0.07324219 -0.44628906 40 230 120 2
-0.10058594 -0.07128906 -0.45214844 255 40 40 1
-0.09277344 -0.07324219 -0.44824219 40 230 120 2
-0.09472656 -0.07324219 -0.44628906 40 230 120 2
-0.09277344 -0.07519531 -0.44628906 40 230 120 2
-0.07910156 -0.08105469 -0.42089844 40 230 120 2
-0.08105469 -0.08105469 -0.42285156 40 230 120 2
-0.07714844 -0.07910156 -0.42871094 255 40 40 1
-0.08105469 -0.08105469 -0.42089844 40 230 120 2
-0.07910156 -0.08105469 -0.42285156 40 230 120 2
0.06152344 0.05566406 -0.39355469 255 40 40 1
0.07714844 0.04394531 -0.38378906 40 230 120 2
0.07714844 0.04589844 -0.38574219 40 230 120 2
0.07714844 0.04589844 -0.38378906 40 230 120 2
0.07519531 0.04589844 -0.38378906 40 230 120 2
0.06738281 0.03417969 -0.39746094 255 40 40 1
0.06738281 0.03417969 -0.39550781 255 40 40 1
0.09472656 0.07519531 -0.36425781 255 40 40 1
0.09472656 0.07324219 -0.36425781 255 40 40 1
0.10253906 0.04785156 -0.36425781 255 40 40 1
0.09667969 0.07519531 -0.36425781 255 40 40 1
0.10839844 0.07128906 -0.35058594 40 230 120 2
0.11035156 0.07324219 -0.35058594 40 230 120 2
0.10253906 0.04785156 -0.36230469 255 40 40 1
0.10839844 0.07324219 -0.35058594 40 230 120 2
0.11035156 0.07128906 -0.35058594 40 230 120 2
0.13964844 0.06152344 -0.32324219 255 40 40 1
0.14550781 0.03027344 -0.32519531 255 40 40 1
0.14550781 0.03027344 -0.32324219 255 40 40 1
0.10449219 0.04785156 -0.36230469 255 40 40 1
0.14550781 0.03222656 -0.32324219 255 40 40 1
0.12988281 0.04785156 -0.33691406 40 230 120 2
0.12792969 0.04589844 -0.33691406 40 230 120 2
0.12988281 0.04589844 -0.33691406 40 230 120 2
0.12988281 0.04589844 -0.33496094 40 230 120 2
0.07128906 0.01269531 -0.39746094 255 40 40 1
0.07128906 0.01074219 -0.39746094 255 40 40 1
0.06933594 0.01269531 -0.39746094 255 40 40 1
0.10644531 0.02050781 -0.36230469 255 40 40 1
0.10644531 0.02050781 -0.36425781 255 40 40 1
0.10449219 0.02050781 -0.36425781 255 40 40 1
0.09277344 0.02832031 -0.37402344 40 230 120 2
0.06933594 0.01074219 -0.39746094 255 40 40 1
0.09277344 0.02636719 -0.37402344 40 230 120 2
0.09277344 0.02636719 -0.37597656 40 230 120 2
0.10449219 0.02050781 -0.36230469 255 40 40 1
0.09277344 0.02832031 -0.37597656 40 230 120 2
0.02832031 0.04003906 -0.42089844 255 40 40 1
0.04003906 0.04003906 -0.41308594 40 230 120 2
0.04199219 0.04003906 -0.41308594 40 230 120 2
0.03417969 0.02246094 -0.42675781 255 40 40 1
0.04003906 0.03808594 -0.41308594 40 230 120 2
0.02832031 0.04003906 -0.41894531 255 40 40 1
0.03417969 0.02246094 -0.42480469 255 40 40 1
0.04199219 0.03808594 -0.41308594 40 230 120 2
0.06738281 0.03222656 -0.39746094 255 40 40 1
0.06542969 0.03417969 -0.39746094 255 40 40 1
0.05761719 0.02246094 -0.40722656 40 230 120 2
0.05566406 0.02246094 -0.40722656 40 230 120 2
0.05761719 0.02050781 -0.40722656 40 230 120 2
0.05761719 0.02246094 -0.40527344 40 230 120 2
0.03417969 0.02050781 -0.42675781 255 40 40 1
0.02441406 0.00878906 -0.43457031 40 230 120 2
0.03613281 0.00488281 -0.42871094 255 40 40 1
0.03613281 0.00292969 -0.43066406 255 40 40 1
0.02441406 0.00683594 -0.43652344 40 230 120 2
0.02441406 0.00683594 -0.43457031 40 230 120 2
0.02441406 0.00878906 -0.43652344 40 230 120 2
0.03613281 0.00292969 -0.42871094 255 40 40 1
0.00292969 0.01269531 -0.44824219 255 40 40 1
0.00097656 0.02832031 -0.44238281 255 40 40 1
0.00097656 0.01269531 -0.44824219 255 40 40 1
0.00097656 0.01269531 -0.44628906 255 40 40 1
0.01074219 0.02050781 -0.44042969 40 230 120 2
0.01074219 0.02050781 -0.43847656 40 230 120 2
0.00097656 0.02832031 -0.44042969 255 40 40 1
0.01269531 0.02050781 -0.43847656 40 230 120 2
0.01074219 0.02246094 -0.43847656 40 230 120 2
0.04785156 0.07324219 -0.38964844 255 40 40 1
0.04785156 0.07519531 -0.38964844 255 40 40 1
0.05957031 0.05566406 -0.39355469 255 40 40 1
0.05957031 0.05761719 -0.39355469 255 40 40 1
0.04199219 0.06152344 -0.39941406 40 230 120 2
0.04394531 0.06152344 -0.39941406 40 230 120 2
0.04199219 0.06347656 -0.39941406 40 230 120 2
0.04394531 0.06347656 -0.39941406 40 230 120 2
0.02246094 0.05761719 -0.41308594 255 40 40 1
0.02246094 0.05761719 -0.41503906 255 40 40 1
0.01464844 0.04199219 -0.42480469 40 230 120 2
0.02050781 0.05761719 -0.41503906 255 40 40 1
0.01660156 0.04394531 -0.42480469 40 230 120 2
0.01660156 0.04199219 -0.42480469 40 230 120 2
0.01660156 0.04199219 -0.42675781 40 230 120 2
0.02832031 0.04199219 -0.42089844 255 40 40 1
0.02832031 0.04199219 -0.41894531 255 40 40 1
0.00292969 0.05371094 -0.42675781 40 230 120 2
0.00488281 0.05175781 -0.42675781 40 230 120 2
-0.00292969 0.05761719 -0.43066406 255 40 40 1
-0.00292969 0.05761719 -0.42871094 255 40 40 1
0.00488281 0.05371094 -0.42480469 40 230 120 2
-0.00097656 0.04589844 -0.43457031 255 40 40 1
0.00488281 0.05371094 -0.42675781 40 230 120 2
0.01855469 0.07128906 -0.40332031 40 230 120 2
0.02050781 0.05761719 -0.41308594 255 40 40 1
0.01855469 0.07128906 -0.40527344 40 230 120 2
0.00878906 0.06933594 -0.40917969 255 40 40 1
0.00878906 0.06933594 -0.41113281 255 40 40 1
0.02050781 0.07128906 -0.40527344 40 230 120 2
0.02050781 0.07128906 -0.40332031 40 230 120 2
0.06152344 0.05761719 -0.39355469 255 40 40 1
0.07910156 0.09667969 -0.36230469 255 40 40 1
0.09472656 0.07519531 -0.36621094 255 40 40 1
0.07714844 0.07519531 -0.37402344 40 230 120 2
0.07910156 0.07519531 -0.37402344 40 230 120 2
0.07910156 0.07714844 -0.37402344 40 230 120 2
0.07714844 0.07714844 -0.37402344 40 230 120 2
0.05175781 0.08691406 -0.37988281 40 230 120 2
0.04785156 0.07519531 -0.38769531 255 40 40 1
0.03222656 0.08886719 -0.38769531 255 40 40 1
0.05175781 0.08691406 -0.37792969 40 230 120 2
0.05371094 0.08691406 -0.37792969 40 230 120 2
0.03027344 0.08886719 -0.38769531 255 40 40 1
0.05371094 0.08691406 -0.37988281 40 230 120 2
0.07910156 0.09863281 -0.36035156 255 40 40 1
0.07910156 0.09863281 -0.36230469 255 40 40 1
0.07324219 0.11816406 -0.35058594 40 230 120 2
0.07324219 0.11621094 -0.34863281 40 230 120 2
0.07324219 0.11816406 -0.34863281 40 230 120 2
0.05761719 0.11230469 -0.35839844 255 40 40 1
0.05566406 0.11425781 -0.35839844 255 40 40 1
0.07324219 0.11621094 -0.35058594 40 230 120 2
0.11035156 0.12207031 -0.32714844 255 40 40 1
0.11230469 0.12011719 -0.32714844 255 40 40 1
0.11035156 0.12011719 -0.32714844 255 40 40 1
0.11230469 0.12207031 -0.32714844 255 40 40 1
0.10449219 0.10449219 -0.33691406 40 230 120 2
0.07910156 0.09667969 -0.36035156 255 40 40 1
0.12792969 0.09472656 -0.32324219 255 40 40 1
0.10644531 0.10449219 -0.33886719 40 230 120 2
0.10644531 0.10449219 -0.33691406 40 230 120 2
0.10644531 0.10253906 -0.33691406 40 230 120 2
0.16894531 0.11425781 -0.28027344 255 40 40 1
0.16894531 0.11230469 -0.28027344 255 40 40 1
0.18652344 0.07714844 -0.27636719 255 40 40 1
0.18652344 0.07714844 -0.27832031 255 40 40 1
0.18457031 0.07714844 -0.27832031 255 40 40 1
0.18457031 0.07714844 -0.27636719 255 40 40 1
0.17089844 0.11425781 -0.28027344 255 40 40 1
0.18652344 0.10839844 -0.26269531 40 230 120 2
0.18652344 0.10839844 -0.26464844 40 230 120 2
0.18652344 0.10644531 -0.26464844 40 230 120 2
0.18652344 0.10644531 -0.26269531 40 230 120 2
0.22949219 0.09082031 -0.22949219 255 40 40 1
0.22753906 0.09082031 -0.22949219 255 40 40 1
0.23925781 0.04785156 -0.22558594 255 40 40 1
0.23925781 0.04589844 -0.22753906 255 40 40 1
0.21777344 0.07128906 -0.24316406 40 230 120 2
0.22753906 0.08886719 -0.22949219 255 40 40 1
0.23925781 0.04785156 -0.22753906 255 40 40 1
0.21777344 0.07324219 -0.24316406 40 230 120 2
0.21972656 0.07128906 -0.24316406 40 230 120 2
0.21777344 0.07128906 -0.24511719 40 230 120 2
0.23925781 0.04589844 -0.22558594 255 40 40 1
0.19433594 0.04003906 -0.27832031 255 40 40 1
0.19433594 0.04003906 -0.27636719 255 40 40 1
0.17675781 0.04980469 -0.29199219 40 230 120 2
0.17480469 0.04980469 -0.29394531 40 230 120 2
0.14746094 0.03027344 -0.32324219 255 40 40 1
0.17480469 0.04785156 -0.29199219 40 230 120 2
0.17480469 0.04980469 -0.29199219 40 230 120 2
0.15136719 0.07714844 -0.30761719 40 230 120 2
0.12792969 0.09277344 -0.32324219 255 40 40 1
0.13964844 0.06347656 -0.32324219 255 40 40 1
0.12988281 0.09277344 -0.32324219 255 40 40 1
0.15136719 0.07910156 -0.30957031 40 230 120 2
0.14160156 0.06347656 -0.32324219 255 40 40 1
0.15136719 0.07714844 -0.30957031 40 230 120 2
0.15136719 0.07910156 -0.30761719 40 230 120 2
0.20605469 0.13183594 -0.23339844 255 40 40 1
0.20605469 0.12988281 -0.23339844 255 40 40 1
0.18066406 0.16503906 -0.23925781 255 40 40 1
0.18066406 0.16503906 -0.24121094 255 40 40 1
0.14746094 0.14355469 -0.28417969 255 40 40 1
0.14746094 0.14550781 -0.28417969 255 40 40 1
0.17871094 0.14550781 -0.25292969 40 230 120 2
0.17675781 0.14550781 -0.25292969 40 230 120 2
0.17871094 0.14746094 -0.25292969 40 230 120 2
0.17675781 0.14746094 -0.25292969 40 230 120 2
0.17871094 0.16503906 -0.24121094 255 40 40 1
0.14746094 0.11621094 -0.29589844 40 230 120 2
0.14746094 0.11816406 -0.29785156 40 230 120 2
0.14941406 0.11816406 -0.29589844 40 230 120 2
0.12988281 0.09472656 -0.32324219 255 40 40 1
0.14746094 0.11816406 -0.29589844 40 230 120 2
0.16894531 0.11425781 -0.28222656 255 40 40 1
0.14550781 0.14355469 -0.28417969 255 40 40 1
0.08691406 0.13964844 -0.32714844 255 40 40 1
0.11425781 0.13378906 -0.31347656 40 230 120 2
0.11425781 0.13574219 -0.31347656 40 230 120 2
0.11425781 0.13574219 -0.31152344 40 230 120 2
0.11621094 0.13574219 -0.31347656 40 230 120 2
0.11621094 0.16503906 -0.28808594 255 40 40 1
0.11621094 0.16699219 -0.28808594 255 40 40 1
0.13378906 0.16503906 -0.27246094 40 230 120 2
0.13574219 0.16503906 -0.27246094 40 230 120 2
0.13574219 0.16699219 -0.27246094 40 230 120 2
0.13378906 0.16699219 -0.27246094 40 230 120 2
0.14550781 0.14550781 -0.28417969 255 40 40 1
0.23925781 0.14160156 -0.18261719 255 40 40 1
0.23925781 0.13964844 -0.18261719 255 40 40 1
0.23925781 0.13964844 -0.18457031 255 40 40 1
0.23730469 0.13964844 -0.18261719 255 40 40 1
0.20605469 0.17480469 -0.18847656 255 40 40 1
0.20605469 0.17480469 -0.19042969 255 40 40 1
0.21777344 0.14746094 -0.20214844 40 230 120 2
0.21777344 0.14941406 -0.20019531 40 230 120 2
0.20605469 0.17285156 -0.19042969 255 40 40 1
0.20605469 0.12988281 -0.23144531 255 40 40 1
0.21777344 0.14746094 -0.20019531 40 230 120 2
0.21777344 0.14941406 -0.20214844 40 230 120 2
0.17871094 0.16503906 -0.23925781 255 40 40 1
0.17675781 0.17480469 -0.22363281 40 230 120 2
0.17675781 0.17675781 -0.22558594 40 230 120 2
0.17675781 0.17675781 -0.22363281 40 230 120 2
0.17480469 0.17675781 -0.22363281 40 230 120 2
0.14355469 0.18652344 -0.24316406 255 40 40 1
0.25878906 0.09667969 -0.17675781 255 40 40 1
0.23144531 0.10449219 -0.21191406 40 230 120 2
0.23144531 0.10644531 -0.21386719 40 230 120 2
0.22753906 0.09082031 -0.22753906 255 40 40 1
0.23144531 0.10644531 -0.21191406 40 230 120 2
0.20800781 0.12988281 -0.23339844 255 40 40 1
0.23339844 0.10644531 -0.21191406 40 230 120 2
0.27246094 0.05175781 -0.17285156 255 40 40 1
0.27246094 0.05175781 -0.17480469 255 40 40 1
0.26074219 0.09667969 -0.17675781 255 40 40 1
0.25878906 0.09472656 -0.17675781 255 40 40 1
0.25683594 0.06347656 -0.19238281 40 230 120 2
0.25683594 0.06542969 -0.19042969 40 230 120 2
0.25683594 0.06542969 -0.19238281 40 230 120 2
0.25683594 0.06347656 -0.19042969 40 230 120 2
0.19238281 0.00292969 -0.27832031 255 40 40 1
0.23144531 0.00488281 -0.22753906 255 40 40 1
0.21386719 -0.00878906 -0.24707031 40 230 120 2
0.21386719 -0.00683594 -0.24511719 40 230 120 2
0.19042969 0.00292969 -0.27832031 255 40 40 1
0.21582031 -0.03222656 -0.22949219 255 40 40 1
0.19042969 0.00097656 -0.27832031 255 40 40 1
0.19042969 0.00292969 -0.27636719 255 40 40 1
0.21191406 -0.00878906 -0.24511719 40 230 120 2
0.21386719 -0.00878906 -0.24511719 40 230 120 2
0.21582031 -0.03222656 -0.23144531 255 40 40 1
0.23339844 0.00488281 -0.22753906 255 40 40 1
0.17480469 -0.03222656 -0.28027344 255 40 40 1
0.17480469 -0.03027344 -0.28027344 255 40 40 1
0.16699219 -0.01855469 -0.29394531 40 230 120 2
0.16503906 -0.02050781 -0.29394531 40 230 120 2
0.16503906 -0.01855469 -0.29394531 40 230 120 2
0.16699219 -0.02050781 -0.29394531 40 230 120 2
0.15917969 0.01074219 -0.30957031 40 230 120 2
0.16113281 0.01074219 -0.30957031 40 230 120 2
0.14355469 -0.00097656 -0.32324219 255 40 40 1
0.14355469 -0.00097656 -0.32519531 255 40 40 1
0.14550781 -0.00097656 -0.32324219 255 40 40 1
0.15917969 0.00878906 -0.30957031 40 230 120 2
0.16113281 0.00878906 -0.30957031 40 230 120 2
0.19433594 0.03808594 -0.27636719 255 40 40 1
0.20800781 0.03027344 -0.25878906 40 230 120 2
0.20800781 0.02832031 -0.25878906 40 230 120 2
0.20800781 0.02832031 -0.26074219 40 230 120 2
0.20800781 0.03027344 -0.26074219 40 230 120 2
0.19628906 0.04003906 -0.27636719 255 40 40 1
0.21582031 -0.03417969 -0.22949219 255 40 40 1
0.26660156 0.00488281 -0.17480469 255 40 40 1
0.24902344 -0.03417969 -0.17675781 255 40 40 1
0.24902344 -0.03417969 -0.17871094 255 40 40 1
0.24511719 -0.02050781 -0.19238281 40 230 120 2
0.26660156 0.00488281 -0.17285156 255 40 40 1
0.24316406 -0.02050781 -0.19238281 40 230 120 2
0.24511719 -0.02050781 -0.19433594 40 230 120 2
0.24316406 -0.02050781 -0.19433594 40 230 120 2
0.23339844 0.00488281 -0.22558594 255 40 40 1
0.23339844 0.00683594 -0.22753906 255 40 40 1
0.24707031 0.02050781 -0.20800781 40 230 120 2
0.24707031 0.01855469 -0.20800781 40 230 120 2
0.24707031 0.01855469 -0.20996094 40 230 120 2
0.24707031 0.02050781 -0.20996094 40 230 120 2
0.26660156 0.00683594 -0.17480469 255 40 40 1
0.21582031 -0.03417969 -0.23144531 255 40 40 1
0.22167969 -0.07128906 -0.18261719 255 40 40 1
0.22167969 -0.07128906 -0.18457031 255 40 40 1
0.22167969 -0.07324219 -0.18261719 255 40 40 1
0.22167969 -0.07324219 -0.18457031 255 40 40 1
0.20996094 -0.05761719 -0.21582031 40 230 120 2
0.19042969 -0.06738281 -0.23535156 255 40 40 1
0.19042969 -0.06738281 -0.23339844 255 40 40 1
0.20800781 -0.05761719 -0.21582031 40 230 120 2
0.20996094 -0.05957031 -0.21582031 40 230 120 2
0.20996094 -0.05761719 -0.21386719 40 230 120 2
0.18847656 -0.09082031 -0.20410156 40 230 120 2
0.18847656 -0.09277344 -0.20410156 40 230 120 2
0.18847656 -0.09082031 -0.20214844 40 230 120 2
0.19042969 -0.09082031 -0.20410156 40 230 120 2
0.18652344 -0.10449219 -0.19042969 255 40 40 1
0.18847656 -0.10449219 -0.19042969 255 40 40 1
0.18847656 -0.10449219 -0.18847656 255 40 40 1
0.18066406 -0.04199219 -0.26464844 40 230 120 2
0.15527344 -0.06152344 -0.28222656 255 40 40 1
0.18066406 -0.04394531 -0.26464844 40 230 120 2
0.18066406 -0.04199219 -0.26269531 40 230 120 2
0.18261719 -0.04199219 -0.26464844 40 230 120 2
0.17480469 -0.03222656 -0.27832031 255 40 40 1
0.18847656 -0.06738281 -0.23535156 255 40 40 1
0.15332031 -0.06152344 -0.28222656 255 40 40 1
0.16699219 -0.07324219 -0.25292969 40 230 120 2
0.16699219 -0.07519531 -0.25097656 40 230 120 2
0.16699219 -0.07519531 -0.25292969 40 230 120 2
0.15332031 -0.06347656 -0.28222656 255 40 40 1
0.15722656 -0.09472656 -0.23925781 255 40 40 1
0.16503906 -0.07519531 -0.25292969 40 230 120 2
0.15527344 -0.09472656 -0.23925781 255 40 40 1
0.12597656 -0.08691406 -0.28808594 255 40 40 1
0.12597656 -0.08886719 -0.28808594 255 40 40 1
0.09667969 -0.08300781 -0.32910156 255 40 40 1
0.12402344 -0.07714844 -0.29980469 40 230 120 2
0.12597656 -0.08691406 -0.28613281 255 40 40 1
0.09667969 -0.08105469 -0.32910156 255 40 40 1
0.12597656 -0.07910156 -0.29980469 40 230 120 2
0.15332031 -0.06152344 -0.28417969 255 40 40 1
0.12402344 -0.07910156 -0.29980469 40 230 120 2
0.12597656 -0.07714844 -0.29980469 40 230 120 2
0.11816406 -0.05957031 -0.32714844 255 40 40 1
0.11816406 -0.05957031 -0.32519531 255 40 40 1
0.13378906 -0.04980469 -0.31152344 40 230 120 2
0.11816406 -0.05761719 -0.32519531 255 40 40 1
0.11816406 -0.05761719 -0.32714844 255 40 40 1
0.13378906 -0.05175781 -0.31152344 40 230 120 2
0.13574219 -0.05175781 -0.31152344 40 230 120 2
0.13574219 -0.04980469 -0.31152344 40 230 120 2
0.13378906 -0.03222656 -0.32324219 255 40 40 1
0.06542969 -0.03417969 -0.39550781 255 40 40 1
0.09863281 -0.03027344 -0.36230469 255 40 40 1
0.09863281 -0.03222656 -0.36230469 255 40 40 1
0.09863281 -0.03222656 -0.36425781 255 40 40 1
0.08886719 -0.02246094 -0.37402344 40 230 120 2
0.10449219 -0.00683594 -0.36230469 255 40 40 1
0.10449219 -0.00683594 -0.36425781 255 40 40 1
0.06738281 -0.03222656 -0.39550781 255 40 40 1
0.09082031 -0.02441406 -0.37402344 40 230 120 2
0.09667969 -0.03222656 -0.36230469 255 40 40 1
0.08886719 -0.02441406 -0.37597656 40 230 120 2
0.06738281 -0.03417969 -0.39550781 255 40 40 1
0.08886719 -0.02441406 -0.37402344 40 230 120 2
0.06542969 -0.03222656 -0.39550781 255 40 40 1
0.08300781 -0.00292969 -0.38574219 40 230 120 2
0.06933594 -0.01074219 -0.39550781 255 40 40 1
0.06933594 -0.01074219 -0.39746094 255 40 40 1
0.08105469 -0.00292969 -0.38574219 40 230 120 2
0.08105469 -0.00097656 -0.38574219 40 230 120 2
0.08105469 -0.00292969 -0.38769531 40 230 120 2
0.10449219 -0.00488281 -0.36230469 255 40 40 1
0.11816406 0.01464844 -0.35058594 40 230 120 2
0.11816406 0.01464844 -0.34863281 40 230 120 2
0.11816406 0.01660156 -0.34863281 40 230 120 2
0.11816406 0.01660156 -0.35058594 40 230 120 2
0.13378906 -0.03027344 -0.32519531 255 40 40 1
0.13378906 -0.03027344 -0.32324219 255 40 40 1
0.12792969 -0.01464844 -0.33691406 40 230 120 2
0.12792969 -0.01269531 -0.33691406 40 230 120 2
0.12792969 -0.01269531 -0.33886719 40 230 120 2
0.12597656 -0.01269531 -0.33691406 40 230 120 2
0.05761719 -0.05371094 -0.39355469 255 40 40 1
0.06933594 -0.04980469 -0.38378906 40 230 120 2
0.07128906 -0.04785156 -0.38378906 40 230 120 2
0.06933594 -0.04785156 -0.38378906 40 230 120 2
0.06933594 -0.04785156 -0.38574219 40 230 120 2
0.08691406 -0.05566406 -0.36230469 255 40 40 1
0.10644531 -0.03808594 -0.35058594 40 230 120 2
0.10449219 -0.04003906 -0.35058594 40 230 120 2
0.10644531 -0.04003906 -0.35058594 40 230 120 2
0.10644531 -0.04003906 -0.34863281 40 230 120 2
0.10058594 -0.06738281 -0.33886719 40 230 120 2
0.08691406 -0.05761719 -0.36230469 255 40 40 1
0.10058594 -0.06542969 -0.33886719 40 230 120 2
0.09863281 -0.06542969 -0.33886719 40 230 120 2
0.10058594 -0.06542969 -0.34082031 40 230 120 2
0.08691406 -0.05761719 -0.36425781 255 40 40 1
0.06542969 -0.06738281 -0.37597656 40 230 120 2
0.06542969 -0.06933594 -0.37402344 40 230 120 2
0.08691406 -0.05566406 -0.36425781 255 40 40 1
0.06933594 -0.07714844 -0.36621094 255 40 40 1
0.06542969 -0.06738281 -0.37402344 40 230 120 2
0.06738281 -0.06738281 -0.37402344 40 230 120 2
0.04394531 -0.07128906 -0.39550781 255 40 40 1
0.03613281 -0.03417969 -0.42285156 255 40 40 1
0.04199219 -0.04003906 -0.41308594 40 230 120 2
0.03027344 -0.05175781 -0.42089844 255 40 40 1
0.03417969 -0.03417969 -0.42285156 255 40 40 1
0.03417969 -0.03417969 -0.42480469 255 40 40 1
0.03027344 -0.05175781 -0.41894531 255 40 40 1
0.03417969 -0.03613281 -0.42285156 255 40 40 1
0.04394531 -0.04003906 -0.41503906 40 230 120 2
0.04394531 -0.04003906 -0.41308594 40 230 120 2
0.04394531 -0.04199219 -0.41308594 40 230 120 2
0.05566406 -0.05371094 -0.39355469 255 40 40 1
0.05761719 -0.05371094 -0.39550781 255 40 40 1
0.04394531 -0.05761719 -0.40332031 40 230 120 2
0.05566406 -0.05371094 -0.39550781 255 40 40 1
0.03027344 -0.05371094 -0.41894531 255 40 40 1
0.04199219 -0.05957031 -0.40332031 40 230 120 2
0.04199219 -0.05761719 -0.40332031 40 230 120 2
0.04394531 -0.05957031 -0.40332031 40 230 120 2
0.00292969 -0.05957031 -0.43066406 255 40 40 1
0.02832031 -0.05175781 -0.41894531 255 40 40 1
0.01660156 -0.05957031 -0.42285156 40 230 120 2
0.01660156 -0.05957031 -0.42480469 40 230 120 2
0.01660156 -0.05761719 -0.42285156 40 230 120 2
0.01464844 -0.05957031 -0.42285156 40 230 120 2
0.01269531 -0.04589844 -0.43457031 40 230 120 2
0.01074219 -0.04589844 -0.43457031 40 230 120 2
0.01269531 -0.04785156 -0.43457031 40 230 120 2
0.01269531 -0.04589844 -0.43261719 40 230 120 2
0.00292969 -0.04980469 -0.43652344 255 40 40 1
0.06933594 -0.01269531 -0.39746094 255 40 40 1
0.05566406 -0.02050781 -0.40722656 40 230 120 2
0.05761719 -0.02050781 -0.40527344 40 230 120 2
0.05761719 -0.02050781 -0.40722656 40 230 120 2
0.05761719 -0.01855469 -0.40722656 40 230 120 2
0.02441406 -0.03027344 -0.43261719 40 230 120 2
0.03613281 -0.01660156 -0.42675781 255 40 40 1
0.02636719 -0.02832031 -0.43261719 40 230 120 2
0.02441406 -0.02832031 -0.43261719 40 230 120 2
0.02636719 -0.03027344 -0.43261719 40 230 120 2
0.01464844 -0.01269531 -0.44433594 40 230 120 2
0.00292969 -0.00488281 -0.45019531 255 40 40 1
0.01464844 -0.01464844 -0.44238281 40 230 120 2
0.01464844 -0.01269531 -0.44238281 40 230 120 2
0.01464844 -0.01464844 -0.44433594 40 230 120 2
0.00488281 -0.02050781 -0.44824219 255 40 40 1
0.03808594 -0.01660156 -0.42675781 255 40 40 1
0.03613281 -0.01464844 -0.42675781 255 40 40 1
0.04785156 -0.00097656 -0.41894531 40 230 120 2
0.04785156 -0.00097656 -0.41699219 40 230 120 2
0.03808594 -0.01464844 -0.42675781 255 40 40 1
0.03808594 0.00292969 -0.42871094 255 40 40 1
0.04785156 0.00097656 -0.41894531 40 230 120 2
0.04785156 0.00097656 -0.41699219 40 230 120 2
0.24707031 0.14550781 0.12402344 255 40 40 1
0.27832031 0.10058594 0.10839844 255 40 40 1
0.27636719 0.10058594 0.10839844 255 40 40 1
0.26464844 0.13378906 0.11035156 40 230 120 2
0.24707031 0.14746094 0.12402344 255 40 40 1
0.26269531 0.13378906 0.11035156 40 230 120 2
0.26269531 0.15136719 0.10058594 255 40 40 1
0.26269531 0.15332031 0.10058594 255 40 40 1
0.26269531 0.13378906 0.11230469 40 230 120 2
0.26269531 0.13183594 0.11035156 40 230 120 2
0.27832031 0.09863281 0.10839844 255 40 40 1
0.27050781 0.08105469 0.12402344 40 230 120 2
0.25878906 0.09082031 0.12597656 255 40 40 1
0.25878906 0.09082031 0.12792969 255 40 40 1
0.27246094 0.05175781 0.13574219 255 40 40 1
0.27050781 0.08105469 0.12207031 40 230 120 2
0.27050781 0.07910156 0.12402344 40 230 120 2
0.26074219 0.09082031 0.12597656 255 40 40 1
0.26074219 0.09082031 0.12792969 255 40 40 1
0.26855469 0.08105469 0.12402344 40 230 120 2
0.27441406 0.05175781 0.13574219 255 40 40 1
0.29003906 0.05761719 0.10839844 255 40 40 1
0.29003906 0.05566406 0.10839844 255 40 40 1
0.28808594 0.07128906 0.09667969 40 230 120 2
0.28808594 0.06933594 0.09863281 40 230 120 2
0.28808594 0.07128906 0.09863281 40 230 120 2
0.28808594 0.06933594 0.09667969 40 230 120 2
0.29003906 0.05566406 0.10644531 255 40 40 1
0.28613281 0.10644531 0.07714844 255 40 40 1
0.27832031 0.10058594 0.10644531 255 40 40 1
0.27832031 0.11816406 0.08300781 40 230 120 2
0.26855469 0.15136719 0.06933594 255 40 40 1
0.28613281 0.10449219 0.07714844 255 40 40 1
0.28613281 0.10644531 0.07519531 255 40 40 1
0.27832031 0.12011719 0.08300781 40 230 120 2
0.27832031 0.12011719 0.08496094 40 230 120 2
0.27636719 0.12011719 0.08300781 40 230 120 2
0.21972656 0.18652344 0.11035156 255 40 40 1
0.23535156 0.19433594 0.08886719 255 40 40 1
0.23925781 0.16699219 0.11425781 40 230 120 2
0.23925781 0.16308594 0.11425781 40 230 120 2
0.21972656 0.18457031 0.11035156 255 40 40 1
0.23339844 0.17480469 0.10644531 40 230 120 2
0.22167969 0.18652344 0.11035156 255 40 40 1
0.23339844 0.17675781 0.10644531 40 230 120 2
0.23339844 0.17480469 0.10839844 40 230 120 2
0.23339844 0.17675781 0.10839844 40 230 120 2
0.22167969 0.18457031 0.11035156 255 40 40 1
0.23925781 0.16503906 0.11425781 40 230 120 2
0.26855469 0.15332031 0.06933594 255 40 40 1
0.25488281 0.16699219 0.08496094 40 230 120 2
0.25683594 0.16503906 0.08496094 40 230 120 2
0.26269531 0.15332031 0.09863281 255 40 40 1
0.25488281 0.16699219 0.08300781 40 230 120 2
0.23535156 0.19238281 0.08691406 255 40 40 1
0.25683594 0.16699219 0.08496094 40 230 120 2
0.23535156 0.19433594 0.08691406 255 40 40 1
0.23339844 0.19433594 0.08691406 255 40 40 1
0.20605469 0.22558594 0.04980469 255 40 40 1
0.22753906 0.20410156 0.06542969 40 230 120 2
0.24316406 0.19628906 0.05957031 255 40 40 1
0.24316406 0.19433594 0.06152344 255 40 40 1
0.22949219 0.20410156 0.06542969 40 230 120 2
0.22949219 0.20605469 0.06542969 40 230 120 2
0.22753906 0.20605469 0.06542969 40 230 120 2
0.18652344 0.21191406 0.09472656 255 40 40 1
0.19628906 0.22167969 0.07324219 255 40 40 1
0.19628906 0.22167969 0.07128906 255 40 40 1
0.20800781 0.20996094 0.08496094 40 230 120 2
0.20605469 0.20996094 0.08300781 40 230 120 2
0.19824219 0.22167969 0.07324219 255 40 40 1
0.19824219 0.22167969 0.07128906 255 40 40 1
0.20605469 0.20800781 0.08496094 40 230 120 2
0.20605469 0.20996094 0.08496094 40 230 120 2
0.18847656 0.21191406 0.09472656 255 40 40 1
0.18652344 0.21386719 0.09472656 255 40 40 1
0.18847656 0.21386719 0.09472656 255 40 40 1
0.20019531 0.17089844 0.12597656 255 40 40 1
0.24707031 0.14746094 0.12597656 255 40 40 1
0.22363281 0.13378906 0.14160156 255 40 40 1
0.22167969 0.13378906 0.14160156 255 40 40 1
0.22167969 0.13378906 0.13964844 255 40 40 1
0.20214844 0.17089844 0.12597656 255 40 40 1
0.22363281 0.14941406 0.13183594 40 230 120 2
0.22363281 0.14941406 0.12988281 40 230 120 2
0.22363281 0.15136719 0.12988281 40 230 120 2
0.22363281 0.15136719 0.13183594 40 230 120 2
0.20019531 0.16894531 0.12597656 255 40 40 1
0.24707031 0.14550781 0.12597656 255 40 40 1
0.20019531 0.16894531 0.12792969 255 40 40 1
0.20214844 0.18847656 0.11035156 40 230 120 2
0.20214844 0.19042969 0.11035156 40 230 120 2
0.20410156 0.19042969 0.11035156 40 230 120 2
0.20410156 0.18847656 0.11035156 40 230 120 2
0.17871094 0.18261719 0.12011719 40 230 120 2
0.17285156 0.19433594 0.11230469 255 40 40 1
0.17675781 0.18261719 0.12207031 40 230 120 2
0.17871094 0.18066406 0.12011719 40 230 120 2
0.16113281 0.18066406 0.12207031 255 40 40 1
0.16113281 0.18066406 0.12402344 255 40 40 1
0.17675781 0.18261719 0.12011719 40 230 120 2
0.17480469 0.15917969 0.13769531 255 40 40 1
0.18847656 0.14941406 0.13769531 40 230 120 2
0.17480469 0.15917969 0.13964844 255 40 40 1
0.18652344 0.14941406 0.13964844 40 230 120 2
0.18847656 0.14941406 0.13964844 40 230 120 2
0.17480469 0.15722656 0.13964844 255 40 40 1
0.18652344 0.14941406 0.13769531 40 230 120 2
0.17480469 0.15722656 0.13769531 255 40 40 1
0.23535156 0.08300781 0.14355469 255 40 40 1
0.23535156 0.08105469 0.14355469 255 40 40 1
0.24707031 0.10449219 0.13183594 40 230 120 2
0.24902344 0.10644531 0.13183594 40 230 120 2
0.24707031 0.10644531 0.13183594 40 230 120 2
0.24707031 0.10644531 0.13378906 40 230 120 2
0.18847656 0.12011719 0.14941406 255 40 40 1
0.21582031 0.11230469 0.14550781 40 230 120 2
0.21582031 0.11035156 0.14550781 40 230 120 2
0.18847656 0.11816406 0.14941406 255 40 40 1
0.21777344 0.11035156 0.14550781 40 230 120 2
0.23535156 0.08300781 0.14550781 255 40 40 1
0.22167969 0.13183594 0.14160156 255 40 40 1
0.21777344 0.11230469 0.14550781 40 230 120 2
0.19042969 0.12011719 0.14941406 255 40 40 1
0.21582031 0.06347656 0.15722656 40 230 120 2
0.23535156 0.08105469 0.14550781 255 40 40 1
0.21582031 0.06542969 0.15722656 40 230 120 2
0.20410156 0.07714844 0.15917969 255 40 40 1
0.21777344 0.06542969 0.15722656 40 230 120 2
0.20800781 0.03613281 0.16699219 255 40 40 1
0.21582031 0.06542969 0.15527344 40 230 120 2
0.20996094 0.03613281 0.16503906 255 40 40 1
0.20996094 0.03613281 0.16699219 255 40 40 1
0.20800781 0.03613281 0.16503906 255 40 40 1
0.24707031 0.04394531 0.15527344 255 40 40 1
0.24511719 0.04394531 0.15527344 255 40 40 1
0.25292969 0.05957031 0.14550781 40 230 120 2
0.25292969 0.05761719 0.14550781 40 230 120 2
0.25097656 0.05761719 0.14550781 40 230 120 2
0.25097656 0.05957031 0.14550781 40 230 120 2
0.28027344 -0.00488281 0.13574219 255 40 40 1
0.28027344 -0.00683594 0.13574219 255 40 40 1
0.29589844 -0.00292969 0.10449219 255 40 40 1
0.29589844 -0.00292969 0.10253906 255 40 40 1
0.28222656 -0.02246094 0.12207031 40 230 120 2
0.28417969 -0.02246094 0.12207031 40 230 120 2
0.28222656 -0.02050781 0.12207031 40 230 120 2
0.28222656 -0.02246094 0.12402344 40 230 120 2
0.29199219 -0.05761719 0.09277344 255 40 40 1
0.29003906 -0.05566406 0.09277344 255 40 40 1
0.29589844 -0.00292969 0.10058594 255 40 40 1
0.29003906 -0.05761719 0.09277344 255 40 40 1
0.29589844 -0.04003906 0.08300781 40 230 120 2
0.29589844 -0.03808594 0.08300781 40 230 120 2
0.29589844 -0.04003906 0.08496094 40 230 120 2
0.29589844 -0.03808594 0.08496094 40 230 120 2
0.29589844 -0.00097656 0.10253906 255 40 40 1
0.29394531 0.05566406 0.07910156 255 40 40 1
0.29785156 0.01660156 0.08300781 40 230 120 2
0.30566406 0.00097656 0.06933594 255 40 40 1
0.29589844 0.05566406 0.07910156 255 40 40 1
0.30566406 -0.00097656 0.07128906 255 40 40 1
0.30566406 0.00097656 0.07128906 255 40 40 1
0.29980469 0.01855469 0.08300781 40 230 120 2
0.29980469 0.01660156 0.08300781 40 230 120 2
0.29785156 0.01855469 0.08300781 40 230 120 2
0.27441406 0.04980469 0.13574219 255 40 40 1
0.29003906 0.05566406 0.11035156 255 40 40 1
0.28613281 0.03613281 0.11425781 40 230 120 2
0.28613281 0.03417969 0.11425781 40 230 120 2
0.28613281 0.03613281 0.11621094 40 230 120 2
0.28613281 0.03417969 0.11621094 40 230 120 2
0.24707031 -0.01074219 0.15722656 255 40 40 1
0.25488281 -0.04199219 0.14746094 40 230 120 2
0.27050781 -0.05761719 0.12988281 255 40 40 1
0.24316406 -0.05957031 0.15332031 255 40 40 1
0.25488281 -0.04394531 0.14746094 40 230 120 2
0.24902344 -0.01074219 0.15722656 255 40 40 1
0.25488281 -0.04199219 0.14550781 40 230 120 2
0.25292969 -0.04199219 0.14746094 40 230 120 2
0.24316406 -0.05957031 0.15136719 255 40 40 1
0.24707031 -0.01269531 0.15722656 255 40 40 1
0.27832031 -0.00683594 0.13574219 255 40 40 1
0.27832031 -0.00488281 0.13574219 255 40 40 1
0.24902344 -0.01074219 0.15527344 255 40 40 1
0.26660156 0.01074219 0.14160156 40 230 120 2
0.26660156 0.01074219 0.14355469 40 230 120 2
0.26660156 0.01269531 0.14160156 40 230 120 2
0.26660156 0.01269531 0.14355469 40 230 120 2
0.27246094 0.04980469 0.13574219 255 40 40 1
0.23535156 0.02246094 0.15917969 40 230 120 2
0.23339844 0.02441406 0.15917969 40 230 120 2
0.23339844 0.02246094 0.15917969 40 230 120 2
0.23339844 0.02246094 0.16113281 40 230 120 2
0.24511719 0.04199219 0.15527344 255 40 40 1
0.24707031 0.04199219 0.15527344 255 40 40 1
0.21191406 -0.01464844 0.16894531 255 40 40 1
0.22167969 -0.02832031 0.16503906 40 230 120 2
0.22167969 -0.03027344 0.16308594 40 230 120 2
0.20410156 -0.06152344 0.16503906 255 40 40 1
0.20996094 -0.01464844 0.16894531 255 40 40 1
0.22167969 -0.02832031 0.16308594 40 230 120 2
0.21972656 -0.02832031 0.16308594 40 230 120 2
0.20605469 -0.06152344 0.16503906 255 40 40 1
0.20605469 -0.05957031 0.16503906 255 40 40 1
0.20410156 -0.05957031 0.16503906 255 40 40 1
0.25097656 -0.10253906 0.12011719 255 40 40 1
0.22363281 -0.10058594 0.14550781 255 40 40 1
0.22363281 -0.10253906 0.14550781 255 40 40 1
0.24707031 -0.08691406 0.13183594 40 230 120 2
0.25097656 -0.10058594 0.12011719 255 40 40 1
0.24902344 -0.08886719 0.13183594 40 230 120 2
0.24902344 -0.08691406 0.12988281 40 230 120 2
0.24902344 -0.08691406 0.13183594 40 230 120 2
0.22167969 -0.10058594 0.14550781 255 40 40 1
0.22167969 -0.10253906 0.14550781 255 40 40 1
0.22363281 -0.07519531 0.15332031 40 230 120 2
0.22363281 -0.07324219 0.15527344 40 230 120 2
0.22363281 -0.07519531 0.15527344 40 230 120 2
0.22363281 -0.07324219 0.15332031 40 230 120 2
0.24121094 -0.05957031 0.15332031 255 40 40 1
0.19824219 -0.10839844 0.14941406 40 230 120 2
0.20019531 -0.10644531 0.14941406 40 230 120 2
0.18261719 -0.12011719 0.14746094 255 40 40 1
0.19238281 -0.09863281 0.15527344 255 40 40 1
0.19824219 -0.10644531 0.15136719 40 230 120 2
0.18261719 -0.12011719 0.14941406 255 40 40 1
0.19824219 -0.10644531 0.14941406 40 230 120 2
0.22167969 -0.13769531 0.11035156 255 40 40 1
0.21972656 -0.13769531 0.11035156 255 40 40 1
0.21582031 -0.12402344 0.12988281 40 230 120 2
0.21582031 -0.12402344 0.13183594 40 230 120 2
0.21386719 -0.12402344 0.12988281 40 230 120 2
0.20019531 -0.12988281 0.13574219 255 40 40 1
0.21386719 -0.12402344 0.13183594 40 230 120 2
0.20214844 -0.12988281 0.13574219 255 40 40 1
0.20019531 -0.13183594 0.13574219 255 40 40 1
0.27636719 -0.07128906 0.10253906 40 230 120 2
0.27636719 -0.07324219 0.10253906 40 230 120 2
0.27246094 -0.05761719 0.12792969 255 40 40 1
0.26855469 -0.10253906 0.08300781 255 40 40 1
0.27636719 -0.07128906 0.10058594 40 230 120 2
0.29003906 -0.05761719 0.09472656 255 40 40 1
0.27636719 -0.07324219 0.10058594 40 230 120 2
0.26855469 -0.10449219 0.08300781 255 40 40 1
0.24707031 -0.11621094 0.10449219 40 230 120 2
0.25097656 -0.10253906 0.11816406 255 40 40 1
0.26660156 -0.10253906 0.08300781 255 40 40 1
0.24707031 -0.11425781 0.10449219 40 230 120 2
0.24511719 -0.11425781 0.10449219 40 230 120 2
0.24707031 -0.11425781 0.10253906 40 230 120 2
0.24511719 -0.13964844 0.03808594 255 40 40 1
0.26855469 -0.10253906 0.08105469 255 40 40 1
0.23535156 -0.13964844 0.07324219 255 40 40 1
0.23535156 -0.14160156 0.07324219 255 40 40 1
0.24902344 -0.12792969 0.06542969 40 230 120 2
0.25097656 -0.12792969 0.06542969 40 230 120 2
0.25097656 -0.12792969 0.06347656 40 230 120 2
0.24902344 -0.12792969 0.06347656 40 230 120 2
0.28222656 -0.08691406 0.06152344 40 230 120 2
0.28027344 -0.10253906 0.04785156 255 40 40 1
0.27832031 -0.10253906 0.04785156 255 40 40 1
0.30175781 -0.05761719 0.05761719 255 40 40 1
0.28417969 -0.08886719 0.06152344 40 230 120 2
0.28222656 -0.08886719 0.06152344 40 230 120 2
0.28417969 -0.08691406 0.06152344 40 230 120 2
0.14746094 -0.18847656 0.05371094 255 40 40 1
0.13769531 -0.19433594 0.09472656 255 40 40 1
0.13574219 -0.19433594 0.09472656 255 40 40 1
0.10644531 -0.19433594 0.04394531 255 40 40 1
0.12988281 -0.19238281 0.06542969 40 230 120 2
0.13183594 -0.19238281 0.06347656 40 230 120 2
0.12988281 -0.19238281 0.06347656 40 230 120 2
0.10449219 -0.19433594 0.04199219 255 40 40 1
0.10449219 -0.19433594 0.04394531 255 40 40 1
0.12988281 -0.19238281 0.06152344 40 230 120 2
0.04785156 -0.20605469 0.06347656 255 40 40 1
0.10449219 -0.19628906 0.04394531 255 40 40 1
0.09472656 -0.21191406 0.07714844 255 40 40 1
0.09472656 -0.21191406 0.07519531 255 40 40 1
0.08496094 -0.20410156 0.06152344 40 230 120 2
0.08105469 -0.20410156 0.06152344 40 230 120 2
0.08300781 -0.20410156 0.05957031 40 230 120 2
0.08300781 -0.20410156 0.06152344 40 230 120 2
0.08691406 -0.19628906 0.02832031 40 230 120 2
0.07128906 -0.20019531 0.03027344 255 40 40 1
0.08691406 -0.19628906 0.02636719 40 230 120 2
0.08691406 -0.19433594 0.02636719 40 230 120 2
0.08691406 -0.19433594 0.02832031 40 230 120 2
0.07128906 -0.20214844 0.03027344 255 40 40 1
0.12402344 -0.18847656 0.02636719 40 230 120 2
0.12402344 -0.18652344 0.02636719 40 230 120 2
0.12207031 -0.18652344 0.02636719 40 230 120 2
0.11035156 -0.17675781 0.01660156 255 40 40 1
0.12402344 -0.18652344 0.02441406 40 230 120 2
0.11230469 -0.17675781 0.01464844 255 40 40 1
0.11230469 -0.17675781 0.01660156 255 40 40 1
0.19433594 -0.16894531 0.06542969 255 40 40 1
0.19433594 -0.16894531 0.06347656 255 40 40 1
0.19238281 -0.16894531 0.06347656 255 40 40 1
0.18066406 -0.16503906 0.10253906 255 40 40 1
0.18066406 -0.16503906 0.10058594 255 40 40 1
0.18066406 -0.16699219 0.10253906 255 40 40 1
0.17089844 -0.17675781 0.08691406 40 230 120 2
0.16894531 -0.17675781 0.08691406 40 230 120 2
0.19238281 -0.16894531 0.06542969 255 40 40 1
0.17089844 -0.17480469 0.08691406 40 230 120 2
0.17089844 -0.17675781 0.08886719 40 230 120 2
0.16699219 -0.18261719 0.04394531 40 230 120 2
0.16503906 -0.18261719 0.04589844 40 230 120 2
0.16503906 -0.18261719 0.04394531 40 230 120 2
0.14746094 -0.18652344 0.05371094 255 40 40 1
0.15722656 -0.18847656 0.02050781 255 40 40 1
0.16699219 -0.18261719 0.04589844 40 230 120 2
0.14941406 -0.18652344 0.05371094 255 40 40 1
0.14941406 -0.18847656 0.05371094 255 40 40 1
0.15722656 -0.19042969 0.02050781 255 40 40 1
0.21386719 -0.15917969 0.04394531 40 230 120 2
0.20410156 -0.16894531 0.03027344 255 40 40 1
0.21582031 -0.15917969 0.04394531 40 230 120 2
0.21386719 -0.15917969 0.04199219 40 230 120 2
0.21386719 -0.16113281 0.04394531 40 230 120 2
0.23535156 -0.14160156 0.07519531 255 40 40 1
0.21972656 -0.13964844 0.11035156 255 40 40 1
0.21777344 -0.14941406 0.08105469 40 230 120 2
0.22167969 -0.13964844 0.11035156 255 40 40 1
0.23339844 -0.14160156 0.07324219 255 40 40 1
0.21582031 -0.14941406 0.08105469 40 230 120 2
0.21777344 -0.14941406 0.08300781 40 230 120 2
0.21582031 -0.14941406 0.08300781 40 230 120 2
0.16699219 -0.15136719 0.13183594 255 40 40 1
0.16503906 -0.15136719 0.12988281 255 40 40 1
0.13964844 -0.17871094 0.13378906 255 40 40 1
0.13769531 -0.19433594 0.09667969 255 40 40 1
0.13769531 -0.19238281 0.09472656 255 40 40 1
0.14746094 -0.17285156 0.12011719 40 230 120 2
0.14746094 -0.17480469 0.12011719 40 230 120 2
0.14941406 -0.17480469 0.12011719 40 230 120 2
0.14746094 -0.17480469 0.12207031 40 230 120 2
0.16699219 -0.15136719 0.12988281 255 40 40 1
0.16503906 -0.15136719 0.13183594 255 40 40 1
0.18847656 -0.15136719 0.11425781 40 230 120 2
0.19042969 -0.15332031 0.11425781 40 230 120 2
0.19042969 -0.15136719 0.11425781 40 230 120 2
0.18847656 -0.15332031 0.11425781 40 230 120 2
0.18261719 -0.16503906 0.10253906 255 40 40 1
0.18261719 -0.12207031 0.14746094 255 40 40 1
0.18261719 -0.13378906 0.13964844 40 230 120 2
0.18261719 -0.13574219 0.13964844 40 230 120 2
0.18261719 -0.13574219 0.13769531 40 230 120 2
0.18261719 -0.13378906 0.13769531 40 230 120 2
0.15722656 -0.13183594 0.15136719 255 40 40 1
0.12597656 -0.15332031 0.16113281 255 40 40 1
0.14941406 -0.14550781 0.14941406 40 230 120 2
0.14941406 -0.14550781 0.14746094 40 230 120 2
0.12597656 -0.15332031 0.16308594 255 40 40 1
0.14941406 -0.14746094 0.14941406 40 230 120 2
0.15136719 -0.14550781 0.14941406 40 230 120 2
0.15527344 -0.13183594 0.15136719 255 40 40 1
0.15527344 -0.13183594 0.15332031 255 40 40 1
0.13183594 -0.22363281 0.15332031 255 40 40 1
0.13183594 -0.22558594 0.15332031 255 40 40 1
0.12988281 -0.21972656 0.12402344 40 230 120 2
0.12402344 -0.23730469 0.12207031 255 40 40 1
0.12402344 -0.23730469 0.12402344 255 40 40 1
0.13183594 -0.21972656 0.12402344 40 230 120 2
0.13183594 -0.21777344 0.12402344 40 230 120 2
0.13183594 -0.21972656 0.12597656 40 230 120 2
0.13964844 -0.18066406 0.13574219 255 40 40 1
0.12597656 -0.15527344 0.16308594 255 40 40 1
0.13964844 -0.17871094 0.13574219 255 40 40 1
0.13183594 -0.18457031 0.14941406 40 230 120 2
0.13183594 -0.22363281 0.15527344 255 40 40 1
0.13183594 -0.18457031 0.15136719 40 230 120 2
0.13769531 -0.17871094 0.13574219 255 40 40 1
0.13183594 -0.18652344 0.15136719 40 230 120 2
0.13183594 -0.18652344 0.14941406 40 230 120 2
0.13183594 -0.22558594 0.15527344 255 40 40 1
0.10839844 -0.26074219 0.20605469 255 40 40 1
0.11816406 -0.23144531 0.18066406 40 230 120 2
0.10839844 -0.25878906 0.20800781 255 40 40 1
0.10839844 -0.25878906 0.20605469 255 40 40 1
0.11621094 -0.20996094 0.18066406 255 40 40 1
0.12011719 -0.23144531 0.18066406 40 230 120 2
0.11816406 -0.23339844 0.18066406 40 230 120 2
0.11816406 -0.23144531 0.18261719 40 230 120 2
0.12597656 -0.27441406 0.18066406 255 40 40 1
0.12792969 -0.27246094 0.18066406 255 40 40 1
0.12597656 -0.26074219 0.16113281 40 230 120 2
0.12011719 -0.28613281 0.14941406 255 40 40 1
0.12597656 -0.26269531 0.16308594 40 230 120 2
0.12207031 -0.28613281 0.14941406 255 40 40 1
0.12792969 -0.27441406 0.18066406 255 40 40 1
0.12011719 -0.28808594 0.14941406 255 40 40 1
0.12597656 -0.26269531 0.16113281 40 230 120 2
0.12792969 -0.26269531 0.16308594 40 230 120 2
0.08691406 0.23339844 0.05761719 40 230 120 2
0.10839844 0.22753906 0.07128906 255 40 40 1
0.07128906 0.22558594 0.06542969 255 40 40 1
0.08496094 0.23144531 0.05761719 40 230 120 2
0.10839844 0.22949219 0.07128906 255 40 40 1
0.08496094 0.23339844 0.05761719 40 230 120 2
0.07128906 0.22558594 0.06738281 255 40 40 1
0.07714844 0.24121094 0.03808594 255 40 40 1
0.10839844 0.22753906 0.06933594 255 40 40 1
0.11035156 0.22753906 0.07128906 255 40 40 1
0.08691406 0.23144531 0.05761719 40 230 120 2
0.11621094 0.24121094 0.04589844 255 40 40 1
0.07714844 0.24316406 0.03613281 255 40 40 1
0.07714844 0.24121094 0.03613281 255 40 40 1
0.10253906 0.24316406 0.03417969 40 230 120 2
0.10253906 0.24316406 0.03613281 40 230 120 2
0.10449219 0.24316406 0.03417969 40 230 120 2
0.10449219 0.24316406 0.03613281 40 230 120 2
0.07519531 0.24121094 0.03613281 255 40 40 1
0.08105469 0.23730469 0.00878906 255 40 40 1
0.06152344 0.22753906 0.01660156 255 40 40 1
0.07324219 0.23535156 0.01855469 40 230 120 2
0.08105469 0.23535156 0.01074219 255 40 40 1
0.07324219 0.23339844 0.02050781 40 230 120 2
0.07324219 0.23535156 0.02050781 40 230 120 2
0.07128906 0.23535156 0.02050781 40 230 120 2
0.04980469 0.22363281 0.03417969 255 40 40 1
0.03808594 0.20996094 0.05957031 255 40 40 1
0.04785156 0.22363281 0.03417969 255 40 40 1
0.05371094 0.22363281 0.04394531 40 230 120 2
0.05371094 0.22558594 0.04199219 40 230 120 2
0.05371094 0.22363281 0.04199219 40 230 120 2
0.05371094 0.22558594 0.04394531 40 230 120 2
0.09277344 0.21386719 0.08691406 40 230 120 2
0.09277344 0.21582031 0.08691406 40 230 120 2
0.09277344 0.21386719 0.08496094 40 230 120 2
0.09277344 0.21582031 0.08496094 40 230 120 2
0.10253906 0.21191406 0.09472656 255 40 40 1
0.06542969 0.20410156 0.09277344 255 40 40 1
0.06347656 0.20410156 0.09277344 255 40 40 1
0.03808594 0.20996094 0.06152344 255 40 40 1
0.05761719 0.21386719 0.07128906 40 230 120 2
0.07128906 0.22363281 0.06542969 255 40 40 1
0.07128906 0.22363281 0.06738281 255 40 40 1
0.05761719 0.21386719 0.07324219 40 230 120 2
0.05957031 0.21386719 0.07324219 40 230 120 2
0.05761719 0.21191406 0.07324219 40 230 120 2
0.03222656 0.18847656 0.08886719 255 40 40 1
0.03613281 0.18652344 0.10253906 40 230 120 2
0.03222656 0.19042969 0.08886719 255 40 40 1
0.03613281 0.18652344 0.10058594 40 230 120 2
0.03808594 0.18652344 0.10253906 40 230 120 2
0.03613281 0.18457031 0.10253906 40 230 120 2
0.06347656 0.20410156 0.09472656 255 40 40 1
0.07519531 0.20019531 0.11621094 40 230 120 2
0.05761719 0.19433594 0.12597656 255 40 40 1
0.05761719 0.19433594 0.12792969 255 40 40 1
0.05761719 0.19628906 0.12792969 255 40 40 1
0.07519531 0.19824219 0.11816406 40 230 120 2
0.06542969 0.20410156 0.09472656 255 40 40 1
0.07324219 0.19824219 0.11816406 40 230 120 2
0.07519531 0.19824219 0.11621094 40 230 120 2
0.05761719 0.19628906 0.12597656 255 40 40 1
0.13378906 0.22363281 0.08496094 40 230 120 2
0.13183594 0.22363281 0.08496094 40 230 120 2
0.13183594 0.22167969 0.08496094 40 230 120 2
0.14746094 0.22753906 0.08105469 255 40 40 1
0.13183594 0.22363281 0.08300781 40 230 120 2
0.13964844 0.21191406 0.10058594 255 40 40 1
0.13769531 0.21191406 0.10253906 255 40 40 1
0.10449219 0.21191406 0.09472656 255 40 40 1
0.11425781 0.20800781 0.11035156 40 230 120 2
0.10449219 0.21191406 0.09667969 255 40 40 1
0.11425781 0.20605469 0.11230469 40 230 120 2
0.10253906 0.21191406 0.09667969 255 40 40 1
0.11425781 0.20605469 0.11035156 40 230 120 2
0.11621094 0.20605469 0.11035156 40 230 120 2
0.13574219 0.18652344 0.12402344 255 40 40 1
0.14550781 0.19433594 0.11621094 40 230 120 2
0.13769531 0.18847656 0.12402344 255 40 40 1
0.14550781 0.19238281 0.11621094 40 230 120 2
0.13964844 0.20996094 0.10253906 255 40 40 1
0.13769531 0.18652344 0.12402344 255 40 40 1
0.15917969 0.18066406 0.12402344 255 40 40 1
0.14550781 0.19238281 0.11816406 40 230 120 2
0.13574219 0.18847656 0.12402344 255 40 40 1
0.14746094 0.19433594 0.11621094 40 230 120 2
0.17285156 0.19628906 0.11035156 255 40 40 1
0.16503906 0.20800781 0.10253906 40 230 120 2
0.16699219 0.20800781 0.10253906 40 230 120 2
0.16503906 0.20605469 0.10253906 40 230 120 2
0.16699219 0.20605469 0.10253906 40 230 120 2
0.15527344 0.23925781 0.05761719 255 40 40 1
0.12792969 0.23535156 0.05957031 40 230 120 2
0.12792969 0.23535156 0.05761719 40 230 120 2
0.12792969 0.23730469 0.05761719 40 230 120 2
0.12597656 0.23535156 0.05761719 40 230 120 2
0.11621094 0.23925781 0.04785156 255 40 40 1
0.11621094 0.24121094 0.04785156 255 40 40 1
0.15722656 0.23925781 0.05957031 255 40 40 1
0.14941406 0.22753906 0.08105469 255 40 40 1
0.15722656 0.23730469 0.05957031 255 40 40 1
0.14941406 0.22753906 0.07910156 255 40 40 1
0.16503906 0.22753906 0.07714844 40 230 120 2
0.16503906 0.22753906 0.07910156 40 230 120 2
0.14746094 0.22753906 0.07910156 255 40 40 1
0.16308594 0.22753906 0.07714844 40 230 120 2
0.16308594 0.22753906 0.07910156 40 230 120 2
0.18847656 0.22949219 0.05957031 40 230 120 2
0.18652344 0.22949219 0.05761719 40 230 120 2
0.15722656 0.23925781 0.05761719 255 40 40 1
0.18652344 0.22949219 0.05957031 40 230 120 2
0.18652344 0.22949219 0.06152344 40 230 120 2
0.20605469 0.22753906 0.04785156 255 40 40 1
0.14746094 0.24316406 0.03808594 40 230 120 2
0.14550781 0.24316406 0.03613281 40 230 120 2
0.14550781 0.24316406 0.03808594 40 230 120 2
0.14550781 0.24316406 0.04003906 40 230 120 2
0.16113281 0.08496094 0.38378906 255 40 40 1
0.13769531 0.09863281 0.37792969 255 40 40 1
0.13964844 0.08105469 0.35839844 40 230 120 2
0.13574219 0.09863281 0.37792969 255 40 40 1
0.13574219 0.09667969 0.37792969 255 40 40 1
0.13574219 0.09863281 0.37597656 255 40 40 1
0.15917969 0.08496094 0.38378906 255 40 40 1
0.13964844 0.07910156 0.35839844 40 230 120 2
0.14160156 0.07910156 0.35839844 40 230 120 2
0.14160156 0.08105469 0.35839844 40 230 120 2
0.16113281 0.08496094 0.38183594 255 40 40 1
0.18066406 0.04980469 0.31542969 255 40 40 1
0.15136719 0.04394531 0.32128906 255 40 40 1
0.17871094 0.04980469 0.31542969 255 40 40 1
0.17871094 0.04980469 0.31738281 255 40 40 1
0.16503906 0.05957031 0.34082031 40 230 120 2
0.16308594 0.06152344 0.34082031 40 230 120 2
0.16308594 0.05957031 0.33886719 40 230 120 2
0.16308594 0.05957031 0.34082031 40 230 120 2
0.18847656 0.12597656 0.43261719 255 40 40 1
0.19042969 0.12597656 0.43066406 255 40 40 1
0.18847656 0.09277344 0.37792969 255 40 40 1
0.16113281 0.08691406 0.38378906 255 40 40 1
0.19042969 0.09277344 0.37792969 255 40 40 1
0.18066406 0.10058594 0.39746094 40 230 120 2
0.18066406 0.10253906 0.39746094 40 230 120 2
0.19042969 0.12597656 0.43261719 255 40 40 1
0.18847656 0.09082031 0.37792969 255 40 40 1
0.18066406 0.10253906 0.39941406 40 230 120 2
0.18066406 0.10058594 0.39941406 40 230 120 2
0.16113281 0.11816406 0.44238281 255 40 40 1
0.13378906 0.12988281 0.43261719 255 40 40 1
0.16113281 0.11621094 0.44042969 255 40 40 1
0.13378906 0.12988281 0.43457031 255 40 40 1
0.15332031 0.11230469 0.42089844 40 230 120 2
0.15136719 0.11035156 0.42089844 40 230 120 2
0.15136719 0.11230469 0.42089844 40 230 120 2
0.16113281 0.11621094 0.44238281 255 40 40 1
0.15917969 0.11621094 0.44238281 255 40 40 1
0.15332031 0.11035156 0.42089844 40 230 120 2
0.13378906 0.13183594 0.43457031 255 40 40 1
0.12792969 -0.10449219 0.17089844 255 40 40 1
0.13574219 -0.04980469 0.19042969 255 40 40 1
0.12011719 -0.08300781 0.17871094 40 230 120 2
0.12792969 -0.10449219 0.17285156 255 40 40 1
0.12207031 -0.08496094 0.17871094 40 230 120 2
0.12011719 -0.08691406 0.17871094 40 230 120 2
0.09863281 -0.10058594 0.17285156 255 40 40 1
0.12011719 -0.08496094 0.17871094 40 230 120 2
0.07519531 -0.04003906 0.19238281 255 40 40 1
0.10839844 -0.05371094 0.19824219 255 40 40 1
0.07714844 -0.04003906 0.19238281 255 40 40 1
0.09472656 -0.06542969 0.18847656 40 230 120 2
0.09277344 -0.06347656 0.18847656 40 230 120 2
0.09667969 -0.09863281 0.17285156 255 40 40 1
0.09277344 -0.06542969 0.18847656 40 230 120 2
0.09277344 -0.06542969 0.18652344 40 230 120 2
0.07324219 -0.11035156 0.16308594 40 230 120 2
0.07519531 -0.11035156 0.16308594 40 230 120 2
0.09667969 -0.10058594 0.17285156 255 40 40 1
0.07324219 -0.11035156 0.16503906 40 230 120 2
0.07519531 -0.11035156 0.16503906 40 230 120 2
0.09667969 -0.10058594 0.17089844 255 40 40 1
0.07128906 -0.09277344 0.16894531 255 40 40 1
0.10449219 -0.13574219 0.16699219 40 230 120 2
0.10449219 -0.13183594 0.16699219 40 230 120 2
0.10253906 -0.13378906 0.16699219 40 230 120 2
0.09082031 -0.14746094 0.16699219 255 40 40 1
0.12402344 -0.15332031 0.16308594 255 40 40 1
0.10449219 -0.13378906 0.16699219 40 230 120 2
0.15917969 -0.10058594 0.16503906 255 40 40 1
0.15722656 -0.10058594 0.16503906 255 40 40 1
0.16503906 -0.05957031 0.17285156 255 40 40 1
0.15332031 -0.06933594 0.17675781 40 230 120 2
0.16503906 -0.06152344 0.17089844 255 40 40 1
0.15332031 -0.06933594 0.17480469 40 230 120 2
0.16503906 -0.05957031 0.17089844 255 40 40 1
0.15332031 -0.07128906 0.17675781 40 230 120 2
0.15332031 -0.07128906 0.17480469 40 230 120 2
0.12988281 -0.10449219 0.17089844 255 40 40 1
0.15722656 -0.10253906 0.16503906 255 40 40 1
0.13964844 -0.12011719 0.16699219 40 230 120 2
0.12792969 -0.10644531 0.17089844 255 40 40 1
0.15917969 -0.10253906 0.16503906 255 40 40 1
0.13769531 -0.12011719 0.16699219 40 230 120 2
0.13574219 -0.12011719 0.16699219 40 230 120 2
0.13769531 -0.11816406 0.16699219 40 230 120 2
0.16503906 -0.11816406 0.15527344 40 230 120 2
0.16503906 -0.11621094 0.15527344 40 230 120 2
0.16699219 -0.11816406 0.15332031 40 230 120 2
0.15722656 -0.13183594 0.15332031 255 40 40 1
0.18261719 -0.12207031 0.14941406 255 40 40 1
0.16699219 -0.11816406 0.15527344 40 230 120 2
0.18652344 -0.08691406 0.16113281 40 230 120 2
0.18457031 -0.08496094 0.16113281 40 230 120 2
0.18457031 -0.08691406 0.16308594 40 230 120 2
0.18457031 -0.08691406 0.16113281 40 230 120 2
0.19238281 -0.09667969 0.15722656 255 40 40 1
0.19042969 -0.09863281 0.15527344 255 40 40 1
0.19238281 -0.09667969 0.15527344 255 40 40 1
0.16894531 -0.01074219 0.17285156 255 40 40 1
0.14355469 0.00488281 0.18847656 255 40 40 1
0.14941406 -0.01855469 0.18457031 40 230 120 2
0.14941406 -0.01855469 0.18261719 40 230 120 2
0.14941406 -0.01660156 0.18457031 40 230 120 2
0.13574219 -0.04785156 0.19042969 255 40 40 1
0.14746094 -0.01855469 0.18457031 40 230 120 2
0.14355469 0.00488281 0.19042969 255 40 40 1
0.16894531 -0.01269531 0.17285156 255 40 40 1
0.13769531 -0.04785156 0.19042969 255 40 40 1
0.17871094 -0.04394531 0.16894531 40 230 120 2
0.17871094 -0.04199219 0.16894531 40 230 120 2
0.16699219 -0.05957031 0.17089844 255 40 40 1
0.18066406 -0.04394531 0.16894531 40 230 120 2
0.17871094 -0.04589844 0.16894531 40 230 120 2
0.20996094 -0.01464844 0.17089844 255 40 40 1
0.19628906 0.00488281 0.16894531 40 230 120 2
0.21191406 -0.01464844 0.17089844 255 40 40 1
0.17089844 -0.01074219 0.17285156 255 40 40 1
0.19433594 0.00292969 0.16894531 40 230 120 2
0.19628906 0.00292969 0.16894531 40 230 120 2
0.19628906 0.00097656 0.16894531 40 230 120 2
0.15722656 0.02636719 0.17480469 40 230 120 2
0.16894531 0.03613281 0.17089844 255 40 40 1
0.16894531 0.03808594 0.17285156 255 40 40 1
0.16894531 0.03808594 0.17089844 255 40 40 1
0.12988281 0.05175781 0.18066406 255 40 40 1
0.16894531 -0.00878906 0.17285156 255 40 40 1
0.16894531 0.03613281 0.17285156 255 40 40 1
0.12988281 0.05175781 0.18261719 255 40 40 1
0.15527344 0.02441406 0.17480469 40 230 120 2
0.15722656 0.02441406 0.17480469 40 230 120 2
0.15527344 0.02636719 0.17480469 40 230 120 2
0.10058594 0.08300781 0.16894531 40 230 120 2
0.11230469 0.10644531 0.17675781 255 40 40 1
0.10253906 0.08300781 0.17089844 40 230 120 2
0.07128906 0.06738281 0.16308594 255 40 40 1
0.07128906 0.06933594 0.16308594 255 40 40 1
0.07324219 0.06738281 0.16308594 255 40 40 1
0.07324219 0.06933594 0.16308594 255 40 40 1
0.10058594 0.08300781 0.17089844 40 230 120 2
0.11621094 0.07519531 0.17089844 255 40 40 1
0.11816406 0.07519531 0.17089844 255 40 40 1
0.11816406 0.07714844 0.17089844 255 40 40 1
0.10058594 0.08496094 0.17089844 40 230 120 2
0.06542969 0.08691406 0.17480469 255 40 40 1
0.05175781 0.07910156 0.16699219 40 230 120 2
0.04980469 0.07910156 0.16503906 40 230 120 2
0.05175781 0.07910156 0.16503906 40 230 120 2
0.04980469 0.07910156 0.16699219 40 230 120 2
0.04980469 0.05761719 0.16699219 40 230 120 2
0.04980469 0.05761719 0.16503906 40 230 120 2
0.04980469 0.05957031 0.16503906 40 230 120 2
0.05175781 0.05761719 0.16503906 40 230 120 2
0.09667969 0.06152344 0.17480469 40 230 120 2
0.09472656 0.06152344 0.17480469 40 230 120 2
0.09667969 0.06152344 0.17675781 40 230 120 2
0.08886719 0.06542969 0.18066406 255 40 40 1
0.08691406 0.06542969 0.18066406 255 40 40 1
0.09472656 0.06152344 0.17675781 40 230 120 2
0.08886719 0.06347656 0.18066406 255 40 40 1
0.15332031 0.11230469 0.15917969 255 40 40 1
0.14160156 0.10058594 0.16699219 40 230 120 2
0.11425781 0.10839844 0.17675781 255 40 40 1
0.16113281 0.07910156 0.16503906 255 40 40 1
0.16113281 0.07714844 0.16699219 255 40 40 1
0.14355469 0.09863281 0.16699219 40 230 120 2
0.16113281 0.07910156 0.16699219 255 40 40 1
0.14355469 0.10058594 0.16699219 40 230 120 2
0.14160156 0.09863281 0.16699219 40 230 120 2
0.15136719 0.11230469 0.15917969 255 40 40 1
0.16113281 0.07714844 0.16503906 255 40 40 1
0.13574219 0.06933594 0.17285156 40 230 120 2
0.12988281 0.05371094 0.18261719 255 40 40 1
0.13769531 0.06933594 0.17285156 40 230 120 2
0.13769531 0.06738281 0.17285156 40 230 120 2
0.13574219 0.06738281 0.17285156 40 230 120 2
0.12011719 0.07519531 0.17089844 255 40 40 1
0.17871094 0.04980469 0.16894531 40 230 120 2
0.18066406 0.04980469 0.16699219 40 230 120 2
0.17871094 0.04980469 0.16699219 40 230 120 2
0.18066406 0.04980469 0.16894531 40 230 120 2
0.18457031 0.09277344 0.15722656 40 230 120 2
0.18457031 0.09082031 0.15917969 40 230 120 2
0.18847656 0.11816406 0.15136719 255 40 40 1
0.20214844 0.07910156 0.15917969 255 40 40 1
0.18457031 0.09082031 0.15722656 40 230 120 2
0.18457031 0.09277344 0.15917969 40 230 120 2
0.20214844 0.07714844 0.15917969 255 40 40 1
0.11621094 0.15527344 0.16113281 255 40 40 1
0.14355469 0.15136719 0.14355469 255 40 40 1
0.11230469 0.10839844 0.17480469 255 40 40 1
0.12402344 0.13769531 0.15917969 40 230 120 2
0.14160156 0.15332031 0.14355469 255 40 40 1
0.11230469 0.10839844 0.17675781 255 40 40 1
0.12402344 0.13769531 0.16113281 40 230 120 2
0.14355469 0.15332031 0.14355469 255 40 40 1
0.11816406 0.15527344 0.16113281 255 40 40 1
0.12402344 0.13964844 0.15917969 40 230 120 2
0.14160156 0.15136719 0.14355469 255 40 40 1
0.12402344 0.13964844 0.16113281 40 230 120 2
0.16113281 0.12988281 0.15136719 40 230 120 2
0.16113281 0.12792969 0.15136719 40 230 120 2
0.16113281 0.12792969 0.14941406 40 230 120 2
0.15136719 0.11425781 0.15917969 255 40 40 1
0.15332031 0.11425781 0.15917969 255 40 40 1
0.16308594 0.12792969 0.15136719 40 230 120 2
0.16113281 0.16308594 0.13574219 40 230 120 2
0.15917969 0.16308594 0.13574219 40 230 120 2
0.16113281 0.17871094 0.12402344 255 40 40 1
0.15917969 0.16503906 0.13378906 40 230 120 2
0.15917969 0.16503906 0.13574219 40 230 120 2
0.12597656 0.17871094 0.13378906 40 230 120 2
0.12792969 0.18066406 0.13378906 40 230 120 2
0.12792969 0.17871094 0.13574219 40 230 120 2
0.12792969 0.17871094 0.13378906 40 230 120 2
0.06347656 0.10058594 0.20996094 255 40 40 1
0.01660156 0.08105469 0.16308594 255 40 40 1
0.03613281 0.09472656 0.19238281 40 230 120 2
0.02441406 0.10449219 0.20019531 255 40 40 1
0.02636719 0.10449219 0.20019531 255 40 40 1
0.03417969 0.09472656 0.19042969 40 230 120 2
0.02636719 0.10449219 0.20214844 255 40 40 1
0.03613281 0.09472656 0.19042969 40 230 120 2
0.03417969 0.09667969 0.19042969 40 230 120 2
0.06542969 0.08886719 0.17675781 255 40 40 1
0.06542969 0.08691406 0.17675781 255 40 40 1
0.08105469 0.09863281 0.18847656 40 230 120 2
0.06542969 0.10058594 0.20996094 255 40 40 1
0.06738281 0.08691406 0.17675781 255 40 40 1
0.06738281 0.10058594 0.20996094 255 40 40 1
0.08300781 0.09863281 0.18652344 40 230 120 2
0.08105469 0.09667969 0.18652344 40 230 120 2
0.08105469 0.09863281 0.18652344 40 230 120 2
0.09082031 0.13183594 0.25878906 255 40 40 1
0.08691406 0.11816406 0.22949219 40 230 120 2
0.10058594 0.12402344 0.21386719 255 40 40 1
0.10058594 0.12402344 0.21582031 255 40 40 1
0.06542969 0.10058594 0.21191406 255 40 40 1
0.10058594 0.12207031 0.21386719 255 40 40 1
0.08496094 0.11816406 0.22753906 40 230 120 2
0.08691406 0.11816406 0.22753906 40 230 120 2
0.08691406 0.12011719 0.22753906 40 230 120 2
0.05957031 0.11035156 0.25097656 255 40 40 1
0.05175781 0.10839844 0.23339844 40 230 120 2
0.04980469 0.10839844 0.23339844 40 230 120 2
0.02636719 0.11621094 0.23730469 255 40 40 1
0.04980469 0.11035156 0.23339844 40 230 120 2
0.04980469 0.10839844 0.23144531 40 230 120 2
-0.07714844 -0.16894531 0.06738281 255 40 40 1
-0.10253906 -0.15917969 0.07910156 40 230 120 2
-0.11816406 -0.15722656 0.07128906 255 40 40 1
-0.11816406 -0.15917969 0.07128906 255 40 40 1
-0.10253906 -0.15917969 0.07714844 40 230 120 2
-0.10253906 -0.16113281 0.07910156 40 230 120 2
-0.10058594 -0.15917969 0.07910156 40 230 120 2
-0.12011719 -0.15722656 0.07128906 255 40 40 1
-0.11230469 -0.15332031 0.09863281 255 40 40 1
-0.11035156 -0.15332031 0.09863281 255 40 40 1
-0.05175781 -0.15527344 0.13769531 255 40 40 1
-0.07714844 -0.15722656 0.11230469 40 230 120 2
-0.07519531 -0.15527344 0.11230469 40 230 120 2
-0.07714844 -0.15527344 0.11230469 40 230 120 2
-0.06738281 -0.16308594 0.10058594 255 40 40 1
-0.07519531 -0.15722656 0.11230469 40 230 120 2
-0.06738281 -0.16113281 0.09863281 255 40 40 1
-0.11035156 -0.14160156 0.12402344 255 40 40 1
-0.12207031 -0.14160156 0.11425781 40 230 120 2
-0.12011719 -0.14160156 0.11425781 40 230 120 2
-0.12011719 -0.14355469 0.11425781 40 230 120 2
-0.14160156 -0.13378906 0.12011719 255 40 40 1
-0.12207031 -0.14355469 0.11425781 40 230 120 2
-0.14160156 -0.13574219 0.12011719 255 40 40 1
-0.14355469 -0.14355469 0.09277344 40 230 120 2
-0.14160156 -0.14550781 0.09277344 40 230 120 2
-0.16113281 -0.14160156 0.07714844 255 40 40 1
-0.15332031 -0.13769531 0.10253906 255 40 40 1
-0.15332031 -0.13964844 0.10058594 255 40 40 1
-0.15332031 -0.13769531 0.10058594 255 40 40 1
-0.14355469 -0.14355469 0.09082031 40 230 120 2
-0.15136719 -0.13769531 0.10253906 255 40 40 1
-0.16308594 -0.14160156 0.07714844 255 40 40 1
-0.16308594 -0.14160156 0.07910156 255 40 40 1
-0.14160156 -0.14355469 0.09277344 40 230 120 2
-0.07714844 -0.16894531 0.06542969 255 40 40 1
-0.10058594 -0.16308594 0.04980469 40 230 120 2
-0.13183594 -0.15917969 0.04394531 255 40 40 1
-0.09863281 -0.16308594 0.04785156 40 230 120 2
-0.13183594 -0.15917969 0.04589844 255 40 40 1
-0.09863281 -0.16308594 0.04980469 40 230 120 2
-0.09863281 -0.16503906 0.04980469 40 230 120 2
-0.09082031 -0.16308594 0.03613281 255 40 40 1
-0.16308594 -0.14160156 0.07519531 255 40 40 1
-0.13964844 -0.15332031 0.06542969 40 230 120 2
-0.13769531 -0.15332031 0.06542969 40 230 120 2
-0.13183594 -0.15722656 0.04589844 255 40 40 1
-0.13964844 -0.15332031 0.06347656 40 230 120 2
-0.13769531 -0.15332031 0.06347656 40 230 120 2
-0.16894531 -0.13964844 0.05175781 255 40 40 1
-0.17089844 -0.13964844 0.05175781 255 40 40 1
-0.17089844 -0.13964844 0.04980469 255 40 40 1
-0.15527344 -0.14160156 0.03808594 40 230 120 2
-0.16894531 -0.12792969 0.02246094 255 40 40 1
-0.15722656 -0.14160156 0.03808594 40 230 120 2
-0.15527344 -0.14160156 0.04003906 40 230 120 2
-0.16894531 -0.12792969 0.02050781 255 40 40 1
-0.15722656 -0.14160156 0.04003906 40 230 120 2
-0.13183594 -0.15722656 0.04394531 255 40 40 1
-0.12402344 -0.15136719 0.02636719 40 230 120 2
-0.12597656 -0.15136719 0.02441406 40 230 120 2
-0.12402344 -0.15136719 0.02441406 40 230 120 2
-0.13574219 -0.14550781 0.01464844 255 40 40 1
-0.13574219 -0.14550781 0.01660156 255 40 40 1
-0.12402344 -0.14941406 0.02441406 40 230 120 2
-0.26074219 0.00683594 0.16699219 40 230 120 2
-0.25878906 0.00683594 0.16894531 40 230 120 2
-0.26269531 0.00292969 0.15527344 255 40 40 1
-0.27050781 0.01269531 0.17480469 255 40 40 1
-0.25878906 0.00683594 0.16699219 40 230 120 2
-0.27246094 0.01074219 0.17480469 255 40 40 1
-0.27246094 0.01269531 0.17480469 255 40 40 1
-0.27246094 0.01269531 0.17285156 255 40 40 1
-0.26464844 0.00292969 0.15527344 255 40 40 1
-0.26074219 0.00683594 0.16894531 40 230 120 2
-0.26074219 0.01855469 0.20214844 40 230 120 2
-0.26269531 0.01855469 0.20214844 40 230 120 2
-0.25097656 0.01660156 0.19628906 255 40 40 1
-0.26269531 0.01855469 0.20019531 40 230 120 2
-0.26269531 0.01660156 0.20019531 40 230 120 2
-0.28808594 0.02441406 0.18261719 40 230 120 2
-0.29980469 0.03808594 0.17285156 255 40 40 1
-0.28808594 0.02441406 0.20214844 255 40 40 1
-0.28613281 0.02441406 0.18457031 40 230 120 2
-0.28808594 0.02441406 0.18457031 40 230 120 2
-0.28808594 0.02246094 0.20214844 255 40 40 1
-0.28613281 0.02441406 0.18261719 40 230 120 2
-0.28222656 0.02441406 0.14355469 255 40 40 1
-0.28222656 0.02441406 0.14550781 255 40 40 1
-0.27636719 0.01464844 0.14746094 40 230 120 2
-0.27636719 0.01660156 0.14746094 40 230 120 2
-0.27636719 0.01464844 0.14941406 40 230 120 2
-0.27636719 0.01660156 0.14941406 40 230 120 2
-0.27441406 0.00878906 0.12792969 255 40 40 1
-0.19824219 -0.12011719 0.08300781 255 40 40 1
-0.21386719 -0.11035156 0.07910156 40 230 120 2
-0.20410156 -0.11621094 0.05761719 255 40 40 1
-0.19824219 -0.11816406 0.08300781 255 40 40 1
-0.21191406 -0.11035156 0.08105469 40 230 120 2
-0.21191406 -0.11035156 0.07910156 40 230 120 2
-0.19824219 -0.12011719 0.08496094 255 40 40 1
-0.19824219 -0.11816406 0.08496094 255 40 40 1
-0.21191406 -0.11035156 0.07714844 40 230 120 2
-0.22949219 -0.08496094 0.06347656 255 40 40 1
-0.21972656 -0.09277344 0.05175781 40 230 120 2
-0.21972656 -0.09277344 0.05371094 40 230 120 2
-0.22167969 -0.09277344 0.05175781 40 230 120 2
-0.21972656 -0.09472656 0.05175781 40 230 120 2
-0.20410156 -0.11621094 0.05566406 255 40 40 1
-0.20410156 -0.11425781 0.05761719 255 40 40 1
-0.20214844 -0.10839844 0.02832031 255 40 40 1
-0.19238281 -0.11621094 0.03417969 40 230 120 2
-0.20019531 -0.10839844 0.02832031 255 40 40 1
-0.19238281 -0.11621094 0.03613281 40 230 120 2
-0.19042969 -0.11621094 0.03417969 40 230 120 2
-0.19042969 -0.11621094 0.03613281 40 230 120 2
-0.17089844 -0.13769531 0.05175781 255 40 40 1
-0.17871094 -0.13378906 0.06152344 40 230 120 2
-0.18066406 -0.13183594 0.06152344 40 230 120 2
-0.17871094 -0.13183594 0.06152344 40 230 120 2
-0.17871094 -0.13183594 0.06347656 40 230 120 2
-0.20996094 -0.10644531 0.11230469 40 230 120 2
-0.21191406 -0.10644531 0.11230469 40 230 120 2
-0.20996094 -0.10839844 0.11230469 40 230 120 2
-0.20996094 -0.10644531 0.11035156 40 230 120 2
-0.23339844 -0.09472656 0.09667969 255 40 40 1
-0.21386719 -0.10449219 0.12792969 255 40 40 1
-0.21386719 -0.10644531 0.12792969 255 40 40 1
-0.18457031 -0.12207031 0.11035156 255 40 40 1
-0.18066406 -0.12792969 0.09082031 40 230 120 2
-0.18261719 -0.12792969 0.09277344 40 230 120 2
-0.18261719 -0.12597656 0.09082031 40 230 120 2
-0.18261719 -0.12792969 0.09082031 40 230 120 2
-0.16113281 -0.13183594 0.11230469 40 230 120 2
-0.18457031 -0.12207031 0.11230469 255 40 40 1
-0.15917969 -0.13183594 0.11035156 40 230 120 2
-0.16113281 -0.13183594 0.11035156 40 230 120 2
-0.15917969 -0.13183594 0.11230469 40 230 120 2
-0.14355469 -0.13378906 0.12011719 255 40 40 1
-0.16113281 -0.12207031 0.13378906 255 40 40 1
-0.18847656 -0.10058594 0.15527344 255 40 40 1
-0.17871094 -0.11425781 0.13183594 40 230 120 2
-0.18457031 -0.12011719 0.11230469 255 40 40 1
-0.17871094 -0.11425781 0.13378906 40 230 120 2
-0.17675781 -0.11425781 0.13183594 40 230 120 2
-0.17675781 -0.11425781 0.13378906 40 230 120 2
-0.22949219 -0.08496094 0.06542969 255 40 40 1
-0.23339844 -0.09277344 0.09667969 255 40 40 1
-0.23144531 -0.08496094 0.06347656 255 40 40 1
-0.23144531 -0.08496094 0.06542969 255 40 40 1
-0.23730469 -0.07324219 0.07714844 40 230 120 2
-0.23730469 -0.07519531 0.07714844 40 230 120 2
-0.24902344 -0.04589844 0.06738281 255 40 40 1
-0.23730469 -0.07519531 0.07519531 40 230 120 2
-0.23730469 -0.07324219 0.07519531 40 230 120 2
-0.25292969 -0.03613281 0.09277344 255 40 40 1
-0.25292969 -0.03613281 0.09082031 255 40 40 1
-0.25097656 -0.03613281 0.09277344 255 40 40 1
-0.24902344 -0.04394531 0.06933594 255 40 40 1
-0.24902344 -0.04394531 0.08496094 40 230 120 2
-0.24902344 -0.04589844 0.08496094 40 230 120 2
-0.24902344 -0.05566406 0.09277344 255 40 40 1
-0.25097656 -0.04394531 0.08496094 40 230 120 2
-0.25097656 -0.04589844 0.08496094 40 230 120 2
-0.25097656 -0.02050781 0.08105469 255 40 40 1
-0.25097656 -0.02246094 0.08105469 255 40 40 1
-0.25292969 -0.02050781 0.08105469 255 40 40 1
-0.25292969 -0.00488281 0.07324219 255 40 40 1
-0.25097656 -0.02441406 0.07324219 40 230 120 2
-0.25292969 -0.02246094 0.08105469 255 40 40 1
-0.25097656 -0.02050781 0.07324219 40 230 120 2
-0.24902344 -0.04394531 0.06738281 255 40 40 1
-0.25097656 -0.02246094 0.07519531 40 230 120 2
-0.25097656 -0.02246094 0.07324219 40 230 120 2
-0.25292969 -0.00097656 0.06152344 255 40 40 1
-0.25292969 0.00097656 0.06152344 255 40 40 1
-0.25097656 0.00097656 0.04394531 255 40 40 1
-0.25097656 -0.01464844 0.05566406 40 230 120 2
-0.25097656 -0.01269531 0.05566406 40 230 120 2
-0.25097656 -0.01464844 0.05761719 40 230 120 2
-0.25097656 -0.01269531 0.05761719 40 230 120 2
-0.23925781 -0.05566406 0.04785156 40 230 120 2
-0.24121094 -0.05371094 0.04785156 40 230 120 2
-0.23925781 -0.05371094 0.04980469 40 230 120 2
-0.23925781 -0.05371094 0.04785156 40 230 120 2
-0.20996094 0.13769531 0.06347656 255 40 40 1
-0.19238281 0.12207031 0.09277344 255 40 40 1
-0.21386719 0.11621094 0.08105469 40 230 120 2
-0.23925781 0.09472656 0.08496094 255 40 40 1
-0.21386719 0.11816406 0.07910156 40 230 120 2
-0.21386719 0.11816406 0.08105469 40 230 120 2
-0.23925781 0.09472656 0.08691406 255 40 40 1
-0.21386719 0.11621094 0.07910156 40 230 120 2
-0.19238281 0.12011719 0.09277344 255 40 40 1
-0.21191406 0.13769531 0.06347656 255 40 40 1
-0.18847656 0.07128906 0.14550781 255 40 40 1
-0.18652344 0.07324219 0.14550781 255 40 40 1
-0.18847656 0.07324219 0.14550781 255 40 40 1
-0.19824219 0.09277344 0.11816406 40 230 120 2
-0.19824219 0.09472656 0.11816406 40 230 120 2
-0.21386719 0.08886719 0.11816406 255 40 40 1
-0.21386719 0.08886719 0.11621094 255 40 40 1
-0.19824219 0.09277344 0.12011719 40 230 120 2
-0.19824219 0.09472656 0.12011719 40 230 120 2
-0.18652344 0.07128906 0.14550781 255 40 40 1
-0.21386719 0.09082031 0.11816406 255 40 40 1
-0.19042969 0.12011719 0.09277344 255 40 40 1
-0.15917969 0.13183594 0.10253906 255 40 40 1
-0.17089844 0.12011719 0.10449219 40 230 120 2
-0.17285156 0.12011719 0.10449219 40 230 120 2
-0.15917969 0.13378906 0.10058594 255 40 40 1
-0.17285156 0.12011719 0.10644531 40 230 120 2
-0.16894531 0.10839844 0.11816406 255 40 40 1
-0.19042969 0.12207031 0.09277344 255 40 40 1
-0.16699219 0.10839844 0.11816406 255 40 40 1
-0.15917969 0.13378906 0.10253906 255 40 40 1
-0.17285156 0.12207031 0.10449219 40 230 120 2
-0.17089844 0.15136719 0.07714844 255 40 40 1
-0.17089844 0.15332031 0.07714844 255 40 40 1
-0.18261719 0.17675781 0.04589844 255 40 40 1
-0.18261719 0.14941406 0.07128906 40 230 120 2
-0.18261719 0.14941406 0.07324219 40 230 120 2
-0.18261719 0.17675781 0.04785156 255 40 40 1
-0.18457031 0.17675781 0.04589844 255 40 40 1
-0.18066406 0.14941406 0.07324219 40 230 120 2
-0.18066406 0.14941406 0.07128906 40 230 120 2
-0.18457031 0.17675781 0.04785156 255 40 40 1
-0.23144531 0.11230469 0.05566406 40 230 120 2
-0.23925781 0.09667969 0.04980469 255 40 40 1
-0.23144531 0.11035156 0.05566406 40 230 120 2
-0.23925781 0.09277344 0.08496094 255 40 40 1
-0.21386719 0.14550781 0.03222656 255 40 40 1
-0.23144531 0.11230469 0.05761719 40 230 120 2
-0.23925781 0.09277344 0.08691406 255 40 40 1
-0.23925781 0.09667969 0.05175781 255 40 40 1
-0.22949219 0.11230469 0.05566406 40 230 120 2
-0.20410156 0.15332031 0.04589844 40 230 120 2
-0.21386719 0.14746094 0.03222656 255 40 40 1
-0.20996094 0.13769531 0.06152344 255 40 40 1
-0.20214844 0.15332031 0.04589844 40 230 120 2
-0.20214844 0.15332031 0.04785156 40 230 120 2
-0.20214844 0.15527344 0.04589844 40 230 120 2
-0.18066406 0.19433594 -0.01074219 255 40 40 1
-0.19238281 0.17480469 0.01074219 40 230 120 2
-0.18261719 0.18847656 0.01464844 255 40 40 1
-0.19238281 0.17675781 0.01074219 40 230 120 2
-0.19238281 0.17675781 0.01269531 40 230 120 2
-0.19042969 0.17675781 0.01074219 40 230 120 2
-0.18261719 0.18652344 0.01464844 255 40 40 1
-0.21191406 0.14550781 0.00488281 255 40 40 1
-0.21386719 0.14550781 0.03027344 255 40 40 1
-0.22167969 0.12792969 0.02050781 40 230 120 2
-0.20996094 0.14550781 0.00683594 255 40 40 1
-0.22167969 0.12988281 0.02050781 40 230 120 2
-0.21972656 0.12988281 0.02050781 40 230 120 2
-0.21191406 0.14550781 0.00683594 255 40 40 1
-0.22167969 0.12988281 0.02246094 40 230 120 2
-0.13574219 0.19433594 0.03222656 40 230 120 2
-0.14746094 0.18847656 0.04199219 255 40 40 1
-0.14160156 0.20800781 0.00878906 255 40 40 1
-0.14941406 0.18847656 0.04003906 255 40 40 1
-0.13574219 0.19433594 0.03027344 40 230 120 2
-0.14355469 0.20800781 0.00878906 255 40 40 1
-0.13769531 0.19433594 0.03027344 40 230 120 2
-0.14941406 0.18847656 0.04199219 255 40 40 1
-0.14355469 0.20800781 0.01074219 255 40 40 1
-0.13769531 0.19433594 0.03222656 40 230 120 2
-0.11621094 0.19238281 0.00488281 255 40 40 1
-0.12597656 0.20019531 -0.00097656 40 230 120 2
-0.12597656 0.19824219 -0.00097656 40 230 120 2
-0.12402344 0.19824219 -0.00097656 40 230 120 2
-0.12597656 0.19824219 -0.00292969 40 230 120 2
-0.14355469 0.20996094 0.00878906 255 40 40 1
-0.14941406 0.20410156 -0.00878906 40 230 120 2
-0.14941406 0.20214844 -0.00683594 40 230 120 2
-0.14941406 0.20214844 -0.00878906 40 230 120 2
-0.15136719 0.20214844 -0.00878906 40 230 120 2
-0.12988281 0.20410156 -0.02050781 255 40 40 1
-0.18066406 0.18847656 0.01464844 255 40 40 1
-0.16894531 0.19042969 0.02246094 40 230 120 2
-0.16894531 0.19238281 0.02441406 40 230 120 2
-0.18261719 0.18847656 0.01660156 255 40 40 1
-0.16894531 0.19238281 0.02246094 40 230 120 2
-0.16894531 0.19042969 0.02441406 40 230 120 2
-0.12207031 0.16699219 0.07714844 255 40 40 1
-0.12011719 0.16699219 0.07519531 255 40 40 1
-0.12792969 0.17285156 0.06347656 40 230 120 2
-0.12988281 0.17285156 0.06542969 40 230 120 2
-0.14550781 0.16308594 0.07324219 255 40 40 1
-0.12207031 0.16699219 0.07519531 255 40 40 1
-0.14550781 0.16308594 0.07128906 255 40 40 1
-0.12792969 0.17285156 0.06542969 40 230 120 2
-0.12792969 0.17089844 0.06542969 40 230 120 2
-0.14355469 0.16308594 0.07324219 255 40 40 1
-0.14941406 0.18652344 0.04199219 255 40 40 1
-0.15917969 0.17675781 0.05175781 40 230 120 2
-0.16113281 0.17675781 0.05371094 40 230 120 2
-0.15917969 0.17675781 0.05371094 40 230 120 2
-0.15917969 0.17480469 0.05371094 40 230 120 2
-0.14550781 0.16113281 0.07324219 255 40 40 1
-0.16894531 0.15136719 0.07714844 255 40 40 1
-0.15722656 0.14941406 0.08496094 40 230 120 2
-0.15722656 0.14941406 0.08300781 40 230 120 2
-0.16894531 0.15332031 0.07714844 255 40 40 1
-0.15917969 0.14941406 0.08300781 40 230 120 2
-0.15917969 0.14941406 0.08496094 40 230 120 2
-0.11816406 0.13964844 0.10644531 255 40 40 1
-0.13378906 0.14550781 0.09667969 40 230 120 2
-0.13378906 0.14550781 0.09472656 40 230 120 2
-0.13574219 0.14746094 0.09472656 40 230 120 2
-0.13378906 0.14746094 0.09472656 40 230 120 2
-0.13964844 0.13769531 0.10449219 255 40 40 1
-0.13964844 0.13769531 0.10644531 255 40 40 1
-0.22363281 0.04003906 0.19042969 255 40 40 1
-0.20019531 0.05175781 0.16699219 40 230 120 2
-0.22363281 0.04199219 0.19042969 255 40 40 1
-0.19238281 0.04003906 0.16503906 255 40 40 1
-0.19042969 0.04003906 0.16308594 255 40 40 1
-0.22363281 0.04003906 0.19238281 255 40 40 1
-0.19042969 0.04003906 0.16503906 255 40 40 1
-0.19042969 0.04199219 0.16503906 255 40 40 1
-0.20019531 0.04980469 0.16699219 40 230 120 2
-0.20019531 0.05175781 0.16894531 40 230 120 2
-0.22363281 0.04199219 0.19238281 255 40 40 1
-0.20019531 0.04980469 0.16894531 40 230 120 2
-0.24121094 0.09082031 0.21777344 255 40 40 1
-0.23925781 0.09082031 0.21777344 255 40 40 1
-0.22753906 0.06933594 0.19628906 40 230 120 2
-0.22949219 0.06933594 0.19824219 40 230 120 2
-0.22949219 0.06738281 0.19628906 40 230 120 2
-0.22167969 0.07519531 0.18066406 255 40 40 1
-0.22949219 0.06933594 0.19628906 40 230 120 2
-0.24316406 0.05566406 0.23730469 255 40 40 1
-0.24121094 0.05566406 0.23730469 255 40 40 1
-0.24121094 0.05566406 0.23535156 255 40 40 1
-0.26464844 0.02636719 0.23339844 255 40 40 1
-0.26464844 0.02636719 0.23144531 255 40 40 1
-0.24511719 0.04199219 0.22167969 40 230 120 2
-0.24121094 0.05371094 0.23730469 255 40 40 1
-0.24511719 0.04003906 0.22167969 40 230 120 2
-0.24316406 0.04003906 0.22167969 40 230 120 2
-0.24316406 0.04199219 0.22167969 40 230 120 2
-0.24902344 0.01855469 0.19628906 255 40 40 1
-0.24902344 0.01660156 0.19628906 255 40 40 1
-0.23730469 0.02050781 0.18652344 40 230 120 2
-0.23925781 0.02050781 0.18652344 40 230 120 2
-0.23925781 0.02050781 0.18847656 40 230 120 2
-0.23730469 0.02050781 0.18847656 40 230 120 2
-0.21972656 0.01660156 0.17285156 255 40 40 1
-0.21777344 0.01464844 0.17089844 255 40 40 1
-0.19824219 0.02050781 0.16503906 255 40 40 1
-0.21386719 0.02636719 0.17675781 40 230 120 2
-0.19824219 0.02246094 0.16503906 255 40 40 1
-0.21386719 0.02441406 0.17480469 40 230 120 2
-0.21386719 0.02636719 0.17480469 40 230 120 2
-0.21777344 0.01464844 0.17285156 255 40 40 1
-0.21386719 0.02441406 0.17675781 40 230 120 2
-0.21972656 0.01464844 0.17285156 255 40 40 1
-0.05175781 -0.15527344 0.13964844 255 40 40 1
-0.03808594 -0.15136719 0.16894531 40 230 120 2
-0.05566406 -0.14160156 0.15722656 255 40 40 1
-0.05566406 -0.14160156 0.15917969 255 40 40 1
-0.05566406 -0.14355469 0.15722656 255 40 40 1
-0.04980469 -0.15527344 0.13964844 255 40 40 1
-0.05371094 -0.14160156 0.15917969 255 40 40 1
-0.03613281 -0.15332031 0.16894531 40 230 120 2
-0.03613281 -0.15136719 0.16699219 40 230 120 2
-0.03613281 -0.15136719 0.16894531 40 230 120 2
0.05175781 -0.22167969 0.24121094 255 40 40 1
-0.00097656 -0.16113281 0.21191406 255 40 40 1
0.04980469 -0.22167969 0.24316406 255 40 40 1
0.01855469 -0.18847656 0.21386719 40 230 120 2
0.00292969 -0.18066406 0.19433594 255 40 40 1
0.05175781 -0.22167969 0.24316406 255 40 40 1
0.00488281 -0.18066406 0.19238281 255 40 40 1
0.00292969 -0.18066406 0.19238281 255 40 40 1
-0.00097656 -0.16113281 0.20996094 255 40 40 1
0.01855469 -0.18847656 0.21582031 40 230 120 2
0.01855469 -0.18652344 0.21582031 40 230 120 2
0.02050781 -0.18847656 0.21582031 40 230 120 2
0.05761719 -0.18261719 0.28808594 255 40 40 1
0.04785156 -0.20410156 0.26855469 255 40 40 1
0.03417969 -0.18261719 0.25683594 40 230 120 2
0.03613281 -0.18261719 0.25683594 40 230 120 2
0.03613281 -0.18066406 0.25683594 40 230 120 2
0.03417969 -0.18066406 0.25683594 40 230 120 2
0.04589844 -0.20410156 0.26855469 255 40 40 1
0.04785156 -0.20410156 0.27050781 255 40 40 1
-0.00097656 -0.15917969 0.21191406 255 40 40 1
0.02636719 -0.14355469 0.25097656 255 40 40 1
0.02636719 -0.14550781 0.25097656 255 40 40 1
0.00878906 -0.13964844 0.23144531 40 230 120 2
0.00878906 -0.13769531 0.22949219 40 230 120 2
-0.00097656 -0.15917969 0.20996094 255 40 40 1
0.01074219 -0.13964844 0.22949219 40 230 120 2
0.00878906 -0.13964844 0.22949219 40 230 120 2
0.00292969 -0.11425781 0.22753906 255 40 40 1
-0.05371094 -0.12597656 0.16503906 255 40 40 1
-0.02832031 -0.13574219 0.19042969 40 230 120 2
-0.02832031 -0.13769531 0.19042969 40 230 120 2
-0.02832031 -0.13769531 0.18847656 40 230 120 2
-0.02832031 -0.13574219 0.18847656 40 230 120 2
-0.02832031 -0.12597656 0.19433594 255 40 40 1
-0.03027344 -0.12402344 0.19433594 255 40 40 1
-0.02832031 -0.12402344 0.19433594 255 40 40 1
-0.10449219 0.07128906 0.15332031 255 40 40 1
-0.14160156 0.06738281 0.14941406 255 40 40 1
-0.14355469 0.06738281 0.14941406 255 40 40 1
-0.13964844 0.10449219 0.13183594 255 40 40 1
-0.13769531 0.10449219 0.12988281 255 40 40 1
-0.13964844 0.10449219 0.12988281 255 40 40 1
-0.12792969 0.08300781 0.14550781 40 230 120 2
-0.14355469 0.06933594 0.14941406 255 40 40 1
-0.12792969 0.08105469 0.14550781 40 230 120 2
-0.10253906 0.07128906 0.15332031 255 40 40 1
-0.12792969 0.08105469 0.14355469 40 230 120 2
-0.12792969 0.08300781 0.14355469 40 230 120 2
-0.10253906 0.07324219 0.15332031 255 40 40 1
-0.12207031 0.11621094 0.12402344 40 230 120 2
-0.12011719 0.11816406 0.12402344 40 230 120 2
-0.12207031 0.11816406 0.12402344 40 230 120 2
-0.10839844 0.10839844 0.13183594 255 40 40 1
-0.12207031 0.11816406 0.12207031 40 230 120 2
-0.13964844 0.10644531 0.12988281 255 40 40 1
-0.13964844 0.13574219 0.10644531 255 40 40 1
-0.15722656 0.13378906 0.10253906 255 40 40 1
-0.14550781 0.12597656 0.11425781 40 230 120 2
-0.14550781 0.12597656 0.11230469 40 230 120 2
-0.14746094 0.12597656 0.11230469 40 230 120 2
-0.14160156 0.13769531 0.10644531 255 40 40 1
-0.14550781 0.12402344 0.11230469 40 230 120 2
-0.16308594 0.09472656 0.13183594 40 230 120 2
-0.16503906 0.09667969 0.13183594 40 230 120 2
-0.16503906 0.09472656 0.13183594 40 230 120 2
-0.16699219 0.10644531 0.11816406 255 40 40 1
-0.16503906 0.09472656 0.12988281 40 230 120 2
-0.16894531 0.10644531 0.11816406 255 40 40 1
-0.07519531 -0.13183594 0.15722656 40 230 120 2
-0.07519531 -0.12988281 0.15527344 40 230 120 2
-0.07519531 -0.13183594 0.15527344 40 230 120 2
-0.07714844 -0.13183594 0.15527344 40 230 120 2
-0.08691406 -0.11230469 0.15917969 255 40 40 1
-0.10449219 -0.11230469 0.15722656 40 230 120 2
-0.10449219 -0.11230469 0.15527344 40 230 120 2
-0.10644531 -0.11230469 0.15722656 40 230 120 2
-0.10644531 -0.11230469 0.15527344 40 230 120 2
-0.11230469 -0.09863281 0.16308594 255 40 40 1
-0.11621094 -0.12597656 0.14550781 255 40 40 1
-0.11425781 -0.12597656 0.14550781 255 40 40 1
-0.18847656 -0.09863281 0.15527344 255 40 40 1
-0.14160156 -0.09667969 0.15722656 255 40 40 1
-0.14355469 -0.09667969 0.15722656 255 40 40 1
-0.14941406 -0.10839844 0.15332031 40 230 120 2
-0.14941406 -0.10839844 0.15136719 40 230 120 2
-0.14355469 -0.09667969 0.15527344 255 40 40 1
-0.18652344 -0.09863281 0.15527344 255 40 40 1
-0.14746094 -0.10839844 0.15332031 40 230 120 2
-0.14941406 -0.10644531 0.15332031 40 230 120 2
-0.11621094 -0.12792969 0.14550781 255 40 40 1
-0.15917969 -0.12207031 0.13378906 255 40 40 1
-0.14160156 -0.12792969 0.13378906 40 230 120 2
-0.13964844 -0.12792969 0.13183594 40 230 120 2
-0.13964844 -0.12792969 0.13378906 40 230 120 2
-0.14160156 -0.12792969 0.13183594 40 230 120 2
-0.14160156 -0.13378906 0.12207031 255 40 40 1
-0.15917969 -0.12402344 0.13378906 255 40 40 1
-0.09277344 -0.13964844 0.13574219 40 230 120 2
-0.10839844 -0.14160156 0.12402344 255 40 40 1
-0.10839844 -0.13964844 0.12402344 255 40 40 1
-0.11425781 -0.12792969 0.14550781 255 40 40 1
-0.09277344 -0.14160156 0.13574219 40 230 120 2
-0.09082031 -0.14160156 0.13574219 40 230 120 2
-0.09082031 -0.13964844 0.13574219 40 230 120 2
-0.19824219 0.07324219 0.26855469 255 40 40 1
-0.21582031 0.08300781 0.24707031 255 40 40 1
-0.20410156 0.08300781 0.27246094 255 40 40 1
-0.20605469 0.07910156 0.26269531 40 230 120 2
-0.20605469 0.07910156 0.26464844 40 230 120 2
-0.20605469 0.08105469 0.26269531 40 230 120 2
-0.20410156 0.08300781 0.27050781 255 40 40 1
-0.20410156 0.07910156 0.26269531 40 230 120 2
-0.19824219 0.07324219 0.27050781 255 40 40 1
-0.26269531 0.09472656 0.19433594 40 230 120 2
-0.26269531 0.09472656 0.19628906 40 230 120 2
-0.26269531 0.11035156 0.18847656 255 40 40 1
-0.26660156 0.09082031 0.18847656 255 40 40 1
-0.26269531 0.11035156 0.18652344 255 40 40 1
-0.26074219 0.09472656 0.19433594 40 230 120 2
-0.26269531 0.09277344 0.19433594 40 230 120 2
-0.21386719 -0.10253906 0.14550781 40 230 120 2
-0.21582031 -0.10253906 0.14550781 40 230 120 2
-0.21582031 -0.10253906 0.14746094 40 230 120 2
-0.21386719 -0.10449219 0.12988281 255 40 40 1
-0.21386719 -0.10253906 0.14746094 40 230 120 2
-0.21386719 -0.10644531 0.12988281 255 40 40 1
-0.22558594 -0.09472656 0.18457031 255 40 40 1
-0.22558594 -0.09472656 0.18261719 255 40 40 1
-0.24121094 -0.10253906 0.15722656 255 40 40 1
-0.24121094 -0.10058594 0.18652344 40 230 120 2
-0.23925781 -0.10058594 0.18652344 40 230 120 2
-0.23925781 -0.09863281 0.18652344 40 230 120 2
-0.24121094 -0.10058594 0.18847656 40 230 120 2
-0.29003906 -0.09277344 0.16113281 255 40 40 1
-0.29199219 -0.09277344 0.16113281 255 40 40 1
-0.24121094 -0.10253906 0.15527344 255 40 40 1
-0.27050781 -0.10253906 0.16894531 40 230 120 2
-0.27050781 -0.10253906 0.16699219 40 230 120 2
-0.27246094 -0.11035156 0.18652344 255 40 40 1
-0.27246094 -0.11035156 0.18847656 255 40 40 1
-0.26855469 -0.10253906 0.16699219 40 230 120 2
-0.26855469 -0.10253906 0.16894531 40 230 120 2
-0.24121094 -0.10449219 0.15722656 255 40 40 1
-0.27441406 -0.11035156 0.18847656 255 40 40 1
-0.24316406 -0.10253906 0.15527344 255 40 40 1
-0.27441406 -0.11035156 0.18652344 255 40 40 1
-0.23535156 -0.09472656 0.09667969 255 40 40 1
-0.24511719 -0.09667969 0.12597656 40 230 120 2
-0.24511719 -0.09472656 0.12597656 40 230 120 2
-0.24511719 -0.09667969 0.12792969 40 230 120 2
-0.24511719 -0.09472656 0.12792969 40 230 120 2
-0.25878906 -0.08886719 0.12988281 255 40 40 1
0.13183594 -0.05175781 0.31933594 255 40 40 1
0.13378906 -0.05175781 0.31933594 255 40 40 1
0.12988281 -0.03417969 0.32519531 40 230 120 2
0.12988281 -0.03417969 0.32324219 40 230 120 2
0.12988281 -0.03613281 0.32519531 40 230 120 2
0.12988281 -0.03613281 0.32324219 40 230 120 2
-0.23144531 0.09863281 0.23339844 255 40 40 1
-0.21972656 0.08691406 0.24121094 40 230 120 2
-0.23144531 0.09863281 0.23535156 255 40 40 1
-0.21386719 0.07714844 0.23730469 255 40 40 1
-0.21582031 0.08496094 0.24707031 255 40 40 1
-0.22167969 0.08691406 0.23925781 40 230 120 2
-0.21972656 0.08691406 0.23925781 40 230 120 2
-0.21582031 0.07714844 0.23730469 255 40 40 1
-0.21972656 0.08496094 0.23925781 40 230 120 2
-0.27441406 0.05175781 0.11816406 255 40 40 1
-0.25292969 0.05371094 0.08886719 255 40 40 1
-0.26269531 0.04589844 0.09863281 40 230 120 2
-0.25683594 0.03222656 0.08886719 255 40 40 1
-0.25683594 0.03027344 0.09082031 255 40 40 1
-0.25683594 0.03027344 0.08886719 255 40 40 1
-0.25488281 0.05371094 0.08886719 255 40 40 1
-0.25683594 0.03222656 0.09082031 255 40 40 1
-0.26074219 0.04394531 0.09863281 40 230 120 2
-0.26074219 0.04589844 0.09863281 40 230 120 2
-0.26269531 0.04394531 0.09863281 40 230 120 2
-0.27441406 0.00878906 0.12402344 255 40 40 1
-0.27050781 0.02832031 0.11621094 40 230 120 2
-0.27246094 0.02832031 0.11621094 40 230 120 2
-0.27441406 0.00878906 0.12597656 255 40 40 1
-0.26660156 0.02246094 0.10449219 255 40 40 1
-0.26660156 0.02050781 0.10449219 255 40 40 1
-0.27246094 0.02636719 0.11621094 40 230 120 2
-0.27050781 0.02636719 0.11621094 40 230 120 2
-0.27441406 0.05175781 0.12011719 255 40 40 1
-0.29980469 0.03808594 0.17089844 255 40 40 1
-0.28613281 0.03808594 0.14550781 40 230 120 2
-0.28417969 0.02441406 0.14355469 255 40 40 1
-0.29980469 0.04003906 0.17089844 255 40 40 1
-0.28417969 0.02441406 0.14550781 255 40 40 1
-0.28613281 0.03808594 0.14355469 40 230 120 2
-0.28613281 0.04003906 0.14550781 40 230 120 2
-0.28613281 0.03808594 0.14746094 40 230 120 2
-0.30371094 0.07128906 0.15527344 255 40 40 1
-0.30371094 0.06933594 0.15527344 255 40 40 1
-0.29199219 0.10449219 0.15722656 255 40 40 1
-0.27441406 0.05371094 0.12011719 255 40 40 1
-0.30371094 0.06933594 0.15332031 255 40 40 1
-0.30371094 0.07128906 0.15332031 255 40 40 1
-0.29003906 0.07714844 0.14550781 40 230 120 2
-0.29199219 0.10644531 0.15722656 255 40 40 1
-0.29003906 0.07519531 0.14550781 40 230 120 2
-0.29003906 0.07714844 0.14355469 40 230 120 2
-0.29003906 0.07519531 0.14355469 40 230 120 2
-0.26269531 0.08886719 0.12402344 255 40 40 1
-0.27441406 0.05371094 0.11816406 255 40 40 1
-0.25878906 0.07714844 0.11035156 40 230 120 2
-0.25878906 0.07910156 0.11035156 40 230 120 2
-0.26074219 0.07910156 0.11035156 40 230 120 2
-0.25878906 0.07910156 0.10839844 40 230 120 2
-0.24902344 0.06347656 0.08105469 40 230 120 2
-0.25292969 0.05566406 0.08886719 255 40 40 1
-0.25488281 0.04394531 0.06347656 255 40 40 1
-0.25488281 0.04589844 0.06347656 255 40 40 1
-0.24902344 0.06347656 0.07910156 40 230 120 2
-0.24902344 0.06152344 0.07910156 40 230 120 2
-0.25097656 0.06152344 0.07910156 40 230 120 2
-0.24511719 0.07910156 0.04589844 40 230 120 2
-0.24511719 0.07714844 0.04589844 40 230 120 2
-0.24121094 0.09472656 0.05175781 255 40 40 1
-0.25488281 0.04394531 0.06152344 255 40 40 1
-0.23925781 0.09472656 0.05175781 255 40 40 1
-0.24511719 0.07714844 0.04785156 40 230 120 2
-0.24511719 0.07910156 0.04785156 40 230 120 2
-0.25292969 0.04394531 0.03808594 255 40 40 1
-0.25292969 0.04589844 0.03808594 255 40 40 1
-0.25292969 0.03027344 0.04589844 40 230 120 2
-0.25292969 0.02832031 0.04589844 40 230 120 2
-0.25292969 0.02832031 0.04785156 40 230 120 2
-0.25292969 0.03027344 0.04785156 40 230 120 2
-0.25292969 -0.00097656 0.07324219 255 40 40 1
-0.25292969 0.00097656 0.07324219 255 40 40 1
-0.25292969 0.01464844 0.06542969 40 230 120 2
-0.25488281 0.01464844 0.06738281 40 230 120 2
-0.25292969 0.01660156 0.06542969 40 230 120 2
-0.25292969 0.01464844 0.06738281 40 230 120 2
-0.25488281 0.01660156 0.07910156 255 40 40 1
-0.25488281 0.03027344 0.07519531 40 230 120 2
-0.25488281 0.03027344 0.07714844 40 230 120 2
-0.25488281 0.02832031 0.07714844 40 230 120 2
-0.25488281 0.03027344 0.07910156 40 230 120 2
-0.14941406 -0.08300781 0.45996094 255 40 40 1
-0.13964844 -0.09472656 0.45605469 255 40 40 1
-0.13964844 -0.09667969 0.45605469 255 40 40 1
-0.13964844 -0.09667969 0.45410156 255 40 40 1
-0.14550781 -0.09277344 0.45605469 40 230 120 2
-0.14941406 -0.09277344 0.45214844 255 40 40 1
-0.14941406 -0.09472656 0.45214844 255 40 40 1
-0.14550781 -0.09082031 0.45605469 40 230 120 2
-0.14550781 -0.09082031 0.45800781 40 230 120 2
-0.14550781 -0.08886719 0.45605469 40 230 120 2
-0.14941406 -0.09472656 0.45410156 255 40 40 1
0.13378906 -0.05175781 0.31738281 255 40 40 1
0.13574219 -0.05566406 0.31347656 40 230 120 2
0.13769531 -0.05761719 0.31347656 40 230 120 2
0.13574219 -0.05761719 0.31347656 40 230 120 2
0.14550781 -0.04589844 0.30761719 255 40 40 1
0.13769531 -0.05566406 0.31347656 40 230 120 2
-0.11621094 0.04394531 0.16113281 40 230 120 2
-0.11621094 0.04199219 0.16113281 40 230 120 2
-0.10058594 0.03027344 0.16699219 255 40 40 1
-0.09863281 0.03222656 0.16699219 255 40 40 1
-0.11816406 0.04199219 0.16113281 40 230 120 2
-0.10058594 0.03222656 0.16699219 255 40 40 1
-0.11816406 0.04394531 0.16113281 40 230 120 2
-0.14941406 0.02636719 0.16308594 255 40 40 1
-0.15917969 0.05566406 0.15332031 40 230 120 2
-0.16113281 0.05761719 0.15332031 40 230 120 2
-0.16113281 0.05371094 0.15332031 40 230 120 2
-0.16113281 0.05566406 0.15332031 40 230 120 2
-0.14355469 0.06738281 0.15136719 255 40 40 1
-0.15136719 0.02832031 0.16308594 255 40 40 1
-0.19824219 0.02246094 0.16308594 255 40 40 1
-0.18066406 0.02832031 0.16503906 40 230 120 2
-0.18066406 0.02832031 0.16308594 40 230 120 2
-0.17871094 0.02832031 0.16503906 40 230 120 2
-0.18066406 0.03027344 0.16503906 40 230 120 2
-0.15136719 0.02636719 0.16308594 255 40 40 1
-0.16894531 0.00683594 0.16503906 40 230 120 2
-0.17089844 -0.01074219 0.16699219 255 40 40 1
-0.16699219 0.00683594 0.16503906 40 230 120 2
-0.18261719 0.00488281 0.16503906 255 40 40 1
-0.16894531 0.00488281 0.16503906 40 230 120 2
-0.18261719 0.00683594 0.16503906 255 40 40 1
-0.16894531 0.00878906 0.16503906 40 230 120 2
-0.12792969 0.00097656 0.17285156 40 230 120 2
-0.12597656 0.00097656 0.17480469 40 230 120 2
-0.14160156 -0.01269531 0.17089844 255 40 40 1
-0.14941406 0.02636719 0.16503906 255 40 40 1
-0.14160156 -0.01269531 0.17285156 255 40 40 1
-0.12597656 0.00097656 0.17285156 40 230 120 2
-0.12792969 0.00292969 0.17285156 40 230 120 2
-0.27050781 -0.01269531 0.15136719 40 230 120 2
-0.27050781 -0.01464844 0.15136719 40 230 120 2
-0.26855469 -0.01464844 0.14941406 40 230 120 2
-0.26464844 -0.01269531 0.15332031 255 40 40 1
-0.26464844 -0.01269531 0.15136719 255 40 40 1
-0.27050781 -0.01464844 0.14941406 40 230 120 2
-0.27246094 -0.01269531 0.16894531 255 40 40 1
-0.28808594 -0.02050781 0.16113281 40 230 120 2
-0.28808594 -0.02050781 0.15917969 40 230 120 2
-0.28808594 -0.02050781 0.15722656 40 230 120 2
-0.28417969 -0.02246094 0.14160156 255 40 40 1
-0.28613281 -0.02246094 0.14160156 255 40 40 1
-0.28613281 -0.02050781 0.15917969 40 230 120 2
-0.30371094 -0.02636719 0.16699219 255 40 40 1
-0.26660156 -0.02050781 0.22753906 255 40 40 1
-0.29199219 -0.00878906 0.20019531 255 40 40 1
-0.27832031 -0.01464844 0.19824219 40 230 120 2
-0.27832031 -0.01464844 0.20019531 40 230 120 2
-0.29199219 -0.01074219 0.19824219 255 40 40 1
-0.29199219 -0.00878906 0.19824219 255 40 40 1
-0.27636719 -0.01464844 0.19824219 40 230 120 2
-0.27441406 -0.01269531 0.17089844 255 40 40 1
-0.29003906 -0.00878906 0.19824219 255 40 40 1
-0.27246094 -0.01269531 0.17089844 255 40 40 1
-0.27636719 -0.01464844 0.20019531 40 230 120 2
-0.27246094 -0.01269531 0.17285156 255 40 40 1
-0.24511719 -0.01855469 0.17285156 255 40 40 1
-0.25292969 -0.02441406 0.19238281 255 40 40 1
-0.25683594 -0.01855469 0.17675781 40 230 120 2
-0.25488281 -0.01855469 0.17675781 40 230 120 2
-0.25488281 -0.01855469 0.17871094 40 230 120 2
-0.25683594 -0.01855469 0.17871094 40 230 120 2
-0.25097656 -0.02441406 0.19238281 255 40 40 1
-0.19238281 -0.06347656 0.16894531 255 40 40 1
-0.20019531 -0.04394531 0.16503906 255 40 40 1
-0.20605469 -0.05566406 0.17480469 40 230 120 2
-0.20605469 -0.05371094 0.17480469 40 230 120 2
-0.19238281 -0.06347656 0.16699219 255 40 40 1
-0.20800781 -0.05371094 0.17480469 40 230 120 2
-0.20800781 -0.05566406 0.17480469 40 230 120 2
-0.20019531 -0.04394531 0.16699219 255 40 40 1
-0.22949219 -0.05566406 0.19042969 255 40 40 1
-0.23144531 -0.03417969 0.17871094 40 230 120 2
-0.22167969 -0.03417969 0.17285156 255 40 40 1
-0.24316406 -0.02050781 0.17285156 255 40 40 1
-0.22167969 -0.03222656 0.17480469 255 40 40 1
-0.23144531 -0.03613281 0.18066406 40 230 120 2
-0.23339844 -0.03613281 0.17871094 40 230 120 2
-0.23144531 -0.03613281 0.17871094 40 230 120 2
-0.22167969 -0.03222656 0.17285156 255 40 40 1
-0.26464844 -0.02246094 0.22753906 255 40 40 1
-0.24902344 -0.03222656 0.20410156 40 230 120 2
-0.25292969 -0.02636719 0.19238281 255 40 40 1
-0.22949219 -0.05566406 0.19238281 255 40 40 1
-0.25097656 -0.02636719 0.19238281 255 40 40 1
-0.24902344 -0.03417969 0.20214844 40 230 120 2
-0.26464844 -0.02050781 0.22753906 255 40 40 1
-0.24902344 -0.03417969 0.20410156 40 230 120 2
-0.24902344 -0.03417969 0.20605469 40 230 120 2
-0.25097656 -0.05957031 0.23730469 255 40 40 1
-0.25097656 -0.05957031 0.23535156 255 40 40 1
-0.25097656 -0.06152344 0.23535156 255 40 40 1
-0.25292969 -0.10253906 0.22363281 255 40 40 1
-0.25292969 -0.10058594 0.22167969 255 40 40 1
-0.25292969 -0.10253906 0.22167969 255 40 40 1
-0.24511719 -0.07324219 0.21582031 40 230 120 2
-0.25097656 -0.06152344 0.23730469 255 40 40 1
-0.22949219 -0.05761719 0.19238281 255 40 40 1
-0.24316406 -0.07324219 0.21582031 40 230 120 2
-0.24511719 -0.07324219 0.21777344 40 230 120 2
-0.24511719 -0.07128906 0.21777344 40 230 120 2
-0.22558594 -0.09277344 0.18261719 255 40 40 1
-0.22949219 -0.05761719 0.19042969 255 40 40 1
-0.21386719 -0.08300781 0.17480469 40 230 120 2
-0.21386719 -0.08300781 0.17675781 40 230 120 2
-0.21386719 -0.08105469 0.17675781 40 230 120 2
-0.21582031 -0.08300781 0.17675781 40 230 120 2
-0.21582031 0.08886719 0.11816406 255 40 40 1
-0.22949219 0.09082031 0.11816406 40 230 120 2
-0.23144531 0.09082031 0.11816406 40 230 120 2
-0.23339844 0.09082031 0.11816406 40 230 120 2
-0.23144531 0.09082031 0.12011719 40 230 120 2
-0.29003906 0.10644531 0.15722656 255 40 40 1
-0.24121094 0.09082031 0.15136719 255 40 40 1
-0.26464844 0.08886719 0.12597656 255 40 40 1
-0.26464844 0.09472656 0.14550781 40 230 120 2
-0.26269531 0.08886719 0.12597656 255 40 40 1
-0.26660156 0.09472656 0.14550781 40 230 120 2
-0.26464844 0.09667969 0.14550781 40 230 120 2
-0.29003906 0.10449219 0.15722656 255 40 40 1
-0.26464844 0.09472656 0.14355469 40 230 120 2
-0.24121094 0.09277344 0.21777344 255 40 40 1
-0.23925781 0.09082031 0.15332031 255 40 40 1
-0.24121094 0.09082031 0.15332031 255 40 40 1
-0.24707031 0.09863281 0.18652344 40 230 120 2
-0.26074219 0.11035156 0.18652344 255 40 40 1
-0.24902344 0.09863281 0.18652344 40 230 120 2
-0.26074219 0.10839844 0.18652344 255 40 40 1
-0.24707031 0.09863281 0.18457031 40 230 120 2
-0.24707031 0.09667969 0.18652344 40 230 120 2
-0.21582031 0.07910156 0.15722656 40 230 120 2
-0.22167969 0.07519531 0.17871094 255 40 40 1
-0.21972656 0.07519531 0.17871094 255 40 40 1
-0.21777344 0.07910156 0.15917969 40 230 120 2
-0.23925781 0.09082031 0.15136719 255 40 40 1
-0.21582031 0.07910156 0.15917969 40 230 120 2
-0.21582031 0.07910156 0.16113281 40 230 120 2
-0.27441406 -0.01660156 0.12402344 255 40 40 1
-0.26464844 -0.02832031 0.10644531 255 40 40 1
-0.26464844 -0.02636719 0.10449219 255 40 40 1
-0.26660156 -0.01660156 0.10644531 40 230 120 2
-0.26269531 -0.00488281 0.09472656 255 40 40 1
-0.26464844 -0.02832031 0.10449219 255 40 40 1
-0.26074219 -0.00488281 0.09472656 255 40 40 1
-0.26660156 -0.01660156 0.10839844 40 230 120 2
-0.26660156 -0.01464844 0.10839844 40 230 120 2
-0.26855469 -0.01660156 0.10839844 40 230 120 2
-0.27050781 -0.00488281 0.12011719 255 40 40 1
-0.27441406 0.00683594 0.12597656 255 40 40 1
-0.26855469 -0.00097656 0.11425781 40 230 120 2
-0.26855469 0.00097656 0.11425781 40 230 120 2
-0.27050781 -0.00488281 0.11816406 255 40 40 1
-0.26855469 -0.00097656 0.11230469 40 230 120 2
-0.27050781 -0.00097656 0.11425781 40 230 120 2
-0.26074219 0.01464844 0.09667969 40 230 120 2
-0.26074219 0.01660156 0.09472656 40 230 120 2
-0.26074219 0.01464844 0.09472656 40 230 120 2
-0.26074219 0.01660156 0.09667969 40 230 120 2
-0.26464844 0.02050781 0.10449219 255 40 40 1
-0.26074219 -0.00292969 0.09472656 255 40 40 1
-0.26269531 -0.00292969 0.09472656 255 40 40 1
-0.25683594 0.00488281 0.08300781 40 230 120 2
-0.25683594 0.00292969 0.08300781 40 230 120 2
-0.25488281 0.01464844 0.07910156 255 40 40 1
-0.25683594 0.00292969 0.08105469 40 230 120 2
-0.25683594 0.00488281 0.08105469 40 230 120 2
-0.25292969 -0.03417969 0.09277344 255 40 40 1
-0.25683594 -0.02050781 0.09082031 40 230 120 2
-0.25488281 -0.02050781 0.08886719 40 230 120 2
-0.25488281 -0.01855469 0.08886719 40 230 120 2
-0.25488281 -0.02050781 0.09082031 40 230 120 2
-0.22558594 0.00292969 0.17089844 40 230 120 2
-0.22363281 0.00488281 0.17089844 40 230 120 2
-0.22558594 0.00292969 0.17285156 40 230 120 2
-0.21191406 -0.00878906 0.16699219 255 40 40 1
-0.22363281 0.00292969 0.17089844 40 230 120 2
-0.24121094 0.00488281 0.17480469 255 40 40 1
-0.21191406 -0.01074219 0.16699219 255 40 40 1
-0.23144531 -0.01074219 0.16894531 40 230 120 2
-0.23144531 -0.01269531 0.16894531 40 230 120 2
-0.23339844 -0.01269531 0.16894531 40 230 120 2
-0.23339844 -0.01074219 0.16894531 40 230 120 2
-0.24316406 -0.01855469 0.17285156 255 40 40 1
-0.20996094 -0.02832031 0.16894531 40 230 120 2
-0.21191406 -0.02832031 0.16894531 40 230 120 2
-0.20214844 -0.04394531 0.16503906 255 40 40 1
-0.20996094 -0.03027344 0.16894531 40 230 120 2
-0.20996094 -0.01074219 0.16699219 255 40 40 1
-0.21972656 -0.03222656 0.17285156 255 40 40 1
-0.20019531 -0.04199219 0.16503906 255 40 40 1
-0.20996094 -0.02832031 0.16699219 40 230 120 2
-0.18261719 -0.03027344 0.16503906 255 40 40 1
-0.18457031 -0.02832031 0.16503906 255 40 40 1
-0.18457031 -0.03027344 0.16503906 255 40 40 1
-0.18652344 -0.01855469 0.16699219 40 230 120 2
-0.18847656 -0.01855469 0.16699219 40 230 120 2
-0.18847656 -0.01855469 0.16503906 40 230 120 2
-0.18261719 -0.02832031 0.16503906 255 40 40 1
-0.18847656 -0.01660156 0.16699219 40 230 120 2
-0.17089844 -0.01269531 0.16699219 255 40 40 1
-0.17089844 -0.01464844 0.16699219 255 40 40 1
-0.18457031 0.00683594 0.16503906 255 40 40 1
-0.19824219 0.00683594 0.16503906 40 230 120 2
-0.19628906 0.00488281 0.16503906 40 230 120 2
-0.20996094 -0.00878906 0.16699219 255 40 40 1
-0.19628906 0.00683594 0.16503906 40 230 120 2
-0.19824219 0.02050781 0.16308594 255 40 40 1
-0.18457031 0.00488281 0.16503906 255 40 40 1
-0.19824219 0.00488281 0.16503906 40 230 120 2
-0.26074219 -0.00683594 0.14355469 255 40 40 1
-0.26855469 -0.00878906 0.12792969 40 230 120 2
-0.27441406 -0.01660156 0.12597656 255 40 40 1
-0.27441406 -0.01464844 0.12597656 255 40 40 1
-0.26855469 -0.01074219 0.12792969 40 230 120 2
-0.26855469 -0.00878906 0.12988281 40 230 120 2
-0.26855469 -0.01074219 0.12988281 40 230 120 2
-0.25878906 -0.00683594 0.14746094 255 40 40 1
-0.25878906 -0.00683594 0.14550781 255 40 40 1
-0.26269531 -0.01269531 0.15332031 255 40 40 1
-0.25683594 -0.01269531 0.15722656 40 230 120 2
-0.25683594 -0.01269531 0.15527344 40 230 120 2
-0.26074219 -0.00683594 0.14550781 255 40 40 1
-0.25488281 -0.01269531 0.15527344 40 230 120 2
-0.25488281 -0.01269531 0.15722656 40 230 120 2
-0.24316406 0.00488281 0.17480469 255 40 40 1
-0.24707031 -0.00292969 0.16113281 40 230 120 2
-0.24902344 -0.00292969 0.16308594 40 230 120 2
-0.24707031 -0.00292969 0.16308594 40 230 120 2
-0.24707031 -0.00488281 0.16308594 40 230 120 2
-0.26660156 0.00292969 0.14160156 40 230 120 2
-0.26464844 0.00292969 0.15332031 255 40 40 1
-0.26464844 0.00097656 0.14160156 40 230 120 2
-0.26660156 0.00097656 0.14160156 40 230 120 2
-0.26660156 0.00097656 0.14355469 40 230 120 2
-0.27246094 -0.05371094 0.12011719 255 40 40 1
-0.23535156 -0.09277344 0.09667969 255 40 40 1
-0.25292969 -0.06738281 0.10449219 40 230 120 2
-0.24707031 -0.05566406 0.09472656 255 40 40 1
-0.25097656 -0.06738281 0.10253906 40 230 120 2
-0.25097656 -0.06738281 0.10449219 40 230 120 2
-0.25292969 -0.06738281 0.10253906 40 230 120 2
-0.24902344 -0.05566406 0.09472656 255 40 40 1
-0.27246094 -0.05175781 0.12011719 255 40 40 1
-0.29199219 -0.09277344 0.15917969 255 40 40 1
-0.29003906 -0.09277344 0.15917969 255 40 40 1
-0.27441406 -0.07714844 0.13574219 40 230 120 2
-0.27246094 -0.05371094 0.12207031 255 40 40 1
-0.27441406 -0.07910156 0.13769531 40 230 120 2
-0.26074219 -0.08691406 0.12988281 255 40 40 1
-0.26074219 -0.08886719 0.12988281 255 40 40 1
-0.27441406 -0.07714844 0.13769531 40 230 120 2
-0.27636719 -0.07714844 0.13769531 40 230 120 2
-0.30566406 -0.02636719 0.16699219 255 40 40 1
-0.30566406 -0.02832031 0.16699219 255 40 40 1
-0.30175781 -0.05761719 0.15332031 255 40 40 1
-0.29394531 -0.04589844 0.14746094 40 230 120 2
-0.30371094 -0.05761719 0.15332031 255 40 40 1
-0.29394531 -0.04589844 0.14550781 40 230 120 2
-0.29394531 -0.04394531 0.14550781 40 230 120 2
-0.29394531 -0.04394531 0.14746094 40 230 120 2
-0.28417969 -0.02441406 0.13964844 255 40 40 1
-0.28417969 -0.02246094 0.13964844 255 40 40 1
-0.27636719 -0.03027344 0.12792969 40 230 120 2
-0.27832031 -0.03027344 0.12792969 40 230 120 2
-0.27441406 -0.01855469 0.12402344 255 40 40 1
-0.27246094 -0.05175781 0.12207031 255 40 40 1
-0.27832031 -0.03027344 0.12988281 40 230 120 2
-0.27832031 -0.02832031 0.12792969 40 230 120 2
-0.26269531 -0.02832031 0.10449219 255 40 40 1
-0.26269531 -0.03808594 0.10644531 40 230 120 2
-0.26269531 -0.03808594 0.10449219 40 230 120 2
-0.26464844 -0.03808594 0.10644531 40 230 120 2
-0.26269531 -0.04003906 0.10644531 40 230 120 2
0.07128906 -0.08105469 0.27246094 255 40 40 1
0.07128906 -0.07910156 0.27246094 255 40 40 1
0.06933594 -0.05371094 0.23144531 255 40 40 1
0.06933594 -0.05371094 0.22949219 255 40 40 1
0.04003906 -0.07128906 0.24121094 255 40 40 1
0.06738281 -0.05371094 0.23144531 255 40 40 1
0.04003906 -0.07128906 0.24316406 255 40 40 1
0.05957031 -0.06738281 0.24902344 40 230 120 2
0.05957031 -0.06933594 0.24902344 40 230 120 2
0.05957031 -0.06738281 0.24707031 40 230 120 2
0.03808594 -0.07128906 0.24316406 255 40 40 1
0.05957031 -0.06933594 0.24707031 40 230 120 2
0.03808594 -0.07128906 0.24121094 255 40 40 1
0.07128906 -0.08105469 0.27441406 255 40 40 1
0.10253906 -0.07519531 0.28027344 40 230 120 2
0.09863281 -0.06152344 0.26660156 255 40 40 1
0.13769531 -0.07910156 0.29980469 255 40 40 1
0.09863281 -0.06347656 0.26660156 255 40 40 1
0.07324219 -0.08105469 0.27246094 255 40 40 1
0.10449219 -0.07324219 0.28027344 40 230 120 2
0.09863281 -0.06152344 0.26855469 255 40 40 1
0.13964844 -0.07714844 0.29980469 255 40 40 1
0.10449219 -0.07519531 0.28027344 40 230 120 2
0.10058594 -0.06152344 0.26660156 255 40 40 1
0.10253906 -0.07324219 0.28027344 40 230 120 2
0.13769531 -0.07714844 0.30175781 255 40 40 1
0.13769531 -0.07714844 0.29980469 255 40 40 1
0.11425781 -0.10058594 0.31152344 255 40 40 1
0.09082031 -0.09277344 0.30566406 40 230 120 2
0.11425781 -0.10058594 0.30957031 255 40 40 1
0.09277344 -0.09472656 0.30566406 40 230 120 2
0.09277344 -0.09277344 0.30566406 40 230 120 2
0.09082031 -0.09472656 0.30566406 40 230 120 2
0.08691406 -0.09863281 0.32910156 255 40 40 1
-0.00683594 -0.07714844 0.24121094 255 40 40 1
0.03417969 -0.07910156 0.26660156 40 230 120 2
0.03613281 -0.08105469 0.26660156 40 230 120 2
0.04003906 -0.08300781 0.28613281 255 40 40 1
0.03417969 -0.08105469 0.26660156 40 230 120 2
0.03613281 -0.07910156 0.26660156 40 230 120 2
0.04199219 -0.08300781 0.28613281 255 40 40 1
0.06738281 -0.13183594 0.20019531 255 40 40 1
0.04589844 -0.09667969 0.17675781 255 40 40 1
0.05175781 -0.11425781 0.18066406 40 230 120 2
0.05175781 -0.11621094 0.18261719 40 230 120 2
0.05175781 -0.11425781 0.18261719 40 230 120 2
0.04199219 -0.11621094 0.16699219 255 40 40 1
0.04199219 -0.11816406 0.16699219 255 40 40 1
0.04785156 -0.09667969 0.17675781 255 40 40 1
0.05175781 -0.11621094 0.18066406 40 230 120 2
0.06347656 -0.08886719 0.21972656 255 40 40 1
0.05957031 -0.09472656 0.19628906 255 40 40 1
0.05957031 -0.09277344 0.19628906 255 40 40 1
0.06738281 -0.13183594 0.20214844 255 40 40 1
0.06347656 -0.10253906 0.20605469 40 230 120 2
0.06347656 -0.10449219 0.20605469 40 230 120 2
0.06347656 -0.10449219 0.20410156 40 230 120 2
0.06347656 -0.10644531 0.20605469 40 230 120 2
0.07910156 -0.12207031 0.23535156 255 40 40 1
0.10449219 -0.15527344 0.25878906 255 40 40 1
0.06738281 -0.13378906 0.20214844 255 40 40 1
0.08496094 -0.13769531 0.23144531 40 230 120 2
0.08496094 -0.13574219 0.23144531 40 230 120 2
0.08300781 -0.13769531 0.23144531 40 230 120 2
0.08300781 -0.13574219 0.23144531 40 230 120 2
0.09277344 -0.19238281 0.22167969 255 40 40 1
0.10449219 -0.17285156 0.23535156 255 40 40 1
0.09277344 -0.19433594 0.22167969 255 40 40 1
0.08886719 -0.16699219 0.21972656 40 230 120 2
0.10449219 -0.17089844 0.23535156 255 40 40 1
0.09082031 -0.16503906 0.21972656 40 230 120 2
0.06738281 -0.13378906 0.20019531 255 40 40 1
0.08886719 -0.16503906 0.21972656 40 230 120 2
0.10644531 -0.17089844 0.23535156 255 40 40 1
0.09082031 -0.16699219 0.21972656 40 230 120 2
0.10644531 -0.17285156 0.23535156 255 40 40 1
0.04980469 -0.16308594 0.18457031 255 40 40 1
0.05175781 -0.16308594 0.18457031 255 40 40 1
0.04980469 -0.16308594 0.18652344 255 40 40 1
0.05175781 -0.16308594 0.18652344 255 40 40 1
0.04589844 -0.14746094 0.17480469 40 230 120 2
0.04589844 -0.14550781 0.17285156 40 230 120 2
0.04589844 -0.14550781 0.17480469 40 230 120 2
0.04589844 -0.14550781 0.17675781 40 230 120 2
-0.01074219 0.09277344 0.49511719 255 40 40 1
-0.01855469 0.09863281 0.49902344 255 40 40 1
-0.01660156 0.07519531 0.49121094 255 40 40 1
-0.01464844 0.07519531 0.49121094 255 40 40 1
-0.01464844 0.08886719 0.49707031 40 230 120 2
-0.01464844 0.07519531 0.49316406 255 40 40 1
-0.01464844 0.08691406 0.49511719 40 230 120 2
-0.01074219 0.09082031 0.49511719 255 40 40 1
-0.01464844 0.08886719 0.49511719 40 230 120 2
-0.01464844 0.09082031 0.49511719 40 230 120 2
-0.14746094 -0.09667969 0.45214844 40 230 120 2
-0.14941406 -0.09667969 0.45214844 40 230 120 2
-0.14941406 -0.09667969 0.45019531 40 230 120 2
0.02050781 -0.14355469 0.13964844 255 40 40 1
-0.00878906 -0.15527344 0.13769531 255 40 40 1
0.01269531 -0.16113281 0.15332031 40 230 120 2
0.01269531 -0.15917969 0.15332031 40 230 120 2
0.01855469 -0.14355469 0.13964844 255 40 40 1
-0.00878906 -0.15722656 0.13964844 255 40 40 1
0.01269531 -0.15917969 0.15136719 40 230 120 2
0.01074219 -0.15917969 0.15332031 40 230 120 2
-0.00878906 -0.15722656 0.13769531 255 40 40 1
0.09277344 -0.19433594 0.21972656 255 40 40 1
0.02832031 -0.18066406 0.18261719 255 40 40 1
0.09082031 -0.19433594 0.22167969 255 40 40 1
0.05761719 -0.18066406 0.19628906 40 230 120 2
0.05761719 -0.17871094 0.19628906 40 230 120 2
0.05566406 -0.17871094 0.19628906 40 230 120 2
0.05761719 -0.17871094 0.19824219 40 230 120 2
0.07519531 -0.21777344 0.22363281 255 40 40 1
0.07324219 -0.21777344 0.22363281 255 40 40 1
0.05175781 -0.22363281 0.24316406 255 40 40 1
0.05371094 -0.20800781 0.21777344 40 230 120 2
0.07324219 -0.21777344 0.22167969 255 40 40 1
0.04980469 -0.20800781 0.21777344 40 230 120 2
0.05175781 -0.20800781 0.21582031 40 230 120 2
0.05175781 -0.20800781 0.21777344 40 230 120 2
0.02636719 -0.18066406 0.18261719 255 40 40 1
0.02636719 -0.18066406 0.18066406 255 40 40 1
-0.00683594 -0.17285156 0.17089844 40 230 120 2
-0.00878906 -0.17089844 0.17089844 40 230 120 2
-0.00683594 -0.17089844 0.17089844 40 230 120 2
-0.00878906 -0.17285156 0.17089844 40 230 120 2
0.00292969 -0.18066406 0.19042969 255 40 40 1
0.17871094 0.13183594 0.43261719 40 230 120 2
0.18261719 0.13574219 0.43066406 255 40 40 1
0.18066406 0.12988281 0.43261719 40 230 120 2
0.17675781 0.12988281 0.43261719 40 230 120 2
0.17871094 0.12988281 0.43261719 40 230 120 2
-0.00878906 0.09863281 0.49511719 40 230 120 2
-0.00683594 0.09863281 0.49511719 40 230 120 2
-0.00683594 0.09667969 0.49511719 40 230 120 2
0.00292969 0.10253906 0.48925781 255 40 40 1
0.00292969 0.10058594 0.48925781 255 40 40 1
-0.00878906 0.09667969 0.49511719 40 230 120 2
0.04394531 -0.06542969 0.17285156 255 40 40 1
0.04199219 -0.06542969 0.17285156 255 40 40 1
0.04003906 -0.07910156 0.15917969 40 230 120 2
0.04003906 -0.06542969 0.16503906 255 40 40 1
0.04003906 -0.06347656 0.16503906 255 40 40 1
0.04394531 -0.08105469 0.17285156 255 40 40 1
0.04394531 -0.08300781 0.17285156 255 40 40 1
0.04394531 -0.09277344 0.16699219 40 230 120 2
0.04199219 -0.09277344 0.16699219 40 230 120 2
0.04199219 -0.09277344 0.16503906 40 230 120 2
0.04589844 -0.08105469 0.17285156 255 40 40 1
0.04199219 -0.09082031 0.16503906 40 230 120 2
0.03613281 -0.10058594 0.14746094 255 40 40 1
0.03222656 -0.12011719 0.14941406 40 230 120 2
0.03417969 -0.12011719 0.15136719 40 230 120 2
0.02050781 -0.14160156 0.13964844 255 40 40 1
0.03222656 -0.11816406 0.15136719 40 230 120 2
0.03222656 -0.12011719 0.15136719 40 230 120 2
0.03613281 -0.10058594 0.14550781 255 40 40 1
0.02832031 -0.12207031 0.11621094 255 40 40 1
0.02832031 -0.12207031 0.11425781 255 40 40 1
0.03027344 -0.12011719 0.10644531 255 40 40 1
0.03027344 -0.12011719 0.10449219 255 40 40 1
0.03222656 -0.11425781 0.12402344 40 230 120 2
0.04199219 -0.12011719 0.13964844 40 230 120 2
0.03613281 -0.12597656 0.12402344 255 40 40 1
0.03808594 -0.10058594 0.14746094 255 40 40 1
0.03417969 -0.12597656 0.12402344 255 40 40 1
0.03417969 -0.12402344 0.12402344 255 40 40 1
0.04394531 -0.12207031 0.13964844 40 230 120 2
0.04199219 -0.12207031 0.13964844 40 230 120 2
0.04199219 -0.12207031 0.14160156 40 230 120 2
0.04394531 -0.06152344 0.16308594 255 40 40 1
0.04199219 -0.07910156 0.15917969 40 230 120 2
0.03613281 -0.09863281 0.14746094 255 40 40 1
0.04199219 -0.08105469 0.15722656 40 230 120 2
0.04199219 -0.08105469 0.15917969 40 230 120 2
0.04589844 -0.09277344 0.16113281 255 40 40 1
0.02050781 0.00292969 0.25488281 255 40 40 1
0.06738281 -0.01269531 0.30175781 255 40 40 1
0.06542969 -0.01269531 0.29980469 255 40 40 1
0.06738281 -0.01269531 0.29980469 255 40 40 1
0.02441406 -0.00878906 0.27246094 40 230 120 2
0.02636719 -0.00683594 0.27246094 40 230 120 2
0.02636719 -0.00878906 0.27246094 40 230 120 2
-0.01074219 -0.01464844 0.26269531 255 40 40 1
-0.01074219 -0.01660156 0.26269531 255 40 40 1
0.02246094 0.00097656 0.25488281 255 40 40 1
0.02246094 0.00292969 0.25488281 255 40 40 1
0.06542969 -0.01269531 0.30175781 255 40 40 1
0.02636719 -0.00878906 0.27441406 40 230 120 2
0.07910156 -0.04003906 0.35449219 255 40 40 1
0.06152344 -0.02832031 0.32324219 40 230 120 2
0.06152344 -0.02636719 0.32324219 40 230 120 2
0.03808594 -0.02832031 0.31152344 255 40 40 1
0.07714844 -0.04003906 0.35449219 255 40 40 1
0.03808594 -0.02832031 0.30957031 255 40 40 1
0.07910156 -0.03808594 0.35449219 255 40 40 1
0.06152344 -0.02636719 0.32128906 40 230 120 2
0.06347656 -0.02636719 0.32324219 40 230 120 2
0.13183594 -0.01855469 0.32519531 255 40 40 1
0.10253906 -0.01660156 0.32324219 40 230 120 2
0.12988281 -0.01855469 0.32519531 255 40 40 1
0.10253906 -0.01660156 0.32519531 40 230 120 2
0.10253906 -0.01855469 0.34472656 255 40 40 1
0.10058594 -0.01660156 0.32324219 40 230 120 2
0.10058594 -0.01660156 0.32519531 40 230 120 2
0.10449219 -0.01855469 0.34472656 255 40 40 1
0.05957031 0.00488281 0.24511719 255 40 40 1
0.09472656 -0.00683594 0.28613281 255 40 40 1
0.09472656 -0.00683594 0.28417969 255 40 40 1
0.07324219 -0.00488281 0.27441406 40 230 120 2
0.07324219 -0.00488281 0.27636719 40 230 120 2
0.07519531 -0.00488281 0.27441406 40 230 120 2
0.07519531 -0.00488281 0.27636719 40 230 120 2
-0.13378906 -0.08496094 0.16308594 40 230 120 2
-0.13378906 -0.08300781 0.16308594 40 230 120 2
-0.13378906 -0.08105469 0.16308594 40 230 120 2
-0.14550781 -0.05761719 0.16894531 255 40 40 1
-0.14355469 -0.09472656 0.15722656 255 40 40 1
-0.13574219 -0.08300781 0.16308594 40 230 120 2
-0.14355469 -0.05566406 0.16894531 255 40 40 1
-0.11230469 -0.06542969 0.17675781 40 230 120 2
-0.11035156 -0.06738281 0.17675781 40 230 120 2
-0.11230469 -0.06738281 0.17675781 40 230 120 2
-0.11035156 -0.06542969 0.17675781 40 230 120 2
-0.10253906 -0.07714844 0.17480469 255 40 40 1
-0.10253906 -0.07910156 0.17480469 255 40 40 1
-0.10253906 -0.07910156 0.17675781 255 40 40 1
-0.08691406 -0.06347656 0.18652344 255 40 40 1
-0.08886719 -0.01074219 0.18457031 255 40 40 1
-0.11035156 -0.03808594 0.18066406 40 230 120 2
-0.14550781 -0.05566406 0.16894531 255 40 40 1
-0.09863281 -0.04394531 0.18847656 255 40 40 1
-0.09667969 -0.04199219 0.18847656 255 40 40 1
-0.09667969 -0.04394531 0.18847656 255 40 40 1
-0.09667969 -0.04394531 0.18652344 255 40 40 1
-0.11035156 -0.03613281 0.18066406 40 230 120 2
-0.11035156 -0.03613281 0.17871094 40 230 120 2
-0.11230469 -0.03613281 0.18066406 40 230 120 2
-0.16894531 -0.01269531 0.16699219 255 40 40 1
-0.15136719 -0.02832031 0.16894531 40 230 120 2
-0.15332031 -0.02832031 0.16894531 40 230 120 2
-0.15136719 -0.02636719 0.16894531 40 230 120 2
-0.14160156 -0.01464844 0.17285156 255 40 40 1
-0.15332031 -0.02636719 0.16894531 40 230 120 2
-0.14160156 -0.01464844 0.17089844 255 40 40 1
-0.14746094 -0.05566406 0.16894531 255 40 40 1
-0.17675781 -0.04394531 0.16699219 40 230 120 2
-0.17675781 -0.04199219 0.16699219 40 230 120 2
-0.17871094 -0.04199219 0.16699219 40 230 120 2
-0.17871094 -0.04394531 0.16699219 40 230 120 2
-0.17675781 -0.07324219 0.16308594 40 230 120 2
-0.18847656 -0.09863281 0.15722656 255 40 40 1
-0.19238281 -0.06542969 0.16894531 255 40 40 1
-0.17675781 -0.07324219 0.16503906 40 230 120 2
-0.17480469 -0.07324219 0.16308594 40 230 120 2
-0.17480469 -0.07324219 0.16503906 40 230 120 2
-0.19238281 -0.06542969 0.16699219 255 40 40 1
-0.08105469 -0.04980469 0.19824219 40 230 120 2
-0.08105469 -0.05175781 0.19824219 40 230 120 2
-0.05957031 -0.04199219 0.21777344 255 40 40 1
-0.07910156 -0.04980469 0.19824219 40 230 120 2
-0.08105469 -0.04980469 0.19628906 40 230 120 2
-0.08496094 -0.06347656 0.18847656 255 40 40 1
-0.08691406 -0.06347656 0.18847656 255 40 40 1
-0.00878906 -0.07519531 0.24121094 255 40 40 1
-0.00878906 -0.07714844 0.24121094 255 40 40 1
-0.05566406 -0.06738281 0.20800781 255 40 40 1
-0.05566406 -0.06933594 0.20800781 255 40 40 1
-0.05566406 -0.06933594 0.20605469 255 40 40 1
-0.05566406 -0.06738281 0.20605469 255 40 40 1
-0.05761719 -0.04394531 0.21777344 255 40 40 1
-0.04003906 -0.06152344 0.22167969 40 230 120 2
-0.04003906 -0.06347656 0.22167969 40 230 120 2
-0.04199219 -0.06347656 0.22167969 40 230 120 2
-0.04199219 -0.06152344 0.22167969 40 230 120 2
-0.05761719 -0.04199219 0.21972656 255 40 40 1
-0.01269531 -0.01660156 0.26269531 255 40 40 1
-0.02050781 -0.04785156 0.25683594 255 40 40 1
-0.01855469 -0.04785156 0.25683594 255 40 40 1
-0.02832031 -0.03613281 0.24511719 40 230 120 2
-0.03027344 -0.03417969 0.24511719 40 230 120 2
-0.03027344 -0.03613281 0.24511719 40 230 120 2
-0.03027344 -0.03613281 0.24707031 40 230 120 2
-0.08886719 -0.00878906 0.18457031 255 40 40 1
-0.04785156 -0.01464844 0.21972656 255 40 40 1
-0.08691406 -0.00878906 0.18457031 255 40 40 1
-0.06347656 -0.02246094 0.20800781 40 230 120 2
-0.06542969 -0.02246094 0.20605469 40 230 120 2
-0.06542969 -0.02246094 0.20800781 40 230 120 2
-0.06542969 -0.02050781 0.20800781 40 230 120 2
-0.05761719 -0.04199219 0.21777344 255 40 40 1
0.05957031 -0.04199219 0.20410156 255 40 40 1
0.05761719 -0.04199219 0.20410156 255 40 40 1
0.05957031 -0.05566406 0.20996094 40 230 120 2
0.05175781 -0.06542969 0.19824219 255 40 40 1
0.05957031 -0.05371094 0.20996094 40 230 120 2
0.05761719 -0.05371094 0.20996094 40 230 120 2
0.05761719 -0.04199219 0.20214844 255 40 40 1
0.05957031 -0.05371094 0.21191406 40 230 120 2
0.04980469 -0.07128906 0.21191406 255 40 40 1
0.05371094 -0.07519531 0.20996094 40 230 120 2
0.05566406 -0.07519531 0.20996094 40 230 120 2
0.05566406 -0.07519531 0.21191406 40 230 120 2
0.05566406 -0.07714844 0.21191406 40 230 120 2
0.05175781 -0.07128906 0.21191406 255 40 40 1
0.05957031 -0.09277344 0.19433594 255 40 40 1
0.05175781 -0.06738281 0.19824219 255 40 40 1
0.05175781 -0.06738281 0.19628906 255 40 40 1
0.05175781 -0.08496094 0.18847656 40 230 120 2
0.04589844 -0.09667969 0.17871094 255 40 40 1
0.04785156 -0.09667969 0.17871094 255 40 40 1
0.05175781 -0.08691406 0.19042969 40 230 120 2
0.05175781 -0.08496094 0.19042969 40 230 120 2
0.05371094 -0.08496094 0.19042969 40 230 120 2
0.05761719 -0.09277344 0.19628906 255 40 40 1
0.04589844 -0.06933594 0.18261719 40 230 120 2
0.04785156 -0.07128906 0.18261719 40 230 120 2
0.04589844 -0.08105469 0.17480469 255 40 40 1
0.04589844 -0.07128906 0.18066406 40 230 120 2
0.04589844 -0.07128906 0.18261719 40 230 120 2
0.04785156 -0.04980469 0.19042969 40 230 120 2
0.04785156 -0.05175781 0.19042969 40 230 120 2
0.04785156 -0.04980469 0.18847656 40 230 120 2
0.05175781 -0.06542969 0.19628906 255 40 40 1
0.04785156 -0.05175781 0.18847656 40 230 120 2
0.00097656 -0.11425781 0.22949219 255 40 40 1
-0.02832031 -0.11035156 0.20410156 40 230 120 2
-0.05566406 -0.09667969 0.19238281 255 40 40 1
-0.02832031 -0.12402344 0.19628906 255 40 40 1
-0.02832031 -0.11230469 0.20410156 40 230 120 2
-0.02832031 -0.11230469 0.20605469 40 230 120 2
-0.02832031 -0.11035156 0.20605469 40 230 120 2
-0.02636719 -0.08886719 0.21972656 40 230 120 2
-0.02636719 -0.08691406 0.21972656 40 230 120 2
-0.01269531 -0.09082031 0.22167969 255 40 40 1
-0.02441406 -0.08886719 0.21972656 40 230 120 2
-0.02441406 -0.08691406 0.21972656 40 230 120 2
-0.01269531 -0.08886719 0.22363281 255 40 40 1
-0.01269531 -0.09082031 0.22363281 255 40 40 1
-0.05761719 -0.09472656 0.19238281 255 40 40 1
-0.08496094 -0.06347656 0.18652344 255 40 40 1
-0.06738281 -0.07714844 0.19433594 40 230 120 2
-0.06738281 -0.07519531 0.19433594 40 230 120 2
-0.06738281 -0.07519531 0.19628906 40 230 120 2
-0.06542969 -0.07519531 0.19433594 40 230 120 2
-0.09277344 -0.09082031 0.17675781 40 230 120 2
-0.10058594 -0.07910156 0.17480469 255 40 40 1
-0.09082031 -0.09082031 0.17675781 40 230 120 2
-0.09082031 -0.09082031 0.17871094 40 230 120 2
-0.09082031 -0.09277344 0.17675781 40 230 120 2
-0.11230469 -0.09667969 0.16503906 255 40 40 1
-0.05761719 -0.09667969 0.19042969 255 40 40 1
-0.05566406 -0.12402344 0.16503906 255 40 40 1
-0.05566406 -0.12597656 0.16503906 255 40 40 1
-0.08496094 -0.11230469 0.15917969 255 40 40 1
-0.08496094 -0.11230469 0.16113281 255 40 40 1
-0.06738281 -0.11230469 0.17089844 40 230 120 2
-0.06542969 -0.11230469 0.17285156 40 230 120 2
-0.06738281 -0.11230469 0.17285156 40 230 120 2
-0.06542969 -0.11230469 0.17089844 40 230 120 2
0.02636719 -0.07910156 0.22558594 255 40 40 1
0.00488281 -0.09472656 0.22558594 40 230 120 2
0.00683594 -0.09472656 0.22558594 40 230 120 2
0.00683594 -0.09472656 0.22753906 40 230 120 2
0.00683594 -0.09277344 0.22558594 40 230 120 2
-0.01074219 -0.09082031 0.22363281 255 40 40 1
0.06152344 -0.08886719 0.22167969 255 40 40 1
0.04394531 -0.08886719 0.22753906 40 230 120 2
0.04199219 -0.08691406 0.22753906 40 230 120 2
0.04199219 -0.08886719 0.22558594 40 230 120 2
0.04199219 -0.08886719 0.22753906 40 230 120 2
0.02832031 -0.07910156 0.22558594 255 40 40 1
0.03613281 -0.09863281 0.23339844 255 40 40 1
0.03808594 -0.09863281 0.23339844 255 40 40 1
0.02832031 -0.07714844 0.22558594 255 40 40 1
0.04980469 -0.06738281 0.22167969 40 230 120 2
0.04785156 -0.06738281 0.22167969 40 230 120 2
0.05175781 -0.07128906 0.21386719 255 40 40 1
0.04785156 -0.06738281 0.22363281 40 230 120 2
0.04980469 -0.06738281 0.22363281 40 230 120 2
0.01855469 -0.07519531 0.23730469 40 230 120 2
0.02832031 -0.07910156 0.22753906 255 40 40 1
0.01855469 -0.07714844 0.23535156 40 230 120 2
0.02050781 -0.07519531 0.23535156 40 230 120 2
0.01855469 -0.07519531 0.23535156 40 230 120 2
0.00683594 0.01074219 0.17675781 255 40 40 1
0.03222656 -0.00488281 0.18847656 40 230 120 2
0.03613281 -0.01660156 0.18652344 255 40 40 1
0.03613281 -0.01464844 0.18457031 255 40 40 1
0.03027344 -0.00488281 0.18847656 40 230 120 2
0.03222656 -0.00683594 0.18847656 40 230 120 2
0.03027344 -0.00683594 0.18847656 40 230 120 2
0.03027344 0.00683594 0.20800781 255 40 40 1
0.04589844 -0.00097656 0.21972656 40 230 120 2
0.04785156 -0.00097656 0.21972656 40 230 120 2
0.05175781 -0.01464844 0.20605469 255 40 40 1
0.05175781 -0.01269531 0.20605469 255 40 40 1
0.03027344 0.00488281 0.20800781 255 40 40 1
0.04785156 -0.00097656 0.21777344 40 230 120 2
0.04589844 -0.00097656 0.21777344 40 230 120 2
0.07714844 -0.02050781 0.23535156 255 40 40 1
0.05371094 -0.01464844 0.20605469 255 40 40 1
0.07714844 -0.02050781 0.23339844 255 40 40 1
0.06738281 -0.02832031 0.22363281 40 230 120 2
0.06542969 -0.02832031 0.22363281 40 230 120 2
0.06738281 -0.03027344 0.22363281 40 230 120 2
0.06542969 -0.03027344 0.22363281 40 230 120 2
0.06933594 -0.05175781 0.23144531 255 40 40 1
0.05175781 -0.03027344 0.20019531 40 230 120 2
0.05175781 -0.03027344 0.19824219 40 230 120 2
0.04785156 -0.03613281 0.19042969 255 40 40 1
0.05371094 -0.03027344 0.20019531 40 230 120 2
0.05761719 -0.04003906 0.20410156 255 40 40 1
0.05175781 -0.03222656 0.20019531 40 230 120 2
0.05175781 -0.01464844 0.20410156 255 40 40 1
0.05566406 -0.24121094 0.10644531 255 40 40 1
0.09472656 -0.24707031 0.10644531 255 40 40 1
0.09277344 -0.24707031 0.10449219 255 40 40 1
0.06738281 -0.23144531 0.09082031 40 230 120 2
0.06738281 -0.23144531 0.09277344 40 230 120 2
0.06542969 -0.23144531 0.09082031 40 230 120 2
0.09472656 -0.24707031 0.10449219 255 40 40 1
0.06542969 -0.23144531 0.09277344 40 230 120 2
0.09277344 -0.24707031 0.10644531 255 40 40 1
0.05761719 -0.24121094 0.10644531 255 40 40 1
0.10839844 -0.21777344 0.09277344 40 230 120 2
0.09472656 -0.21386719 0.07714844 255 40 40 1
0.10839844 -0.21777344 0.09082031 40 230 120 2
0.09667969 -0.21191406 0.07714844 255 40 40 1
0.11035156 -0.21777344 0.09277344 40 230 120 2
0.10839844 -0.21972656 0.09277344 40 230 120 2
0.12402344 -0.23925781 0.12207031 255 40 40 1
0.11230469 -0.25878906 0.12597656 40 230 120 2
0.12402344 -0.23925781 0.12402344 255 40 40 1
0.11425781 -0.25878906 0.12597656 40 230 120 2
0.11230469 -0.25683594 0.12597656 40 230 120 2
0.11425781 -0.25683594 0.12597656 40 230 120 2
0.08886719 -0.29003906 0.13378906 255 40 40 1
0.08105469 -0.27441406 0.12597656 40 230 120 2
0.07910156 -0.27441406 0.12402344 40 230 120 2
0.07910156 -0.27441406 0.12597656 40 230 120 2
0.09082031 -0.29003906 0.13378906 255 40 40 1
0.08105469 -0.27441406 0.12402344 40 230 120 2
0.09082031 -0.29003906 0.13183594 255 40 40 1
0.09082031 -0.28808594 0.13378906 255 40 40 1
0.05566406 -0.28417969 0.13574219 255 40 40 1
0.05566406 -0.28222656 0.13574219 255 40 40 1
0.05175781 -0.20214844 0.16699219 255 40 40 1
0.05566406 -0.14160156 0.15136719 255 40 40 1
0.04589844 -0.22363281 0.13183594 255 40 40 1
0.05175781 -0.20410156 0.16699219 255 40 40 1
0.04589844 -0.22558594 0.13378906 255 40 40 1
0.04589844 -0.22558594 0.13183594 255 40 40 1
0.04589844 -0.22363281 0.13378906 255 40 40 1
0.04980469 -0.19042969 0.14941406 40 230 120 2
0.05175781 -0.19042969 0.14941406 40 230 120 2
0.05175781 -0.18847656 0.14941406 40 230 120 2
0.05175781 -0.19042969 0.15136719 40 230 120 2
0.04589844 -0.20214844 0.10058594 40 230 120 2
0.04589844 -0.20410156 0.10058594 40 230 120 2
0.04589844 -0.20410156 0.10253906 40 230 120 2
0.04589844 -0.20214844 0.10253906 40 230 120 2
0.05761719 -0.24121094 0.10839844 255 40 40 1
0.05175781 -0.24902344 0.12402344 40 230 120 2
0.05566406 -0.24121094 0.10839844 255 40 40 1
0.05175781 -0.25097656 0.12402344 40 230 120 2
0.05175781 -0.25097656 0.12597656 40 230 120 2
0.05175781 -0.24902344 0.12597656 40 230 120 2
0.03808594 -0.25683594 0.19238281 255 40 40 1
0.03808594 -0.25097656 0.16308594 40 230 120 2
0.03417969 -0.27050781 0.15722656 255 40 40 1
0.03417969 -0.27050781 0.15917969 255 40 40 1
0.03808594 -0.25292969 0.16113281 40 230 120 2
0.04003906 -0.25097656 0.16113281 40 230 120 2
0.03808594 -0.25097656 0.16113281 40 230 120 2
0.10839844 -0.18847656 0.17675781 40 230 120 2
0.10644531 -0.18847656 0.17675781 40 230 120 2
0.11621094 -0.20800781 0.18066406 255 40 40 1
0.08496094 -0.20214844 0.18457031 255 40 40 1
0.10839844 -0.18652344 0.17675781 40 230 120 2
0.08300781 -0.20019531 0.18457031 255 40 40 1
0.10839844 -0.18652344 0.17480469 40 230 120 2
0.11425781 -0.20996094 0.18066406 255 40 40 1
0.08300781 -0.20214844 0.18457031 255 40 40 1
0.11425781 -0.20800781 0.18066406 255 40 40 1
0.07519531 -0.16308594 0.16699219 40 230 120 2
0.08886719 -0.14746094 0.16699219 255 40 40 1
0.09082031 -0.14941406 0.16699219 255 40 40 1
0.07714844 -0.16113281 0.16699219 40 230 120 2
0.07714844 -0.16308594 0.16894531 40 230 120 2
0.08886719 -0.14941406 0.16699219 255 40 40 1
0.07714844 -0.16308594 0.16699219 40 230 120 2
0.05761719 -0.22167969 0.18261719 40 230 120 2
0.05761719 -0.22167969 0.18066406 40 230 120 2
0.04003906 -0.25683594 0.19238281 255 40 40 1
0.08105469 -0.20214844 0.18457031 255 40 40 1
0.05566406 -0.22167969 0.18261719 40 230 120 2
0.05761719 -0.21972656 0.18261719 40 230 120 2
0.03808594 -0.25488281 0.19238281 255 40 40 1
0.05175781 -0.20410156 0.16894531 255 40 40 1
0.05371094 -0.20410156 0.16699219 255 40 40 1
0.07324219 -0.25292969 0.20996094 255 40 40 1
0.07128906 -0.25292969 0.20996094 255 40 40 1
0.07128906 -0.25488281 0.20996094 255 40 40 1
0.08691406 -0.23925781 0.20214844 40 230 120 2
0.08691406 -0.23925781 0.20019531 40 230 120 2
0.07324219 -0.25488281 0.20996094 255 40 40 1
0.08886719 -0.23925781 0.20214844 40 230 120 2
0.08886719 -0.23925781 0.20019531 40 230 120 2
0.04785156 0.11230469 0.28613281 255 40 40 1
0.04589844 0.11425781 0.28613281 255 40 40 1
0.02832031 0.11425781 0.26464844 40 230 120 2
0.03027344 0.11425781 0.26464844 40 230 120 2
0.02441406 0.11621094 0.23925781 255 40 40 1
0.02832031 0.11621094 0.26464844 40 230 120 2
0.02832031 0.11425781 0.26269531 40 230 120 2
0.09082031 0.13183594 0.26074219 255 40 40 1
0.06152344 0.11230469 0.25097656 255 40 40 1
0.04785156 0.11425781 0.28613281 255 40 40 1
0.04785156 0.11425781 0.28808594 255 40 40 1
0.06152344 0.11035156 0.25097656 255 40 40 1
0.05957031 0.11230469 0.25097656 255 40 40 1
0.06542969 0.11816406 0.26660156 40 230 120 2
0.06738281 0.11816406 0.26660156 40 230 120 2
0.06738281 0.12011719 0.26660156 40 230 120 2
0.06542969 0.12011719 0.26660156 40 230 120 2
0.04785156 0.12597656 0.34277344 255 40 40 1
0.05566406 0.12402344 0.31152344 40 230 120 2
0.07324219 0.13378906 0.30566406 255 40 40 1
0.05566406 0.12402344 0.31347656 40 230 120 2
0.04980469 0.12597656 0.34277344 255 40 40 1
0.07324219 0.13183594 0.30761719 255 40 40 1
0.07324219 0.13183594 0.30566406 255 40 40 1
0.07324219 0.13378906 0.30761719 255 40 40 1
0.05761719 0.12402344 0.31152344 40 230 120 2
0.05761719 0.12402344 0.31347656 40 230 120 2
0.03027344 0.10839844 0.31542969 255 40 40 1
0.02832031 0.10839844 0.31542969 255 40 40 1
0.02636719 0.11035156 0.29980469 40 230 120 2
0.02636719 0.11035156 0.29589844 40 230 120 2
0.00488281 0.10839844 0.29003906 255 40 40 1
0.02441406 0.11035156 0.29785156 40 230 120 2
0.02636719 0.11035156 0.29785156 40 230 120 2
0.00878906 0.13769531 0.18457031 255 40 40 1
0.01464844 0.18066406 0.17285156 255 40 40 1
0.01464844 0.17871094 0.17285156 255 40 40 1
0.01269531 0.16113281 0.16113281 40 230 120 2
0.00878906 0.13964844 0.18652344 255 40 40 1
0.00878906 0.13769531 0.18652344 255 40 40 1
0.01269531 0.16308594 0.16113281 40 230 120 2
0.01269531 0.16113281 0.15917969 40 230 120 2
0.01074219 0.16113281 0.16113281 40 230 120 2
0.01269531 0.16699219 0.12597656 255 40 40 1
0.01074219 0.11230469 0.16503906 40 230 120 2
0.00878906 0.11425781 0.16503906 40 230 120 2
0.00488281 0.12207031 0.14941406 255 40 40 1
0.00878906 0.11230469 0.16503906 40 230 120 2
0.00878906 0.11425781 0.16699219 40 230 120 2
0.01855469 0.11816406 0.20800781 40 230 120 2
0.01855469 0.12011719 0.20800781 40 230 120 2
0.02441406 0.10449219 0.20214844 255 40 40 1
0.00878906 0.13769531 0.18847656 255 40 40 1
0.02050781 0.11816406 0.20800781 40 230 120 2
0.02050781 0.12011719 0.20800781 40 230 120 2
0.00488281 0.14746094 0.22558594 255 40 40 1
0.00488281 0.14746094 0.22363281 255 40 40 1
0.00488281 0.18847656 0.21777344 255 40 40 1
0.00488281 0.15722656 0.20996094 40 230 120 2
0.00683594 0.15722656 0.20996094 40 230 120 2
0.00488281 0.15917969 0.20800781 40 230 120 2
0.00488281 0.14941406 0.22558594 255 40 40 1
0.00488281 0.15917969 0.20996094 40 230 120 2
0.10253906 0.12402344 0.21386719 255 40 40 1
0.10839844 0.13183594 0.19824219 40 230 120 2
0.11035156 0.16699219 0.20605469 255 40 40 1
0.10839844 0.13378906 0.20019531 40 230 120 2
0.10839844 0.13183594 0.20019531 40 230 120 2
0.10839844 0.13378906 0.19824219 40 230 120 2
0.11035156 0.16894531 0.20410156 255 40 40 1
0.11035156 0.17285156 0.16894531 40 230 120 2
0.11621094 0.15722656 0.16113281 255 40 40 1
0.10253906 0.19628906 0.13574219 255 40 40 1
0.11621094 0.15527344 0.16308594 255 40 40 1
0.10839844 0.17480469 0.16699219 40 230 120 2
0.11035156 0.17285156 0.16699219 40 230 120 2
0.11035156 0.17480469 0.16699219 40 230 120 2
0.11035156 0.16894531 0.20605469 255 40 40 1
0.10839844 0.16894531 0.20605469 255 40 40 1
0.09472656 0.19824219 0.21191406 40 230 120 2
0.09277344 0.20800781 0.18847656 255 40 40 1
0.09277344 0.20605469 0.18847656 255 40 40 1
0.09472656 0.20019531 0.21386719 40 230 120 2
0.09472656 0.19824219 0.21386719 40 230 120 2
0.09472656 0.19628906 0.21386719 40 230 120 2
0.09277344 0.13378906 0.25878906 255 40 40 1
0.10058594 0.15917969 0.24316406 40 230 120 2
0.10058594 0.15722656 0.24121094 40 230 120 2
0.10058594 0.17675781 0.25878906 255 40 40 1
0.10058594 0.16113281 0.24121094 40 230 120 2
0.10058594 0.17480469 0.25878906 255 40 40 1
0.10058594 0.15917969 0.24121094 40 230 120 2
0.09082031 0.20800781 0.18847656 255 40 40 1
0.10253906 0.19824219 0.13574219 255 40 40 1
0.10058594 0.19628906 0.13574219 255 40 40 1
0.08300781 0.20410156 0.16503906 40 230 120 2
0.09277344 0.20800781 0.18652344 255 40 40 1
0.08105469 0.20410156 0.16503906 40 230 120 2
0.08105469 0.20410156 0.16699219 40 230 120 2
0.08300781 0.20410156 0.16699219 40 230 120 2
0.04980469 0.20800781 0.17285156 255 40 40 1
0.04980469 0.20605469 0.17285156 255 40 40 1
0.04199219 0.18847656 0.14160156 40 230 120 2
0.04003906 0.18847656 0.14160156 40 230 120 2
0.04003906 0.18847656 0.14355469 40 230 120 2
0.04003906 0.19042969 0.14160156 40 230 120 2
0.04980469 0.20800781 0.17480469 255 40 40 1
0.01660156 0.18066406 0.17285156 255 40 40 1
0.01464844 0.18066406 0.17480469 255 40 40 1
0.04980469 0.20605469 0.17480469 255 40 40 1
0.02441406 0.19238281 0.18847656 40 230 120 2
0.02246094 0.19433594 0.18847656 40 230 120 2
0.02246094 0.19238281 0.18847656 40 230 120 2
0.02246094 0.19238281 0.18652344 40 230 120 2
0.08105469 0.21777344 0.24707031 255 40 40 1
0.05761719 0.21582031 0.21582031 40 230 120 2
0.05566406 0.21582031 0.21582031 40 230 120 2
0.05566406 0.21386719 0.21582031 40 230 120 2
0.03808594 0.21972656 0.22753906 255 40 40 1
0.05761719 0.21386719 0.21582031 40 230 120 2
0.07910156 0.21777344 0.24707031 255 40 40 1
-0.06347656 0.03027344 0.33886719 40 230 120 2
-0.06152344 0.04199219 0.32519531 255 40 40 1
-0.06152344 0.04003906 0.32714844 255 40 40 1
-0.06347656 0.03027344 0.33691406 40 230 120 2
-0.06738281 0.03027344 0.32324219 255 40 40 1
-0.06152344 0.04199219 0.32714844 255 40 40 1
-0.06542969 0.03027344 0.33691406 40 230 120 2
-0.06347656 0.03222656 0.33691406 40 230 120 2
-0.06152344 0.04003906 0.32519531 255 40 40 1
-0.05957031 0.03613281 0.41308594 255 40 40 1
-0.06152344 0.03613281 0.41308594 255 40 40 1
-0.05371094 0.03613281 0.36816406 255 40 40 1
-0.06152344 0.02246094 0.36425781 255 40 40 1
-0.05957031 0.03222656 0.37988281 40 230 120 2
-0.06152344 0.02246094 0.36230469 255 40 40 1
-0.05371094 0.03613281 0.36621094 255 40 40 1
-0.05957031 0.03027344 0.37988281 40 230 120 2
-0.05761719 0.03222656 0.37988281 40 230 120 2
-0.05957031 0.03222656 0.38183594 40 230 120 2
-0.05371094 0.03613281 0.36425781 255 40 40 1
-0.08300781 0.00292969 0.40136719 255 40 40 1
-0.08300781 0.00488281 0.40332031 255 40 40 1
-0.07128906 0.01269531 0.38964844 40 230 120 2
-0.06738281 0.01660156 0.40722656 255 40 40 1
-0.07128906 0.01464844 0.38964844 40 230 120 2
-0.06347656 0.02246094 0.36230469 255 40 40 1
-0.06347656 0.02246094 0.36425781 255 40 40 1
-0.06933594 0.01660156 0.40722656 255 40 40 1
-0.07128906 0.01464844 0.39160156 40 230 120 2
-0.07128906 0.01269531 0.39160156 40 230 120 2
-0.08300781 0.00292969 0.40332031 255 40 40 1
-0.07128906 0.00878906 0.35644531 255 40 40 1
-0.06933594 0.01464844 0.34667969 40 230 120 2
-0.07324219 0.01855469 0.32324219 255 40 40 1
-0.06738281 0.01660156 0.34667969 40 230 120 2
-0.06933594 0.01660156 0.34863281 40 230 120 2
-0.06933594 0.01660156 0.34667969 40 230 120 2
-0.06933594 0.00878906 0.35839844 255 40 40 1
-0.07128906 0.00878906 0.35839844 255 40 40 1
-0.01269531 0.18457031 0.25878906 255 40 40 1
-0.01269531 0.18261719 0.25683594 255 40 40 1
-0.00683594 0.14550781 0.25683594 255 40 40 1
-0.00488281 0.17089844 0.24511719 40 230 120 2
-0.01269531 0.18261719 0.25878906 255 40 40 1
-0.00488281 0.17285156 0.24316406 40 230 120 2
-0.00488281 0.17285156 0.24511719 40 230 120 2
-0.00683594 0.17285156 0.24511719 40 230 120 2
-0.01269531 0.18457031 0.25683594 255 40 40 1
-0.00488281 0.14355469 0.25683594 255 40 40 1
-0.00683594 0.14355469 0.25683594 255 40 40 1
0.02441406 0.11816406 0.23730469 255 40 40 1
-0.00683594 0.14355469 0.25488281 255 40 40 1
0.00683594 0.13574219 0.23925781 40 230 120 2
0.00878906 0.13574219 0.24121094 40 230 120 2
0.00683594 0.14746094 0.22558594 255 40 40 1
0.00878906 0.13574219 0.23925781 40 230 120 2
0.00683594 0.13574219 0.24121094 40 230 120 2
0.02441406 0.11621094 0.23730469 255 40 40 1
0.00097656 0.12792969 0.26660156 40 230 120 2
-0.01855469 0.14941406 0.27441406 40 230 120 2
-0.03222656 0.16699219 0.28808594 255 40 40 1
-0.01855469 0.14746094 0.27441406 40 230 120 2
-0.02050781 0.14941406 0.27441406 40 230 120 2
-0.02050781 0.13378906 0.27832031 255 40 40 1
-0.02246094 0.13378906 0.28027344 255 40 40 1
-0.02050781 0.14746094 0.27441406 40 230 120 2
-0.03027344 0.16699219 0.28808594 255 40 40 1
0.05175781 0.20800781 0.30371094 255 40 40 1
0.04980469 0.21191406 0.27832031 40 230 120 2
0.04980469 0.21191406 0.27636719 40 230 120 2
0.04785156 0.21191406 0.27832031 40 230 120 2
0.04980469 0.20800781 0.30371094 255 40 40 1
0.04785156 0.21191406 0.27636719 40 230 120 2
0.01464844 0.20996094 0.27832031 255 40 40 1
0.01269531 0.20996094 0.27832031 255 40 40 1
0.08105469 0.21777344 0.24902344 255 40 40 1
0.01855469 0.20605469 0.24316406 40 230 120 2
0.00488281 0.19042969 0.21777344 255 40 40 1
0.03613281 0.21972656 0.22753906 255 40 40 1
0.03613281 0.21777344 0.22753906 255 40 40 1
0.00488281 0.19042969 0.21972656 255 40 40 1
0.01660156 0.20605469 0.24121094 40 230 120 2
0.01855469 0.20605469 0.24121094 40 230 120 2
0.01855469 0.20800781 0.24121094 40 230 120 2
0.01269531 0.20800781 0.27832031 255 40 40 1
-0.03027344 0.16894531 0.28808594 255 40 40 1
-0.01074219 0.18847656 0.27441406 40 230 120 2
-0.01074219 0.18652344 0.27636719 40 230 120 2
-0.01074219 0.18652344 0.27441406 40 230 120 2
-0.01074219 0.18847656 0.27636719 40 230 120 2
-0.01269531 0.18847656 0.31738281 255 40 40 1
-0.01269531 0.18847656 0.31542969 255 40 40 1
-0.01269531 0.19042969 0.31542969 255 40 40 1
0.00683594 0.19628906 0.31347656 40 230 120 2
0.01660156 0.18847656 0.34472656 255 40 40 1
0.00488281 0.19433594 0.31347656 40 230 120 2
0.00488281 0.19628906 0.31347656 40 230 120 2
0.00683594 0.19628906 0.31542969 40 230 120 2
0.07519531 0.17285156 0.31347656 255 40 40 1
0.07519531 0.17285156 0.31152344 255 40 40 1
0.09082031 0.13378906 0.26074219 255 40 40 1
0.07910156 0.14550781 0.29394531 40 230 120 2
0.08105469 0.14550781 0.29394531 40 230 120 2
0.07910156 0.14746094 0.29394531 40 230 120 2
0.08105469 0.14746094 0.29394531 40 230 120 2
0.07519531 0.17480469 0.31347656 255 40 40 1
0.08496094 0.19042969 0.27441406 40 230 120 2
0.10058594 0.17675781 0.26074219 255 40 40 1
0.08105469 0.21582031 0.24707031 255 40 40 1
0.09863281 0.17675781 0.26074219 255 40 40 1
0.08496094 0.18847656 0.27246094 40 230 120 2
0.08496094 0.18847656 0.27441406 40 230 120 2
0.08496094 0.19042969 0.27246094 40 230 120 2
0.01855469 0.18847656 0.34667969 255 40 40 1
0.07324219 0.17285156 0.31347656 255 40 40 1
0.05175781 0.20800781 0.30566406 255 40 40 1
0.05175781 0.20605469 0.30371094 255 40 40 1
0.04980469 0.19042969 0.32128906 40 230 120 2
0.04785156 0.19042969 0.32128906 40 230 120 2
0.04785156 0.18847656 0.32128906 40 230 120 2
0.04785156 0.19042969 0.32324219 40 230 120 2
0.01855469 0.18847656 0.34472656 255 40 40 1
0.04394531 0.16113281 0.35644531 255 40 40 1
0.04785156 0.12792969 0.34277344 255 40 40 1
0.04980469 0.12792969 0.34277344 255 40 40 1
0.04589844 0.16113281 0.35644531 255 40 40 1
0.05566406 0.15332031 0.33691406 40 230 120 2
0.05566406 0.15332031 0.33886719 40 230 120 2
0.05761719 0.15332031 0.33886719 40 230 120 2
0.05566406 0.15527344 0.33886719 40 230 120 2
-0.12402344 -0.04003906 0.41503906 40 230 120 2
-0.12402344 -0.03808594 0.41503906 40 230 120 2
-0.12597656 -0.03808594 0.41503906 40 230 120 2
-0.12402344 -0.03808594 0.41699219 40 230 120 2
-0.12207031 -0.04980469 0.42871094 255 40 40 1
-0.13964844 -0.04003906 0.43066406 255 40 40 1
-0.12402344 -0.04980469 0.42871094 255 40 40 1
-0.13574219 -0.02246094 0.40136719 40 230 120 2
-0.13769531 -0.02246094 0.40332031 40 230 120 2
-0.13769531 -0.02246094 0.40136719 40 230 120 2
-0.14160156 -0.03808594 0.43066406 255 40 40 1
-0.14355469 -0.00878906 0.38378906 255 40 40 1
-0.14355469 -0.00878906 0.38183594 255 40 40 1
-0.12792969 -0.02050781 0.39550781 255 40 40 1
-0.13964844 -0.03808594 0.43066406 255 40 40 1
-0.13769531 -0.02050781 0.40136719 40 230 120 2
-0.12792969 -0.01855469 0.39746094 255 40 40 1
-0.12792969 -0.01855469 0.39550781 255 40 40 1
-0.15917969 -0.03222656 0.42480469 255 40 40 1
-0.16113281 -0.03222656 0.42480469 255 40 40 1
-0.14160156 -0.04003906 0.43066406 255 40 40 1
-0.17480469 -0.06152344 0.46191406 255 40 40 1
-0.16113281 -0.04394531 0.43847656 40 230 120 2
-0.16113281 -0.03417969 0.42480469 255 40 40 1
-0.15917969 -0.04394531 0.44042969 40 230 120 2
-0.15722656 -0.04394531 0.43847656 40 230 120 2
-0.17675781 -0.05957031 0.46191406 255 40 40 1
-0.17480469 -0.05957031 0.46191406 255 40 40 1
-0.15917969 -0.04394531 0.43847656 40 230 120 2
-0.17480469 -0.05957031 0.45996094 255 40 40 1
-0.15527344 -0.06738281 0.46582031 255 40 40 1
-0.14746094 -0.06152344 0.45410156 40 230 120 2
-0.15722656 -0.06738281 0.46582031 255 40 40 1
-0.14550781 -0.06347656 0.45410156 40 230 120 2
-0.15722656 -0.06738281 0.46386719 255 40 40 1
-0.14550781 -0.06152344 0.45214844 40 230 120 2
-0.14550781 -0.06152344 0.45410156 40 230 120 2
-0.13964844 -0.07910156 0.46386719 255 40 40 1
-0.13964844 -0.07910156 0.46582031 255 40 40 1
-0.13964844 -0.07714844 0.46386719 255 40 40 1
-0.13964844 -0.07714844 0.46582031 255 40 40 1
-0.15527344 -0.06738281 0.46386719 255 40 40 1
-0.03027344 0.07324219 0.44628906 255 40 40 1
-0.06738281 0.09667969 0.40917969 255 40 40 1
-0.04394531 0.08886719 0.45214844 255 40 40 1
-0.04394531 0.08691406 0.45214844 255 40 40 1
-0.04589844 0.08691406 0.43652344 40 230 120 2
-0.04785156 0.08496094 0.43652344 40 230 120 2
-0.03027344 0.07324219 0.44824219 255 40 40 1
-0.04199219 0.08886719 0.45214844 255 40 40 1
-0.04589844 0.08496094 0.43652344 40 230 120 2
-0.04785156 0.08691406 0.43652344 40 230 120 2
-0.04785156 0.08105469 0.41503906 255 40 40 1
-0.04785156 0.08105469 0.41308594 255 40 40 1
-0.03808594 0.07519531 0.42285156 40 230 120 2
-0.04785156 0.07910156 0.41503906 255 40 40 1
-0.03613281 0.07519531 0.42089844 40 230 120 2
-0.03027344 0.07128906 0.44628906 255 40 40 1
-0.03808594 0.07519531 0.41894531 40 230 120 2
-0.03417969 0.07324219 0.40136719 255 40 40 1
-0.03808594 0.07519531 0.42089844 40 230 120 2
-0.01464844 0.06347656 0.43847656 255 40 40 1
-0.01269531 0.06347656 0.43847656 255 40 40 1
-0.01269531 0.06152344 0.45214844 40 230 120 2
-0.03027344 0.07128906 0.44824219 255 40 40 1
-0.01269531 0.06152344 0.45410156 40 230 120 2
-0.01074219 0.06152344 0.45214844 40 230 120 2
-0.01074219 0.06152344 0.45410156 40 230 120 2
0.00488281 0.04785156 0.47167969 255 40 40 1
-0.02246094 0.06738281 0.47753906 40 230 120 2
-0.02246094 0.06933594 0.47558594 40 230 120 2
-0.01269531 0.05761719 0.48339844 255 40 40 1
-0.02050781 0.06738281 0.47558594 40 230 120 2
-0.02246094 0.06738281 0.47558594 40 230 120 2
-0.01464844 0.05761719 0.48339844 255 40 40 1
-0.01269531 0.05566406 0.48535156 255 40 40 1
-0.02441406 0.07519531 0.49316406 255 40 40 1
-0.02441406 0.07519531 0.49511719 255 40 40 1
-0.01269531 0.05566406 0.48339844 255 40 40 1
0.00292969 0.11230469 0.43652344 255 40 40 1
0.00683594 0.10058594 0.41894531 40 230 120 2
0.00683594 0.10253906 0.41894531 40 230 120 2
0.00488281 0.11230469 0.43652344 255 40 40 1
0.00488281 0.10253906 0.41894531 40 230 120 2
0.00683594 0.10058594 0.41699219 40 230 120 2
0.01269531 0.09277344 0.43066406 255 40 40 1
-0.01464844 0.12402344 0.40917969 40 230 120 2
-0.01269531 0.12402344 0.41113281 40 230 120 2
-0.00878906 0.12207031 0.39746094 255 40 40 1
-0.00878906 0.12011719 0.39746094 255 40 40 1
-0.00878906 0.12207031 0.39550781 255 40 40 1
-0.01464844 0.12402344 0.41113281 40 230 120 2
-0.00878906 0.12011719 0.39550781 255 40 40 1
-0.01269531 0.12402344 0.40917969 40 230 120 2
0.00097656 0.11230469 0.49511719 255 40 40 1
0.00292969 0.11230469 0.49316406 255 40 40 1
0.00097656 0.11230469 0.49316406 255 40 40 1
0.00292969 0.11425781 0.43652344 255 40 40 1
-0.00488281 0.11621094 0.45800781 40 230 120 2
0.00097656 0.11230469 0.49121094 255 40 40 1
0.00292969 0.11230469 0.43847656 255 40 40 1
-0.01855469 0.12207031 0.44628906 255 40 40 1
-0.00488281 0.11621094 0.46191406 40 230 120 2
-0.00488281 0.11621094 0.45996094 40 230 120 2
-0.01660156 0.12207031 0.44628906 255 40 40 1
-0.01855469 0.12207031 0.44824219 255 40 40 1
-0.00292969 0.11621094 0.45996094 40 230 120 2
0.01855469 0.10058594 0.46191406 40 230 120 2
0.02246094 0.10058594 0.47949219 255 40 40 1
0.03027344 0.08300781 0.46777344 255 40 40 1
0.02832031 0.08300781 0.46777344 255 40 40 1
0.02246094 0.10253906 0.47949219 255 40 40 1
0.01855469 0.09863281 0.46191406 40 230 120 2
0.01855469 0.09863281 0.46386719 40 230 120 2
0.02050781 0.10253906 0.47949219 255 40 40 1
0.03027344 0.08300781 0.46972656 255 40 40 1
0.02636719 0.08886719 0.47363281 40 230 120 2
0.02050781 0.09863281 0.46191406 40 230 120 2
-0.10449219 0.06933594 0.41503906 255 40 40 1
-0.10449219 0.07128906 0.41503906 255 40 40 1
-0.10449219 0.07128906 0.41308594 255 40 40 1
-0.12207031 0.05371094 0.40332031 255 40 40 1
-0.12597656 0.06347656 0.36035156 255 40 40 1
-0.12792969 0.06347656 0.36035156 255 40 40 1
-0.12792969 0.06347656 0.35839844 255 40 40 1
-0.10644531 0.07128906 0.41503906 255 40 40 1
-0.11816406 0.06347656 0.39355469 40 230 120 2
-0.12011719 0.05371094 0.40332031 255 40 40 1
-0.11816406 0.06152344 0.39160156 40 230 120 2
-0.12597656 0.06347656 0.35839844 255 40 40 1
-0.11816406 0.06347656 0.39160156 40 230 120 2
-0.12207031 0.05371094 0.40136719 255 40 40 1
-0.11621094 0.06347656 0.39160156 40 230 120 2
-0.11621094 0.08105469 0.36425781 255 40 40 1
-0.11230469 0.07714844 0.32519531 255 40 40 1
-0.11816406 0.07324219 0.34863281 40 230 120 2
-0.11816406 0.07519531 0.34863281 40 230 120 2
-0.11816406 0.07324219 0.35058594 40 230 120 2
-0.11230469 0.07910156 0.32519531 255 40 40 1
-0.11816406 0.07519531 0.35058594 40 230 120 2
-0.12792969 0.04980469 0.31738281 255 40 40 1
-0.12011719 0.06152344 0.32128906 255 40 40 1
-0.12597656 0.05957031 0.33300781 40 230 120 2
-0.12011719 0.06347656 0.32324219 255 40 40 1
-0.12792969 0.04980469 0.31933594 255 40 40 1
-0.12207031 0.06347656 0.32128906 255 40 40 1
-0.12011719 0.06347656 0.32128906 255 40 40 1
-0.12597656 0.05761719 0.33300781 40 230 120 2
-0.12597656 0.05957031 0.33105469 40 230 120 2
-0.12402344 0.05957031 0.33300781 40 230 120 2
-0.13574219 0.04589844 0.35253906 255 40 40 1
-0.13574219 0.04785156 0.35253906 255 40 40 1
-0.13574219 0.04589844 0.35449219 255 40 40 1
-0.12988281 0.04785156 0.37011719 40 230 120 2
-0.12988281 0.04589844 0.37011719 40 230 120 2
-0.12988281 0.04785156 0.36816406 40 230 120 2
-0.12988281 0.04589844 0.36816406 40 230 120 2
0.01269531 0.09667969 0.33496094 255 40 40 1
0.01074219 0.09667969 0.33496094 255 40 40 1
-0.01074219 0.09472656 0.30566406 255 40 40 1
-0.01074219 0.09667969 0.30371094 255 40 40 1
0.00292969 0.10839844 0.29003906 255 40 40 1
0.00097656 0.09863281 0.30957031 40 230 120 2
0.00292969 0.10058594 0.30957031 40 230 120 2
0.00097656 0.10058594 0.30957031 40 230 120 2
0.00097656 0.10058594 0.31152344 40 230 120 2
0.00292969 0.10839844 0.29199219 255 40 40 1
0.01269531 0.09863281 0.33496094 255 40 40 1
0.03222656 0.11035156 0.33105469 40 230 120 2
0.03027344 0.11035156 0.33105469 40 230 120 2
0.03027344 0.11230469 0.33105469 40 230 120 2
0.03027344 0.10839844 0.31738281 255 40 40 1
0.03027344 0.11035156 0.33300781 40 230 120 2
0.00097656 0.10058594 0.38574219 255 40 40 1
0.00097656 0.09863281 0.38574219 255 40 40 1
0.01269531 0.10253906 0.36230469 40 230 120 2
0.01269531 0.10449219 0.36230469 40 230 120 2
0.02441406 0.11425781 0.36621094 255 40 40 1
0.01269531 0.09667969 0.33691406 255 40 40 1
0.01269531 0.10253906 0.36425781 40 230 120 2
0.01269531 0.10449219 0.36425781 40 230 120 2
0.02246094 0.11425781 0.36621094 255 40 40 1
-0.02441406 0.08300781 0.31347656 255 40 40 1
-0.02246094 0.08300781 0.31347656 255 40 40 1
-0.00488281 0.08496094 0.34667969 255 40 40 1
-0.00488281 0.08886719 0.33105469 40 230 120 2
-0.00488281 0.08691406 0.33105469 40 230 120 2
-0.00488281 0.08691406 0.33300781 40 230 120 2
-0.00488281 0.08886719 0.33300781 40 230 120 2
-0.02441406 0.08300781 0.31542969 255 40 40 1
0.01464844 0.14355469 0.37988281 255 40 40 1
0.03027344 0.12792969 0.36425781 40 230 120 2
0.02832031 0.12988281 0.36425781 40 230 120 2
0.02441406 0.11621094 0.36621094 255 40 40 1
0.02832031 0.12792969 0.36425781 40 230 120 2
0.03027344 0.12988281 0.36425781 40 230 120 2
0.04394531 0.16113281 0.35839844 255 40 40 1
0.01464844 0.14550781 0.37988281 255 40 40 1
0.02636719 0.16503906 0.36230469 40 230 120 2
0.02441406 0.16503906 0.36035156 40 230 120 2
0.02636719 0.16503906 0.36035156 40 230 120 2
0.04394531 0.16308594 0.35644531 255 40 40 1
0.01660156 0.18847656 0.34667969 255 40 40 1
0.02441406 0.16503906 0.36230469 40 230 120 2
-0.01269531 0.16894531 0.37207031 255 40 40 1
-0.01074219 0.15136719 0.38183594 40 230 120 2
0.01464844 0.14550781 0.38183594 255 40 40 1
0.01464844 0.14355469 0.38183594 255 40 40 1
-0.03417969 0.13769531 0.39355469 255 40 40 1
-0.01074219 0.16699219 0.37207031 255 40 40 1
-0.01269531 0.16699219 0.37207031 255 40 40 1
-0.00878906 0.14941406 0.38183594 40 230 120 2
-0.03417969 0.13964844 0.39355469 255 40 40 1
-0.01074219 0.14941406 0.38378906 40 230 120 2
-0.01074219 0.14941406 0.38183594 40 230 120 2
0.00097656 0.10058594 0.38769531 255 40 40 1
0.00097656 0.12011719 0.38769531 40 230 120 2
0.00292969 0.12207031 0.38769531 40 230 120 2
0.00097656 0.12207031 0.38769531 40 230 120 2
0.00097656 0.12207031 0.38964844 40 230 120 2
-0.03613281 0.16894531 0.33886719 255 40 40 1
-0.01074219 0.17480469 0.35058594 40 230 120 2
-0.01074219 0.17480469 0.35253906 40 230 120 2
-0.01074219 0.17675781 0.35253906 40 230 120 2
-0.00878906 0.17480469 0.35253906 40 230 120 2
-0.03613281 0.16894531 0.33691406 255 40 40 1
-0.02832031 0.17480469 0.31347656 40 230 120 2
-0.02832031 0.17480469 0.31542969 40 230 120 2
-0.02636719 0.17480469 0.31347656 40 230 120 2
-0.02636719 0.17480469 0.31542969 40 230 120 2
-0.01464844 0.18847656 0.31542969 255 40 40 1
-0.04980469 0.14941406 0.30566406 255 40 40 1
-0.05175781 0.15136719 0.31933594 40 230 120 2
-0.05175781 0.14941406 0.32128906 40 230 120 2
-0.06542969 0.13183594 0.31738281 255 40 40 1
-0.05175781 0.14941406 0.30566406 255 40 40 1
-0.04980469 0.14941406 0.31933594 40 230 120 2
-0.06542969 0.13183594 0.31542969 255 40 40 1
-0.06542969 0.13378906 0.31738281 255 40 40 1
-0.05175781 0.14941406 0.31933594 40 230 120 2
-0.03613281 0.13769531 0.39355469 255 40 40 1
-0.05761719 0.14746094 0.35253906 255 40 40 1
-0.05761719 0.14746094 0.35058594 255 40 40 1
-0.04199219 0.15136719 0.36230469 40 230 120 2
-0.04394531 0.15136719 0.36035156 40 230 120 2
-0.04394531 0.15136719 0.36230469 40 230 120 2
-0.04199219 0.15136719 0.36035156 40 230 120 2
-0.04003906 0.14550781 0.29589844 40 230 120 2
-0.04003906 0.14355469 0.29394531 40 230 120 2
-0.04003906 0.14355469 0.29589844 40 230 120 2
-0.04003906 0.14550781 0.29394531 40 230 120 2
-0.03808594 0.11816406 0.29394531 255 40 40 1
-0.04980469 0.14941406 0.30371094 255 40 40 1
-0.03613281 0.11816406 0.29394531 255 40 40 1
-0.04980469 0.14746094 0.30566406 255 40 40 1
-0.03613281 0.11816406 0.29199219 255 40 40 1
0.00097656 0.10839844 0.29003906 255 40 40 1
-0.02050781 0.12011719 0.28808594 40 230 120 2
-0.02050781 0.13183594 0.28027344 255 40 40 1
-0.01660156 0.12011719 0.28808594 40 230 120 2
-0.00683594 0.11621094 0.28613281 255 40 40 1
-0.00878906 0.11621094 0.28808594 255 40 40 1
-0.01855469 0.11816406 0.28808594 40 230 120 2
-0.01855469 0.12011719 0.28808594 40 230 120 2
-0.02246094 0.13183594 0.28027344 255 40 40 1
-0.03613281 0.11621094 0.29394531 255 40 40 1
-0.01269531 0.09667969 0.30371094 255 40 40 1
-0.01269531 0.09472656 0.30371094 255 40 40 1
-0.04980469 0.10449219 0.30175781 255 40 40 1
-0.04980469 0.11816406 0.30371094 40 230 120 2
-0.05175781 0.10449219 0.30175781 255 40 40 1
-0.05175781 0.11816406 0.30371094 40 230 120 2
-0.05175781 0.11621094 0.30371094 40 230 120 2
-0.05175781 0.11816406 0.30566406 40 230 120 2
-0.16113281 -0.04394531 0.35253906 255 40 40 1
-0.16308594 -0.04394531 0.35253906 255 40 40 1
-0.18261719 -0.05371094 0.29394531 255 40 40 1
-0.17480469 -0.05371094 0.32324219 40 230 120 2
-0.18261719 -0.05175781 0.29394531 255 40 40 1
-0.18261719 -0.06933594 0.32128906 255 40 40 1
-0.18066406 -0.06933594 0.32128906 255 40 40 1
-0.17480469 -0.05566406 0.32324219 40 230 120 2
-0.17480469 -0.05566406 0.32128906 40 230 120 2
-0.17675781 -0.05566406 0.32324219 40 230 120 2
-0.17089844 -0.02441406 0.31542969 255 40 40 1
-0.17089844 -0.02246094 0.31347656 255 40 40 1
-0.15527344 -0.01464844 0.28417969 255 40 40 1
-0.15527344 -0.01660156 0.28417969 255 40 40 1
-0.16894531 -0.03027344 0.29785156 40 230 120 2
-0.15527344 -0.01464844 0.28613281 255 40 40 1
-0.17089844 -0.02246094 0.31542969 255 40 40 1
-0.18261719 -0.05175781 0.29199219 255 40 40 1
-0.16894531 -0.03027344 0.29589844 40 230 120 2
-0.17089844 -0.03027344 0.29785156 40 230 120 2
-0.16894531 -0.02832031 0.29785156 40 230 120 2
-0.18457031 -0.05175781 0.29394531 255 40 40 1
-0.16503906 -0.04589844 0.26464844 255 40 40 1
-0.17675781 -0.05761719 0.26464844 40 230 120 2
-0.17675781 -0.05761719 0.26660156 40 230 120 2
-0.18066406 -0.07519531 0.23925781 255 40 40 1
-0.16503906 -0.04589844 0.26660156 255 40 40 1
-0.17480469 -0.05761719 0.26464844 40 230 120 2
-0.18066406 -0.07714844 0.23925781 255 40 40 1
-0.16503906 -0.04394531 0.26464844 255 40 40 1
-0.16503906 -0.04394531 0.26660156 255 40 40 1
-0.17480469 -0.05761719 0.26660156 40 230 120 2
-0.19628906 -0.08105469 0.28613281 40 230 120 2
-0.20410156 -0.10644531 0.29589844 255 40 40 1
-0.20019531 -0.08496094 0.26660156 255 40 40 1
-0.20019531 -0.08691406 0.26660156 255 40 40 1
-0.20019531 -0.08496094 0.26855469 255 40 40 1
-0.19628906 -0.08300781 0.28417969 40 230 120 2
-0.19628906 -0.08105469 0.28417969 40 230 120 2
-0.20019531 -0.08691406 0.26855469 255 40 40 1
-0.19628906 -0.08300781 0.28613281 40 230 120 2
-0.12011719 0.02246094 0.44042969 255 40 40 1
-0.10644531 0.00683594 0.44238281 255 40 40 1
-0.11816406 0.01855469 0.42675781 40 230 120 2
-0.11816406 0.01855469 0.42480469 40 230 120 2
-0.12011719 0.02246094 0.43847656 255 40 40 1
-0.11816406 0.02050781 0.42675781 40 230 120 2
-0.11816406 0.02050781 0.42480469 40 230 120 2
-0.10644531 0.00683594 0.44042969 255 40 40 1
-0.12011719 0.02050781 0.44042969 255 40 40 1
-0.10058594 0.00878906 0.41699219 40 230 120 2
-0.09863281 0.00683594 0.41894531 40 230 120 2
-0.10839844 0.01074219 0.40722656 255 40 40 1
-0.08496094 0.00292969 0.40332031 255 40 40 1
-0.10058594 0.00683594 0.41699219 40 230 120 2
-0.10839844 0.01074219 0.40917969 255 40 40 1
-0.10449219 0.00683594 0.44042969 255 40 40 1
-0.09863281 0.00683594 0.41699219 40 230 120 2
-0.08691406 -0.01464844 0.48339844 255 40 40 1
-0.08886719 -0.01464844 0.48339844 255 40 40 1
-0.08691406 -0.01269531 0.48339844 255 40 40 1
-0.08886719 -0.01269531 0.48339844 255 40 40 1
-0.08691406 -0.00097656 0.44433594 255 40 40 1
-0.09472656 -0.00292969 0.45605469 40 230 120 2
-0.09277344 -0.00292969 0.45605469 40 230 120 2
-0.10449219 0.00683594 0.44238281 255 40 40 1
-0.08691406 -0.00292969 0.44628906 255 40 40 1
-0.08691406 -0.00097656 0.44628906 255 40 40 1
-0.09472656 -0.00292969 0.45800781 40 230 120 2
-0.09277344 -0.00292969 0.45800781 40 230 120 2
-0.10644531 -0.00488281 0.47949219 255 40 40 1
-0.10644531 -0.00488281 0.48144531 255 40 40 1
-0.12011719 0.00683594 0.48339844 255 40 40 1
-0.11230469 0.00292969 0.46777344 40 230 120 2
-0.12011719 0.00878906 0.48339844 255 40 40 1
-0.11230469 0.00292969 0.46972656 40 230 120 2
-0.11035156 0.00292969 0.46777344 40 230 120 2
-0.11035156 0.00292969 0.46972656 40 230 120 2
-0.15722656 -0.02246094 0.37011719 255 40 40 1
-0.16113281 -0.00097656 0.33300781 255 40 40 1
-0.15332031 -0.00878906 0.36230469 40 230 120 2
-0.15332031 -0.01074219 0.36230469 40 230 120 2
-0.15332031 -0.01074219 0.36035156 40 230 120 2
-0.15527344 -0.02246094 0.37011719 255 40 40 1
-0.14550781 -0.00878906 0.38183594 255 40 40 1
-0.15527344 -0.01074219 0.36035156 40 230 120 2
-0.15917969 -0.00097656 0.33300781 255 40 40 1
-0.15917969 -0.00097656 0.33105469 255 40 40 1
-0.15136719 0.01269531 0.32714844 40 230 120 2
-0.15136719 0.01464844 0.34277344 255 40 40 1
-0.16113281 -0.00097656 0.33105469 255 40 40 1
-0.13964844 0.02246094 0.30957031 255 40 40 1
-0.14941406 0.01269531 0.32910156 40 230 120 2
-0.14941406 0.01269531 0.32714844 40 230 120 2
-0.15136719 0.01660156 0.34277344 255 40 40 1
-0.15136719 0.01660156 0.34082031 255 40 40 1
-0.15136719 0.01269531 0.32910156 40 230 120 2
-0.14550781 0.00683594 0.29980469 255 40 40 1
-0.14550781 0.00683594 0.29785156 255 40 40 1
-0.15527344 -0.00292969 0.30566406 40 230 120 2
-0.14746094 0.00683594 0.29785156 255 40 40 1
-0.14746094 0.00683594 0.29980469 255 40 40 1
-0.15332031 -0.00292969 0.30371094 40 230 120 2
-0.15332031 -0.00292969 0.30566406 40 230 120 2
-0.15332031 -0.00097656 0.30566406 40 230 120 2
-0.16308594 -0.02246094 0.33496094 40 230 120 2
-0.16503906 -0.02246094 0.33496094 40 230 120 2
-0.16503906 -0.02246094 0.33300781 40 230 120 2
-0.16308594 -0.02246094 0.33300781 40 230 120 2
-0.09277344 -0.03613281 0.33886719 255 40 40 1
-0.08691406 -0.02246094 0.31933594 40 230 120 2
-0.08886719 -0.02246094 0.30371094 255 40 40 1
-0.08886719 -0.02441406 0.30371094 255 40 40 1
-0.08886719 -0.02441406 0.30566406 255 40 40 1
-0.08300781 -0.00683594 0.31542969 255 40 40 1
-0.08300781 -0.00683594 0.31347656 255 40 40 1
-0.08886719 -0.02246094 0.31738281 40 230 120 2
-0.08886719 -0.02246094 0.31933594 40 230 120 2
-0.08691406 -0.02246094 0.31738281 40 230 120 2
-0.08496094 -0.01855469 0.35058594 255 40 40 1
-0.08496094 -0.01855469 0.34863281 255 40 40 1
-0.09277344 -0.03613281 0.34082031 255 40 40 1
-0.09472656 -0.02441406 0.35839844 40 230 120 2
-0.09472656 -0.02636719 0.35839844 40 230 120 2
-0.09667969 -0.02636719 0.35839844 40 230 120 2
-0.09472656 -0.02636719 0.36035156 40 230 120 2
-0.09277344 -0.03808594 0.34082031 255 40 40 1
-0.09277344 -0.03808594 0.33886719 255 40 40 1
-0.11621094 -0.04394531 0.37402344 255 40 40 1
-0.12988281 -0.06152344 0.35644531 255 40 40 1
-0.11230469 -0.04785156 0.35839844 40 230 120 2
-0.11230469 -0.04589844 0.35839844 40 230 120 2
-0.11230469 -0.04785156 0.35644531 40 230 120 2
-0.12792969 -0.06152344 0.35644531 255 40 40 1
-0.12792969 -0.06152344 0.35839844 255 40 40 1
-0.12988281 -0.06152344 0.35839844 255 40 40 1
-0.11230469 -0.04589844 0.35644531 40 230 120 2
-0.10253906 -0.05957031 0.32324219 255 40 40 1
-0.10253906 -0.06152344 0.32128906 255 40 40 1
-0.09863281 -0.04589844 0.29199219 255 40 40 1
-0.09667969 -0.04785156 0.31542969 40 230 120 2
-0.10253906 -0.06152344 0.32324219 255 40 40 1
-0.09863281 -0.04785156 0.31542969 40 230 120 2
-0.09667969 -0.04785156 0.31738281 40 230 120 2
-0.09863281 -0.04785156 0.31738281 40 230 120 2
-0.25097656 0.07910156 0.21777344 40 230 120 2
-0.25488281 0.08105469 0.20996094 255 40 40 1
-0.25488281 0.07910156 0.20996094 255 40 40 1
-0.25292969 0.07714844 0.21582031 40 230 120 2
-0.25683594 0.05957031 0.22167969 255 40 40 1
-0.25488281 0.05957031 0.22167969 255 40 40 1
-0.25097656 0.07714844 0.21582031 40 230 120 2
-0.25097656 0.07714844 0.21777344 40 230 120 2
-0.24121094 0.09082031 0.21972656 255 40 40 1
-0.25683594 0.07910156 0.20996094 255 40 40 1
0.14355469 0.13769531 0.43066406 255 40 40 1
0.16308594 0.12792969 0.43457031 255 40 40 1
0.16113281 0.12988281 0.43457031 255 40 40 1
0.14550781 0.13769531 0.43066406 255 40 40 1
0.15527344 0.12792969 0.43457031 40 230 120 2
0.15527344 0.12792969 0.43652344 40 230 120 2
0.15527344 0.12597656 0.43652344 40 230 120 2
0.15722656 0.12792969 0.43652344 40 230 120 2
-0.14355469 -0.08105469 0.33886719 40 230 120 2
-0.16113281 -0.08691406 0.33300781 255 40 40 1
-0.14160156 -0.08105469 0.33886719 40 230 120 2
-0.14160156 -0.08300781 0.33886719 40 230 120 2
-0.13574219 -0.09472656 0.32714844 255 40 40 1
-0.14160156 -0.08105469 0.34082031 40 230 120 2
-0.13574219 -0.09667969 0.32714844 255 40 40 1
-0.14746094 -0.05566406 0.35839844 255 40 40 1
-0.16113281 -0.04394531 0.35449219 255 40 40 1
-0.16113281 -0.04589844 0.35253906 255 40 40 1
-0.15527344 -0.06347656 0.34863281 40 230 120 2
-0.15722656 -0.06347656 0.34863281 40 230 120 2
-0.15722656 -0.06152344 0.34863281 40 230 120 2
-0.15527344 -0.06152344 0.34863281 40 230 120 2
-0.18261719 -0.08691406 0.31542969 40 230 120 2
-0.20214844 -0.10449219 0.29785156 255 40 40 1
-0.18261719 -0.08886719 0.31542969 40 230 120 2
-0.18261719 -0.07128906 0.32128906 255 40 40 1
-0.18261719 -0.08886719 0.31738281 40 230 120 2
-0.18066406 -0.07128906 0.32128906 255 40 40 1
-0.20214844 -0.10644531 0.29785156 255 40 40 1
-0.18261719 -0.08691406 0.31738281 40 230 120 2
-0.16308594 -0.08691406 0.33105469 255 40 40 1
-0.16308594 -0.11816406 0.31542969 40 230 120 2
-0.17871094 -0.12792969 0.31152344 255 40 40 1
-0.18066406 -0.12792969 0.31152344 255 40 40 1
-0.14746094 -0.13574219 0.30371094 255 40 40 1
-0.14746094 -0.13378906 0.30566406 255 40 40 1
-0.16503906 -0.11621094 0.31542969 40 230 120 2
-0.16308594 -0.08691406 0.33300781 255 40 40 1
-0.16113281 -0.08886719 0.33300781 255 40 40 1
-0.17871094 -0.12597656 0.31152344 255 40 40 1
-0.14746094 -0.13378906 0.30371094 255 40 40 1
-0.16308594 -0.11621094 0.31738281 40 230 120 2
-0.18066406 -0.12597656 0.31152344 255 40 40 1
-0.16308594 -0.11621094 0.31542969 40 230 120 2
-0.10839844 -0.06933594 0.28613281 40 230 120 2
-0.11035156 -0.07519531 0.27246094 255 40 40 1
-0.10839844 -0.07128906 0.28613281 40 230 120 2
-0.11035156 -0.07324219 0.27050781 255 40 40 1
-0.11035156 -0.07519531 0.27050781 255 40 40 1
-0.10839844 -0.07128906 0.28808594 40 230 120 2
-0.10839844 -0.06933594 0.28808594 40 230 120 2
-0.11425781 -0.09082031 0.29980469 255 40 40 1
-0.09863281 -0.04785156 0.29003906 255 40 40 1
-0.11425781 -0.07128906 0.32714844 40 230 120 2
-0.11425781 -0.09082031 0.30175781 255 40 40 1
-0.11425781 -0.07128906 0.32519531 40 230 120 2
-0.11621094 -0.07128906 0.32519531 40 230 120 2
-0.11621094 -0.07128906 0.32714844 40 230 120 2
-0.10449219 -0.06152344 0.32324219 255 40 40 1
-0.13574219 -0.09667969 0.32519531 255 40 40 1
-0.11425781 -0.09277344 0.30175781 255 40 40 1
-0.14550781 -0.13378906 0.30371094 255 40 40 1
-0.11425781 -0.09277344 0.29980469 255 40 40 1
-0.13183594 -0.10839844 0.30957031 40 230 120 2
-0.13183594 -0.10644531 0.30957031 40 230 120 2
-0.13378906 -0.10839844 0.30957031 40 230 120 2
-0.13183594 -0.10839844 0.31152344 40 230 120 2
-0.12011719 -0.11035156 0.27246094 40 230 120 2
-0.12011719 -0.11230469 0.27246094 40 230 120 2
-0.12011719 -0.11035156 0.27441406 40 230 120 2
-0.12011719 -0.11035156 0.24316406 255 40 40 1
-0.12011719 -0.11230469 0.24316406 255 40 40 1
-0.12011719 -0.10839844 0.27246094 40 230 120 2
-0.12597656 -0.12597656 0.27636719 255 40 40 1
-0.12597656 -0.12597656 0.27832031 255 40 40 1
-0.15332031 -0.01464844 0.28417969 255 40 40 1
-0.14941406 -0.03808594 0.26855469 40 230 120 2
-0.15136719 -0.03808594 0.27050781 40 230 120 2
-0.15136719 -0.03808594 0.26855469 40 230 120 2
-0.15136719 -0.03613281 0.27050781 40 230 120 2
-0.12402344 -0.02636719 0.27636719 255 40 40 1
-0.09863281 -0.04589844 0.29003906 255 40 40 1
-0.12011719 -0.04199219 0.27441406 40 230 120 2
-0.10058594 -0.04589844 0.29003906 255 40 40 1
-0.13378906 -0.05371094 0.25878906 255 40 40 1
-0.12402344 -0.02832031 0.27636719 255 40 40 1
-0.11816406 -0.04199219 0.27441406 40 230 120 2
-0.11816406 -0.04394531 0.27441406 40 230 120 2
-0.11816406 -0.04199219 0.27636719 40 230 120 2
-0.12207031 -0.02636719 0.27636719 255 40 40 1
-0.12207031 -0.08105469 0.25683594 40 230 120 2
-0.12207031 -0.07910156 0.25683594 40 230 120 2
-0.11230469 -0.07519531 0.27050781 255 40 40 1
-0.12207031 -0.11035156 0.24316406 255 40 40 1
-0.12011719 -0.08105469 0.25683594 40 230 120 2
-0.13378906 -0.05566406 0.25878906 255 40 40 1
-0.13378906 -0.05566406 0.25683594 255 40 40 1
-0.12207031 -0.08105469 0.25878906 40 230 120 2
-0.13574219 -0.05566406 0.25878906 255 40 40 1
-0.15527344 -0.07324219 0.24121094 40 230 120 2
-0.17871094 -0.07714844 0.23925781 255 40 40 1
-0.15527344 -0.07519531 0.24121094 40 230 120 2
-0.15332031 -0.07324219 0.24121094 40 230 120 2
-0.15332031 -0.07519531 0.24121094 40 230 120 2
-0.14746094 -0.08691406 0.22753906 255 40 40 1
-0.23144531 0.10058594 0.23535156 255 40 40 1
-0.23535156 0.10644531 0.23339844 40 230 120 2
-0.23144531 0.10058594 0.23339844 255 40 40 1
-0.23730469 0.10644531 0.23144531 40 230 120 2
-0.23730469 0.09667969 0.21972656 255 40 40 1
-0.23730469 0.09863281 0.21972656 255 40 40 1
-0.23730469 0.10449219 0.23144531 40 230 120 2
-0.23730469 0.10644531 0.23339844 40 230 120 2
-0.25488281 0.05371094 0.22558594 40 230 120 2
-0.25488281 0.05175781 0.22558594 40 230 120 2
-0.25488281 0.05175781 0.22753906 40 230 120 2
-0.25683594 0.05175781 0.22558594 40 230 120 2
-0.26855469 0.04199219 0.21777344 255 40 40 1
-0.26855469 0.04199219 0.21972656 255 40 40 1
0.00292969 0.07128906 0.43261719 255 40 40 1
-0.01464844 0.06933594 0.42480469 40 230 120 2
-0.01269531 0.06542969 0.43847656 255 40 40 1
-0.03222656 0.07324219 0.40136719 255 40 40 1
-0.01269531 0.06933594 0.42480469 40 230 120 2
-0.01269531 0.06933594 0.42285156 40 230 120 2
-0.01464844 0.06933594 0.42285156 40 230 120 2
-0.01464844 0.06542969 0.43847656 255 40 40 1
0.00488281 0.07324219 0.43261719 255 40 40 1
0.00292969 0.07324219 0.43261719 255 40 40 1
0.00097656 0.09863281 0.38769531 255 40 40 1
-0.00292969 0.08300781 0.40527344 40 230 120 2
-0.00292969 0.08300781 0.40332031 40 230 120 2
-0.00292969 0.08496094 0.40527344 40 230 120 2
-0.00292969 0.08496094 0.40332031 40 230 120 2
-0.01269531 0.08105469 0.39550781 255 40 40 1
0.01464844 0.09082031 0.43066406 255 40 40 1
0.03027344 0.08105469 0.46777344 255 40 40 1
0.01660156 0.08105469 0.44433594 40 230 120 2
0.01269531 0.09082031 0.43066406 255 40 40 1
0.01660156 0.08300781 0.44433594 40 230 120 2
0.01660156 0.08300781 0.44238281 40 230 120 2
0.01464844 0.08105469 0.44433594 40 230 120 2
0.02441406 0.05957031 0.46386719 255 40 40 1
0.01269531 0.05957031 0.45605469 40 230 120 2
0.02441406 0.05957031 0.46582031 255 40 40 1
0.00683594 0.04980469 0.47167969 255 40 40 1
0.01074219 0.05957031 0.45800781 40 230 120 2
0.00683594 0.04785156 0.47167969 255 40 40 1
0.01269531 0.05957031 0.45800781 40 230 120 2
0.02441406 0.05761719 0.46582031 255 40 40 1
0.01269531 0.05761719 0.45800781 40 230 120 2
0.00683594 0.04785156 0.47363281 255 40 40 1
-0.15917969 -0.02832031 0.40527344 40 230 120 2
-0.16113281 -0.03222656 0.42285156 255 40 40 1
-0.17285156 -0.04199219 0.41113281 255 40 40 1
-0.17480469 -0.04199219 0.41113281 255 40 40 1
-0.16113281 -0.02832031 0.40527344 40 230 120 2
-0.17480469 -0.04199219 0.41308594 255 40 40 1
-0.15917969 -0.02832031 0.40722656 40 230 120 2
-0.15917969 -0.02636719 0.40527344 40 230 120 2
-0.15722656 -0.02246094 0.37207031 255 40 40 1
-0.16308594 -0.03613281 0.37792969 40 230 120 2
-0.15722656 -0.02441406 0.37011719 255 40 40 1
-0.16503906 -0.03613281 0.37792969 40 230 120 2
-0.16503906 -0.03613281 0.37988281 40 230 120 2
-0.16308594 -0.03613281 0.37988281 40 230 120 2
-0.18652344 -0.08691406 0.44042969 255 40 40 1
-0.18652344 -0.08691406 0.43847656 255 40 40 1
-0.17285156 -0.06152344 0.40136719 255 40 40 1
-0.17871094 -0.06542969 0.41894531 40 230 120 2
-0.17285156 -0.05957031 0.40332031 255 40 40 1
-0.17285156 -0.05957031 0.40136719 255 40 40 1
-0.17871094 -0.06347656 0.41894531 40 230 120 2
-0.17480469 -0.04394531 0.41113281 255 40 40 1
-0.18652344 -0.08496094 0.44042969 255 40 40 1
-0.17285156 -0.06152344 0.40332031 255 40 40 1
-0.17675781 -0.06347656 0.41699219 40 230 120 2
-0.17871094 -0.06347656 0.41699219 40 230 120 2
-0.18847656 -0.06933594 0.45214844 255 40 40 1
-0.18847656 -0.06933594 0.45019531 255 40 40 1
-0.18066406 -0.05761719 0.44042969 40 230 120 2
-0.18066406 -0.05761719 0.44238281 40 230 120 2
-0.17871094 -0.05761719 0.44238281 40 230 120 2
-0.17871094 -0.05761719 0.44042969 40 230 120 2
-0.12402344 -0.06933594 0.41699219 255 40 40 1
-0.12988281 -0.06933594 0.39550781 40 230 120 2
-0.12988281 -0.06933594 0.39160156 40 230 120 2
-0.12597656 -0.06933594 0.41699219 255 40 40 1
-0.13964844 -0.07714844 0.40722656 255 40 40 1
-0.13183594 -0.06933594 0.39355469 40 230 120 2
-0.12988281 -0.06933594 0.39355469 40 230 120 2
-0.13964844 -0.07910156 0.40527344 255 40 40 1
-0.13964844 -0.07910156 0.40722656 255 40 40 1
-0.13964844 -0.07714844 0.40527344 255 40 40 1
-0.11621094 -0.04589844 0.39550781 40 230 120 2
-0.11035156 -0.02441406 0.38574219 255 40 40 1
-0.11621094 -0.04199219 0.37597656 255 40 40 1
-0.11621094 -0.04394531 0.39355469 40 230 120 2
-0.11621094 -0.04394531 0.37597656 255 40 40 1
-0.11035156 -0.02441406 0.38769531 255 40 40 1
-0.11816406 -0.04589844 0.39355469 40 230 120 2
-0.11035156 -0.02636719 0.38769531 255 40 40 1
-0.11621094 -0.04589844 0.39355469 40 230 120 2
-0.12402344 -0.06738281 0.41699219 255 40 40 1
-0.12402344 -0.06933594 0.41894531 255 40 40 1
-0.12207031 -0.05175781 0.42871094 255 40 40 1
-0.12792969 -0.06738281 0.43652344 40 230 120 2
-0.12402344 -0.05175781 0.42871094 255 40 40 1
-0.12792969 -0.06542969 0.43652344 40 230 120 2
-0.12988281 -0.06542969 0.43652344 40 230 120 2
-0.12988281 -0.06738281 0.43652344 40 230 120 2
-0.13378906 -0.08496094 0.43261719 40 230 120 2
-0.13964844 -0.09082031 0.44042969 40 230 120 2
-0.13378906 -0.08300781 0.43261719 40 230 120 2
-0.13964844 -0.09082031 0.43847656 40 230 120 2
-0.13769531 -0.09082031 0.44042969 40 230 120 2
-0.13574219 -0.08300781 0.43261719 40 230 120 2
-0.15136719 -0.10449219 0.44433594 255 40 40 1
-0.13769531 -0.09082031 0.43847656 40 230 120 2
-0.15332031 -0.10449219 0.44433594 255 40 40 1
-0.13964844 -0.09472656 0.45410156 255 40 40 1
-0.18261719 -0.08496094 0.44628906 40 230 120 2
-0.18261719 -0.08300781 0.44433594 40 230 120 2
-0.18261719 -0.08300781 0.44628906 40 230 120 2
-0.25097656 0.12988281 0.23339844 255 40 40 1
-0.24121094 0.13574219 0.26660156 255 40 40 1
-0.24902344 0.12988281 0.23339844 255 40 40 1
-0.24121094 0.13769531 0.26660156 255 40 40 1
-0.24316406 0.12207031 0.24511719 255 40 40 1
-0.24511719 0.12988281 0.24707031 40 230 120 2
-0.24316406 0.12988281 0.24902344 40 230 120 2
-0.24316406 0.12207031 0.24316406 255 40 40 1
-0.24511719 0.12988281 0.24902344 40 230 120 2
-0.24511719 0.12792969 0.24902344 40 230 120 2
-0.07128906 0.00683594 0.44824219 255 40 40 1
-0.06933594 0.00683594 0.44824219 255 40 40 1
-0.07910156 0.00488281 0.43261719 40 230 120 2
-0.07910156 0.00292969 0.43261719 40 230 120 2
-0.08105469 0.00292969 0.43261719 40 230 120 2
-0.07910156 0.00292969 0.43066406 40 230 120 2
-0.08496094 -0.00097656 0.44433594 255 40 40 1
-0.06933594 0.00878906 0.44824219 255 40 40 1
-0.06738281 0.02050781 0.42480469 40 230 120 2
-0.06152344 0.03613281 0.41503906 255 40 40 1
-0.06738281 0.01855469 0.40722656 255 40 40 1
-0.06738281 0.01660156 0.40917969 255 40 40 1
-0.06542969 0.02050781 0.42285156 40 230 120 2
-0.06738281 0.02050781 0.42285156 40 230 120 2
-0.06542969 0.02050781 0.42480469 40 230 120 2
-0.06542969 0.02441406 0.45605469 255 40 40 1
-0.06542969 0.01464844 0.49121094 255 40 40 1
-0.06542969 0.01269531 0.49121094 255 40 40 1
-0.06738281 0.02441406 0.45605469 255 40 40 1
-0.06738281 0.01464844 0.46386719 40 230 120 2
-0.06933594 0.00683594 0.45019531 255 40 40 1
-0.06738281 0.01660156 0.46582031 40 230 120 2
-0.06738281 0.01464844 0.46582031 40 230 120 2
-0.06738281 0.02441406 0.45410156 255 40 40 1
-0.06738281 0.01464844 0.46777344 40 230 120 2
-0.07128906 -0.00488281 0.48730469 255 40 40 1
-0.06933594 -0.00488281 0.48730469 255 40 40 1
-0.07714844 -0.00488281 0.47363281 40 230 120 2
-0.06933594 -0.00488281 0.48535156 255 40 40 1
-0.07519531 -0.00488281 0.47363281 40 230 120 2
-0.07519531 -0.00292969 0.47363281 40 230 120 2
-0.07519531 -0.00488281 0.47558594 40 230 120 2
-0.06542969 0.02441406 0.45410156 255 40 40 1
-0.08105469 0.04003906 0.45800781 255 40 40 1
-0.07910156 0.04003906 0.45800781 255 40 40 1
-0.08105469 0.04003906 0.45605469 255 40 40 1
-0.06933594 0.03417969 0.44042969 40 230 120 2
-0.06933594 0.03222656 0.44238281 40 230 120 2
-0.06933594 0.03417969 0.44238281 40 230 120 2
-0.07128906 0.03417969 0.44238281 40 230 120 2
-0.07910156 0.05371094 0.42675781 255 40 40 1
-0.07910156 0.05371094 0.42871094 255 40 40 1
-0.08886719 0.05566406 0.43261719 40 230 120 2
-0.08886719 0.05566406 0.43457031 40 230 120 2
-0.08691406 0.05566406 0.43261719 40 230 120 2
-0.08691406 0.05566406 0.43457031 40 230 120 2
-0.10058594 0.04980469 0.45605469 255 40 40 1
-0.09277344 0.04199219 0.47167969 40 230 120 2
-0.09277344 0.04003906 0.46972656 40 230 120 2
-0.09277344 0.04199219 0.46972656 40 230 120 2
-0.09472656 0.04199219 0.46972656 40 230 120 2
-0.06542969 0.01464844 0.49316406 255 40 40 1
-0.07910156 0.02832031 0.49511719 255 40 40 1
-0.07910156 0.02636719 0.49511719 255 40 40 1
-0.07910156 0.02832031 0.49316406 255 40 40 1
-0.06738281 0.01464844 0.49121094 255 40 40 1
-0.07519531 0.02636719 0.48144531 40 230 120 2
-0.07519531 0.02832031 0.48144531 40 230 120 2
-0.07519531 0.02636719 0.48339844 40 230 120 2
-0.07519531 0.02832031 0.48339844 40 230 120 2
-0.11816406 0.04199219 0.44628906 255 40 40 1
-0.11816406 0.04003906 0.44628906 255 40 40 1
-0.10058594 0.05175781 0.45605469 255 40 40 1
-0.10058594 0.04980469 0.45410156 255 40 40 1
-0.11621094 0.04199219 0.44628906 255 40 40 1
-0.10644531 0.05371094 0.43847656 40 230 120 2
-0.10058594 0.05175781 0.45410156 255 40 40 1
-0.11621094 0.04003906 0.44628906 255 40 40 1
-0.10839844 0.05371094 0.44042969 40 230 120 2
-0.10839844 0.05371094 0.43847656 40 230 120 2
-0.10839844 0.05566406 0.43847656 40 230 120 2
-0.12207031 0.04199219 0.41503906 40 230 120 2
-0.12207031 0.04003906 0.41503906 40 230 120 2
-0.12792969 0.03027344 0.39746094 255 40 40 1
-0.12207031 0.04199219 0.41699219 40 230 120 2
-0.12792969 0.03222656 0.39550781 255 40 40 1
-0.12792969 0.03222656 0.39746094 255 40 40 1
-0.12792969 0.03027344 0.39550781 255 40 40 1
-0.12207031 0.05175781 0.40332031 255 40 40 1
-0.12207031 0.04199219 0.41308594 40 230 120 2
-0.12011719 0.02246094 0.45605469 40 230 120 2
-0.12011719 0.02246094 0.45800781 40 230 120 2
-0.12011719 0.02246094 0.44238281 255 40 40 1
-0.12011719 0.02441406 0.45605469 40 230 120 2
-0.12011719 0.02441406 0.45800781 40 230 120 2
-0.11621094 0.02636719 0.48925781 255 40 40 1
-0.10058594 0.03417969 0.49511719 255 40 40 1
-0.11621094 0.02636719 0.49121094 255 40 40 1
-0.11621094 0.02832031 0.48925781 255 40 40 1
-0.11035156 0.03222656 0.47753906 40 230 120 2
-0.11230469 0.03417969 0.47753906 40 230 120 2
-0.11035156 0.03417969 0.47753906 40 230 120 2
-0.11035156 0.03417969 0.47949219 40 230 120 2
-0.07910156 0.11816406 0.32324219 255 40 40 1
-0.07910156 0.11621094 0.32324219 255 40 40 1
-0.07714844 0.11621094 0.32324219 255 40 40 1
-0.06738281 0.11425781 0.31542969 40 230 120 2
-0.06933594 0.11425781 0.31738281 40 230 120 2
-0.06152344 0.09277344 0.30957031 255 40 40 1
-0.06933594 0.11425781 0.31542969 40 230 120 2
-0.06152344 0.09277344 0.30761719 255 40 40 1
-0.06933594 0.11230469 0.31542969 40 230 120 2
-0.06738281 0.13183594 0.31738281 255 40 40 1
-0.04980469 0.10253906 0.30175781 255 40 40 1
-0.04589844 0.09082031 0.30761719 40 230 120 2
-0.04394531 0.09082031 0.30761719 40 230 120 2
-0.05175781 0.10253906 0.30175781 255 40 40 1
-0.04394531 0.09277344 0.30761719 40 230 120 2
-0.05957031 0.09277344 0.30761719 255 40 40 1
-0.04589844 0.09277344 0.30761719 40 230 120 2
-0.03613281 0.07324219 0.31933594 255 40 40 1
-0.04394531 0.06347656 0.32324219 255 40 40 1
-0.04589844 0.06347656 0.32324219 255 40 40 1
-0.03613281 0.07128906 0.31933594 255 40 40 1
-0.04589844 0.07519531 0.31542969 40 230 120 2
-0.04785156 0.07519531 0.31542969 40 230 120 2
-0.06152344 0.09082031 0.30761719 255 40 40 1
-0.04589844 0.07519531 0.31738281 40 230 120 2
-0.04785156 0.07519531 0.31738281 40 230 120 2
-0.07324219 0.09277344 0.31347656 40 230 120 2
-0.06933594 0.08300781 0.30957031 255 40 40 1
-0.07324219 0.09277344 0.31542969 40 230 120 2
-0.07324219 0.09082031 0.31542969 40 230 120 2
-0.06933594 0.08300781 0.31152344 255 40 40 1
-0.07519531 0.09277344 0.31542969 40 230 120 2
-0.02636719 0.07519531 0.32714844 40 230 120 2
-0.02441406 0.08105469 0.31347656 255 40 40 1
-0.03417969 0.07128906 0.31933594 255 40 40 1
-0.03417969 0.07128906 0.32128906 255 40 40 1
-0.02636719 0.07519531 0.32910156 40 230 120 2
-0.02636719 0.07714844 0.32910156 40 230 120 2
-0.02832031 0.07519531 0.32910156 40 230 120 2
-0.02050781 0.07324219 0.35449219 255 40 40 1
-0.01855469 0.07324219 0.35449219 255 40 40 1
-0.00878906 0.08496094 0.36230469 40 230 120 2
-0.00488281 0.08496094 0.34863281 255 40 40 1
-0.00683594 0.08496094 0.36425781 40 230 120 2
-0.00488281 0.08300781 0.34667969 255 40 40 1
-0.02050781 0.07324219 0.35644531 255 40 40 1
-0.00683594 0.08496094 0.36230469 40 230 120 2
-0.00878906 0.08496094 0.36425781 40 230 120 2
-0.01464844 0.08105469 0.39550781 255 40 40 1
-0.02441406 0.07519531 0.38378906 40 230 120 2
-0.02246094 0.07519531 0.38183594 40 230 120 2
-0.02246094 0.07714844 0.38378906 40 230 120 2
-0.02246094 0.07519531 0.38378906 40 230 120 2
-0.01464844 0.08105469 0.39355469 255 40 40 1
-0.03417969 0.07324219 0.39941406 255 40 40 1
-0.02050781 0.07128906 0.35449219 255 40 40 1
-0.03417969 0.06347656 0.36035156 255 40 40 1
-0.03417969 0.06152344 0.36035156 255 40 40 1
-0.03417969 0.06152344 0.35839844 255 40 40 1
-0.04394531 0.06347656 0.32519531 255 40 40 1
-0.03417969 0.06347656 0.35839844 255 40 40 1
-0.03222656 0.06542969 0.34472656 40 230 120 2
-0.04394531 0.06152344 0.32324219 255 40 40 1
-0.03222656 0.06542969 0.34667969 40 230 120 2
-0.03222656 0.06738281 0.34667969 40 230 120 2
-0.03417969 0.06542969 0.34667969 40 230 120 2
-0.03417969 0.13769531 0.39550781 255 40 40 1
-0.05761719 0.12207031 0.40527344 255 40 40 1
-0.05761719 0.12207031 0.40332031 255 40 40 1
-0.07519531 0.12792969 0.36035156 255 40 40 1
-0.07324219 0.12792969 0.36230469 255 40 40 1
-0.05566406 0.12207031 0.40332031 255 40 40 1
-0.07324219 0.12792969 0.36035156 255 40 40 1
-0.05566406 0.12988281 0.38574219 40 230 120 2
-0.05371094 0.12988281 0.38574219 40 230 120 2
-0.05566406 0.12207031 0.40527344 255 40 40 1
-0.05566406 0.12792969 0.38574219 40 230 120 2
-0.05566406 0.12988281 0.38769531 40 230 120 2
-0.07519531 0.12792969 0.36230469 255 40 40 1
-0.05761719 0.14550781 0.35253906 255 40 40 1
-0.06738281 0.13574219 0.34082031 40 230 120 2
-0.06542969 0.13574219 0.34277344 40 230 120 2
-0.06738281 0.13574219 0.34277344 40 230 120 2
-0.06542969 0.13574219 0.34082031 40 230 120 2
-0.05761719 0.14550781 0.35058594 255 40 40 1
-0.09082031 0.10449219 0.32714844 255 40 40 1
-0.08300781 0.11621094 0.33691406 40 230 120 2
-0.08886719 0.10449219 0.32714844 255 40 40 1
-0.07910156 0.11816406 0.32519531 255 40 40 1
-0.08105469 0.11621094 0.33496094 40 230 120 2
-0.08105469 0.11621094 0.33691406 40 230 120 2
-0.08105469 0.11816406 0.33691406 40 230 120 2
-0.09082031 0.10644531 0.32714844 255 40 40 1
-0.08886719 0.11035156 0.36621094 255 40 40 1
-0.08886719 0.11035156 0.36425781 255 40 40 1
-0.07910156 0.11230469 0.37792969 40 230 120 2
-0.08886719 0.10839844 0.36621094 255 40 40 1
-0.07714844 0.11230469 0.37792969 40 230 120 2
-0.07714844 0.11035156 0.37792969 40 230 120 2
-0.07714844 0.11230469 0.37988281 40 230 120 2
-0.06738281 0.09863281 0.40722656 255 40 40 1
0.00878906 0.05566406 0.47558594 255 40 40 1
0.00488281 0.05371094 0.47753906 40 230 120 2
0.00488281 0.05371094 0.47558594 40 230 120 2
0.00292969 0.05371094 0.47753906 40 230 120 2
0.00292969 0.05371094 0.47558594 40 230 120 2
-0.00488281 0.05957031 0.48339844 255 40 40 1
-0.18066406 -0.07519531 0.45214844 255 40 40 1
-0.18066406 -0.07128906 0.45410156 40 230 120 2
-0.18847656 -0.07128906 0.45019531 255 40 40 1
-0.17871094 -0.07128906 0.45410156 40 230 120 2
-0.18066406 -0.07324219 0.45410156 40 230 120 2
-0.18847656 -0.07128906 0.45214844 255 40 40 1
-0.18066406 -0.07128906 0.45214844 40 230 120 2
-0.16503906 -0.05761719 0.38574219 40 230 120 2
-0.16308594 -0.05957031 0.38574219 40 230 120 2
-0.16503906 -0.05957031 0.38574219 40 230 120 2
-0.16308594 -0.05761719 0.38574219 40 230 120 2
-0.14550781 -0.05566406 0.35839844 255 40 40 1
-0.14746094 -0.05566406 0.36035156 255 40 40 1
-0.14355469 -0.06347656 0.37207031 40 230 120 2
-0.14550781 -0.05566406 0.36035156 255 40 40 1
-0.14550781 -0.06347656 0.37207031 40 230 120 2
-0.14550781 -0.06347656 0.37402344 40 230 120 2
-0.14355469 -0.06347656 0.37402344 40 230 120 2
-0.15332031 -0.10449219 0.44238281 255 40 40 1
-0.14941406 -0.08496094 0.41894531 40 230 120 2
-0.14941406 -0.08496094 0.41699219 40 230 120 2
-0.15136719 -0.08496094 0.41699219 40 230 120 2
-0.15722656 -0.07324219 0.40332031 255 40 40 1
-0.14941406 -0.08691406 0.41699219 40 230 120 2
-0.17285156 -0.10058594 0.44042969 255 40 40 1
-0.17089844 -0.09863281 0.43847656 255 40 40 1
-0.17285156 -0.08691406 0.42871094 40 230 120 2
-0.17285156 -0.08496094 0.42871094 40 230 120 2
-0.17285156 -0.10058594 0.43847656 255 40 40 1
-0.18457031 -0.08691406 0.44042969 255 40 40 1
-0.17089844 -0.10058594 0.43847656 255 40 40 1
-0.03808594 0.11035156 0.45214844 255 40 40 1
-0.03613281 0.11230469 0.45214844 255 40 40 1
-0.03613281 0.11035156 0.45214844 255 40 40 1
-0.03027344 0.12402344 0.43066406 40 230 120 2
-0.01855469 0.12402344 0.44628906 255 40 40 1
-0.02832031 0.12402344 0.43261719 40 230 120 2
-0.03027344 0.12402344 0.43261719 40 230 120 2
-0.02832031 0.12402344 0.43066406 40 230 120 2
-0.03808594 0.11230469 0.45214844 255 40 40 1
-0.06738281 0.09863281 0.40917969 255 40 40 1
-0.05371094 0.11035156 0.42089844 40 230 120 2
-0.05371094 0.10839844 0.42089844 40 230 120 2
-0.05371094 0.10839844 0.42285156 40 230 120 2
-0.05371094 0.11035156 0.42285156 40 230 120 2
-0.02441406 0.07714844 0.49316406 255 40 40 1
-0.04394531 0.08886719 0.45410156 255 40 40 1
-0.03417969 0.09277344 0.46777344 40 230 120 2
-0.03417969 0.09082031 0.46582031 40 230 120 2
-0.02441406 0.07714844 0.49511719 255 40 40 1
-0.03417969 0.09277344 0.46582031 40 230 120 2
-0.03417969 0.09082031 0.46777344 40 230 120 2
-0.01855469 0.10058594 0.49902344 255 40 40 1
-0.01855469 0.09863281 0.49707031 255 40 40 1
-0.01855469 0.10644531 0.48339844 40 230 120 2
-0.01855469 0.10839844 0.48339844 40 230 120 2
-0.02050781 0.09863281 0.49707031 255 40 40 1
-0.01855469 0.10839844 0.48144531 40 230 120 2
-0.01855469 0.10644531 0.48144531 40 230 120 2
-0.08691406 0.00878906 0.31152344 40 230 120 2
-0.07910156 0.00683594 0.31738281 255 40 40 1
-0.10253906 0.02246094 0.30371094 255 40 40 1
-0.08886719 0.00683594 0.31152344 40 230 120 2
-0.09082031 0.00878906 0.31152344 40 230 120 2
-0.08300781 -0.00488281 0.31347656 255 40 40 1
-0.08886719 0.00878906 0.31152344 40 230 120 2
-0.10449219 0.02441406 0.30371094 255 40 40 1
-0.10449219 0.02246094 0.30371094 255 40 40 1
-0.11621094 0.02050781 0.30371094 40 230 120 2
-0.11035156 0.01074219 0.29785156 255 40 40 1
-0.10839844 0.01074219 0.29980469 255 40 40 1
-0.11816406 0.02050781 0.30371094 40 230 120 2
-0.10839844 0.01074219 0.29785156 255 40 40 1
-0.10449219 0.02246094 0.30175781 255 40 40 1
-0.11816406 0.01855469 0.30371094 40 230 120 2
-0.11035156 0.01074219 0.29980469 255 40 40 1
-0.11621094 0.01855469 0.30371094 40 230 120 2
-0.13378906 0.03613281 0.31542969 255 40 40 1
-0.13378906 0.03613281 0.31347656 255 40 40 1
-0.12207031 0.03417969 0.31152344 40 230 120 2
-0.12207031 0.03613281 0.31152344 40 230 120 2
-0.12402344 0.03613281 0.31152344 40 230 120 2
-0.13183594 0.03417969 0.31347656 255 40 40 1
-0.12011719 0.03613281 0.31152344 40 230 120 2
-0.12792969 0.04785156 0.31738281 255 40 40 1
-0.09277344 0.02441406 0.30957031 40 230 120 2
-0.09082031 0.02636719 0.30957031 40 230 120 2
-0.09277344 0.02636719 0.30957031 40 230 120 2
-0.09863281 0.03417969 0.30761719 255 40 40 1
-0.09863281 0.03417969 0.30566406 255 40 40 1
-0.09472656 0.02636719 0.30957031 40 230 120 2
-0.09863281 -0.00097656 0.39355469 40 230 120 2
-0.09667969 -0.00097656 0.39550781 40 230 120 2
-0.11621094 0.00097656 0.39355469 255 40 40 1
-0.09863281 -0.00097656 0.39550781 40 230 120 2
-0.09863281 0.00097656 0.39550781 40 230 120 2
-0.11621094 0.00097656 0.39550781 255 40 40 1
-0.09472656 -0.00683594 0.38769531 255 40 40 1
-0.09472656 -0.00683594 0.38964844 255 40 40 1
-0.09277344 -0.00683594 0.38769531 255 40 40 1
-0.09277344 -0.00683594 0.38964844 255 40 40 1
-0.10839844 0.01269531 0.40722656 255 40 40 1
-0.11621094 0.00292969 0.39550781 255 40 40 1
-0.11621094 0.01464844 0.39941406 40 230 120 2
-0.11621094 0.00292969 0.39355469 255 40 40 1
-0.11816406 0.01464844 0.39746094 40 230 120 2
-0.11816406 0.01464844 0.39941406 40 230 120 2
-0.11816406 0.01660156 0.39941406 40 230 120 2
-0.13574219 0.01660156 0.38183594 255 40 40 1
-0.13769531 0.01464844 0.38183594 255 40 40 1
-0.13769531 0.01660156 0.38183594 255 40 40 1
-0.13378906 0.00292969 0.38574219 40 230 120 2
-0.14355469 -0.00683594 0.38183594 255 40 40 1
-0.13183594 0.00292969 0.38574219 40 230 120 2
-0.13183594 0.00488281 0.38574219 40 230 120 2
-0.13183594 0.00292969 0.38769531 40 230 120 2
-0.11816406 -0.01464844 0.39355469 40 230 120 2
-0.12597656 -0.01855469 0.39550781 255 40 40 1
-0.11816406 -0.01464844 0.39160156 40 230 120 2
-0.11816406 -0.01269531 0.39160156 40 230 120 2
-0.11816406 -0.01269531 0.39355469 40 230 120 2
-0.10839844 -0.02441406 0.38769531 255 40 40 1
-0.07714844 -0.00292969 0.35449219 255 40 40 1
-0.07910156 -0.00488281 0.35449219 255 40 40 1
-0.09277344 -0.01269531 0.37792969 40 230 120 2
-0.07714844 -0.00488281 0.35449219 255 40 40 1
-0.07714844 -0.00488281 0.35644531 255 40 40 1
-0.09277344 -0.01074219 0.37792969 40 230 120 2
-0.09277344 -0.01269531 0.37597656 40 230 120 2
-0.09277344 -0.01074219 0.37597656 40 230 120 2
-0.08496094 -0.01660156 0.34863281 255 40 40 1
-0.08105469 -0.00878906 0.33691406 40 230 120 2
-0.08105469 -0.01074219 0.33886719 40 230 120 2
-0.08300781 -0.01074219 0.33886719 40 230 120 2
-0.08496094 -0.01660156 0.35058594 255 40 40 1
-0.08105469 -0.00878906 0.33886719 40 230 120 2
-0.07714844 0.00683594 0.33105469 40 230 120 2
-0.07910156 0.00683594 0.31933594 255 40 40 1
-0.07714844 0.00878906 0.32910156 40 230 120 2
-0.07714844 0.00683594 0.32910156 40 230 120 2
-0.07714844 0.00878906 0.33105469 40 230 120 2
-0.07128906 0.00878906 0.36035156 255 40 40 1
-0.07714844 0.00488281 0.37207031 40 230 120 2
-0.07714844 0.00097656 0.37207031 40 230 120 2
-0.07714844 0.00292969 0.37207031 40 230 120 2
-0.07714844 0.00292969 0.37402344 40 230 120 2
-0.14355469 0.03222656 0.34863281 255 40 40 1
-0.14355469 0.03027344 0.34863281 255 40 40 1
-0.13769531 0.03027344 0.32324219 40 230 120 2
-0.14355469 0.03027344 0.34667969 255 40 40 1
-0.13964844 0.03027344 0.32519531 40 230 120 2
-0.13964844 0.02832031 0.32324219 40 230 120 2
-0.13964844 0.03027344 0.32324219 40 230 120 2
-0.13769531 0.02246094 0.30957031 255 40 40 1
-0.14941406 0.01660156 0.34277344 255 40 40 1
-0.14746094 0.01269531 0.35644531 40 230 120 2
-0.14550781 0.01269531 0.35839844 40 230 120 2
-0.14550781 0.03027344 0.34863281 255 40 40 1
-0.14550781 0.01464844 0.35644531 40 230 120 2
-0.14550781 0.01269531 0.35644531 40 230 120 2
-0.13964844 0.02832031 0.36816406 40 230 120 2
-0.13769531 0.01660156 0.37988281 255 40 40 1
-0.13769531 0.02441406 0.37597656 40 230 120 2
-0.13964844 0.02832031 0.36621094 40 230 120 2
-0.13964844 0.02832031 0.36425781 40 230 120 2
-0.13769531 0.02636719 0.37597656 40 230 120 2
-0.13574219 0.02636719 0.37597656 40 230 120 2
-0.13574219 0.02441406 0.37597656 40 230 120 2
-0.12792969 0.04785156 0.31933594 255 40 40 1
-0.13769531 0.04589844 0.35253906 255 40 40 1
-0.13574219 0.04199219 0.33886719 40 230 120 2
-0.13769531 0.04199219 0.33886719 40 230 120 2
-0.13769531 0.04199219 0.34082031 40 230 120 2
-0.13574219 0.04199219 0.34082031 40 230 120 2
-0.13964844 0.02246094 0.30761719 255 40 40 1
-0.13183594 0.00878906 0.29980469 40 230 120 2
-0.13769531 0.02246094 0.30761719 255 40 40 1
-0.11621094 -0.00488281 0.29003906 255 40 40 1
-0.13378906 0.00878906 0.29980469 40 230 120 2
-0.13378906 0.00683594 0.29980469 40 230 120 2
-0.13183594 0.00683594 0.29980469 40 230 120 2
-0.08496094 -0.00683594 0.31347656 255 40 40 1
-0.11425781 -0.00488281 0.29199219 255 40 40 1
-0.10253906 -0.00097656 0.29980469 40 230 120 2
-0.11425781 -0.00488281 0.29003906 255 40 40 1
-0.10253906 0.00097656 0.30175781 40 230 120 2
-0.10253906 0.00097656 0.29980469 40 230 120 2
-0.10253906 -0.00097656 0.30175781 40 230 120 2
-0.09082031 -0.02441406 0.30371094 255 40 40 1
-0.11425781 -0.00683594 0.29003906 255 40 40 1
-0.10058594 -0.02636719 0.29394531 40 230 120 2
-0.10058594 -0.02441406 0.29394531 40 230 120 2
-0.10058594 -0.02636719 0.29589844 40 230 120 2
-0.10058594 -0.02441406 0.29589844 40 230 120 2
-0.13183594 -0.01660156 0.28417969 40 230 120 2
-0.12988281 -0.01464844 0.28417969 40 230 120 2
-0.13183594 -0.01464844 0.28417969 40 230 120 2
-0.12988281 -0.01660156 0.28417969 40 230 120 2
-0.12402344 -0.02636719 0.27832031 255 40 40 1
-0.06347656 0.05371094 0.32128906 40 230 120 2
-0.05371094 0.05175781 0.32519531 255 40 40 1
-0.06542969 0.05566406 0.32128906 40 230 120 2
-0.06347656 0.05566406 0.32128906 40 230 120 2
-0.05371094 0.05371094 0.32519531 255 40 40 1
-0.06347656 0.05566406 0.31933594 40 230 120 2
-0.09082031 0.06933594 0.31542969 40 230 120 2
-0.09277344 0.06933594 0.31347656 40 230 120 2
-0.08691406 0.05957031 0.30957031 255 40 40 1
-0.07910156 0.07128906 0.31152344 255 40 40 1
-0.07910156 0.07128906 0.30957031 255 40 40 1
-0.08691406 0.05957031 0.31152344 255 40 40 1
-0.09277344 0.06933594 0.31542969 40 230 120 2
-0.08496094 0.05957031 0.30957031 255 40 40 1
-0.09277344 0.07128906 0.31542969 40 230 120 2
-0.09082031 0.08886719 0.32128906 40 230 120 2
-0.09082031 0.09082031 0.32128906 40 230 120 2
-0.08886719 0.08886719 0.32128906 40 230 120 2
-0.10058594 0.09277344 0.32714844 255 40 40 1
-0.10058594 0.09082031 0.32714844 255 40 40 1
-0.08886719 0.09082031 0.32128906 40 230 120 2
-0.06347656 0.07128906 0.31347656 40 230 120 2
-0.06347656 0.07128906 0.31542969 40 230 120 2
-0.06542969 0.07128906 0.31542969 40 230 120 2
-0.06933594 0.08105469 0.30957031 255 40 40 1
-0.07714844 0.07128906 0.30957031 255 40 40 1
-0.07714844 0.07128906 0.31152344 255 40 40 1
-0.06542969 0.07128906 0.31347656 40 230 120 2
-0.03417969 0.07128906 0.40136719 255 40 40 1
-0.04980469 0.05566406 0.40136719 255 40 40 1
-0.06738281 0.06738281 0.41503906 255 40 40 1
-0.05175781 0.06542969 0.40722656 40 230 120 2
-0.06738281 0.06738281 0.41699219 255 40 40 1
-0.05175781 0.06542969 0.40527344 40 230 120 2
-0.04980469 0.06542969 0.40527344 40 230 120 2
-0.05175781 0.05566406 0.40136719 255 40 40 1
-0.04980469 0.06542969 0.40722656 40 230 120 2
-0.06152344 0.08300781 0.41308594 40 230 120 2
-0.05957031 0.08105469 0.41308594 40 230 120 2
-0.06152344 0.08105469 0.41308594 40 230 120 2
-0.06347656 0.08105469 0.41308594 40 230 120 2
-0.06738281 0.06933594 0.41699219 255 40 40 1
-0.04980469 0.08105469 0.41503906 255 40 40 1
-0.08886719 0.08496094 0.40527344 255 40 40 1
-0.09082031 0.08496094 0.40527344 255 40 40 1
-0.08691406 0.07519531 0.41113281 40 230 120 2
-0.08886719 0.07519531 0.41308594 40 230 120 2
-0.06933594 0.06738281 0.41699219 255 40 40 1
-0.08691406 0.07324219 0.41308594 40 230 120 2
-0.08691406 0.07519531 0.41308594 40 230 120 2
-0.06933594 0.05175781 0.42089844 40 230 120 2
-0.06152344 0.03808594 0.41308594 255 40 40 1
-0.06933594 0.05175781 0.41894531 40 230 120 2
-0.06933594 0.05371094 0.41894531 40 230 120 2
-0.06933594 0.05371094 0.42089844 40 230 120 2
-0.07714844 0.05371094 0.42675781 255 40 40 1
-0.04980469 0.05371094 0.40136719 255 40 40 1
-0.05175781 0.04785156 0.39355469 40 230 120 2
-0.05175781 0.04589844 0.39160156 40 230 120 2
-0.05175781 0.04785156 0.39160156 40 230 120 2
-0.04980469 0.05566406 0.39941406 255 40 40 1
-0.05175781 0.04589844 0.39355469 40 230 120 2
-0.04589844 0.04980469 0.36425781 255 40 40 1
-0.05371094 0.04199219 0.35058594 40 230 120 2
-0.05371094 0.04394531 0.35058594 40 230 120 2
-0.05371094 0.04199219 0.35253906 40 230 120 2
-0.05371094 0.04394531 0.35253906 40 230 120 2
-0.04589844 0.04980469 0.36230469 255 40 40 1
-0.04394531 0.04980469 0.36230469 255 40 40 1
-0.05175781 0.05175781 0.32519531 255 40 40 1
-0.05175781 0.05175781 0.32714844 255 40 40 1
-0.04785156 0.05371094 0.33691406 40 230 120 2
-0.04589844 0.05566406 0.33691406 40 230 120 2
-0.04785156 0.05566406 0.33691406 40 230 120 2
-0.04785156 0.05566406 0.33886719 40 230 120 2
-0.03613281 0.06152344 0.37597656 40 230 120 2
-0.03613281 0.06152344 0.37402344 40 230 120 2
-0.03808594 0.06152344 0.37402344 40 230 120 2
-0.04394531 0.04980469 0.36425781 255 40 40 1
-0.03808594 0.06152344 0.37597656 40 230 120 2
-0.10253906 0.09472656 0.36621094 255 40 40 1
-0.10449219 0.08886719 0.33886719 40 230 120 2
-0.10253906 0.09277344 0.32714844 255 40 40 1
-0.10253906 0.09082031 0.32714844 255 40 40 1
-0.11035156 0.07910156 0.32519531 255 40 40 1
-0.10644531 0.08886719 0.33886719 40 230 120 2
-0.10644531 0.08886719 0.34082031 40 230 120 2
-0.10449219 0.08886719 0.34082031 40 230 120 2
-0.11621094 0.08105469 0.36621094 255 40 40 1
-0.10644531 0.08300781 0.38183594 40 230 120 2
-0.10839844 0.08300781 0.38378906 40 230 120 2
-0.10253906 0.09472656 0.36816406 255 40 40 1
-0.11425781 0.08105469 0.36425781 255 40 40 1
-0.11425781 0.08105469 0.36621094 255 40 40 1
-0.10839844 0.08105469 0.38183594 40 230 120 2
-0.10253906 0.09667969 0.36621094 255 40 40 1
-0.10839844 0.08300781 0.38183594 40 230 120 2
-0.06738281 0.09667969 0.40722656 255 40 40 1
-0.08496094 0.09277344 0.39355469 40 230 120 2
-0.08691406 0.09277344 0.39355469 40 230 120 2
-0.08886719 0.08496094 0.40332031 255 40 40 1
-0.10253906 0.09667969 0.36816406 255 40 40 1
-0.08691406 0.09472656 0.39355469 40 230 120 2
-0.08691406 0.09277344 0.39550781 40 230 120 2
-0.08886719 0.08691406 0.40527344 255 40 40 1
-0.09472656 0.10253906 0.35253906 40 230 120 2
-0.09277344 0.10449219 0.35253906 40 230 120 2
-0.08886719 0.10839844 0.36425781 255 40 40 1
-0.09472656 0.10449219 0.35253906 40 230 120 2
-0.09472656 0.10253906 0.35449219 40 230 120 2
-0.10839844 0.06347656 0.31738281 40 230 120 2
-0.11035156 0.06347656 0.31738281 40 230 120 2
-0.10839844 0.06347656 0.31933594 40 230 120 2
-0.09472656 0.04785156 0.30957031 255 40 40 1
-0.10839844 0.06152344 0.31738281 40 230 120 2
-0.08105469 0.04980469 0.31542969 40 230 120 2
-0.07910156 0.04980469 0.31542969 40 230 120 2
-0.09277344 0.04785156 0.30761719 255 40 40 1
-0.08105469 0.04785156 0.31542969 40 230 120 2
-0.08105469 0.04980469 0.31347656 40 230 120 2
-0.08496094 0.05761719 0.30957031 255 40 40 1
-0.09277344 0.04785156 0.30957031 255 40 40 1
-0.06933594 0.03027344 0.32324219 255 40 40 1
-0.07324219 0.01855469 0.32128906 255 40 40 1
-0.07910156 0.03027344 0.31738281 40 230 120 2
-0.07910156 0.03222656 0.31738281 40 230 120 2
-0.07714844 0.03027344 0.31738281 40 230 120 2
-0.07714844 0.03222656 0.31738281 40 230 120 2
-0.07519531 0.01855469 0.32128906 255 40 40 1
-0.09472656 0.04785156 0.30761719 255 40 40 1
-0.10058594 0.03613281 0.30566406 255 40 40 1
-0.10644531 0.04199219 0.30957031 40 230 120 2
-0.10839844 0.04394531 0.30957031 40 230 120 2
-0.10644531 0.04394531 0.30957031 40 230 120 2
-0.10644531 0.04394531 0.31152344 40 230 120 2
-0.03613281 0.00683594 0.18066406 255 40 40 1
-0.01269531 0.00292969 0.21386719 255 40 40 1
-0.03808594 0.00683594 0.18066406 255 40 40 1
-0.04589844 -0.00097656 0.19238281 40 230 120 2
-0.04589844 0.00097656 0.19238281 40 230 120 2
-0.04589844 0.00097656 0.19433594 40 230 120 2
-0.04589844 -0.00097656 0.19433594 40 230 120 2
-0.01074219 -0.01660156 0.26074219 255 40 40 1
-0.02246094 -0.00878906 0.23144531 40 230 120 2
-0.04785156 -0.01464844 0.22167969 255 40 40 1
-0.04589844 -0.01464844 0.21972656 255 40 40 1
-0.04589844 -0.01464844 0.22167969 255 40 40 1
-0.01074219 0.00292969 0.21386719 255 40 40 1
-0.01074219 0.00097656 0.21386719 255 40 40 1
-0.02441406 -0.00878906 0.23144531 40 230 120 2
-0.02441406 -0.00878906 0.23339844 40 230 120 2
-0.01074219 0.00292969 0.21582031 255 40 40 1
-0.02246094 -0.00878906 0.23339844 40 230 120 2
0.05761719 0.00488281 0.24316406 255 40 40 1
0.02441406 0.00292969 0.23535156 40 230 120 2
0.02441406 0.00292969 0.23730469 40 230 120 2
0.02246094 0.00292969 0.23730469 40 230 120 2
0.02246094 0.00292969 0.25292969 255 40 40 1
0.02441406 0.00292969 0.23925781 40 230 120 2
0.02832031 0.00683594 0.20605469 255 40 40 1
0.00683594 0.00683594 0.19824219 40 230 120 2
0.00683594 0.00683594 0.20019531 40 230 120 2
0.00878906 0.00683594 0.19824219 40 230 120 2
0.00878906 0.00683594 0.20019531 40 230 120 2
0.02832031 0.00683594 0.20800781 255 40 40 1
0.10839844 -0.03222656 0.27050781 255 40 40 1
0.09277344 -0.04785156 0.25488281 40 230 120 2
0.09277344 -0.04980469 0.25488281 40 230 120 2
0.09277344 -0.04980469 0.25683594 40 230 120 2
0.09277344 -0.04785156 0.25683594 40 230 120 2
0.07910156 -0.02050781 0.23535156 255 40 40 1
0.08105469 -0.01464844 0.24902344 40 230 120 2
0.07714844 -0.01855469 0.23535156 255 40 40 1
0.08105469 -0.01464844 0.25097656 40 230 120 2
0.08300781 -0.01464844 0.24902344 40 230 120 2
0.08105469 -0.01660156 0.24902344 40 230 120 2
0.06152344 0.00488281 0.24316406 255 40 40 1
0.12988281 -0.01855469 0.32324219 255 40 40 1
0.13183594 -0.01855469 0.32324219 255 40 40 1
0.10839844 -0.03222656 0.27246094 255 40 40 1
0.09667969 -0.00683594 0.28613281 255 40 40 1
0.10839844 -0.03027344 0.27050781 255 40 40 1
0.10839844 -0.03027344 0.27246094 255 40 40 1
0.09667969 -0.00683594 0.28417969 255 40 40 1
0.11230469 -0.02050781 0.29394531 40 230 120 2
0.11230469 -0.01855469 0.29199219 40 230 120 2
0.11230469 -0.01855469 0.29394531 40 230 120 2
0.11035156 -0.01855469 0.29394531 40 230 120 2
0.14550781 -0.04394531 0.30761719 255 40 40 1
0.14550781 -0.04394531 0.30566406 255 40 40 1
0.14550781 -0.04589844 0.30566406 255 40 40 1
0.12988281 -0.05175781 0.29199219 40 230 120 2
0.12988281 -0.05175781 0.29394531 40 230 120 2
0.13183594 -0.05175781 0.29394531 40 230 120 2
0.13183594 -0.04980469 0.29394531 40 230 120 2
0.03808594 -0.03027344 0.30957031 255 40 40 1
0.03613281 -0.02832031 0.30957031 255 40 40 1
0.02832031 -0.05957031 0.29980469 255 40 40 1
0.01855469 -0.03417969 0.29199219 40 230 120 2
0.01855469 -0.03613281 0.29003906 40 230 120 2
0.01855469 -0.03613281 0.29199219 40 230 120 2
0.02832031 -0.05957031 0.30175781 255 40 40 1
0.01855469 -0.03417969 0.29003906 40 230 120 2
0.00097656 -0.06152344 0.26660156 40 230 120 2
-0.01855469 -0.04785156 0.25878906 255 40 40 1
-0.01855469 -0.04980469 0.25683594 255 40 40 1
0.00097656 -0.06347656 0.26660156 40 230 120 2
-0.00097656 -0.06152344 0.26660156 40 230 120 2
0.00097656 -0.06152344 0.26855469 40 230 120 2
-0.00683594 -0.07519531 0.24121094 255 40 40 1
0.03027344 -0.05957031 0.30175781 255 40 40 1
0.02832031 -0.06152344 0.30175781 255 40 40 1
0.08691406 -0.10058594 0.33105469 255 40 40 1
0.05175781 -0.08105469 0.30761719 40 230 120 2
0.04199219 -0.08300781 0.28808594 255 40 40 1
0.08691406 -0.10058594 0.32910156 255 40 40 1
0.05371094 -0.08105469 0.30761719 40 230 120 2
0.05371094 -0.08105469 0.30566406 40 230 120 2
0.08691406 -0.09863281 0.33105469 255 40 40 1
0.05175781 -0.08105469 0.30566406 40 230 120 2
0.07910156 -0.04003906 0.35644531 255 40 40 1
0.07519531 -0.07128906 0.34667969 255 40 40 1
0.05957031 -0.05761719 0.33496094 40 230 120 2
0.07519531 -0.07324219 0.34667969 255 40 40 1
0.07519531 -0.07324219 0.34472656 255 40 40 1
0.06152344 -0.05566406 0.33496094 40 230 120 2
0.06152344 -0.05761719 0.33300781 40 230 120 2
0.06152344 -0.05761719 0.33496094 40 230 120 2
-0.28222656 0.03417969 0.20214844 255 40 40 1
-0.27050781 0.03417969 0.21777344 40 230 120 2
-0.27246094 0.03417969 0.21777344 40 230 120 2
-0.26660156 0.02636719 0.23144531 255 40 40 1
-0.27246094 0.03417969 0.21972656 40 230 120 2
-0.26855469 0.04003906 0.21777344 255 40 40 1
-0.27246094 0.03222656 0.21777344 40 230 120 2
-0.28222656 0.03613281 0.20214844 255 40 40 1
-0.26660156 0.02636719 0.23339844 255 40 40 1
-0.01074219 0.06152344 0.48730469 40 230 120 2
-0.01074219 0.06347656 0.48535156 40 230 120 2
-0.01074219 0.06152344 0.48535156 40 230 120 2
-0.01074219 0.06347656 0.48730469 40 230 120 2
-0.00683594 0.05957031 0.48339844 255 40 40 1
0.13183594 0.14941406 0.34863281 255 40 40 1
0.13183594 0.14941406 0.34667969 255 40 40 1
0.12402344 0.12402344 0.36425781 255 40 40 1
0.12988281 0.14941406 0.34863281 255 40 40 1
0.12402344 0.12597656 0.36425781 255 40 40 1
0.12597656 0.12988281 0.33300781 40 230 120 2
0.12597656 0.12792969 0.33496094 40 230 120 2
0.12402344 0.12402344 0.36230469 255 40 40 1
0.12402344 0.12792969 0.33300781 40 230 120 2
0.12597656 0.12792969 0.33300781 40 230 120 2
0.12402344 0.05957031 0.31347656 255 40 40 1
0.12597656 0.05957031 0.31347656 255 40 40 1
0.11621094 0.08300781 0.29980469 255 40 40 1
0.11621094 0.08496094 0.30175781 255 40 40 1
0.12207031 0.09082031 0.32519531 40 230 120 2
0.11621094 0.08496094 0.29980469 255 40 40 1
0.12207031 0.08886719 0.32714844 40 230 120 2
0.11621094 0.08300781 0.30175781 255 40 40 1
0.12207031 0.08886719 0.32519531 40 230 120 2
0.12207031 0.08691406 0.32519531 40 230 120 2
0.13378906 0.13183594 0.43261719 255 40 40 1
0.13183594 0.11816406 0.39160156 40 230 120 2
0.12597656 0.12402344 0.36425781 255 40 40 1
0.13183594 0.11816406 0.39355469 40 230 120 2
0.13183594 0.11621094 0.39160156 40 230 120 2
0.12988281 0.11816406 0.39160156 40 230 120 2
0.12402344 0.15917969 0.41894531 255 40 40 1
0.12402344 0.15527344 0.41894531 255 40 40 1
0.12597656 0.15527344 0.39550781 40 230 120 2
0.12402344 0.15722656 0.42089844 255 40 40 1
0.12597656 0.15527344 0.39746094 40 230 120 2
0.12597656 0.15722656 0.39746094 40 230 120 2
0.12402344 0.15722656 0.41894531 255 40 40 1
0.12988281 0.18457031 0.40332031 255 40 40 1
0.12988281 0.18261719 0.40332031 255 40 40 1
0.12597656 0.15722656 0.39550781 40 230 120 2
0.19042969 0.09082031 0.37792969 255 40 40 1
0.19042969 0.08691406 0.35253906 40 230 120 2
0.20019531 0.11816406 0.36035156 255 40 40 1
0.18066406 0.05175781 0.31542969 255 40 40 1
0.19042969 0.08691406 0.35058594 40 230 120 2
0.19042969 0.08886719 0.35253906 40 230 120 2
0.19042969 0.08886719 0.35058594 40 230 120 2
0.19628906 0.08496094 0.30566406 255 40 40 1
0.20214844 0.12011719 0.36035156 255 40 40 1
0.19433594 0.08105469 0.29980469 255 40 40 1
0.18457031 0.11230469 0.28417969 255 40 40 1
0.19433594 0.10449219 0.31347656 40 230 120 2
0.18457031 0.11425781 0.28417969 255 40 40 1
0.18457031 0.11230469 0.28222656 255 40 40 1
0.18457031 0.11425781 0.28222656 255 40 40 1
0.19238281 0.10449219 0.31347656 40 230 120 2
0.19433594 0.10449219 0.31542969 40 230 120 2
0.19433594 0.10644531 0.31347656 40 230 120 2
0.20019531 0.12011719 0.36035156 255 40 40 1
0.19238281 0.18261719 0.39941406 255 40 40 1
0.19238281 0.18261719 0.40136719 255 40 40 1
0.19628906 0.15136719 0.36816406 40 230 120 2
0.19433594 0.14941406 0.34472656 255 40 40 1
0.19433594 0.15136719 0.36816406 40 230 120 2
0.19238281 0.14941406 0.34472656 255 40 40 1
0.19238281 0.18066406 0.39941406 255 40 40 1
0.19628906 0.14941406 0.36816406 40 230 120 2
0.19628906 0.15136719 0.37011719 40 230 120 2
0.20019531 0.12011719 0.36230469 255 40 40 1
0.20019531 0.15136719 0.41503906 255 40 40 1
0.20019531 0.15332031 0.41503906 255 40 40 1
0.19824219 0.15136719 0.41503906 255 40 40 1
0.19824219 0.13378906 0.40332031 40 230 120 2
0.19824219 0.15332031 0.41503906 255 40 40 1
0.19628906 0.13183594 0.40332031 40 230 120 2
0.19628906 0.13378906 0.40332031 40 230 120 2
0.19628906 0.13378906 0.40527344 40 230 120 2
0.19042969 0.12792969 0.43261719 255 40 40 1
0.17871094 0.14160156 0.32324219 40 230 120 2
0.18066406 0.14160156 0.32324219 40 230 120 2
0.18066406 0.14160156 0.32128906 40 230 120 2
0.16113281 0.15917969 0.33886719 255 40 40 1
0.17871094 0.14160156 0.32128906 40 230 120 2
0.19238281 0.14941406 0.34277344 255 40 40 1
0.16113281 0.15917969 0.34082031 255 40 40 1
0.14355469 0.12988281 0.30175781 40 230 120 2
0.15136719 0.12402344 0.28027344 255 40 40 1
0.14355469 0.13183594 0.30371094 40 230 120 2
0.12011719 0.11230469 0.28613281 255 40 40 1
0.14550781 0.13183594 0.30175781 40 230 120 2
0.14355469 0.13183594 0.30175781 40 230 120 2
0.14941406 0.12402344 0.28027344 255 40 40 1
0.16113281 0.16113281 0.34082031 255 40 40 1
0.13183594 0.18457031 0.40332031 255 40 40 1
0.13964844 0.16503906 0.36621094 40 230 120 2
0.13964844 0.16503906 0.36425781 40 230 120 2
0.15917969 0.15917969 0.34082031 255 40 40 1
0.13183594 0.18457031 0.40136719 255 40 40 1
0.14160156 0.16503906 0.36621094 40 230 120 2
0.13183594 0.15136719 0.34863281 255 40 40 1
0.14160156 0.16503906 0.36425781 40 230 120 2
0.17089844 0.18066406 0.37792969 40 230 120 2
0.17285156 0.18066406 0.37988281 40 230 120 2
0.19042969 0.18261719 0.39941406 255 40 40 1
0.17089844 0.18066406 0.37988281 40 230 120 2
0.16113281 0.19433594 0.39550781 255 40 40 1
0.16113281 0.19628906 0.39746094 255 40 40 1
0.17089844 0.17871094 0.37988281 40 230 120 2
0.16113281 0.19628906 0.39550781 255 40 40 1
0.15722656 0.07714844 0.22753906 255 40 40 1
0.15722656 0.07714844 0.22558594 255 40 40 1
0.13769531 0.07324219 0.21191406 40 230 120 2
0.13769531 0.07324219 0.20996094 40 230 120 2
0.13769531 0.07128906 0.20996094 40 230 120 2
0.12597656 0.08691406 0.22167969 255 40 40 1
0.13574219 0.07324219 0.20996094 40 230 120 2
0.15527344 0.07714844 0.22753906 255 40 40 1
0.08886719 0.06542969 0.18261719 255 40 40 1
0.04589844 0.04785156 0.17675781 255 40 40 1
0.08691406 0.06738281 0.19238281 40 230 120 2
0.08691406 0.06542969 0.19238281 40 230 120 2
0.08691406 0.06542969 0.19433594 40 230 120 2
0.08691406 0.06738281 0.19433594 40 230 120 2
0.04785156 0.04785156 0.17675781 255 40 40 1
0.09277344 0.07324219 0.22753906 255 40 40 1
0.09082031 0.07324219 0.22753906 255 40 40 1
0.11230469 0.09082031 0.24511719 40 230 120 2
0.11230469 0.09082031 0.24316406 40 230 120 2
0.09277344 0.07519531 0.22753906 255 40 40 1
0.12597656 0.08886719 0.22363281 255 40 40 1
0.12597656 0.08691406 0.22363281 255 40 40 1
0.09082031 0.07519531 0.22753906 255 40 40 1
0.11425781 0.09082031 0.24511719 40 230 120 2
0.11230469 0.09082031 0.24707031 40 230 120 2
0.12597656 0.08886719 0.22167969 255 40 40 1
0.15527344 0.10839844 0.26269531 40 230 120 2
0.15332031 0.10839844 0.26074219 40 230 120 2
0.15136719 0.12207031 0.27832031 255 40 40 1
0.15527344 0.10839844 0.26074219 40 230 120 2
0.15136719 0.12402344 0.27832031 255 40 40 1
0.15332031 0.10839844 0.26269531 40 230 120 2
0.15332031 0.00488281 0.25097656 255 40 40 1
0.15332031 0.00292969 0.25097656 255 40 40 1
0.15332031 0.00488281 0.24902344 255 40 40 1
0.15527344 0.00488281 0.25097656 255 40 40 1
0.15136719 -0.00097656 0.22558594 40 230 120 2
0.15136719 -0.00292969 0.22753906 40 230 120 2
0.15136719 -0.00097656 0.22753906 40 230 120 2
0.15136719 -0.00292969 0.22558594 40 230 120 2
0.13574219 -0.04785156 0.19238281 255 40 40 1
0.16308594 0.04003906 0.23925781 255 40 40 1
0.14550781 0.00488281 0.19042969 255 40 40 1
0.13183594 0.05175781 0.18261719 255 40 40 1
0.16503906 0.04003906 0.23925781 255 40 40 1
0.14355469 0.00683594 0.19042969 255 40 40 1
0.14550781 0.03417969 0.20410156 40 230 120 2
0.14550781 0.03222656 0.20214844 40 230 120 2
0.14550781 0.03222656 0.20410156 40 230 120 2
0.14746094 0.03222656 0.20410156 40 230 120 2
0.16894531 0.07910156 0.24902344 40 230 120 2
0.16503906 0.04199219 0.23925781 255 40 40 1
0.16894531 0.07714844 0.24902344 40 230 120 2
0.15722656 0.07910156 0.22753906 255 40 40 1
0.16894531 0.07714844 0.25097656 40 230 120 2
0.16894531 0.07910156 0.25097656 40 230 120 2
0.16503906 0.04003906 0.24121094 255 40 40 1
0.17871094 0.05761719 0.28417969 40 230 120 2
0.18066406 0.05761719 0.28417969 40 230 120 2
0.17871094 0.05761719 0.28613281 40 230 120 2
0.19433594 0.07910156 0.29980469 255 40 40 1
0.19433594 0.08105469 0.29785156 255 40 40 1
0.18066406 0.05761719 0.28613281 40 230 120 2
0.08691406 0.04394531 0.23730469 255 40 40 1
0.04785156 0.04589844 0.17675781 255 40 40 1
0.07324219 0.05566406 0.21386719 40 230 120 2
0.07519531 0.05566406 0.21386719 40 230 120 2
0.07324219 0.05371094 0.21386719 40 230 120 2
0.07519531 0.05371094 0.21386719 40 230 120 2
0.08496094 0.04199219 0.23730469 255 40 40 1
0.08691406 0.04199219 0.23730469 255 40 40 1
0.07519531 -0.03808594 0.19238281 255 40 40 1
0.07324219 0.00292969 0.20605469 40 230 120 2
0.07324219 0.00292969 0.20410156 40 230 120 2
0.07324219 0.00488281 0.20410156 40 230 120 2
0.07324219 0.00488281 0.20605469 40 230 120 2
0.05761719 0.00878906 0.18847656 255 40 40 1
0.05761719 0.00683594 0.18847656 255 40 40 1
0.10449219 0.03808594 0.26855469 40 230 120 2
0.10058594 0.01269531 0.24902344 255 40 40 1
0.10058594 0.01269531 0.25097656 255 40 40 1
0.10253906 0.03808594 0.26660156 40 230 120 2
0.10449219 0.03808594 0.26660156 40 230 120 2
0.08691406 0.04199219 0.23925781 255 40 40 1
0.10449219 0.03613281 0.26660156 40 230 120 2
0.10839844 0.08105469 0.27441406 40 230 120 2
0.10644531 0.07910156 0.27441406 40 230 120 2
0.12011719 0.11035156 0.28808594 255 40 40 1
0.10839844 0.07910156 0.27441406 40 230 120 2
0.12011719 0.11035156 0.28613281 255 40 40 1
0.10839844 0.07910156 0.27636719 40 230 120 2
0.10253906 0.01269531 0.24902344 255 40 40 1
0.12597656 -0.00488281 0.25488281 255 40 40 1
0.07714844 -0.03808594 0.19238281 255 40 40 1
0.10058594 -0.01074219 0.23144531 40 230 120 2
0.10253906 -0.01074219 0.23144531 40 230 120 2
0.10058594 -0.00878906 0.23144531 40 230 120 2
0.10058594 0.01074219 0.24902344 255 40 40 1
0.10058594 -0.01074219 0.23339844 40 230 120 2
0.12597656 -0.00292969 0.25488281 255 40 40 1
0.12402344 -0.03613281 0.21582031 40 230 120 2
0.12402344 -0.03613281 0.21386719 40 230 120 2
0.10839844 -0.05371094 0.20019531 255 40 40 1
0.12207031 -0.03613281 0.21582031 40 230 120 2
0.10839844 -0.05175781 0.20019531 255 40 40 1
0.12402344 -0.03417969 0.21582031 40 230 120 2
0.12792969 -0.00488281 0.25488281 255 40 40 1
0.15332031 0.01660156 0.27246094 40 230 120 2
0.15332031 0.01660156 0.27441406 40 230 120 2
0.15332031 0.01855469 0.27441406 40 230 120 2
0.16308594 0.02832031 0.28808594 40 230 120 2
0.16308594 0.02832031 0.29003906 40 230 120 2
0.12792969 -0.00292969 0.25488281 255 40 40 1
0.15527344 0.01660156 0.27441406 40 230 120 2
0.16308594 0.03027344 0.29003906 40 230 120 2
0.13378906 0.03222656 0.29785156 40 230 120 2
0.13378906 0.03222656 0.29589844 40 230 120 2
0.13574219 0.03222656 0.29589844 40 230 120 2
0.12597656 0.05761719 0.31347656 255 40 40 1
0.15136719 0.04394531 0.31933594 255 40 40 1
0.14941406 0.04394531 0.32128906 255 40 40 1
0.13378906 0.03417969 0.29589844 40 230 120 2
0.14941406 0.04394531 0.31933594 255 40 40 1
-0.12207031 0.25097656 0.15527344 255 40 40 1
-0.12207031 0.25292969 0.15527344 255 40 40 1
-0.11425781 0.25683594 0.11035156 255 40 40 1
-0.12207031 0.24511719 0.13574219 40 230 120 2
-0.11425781 0.25878906 0.11035156 255 40 40 1
-0.12402344 0.24511719 0.13574219 40 230 120 2
-0.12402344 0.24511719 0.13769531 40 230 120 2
-0.12402344 0.24707031 0.13574219 40 230 120 2
-0.13183594 0.22558594 0.14160156 255 40 40 1
-0.12011719 0.22753906 0.11035156 255 40 40 1
-0.11230469 0.19628906 0.12011719 255 40 40 1
-0.11230469 0.19433594 0.12207031 255 40 40 1
-0.12207031 0.22753906 0.11035156 255 40 40 1
-0.11230469 0.19433594 0.12011719 255 40 40 1
-0.11230469 0.19628906 0.12207031 255 40 40 1
-0.12207031 0.21582031 0.12402344 40 230 120 2
-0.12207031 0.21582031 0.12597656 40 230 120 2
-0.12207031 0.21386719 0.12402344 40 230 120 2
-0.12207031 0.21777344 0.12402344 40 230 120 2
-0.13574219 0.19824219 0.14746094 40 230 120 2
-0.13574219 0.20019531 0.14746094 40 230 120 2
-0.12792969 0.19042969 0.14160156 255 40 40 1
-0.13378906 0.19824219 0.14746094 40 230 120 2
-0.12792969 0.19238281 0.13964844 255 40 40 1
-0.12792969 0.19042969 0.13964844 255 40 40 1
-0.13378906 0.20019531 0.14746094 40 230 120 2
-0.13964844 0.23535156 0.19042969 255 40 40 1
-0.13964844 0.22558594 0.16699219 40 230 120 2
-0.14160156 0.22558594 0.16503906 40 230 120 2
-0.14941406 0.21386719 0.16894531 255 40 40 1
-0.14160156 0.22558594 0.16699219 40 230 120 2
-0.13378906 0.22558594 0.14355469 255 40 40 1
-0.14160156 0.23535156 0.19042969 255 40 40 1
-0.14160156 0.23339844 0.19042969 255 40 40 1
-0.14160156 0.22363281 0.16699219 40 230 120 2
-0.06347656 0.28027344 0.05175781 255 40 40 1
-0.08886719 0.26855469 0.04199219 255 40 40 1
-0.08886719 0.26855469 0.04003906 255 40 40 1
-0.06152344 0.28027344 0.05175781 255 40 40 1
-0.05761719 0.28613281 -0.01855469 255 40 40 1
-0.05761719 0.28613281 -0.01660156 255 40 40 1
-0.05761719 0.28808594 -0.01855469 255 40 40 1
-0.06933594 0.28027344 0.02636719 40 230 120 2
-0.06933594 0.27832031 0.02441406 40 230 120 2
-0.06933594 0.28027344 0.02441406 40 230 120 2
-0.06933594 0.27832031 0.02636719 40 230 120 2
-0.05761719 0.28808594 -0.01660156 255 40 40 1
-0.08691406 0.26855469 0.04003906 255 40 40 1
-0.08691406 0.26855469 0.04199219 255 40 40 1
-0.07519531 0.25097656 -0.02636719 255 40 40 1
-0.08691406 0.25097656 -0.00488281 40 230 120 2
-0.07519531 0.24902344 -0.02636719 255 40 40 1
-0.07519531 0.25097656 -0.02441406 255 40 40 1
-0.07714844 0.25097656 -0.02636719 255 40 40 1
-0.08691406 0.24902344 -0.00292969 40 230 120 2
-0.09667969 0.22949219 -0.02636719 255 40 40 1
-0.08691406 0.24902344 -0.00488281 40 230 120 2
-0.08886719 0.24902344 -0.00488281 40 230 120 2
-0.10644531 0.24902344 0.04394531 255 40 40 1
-0.10644531 0.24902344 0.04199219 255 40 40 1
-0.10449219 0.24902344 0.04199219 255 40 40 1
-0.10253906 0.25878906 0.06542969 40 230 120 2
-0.10253906 0.25683594 0.06347656 40 230 120 2
-0.10253906 0.25878906 0.06347656 40 230 120 2
-0.10253906 0.25683594 0.06542969 40 230 120 2
-0.07128906 0.26269531 0.10644531 255 40 40 1
-0.07128906 0.26269531 0.10449219 255 40 40 1
-0.08300781 0.26660156 0.08691406 40 230 120 2
-0.08300781 0.26464844 0.08886719 40 230 120 2
-0.09082031 0.26464844 0.11425781 255 40 40 1
-0.08300781 0.26464844 0.08691406 40 230 120 2
-0.08300781 0.26660156 0.08886719 40 230 120 2
-0.06542969 0.17480469 0.12207031 255 40 40 1
-0.10449219 0.18652344 0.09863281 255 40 40 1
-0.10449219 0.18457031 0.09863281 255 40 40 1
-0.10449219 0.18652344 0.09667969 255 40 40 1
-0.09277344 0.17480469 0.10058594 40 230 120 2
-0.09277344 0.17675781 0.09863281 40 230 120 2
-0.09277344 0.17675781 0.10058594 40 230 120 2
-0.10253906 0.18652344 0.09863281 255 40 40 1
-0.06542969 0.17285156 0.12207031 255 40 40 1
-0.09082031 0.17675781 0.10058594 40 230 120 2
-0.05175781 0.17285156 0.11425781 255 40 40 1
-0.03808594 0.17675781 0.11816406 40 230 120 2
-0.03613281 0.17871094 0.11816406 40 230 120 2
-0.03808594 0.17871094 0.11621094 40 230 120 2
-0.06542969 0.17285156 0.12402344 255 40 40 1
-0.03808594 0.17871094 0.11816406 40 230 120 2
-0.04980469 0.17285156 0.11425781 255 40 40 1
-0.02636719 0.17871094 0.13378906 255 40 40 1
-0.04785156 0.17089844 0.13769531 40 230 120 2
-0.04785156 0.17089844 0.13964844 40 230 120 2
-0.04589844 0.17089844 0.13964844 40 230 120 2
-0.04785156 0.16113281 0.15917969 255 40 40 1
-0.04980469 0.16113281 0.15917969 255 40 40 1
-0.04589844 0.17089844 0.13769531 40 230 120 2
-0.06542969 0.17480469 0.12402344 255 40 40 1
-0.08300781 0.17285156 0.13964844 255 40 40 1
-0.08496094 0.17285156 0.13964844 255 40 40 1
-0.08886719 0.18066406 0.12792969 40 230 120 2
-0.08691406 0.17871094 0.12792969 40 230 120 2
-0.08691406 0.18066406 0.12792969 40 230 120 2
-0.08691406 0.18066406 0.12988281 40 230 120 2
-0.11230469 0.21972656 0.06542969 255 40 40 1
-0.10644531 0.24707031 0.04199219 255 40 40 1
-0.10449219 0.23144531 0.02832031 40 230 120 2
-0.10449219 0.23339844 0.02636719 40 230 120 2
-0.10449219 0.23144531 0.02636719 40 230 120 2
-0.10449219 0.23339844 0.02832031 40 230 120 2
-0.10839844 0.17089844 0.07910156 255 40 40 1
-0.11230469 0.21777344 0.06738281 255 40 40 1
-0.11035156 0.19433594 0.05761719 40 230 120 2
-0.11230469 0.21972656 0.06738281 255 40 40 1
-0.11035156 0.20019531 0.03027344 255 40 40 1
-0.11035156 0.19628906 0.05761719 40 230 120 2
-0.11230469 0.21777344 0.06542969 255 40 40 1
-0.11035156 0.19433594 0.05957031 40 230 120 2
-0.11035156 0.19628906 0.05957031 40 230 120 2
-0.11035156 0.19824219 0.03027344 255 40 40 1
-0.11035156 0.20019531 0.09472656 40 230 120 2
-0.10839844 0.20019531 0.09472656 40 230 120 2
-0.11035156 0.19824219 0.09472656 40 230 120 2
-0.11035156 0.20019531 0.09667969 40 230 120 2
-0.12207031 0.22949219 0.11035156 255 40 40 1
-0.11425781 0.25683594 0.10839844 255 40 40 1
-0.11621094 0.23535156 0.09472656 40 230 120 2
-0.11621094 0.23339844 0.09472656 40 230 120 2
-0.11425781 0.23535156 0.09472656 40 230 120 2
-0.11621094 0.23535156 0.09667969 40 230 120 2
-0.12011719 0.22753906 0.10839844 255 40 40 1
-0.14746094 0.20214844 0.24902344 255 40 40 1
-0.12402344 0.18847656 0.25292969 40 230 120 2
-0.12597656 0.18652344 0.25292969 40 230 120 2
-0.13183594 0.17285156 0.26660156 255 40 40 1
-0.12988281 0.17285156 0.26464844 255 40 40 1
-0.12792969 0.18847656 0.25292969 40 230 120 2
-0.09863281 0.19042969 0.24511719 255 40 40 1
-0.13183594 0.17285156 0.26464844 255 40 40 1
-0.12597656 0.18847656 0.25292969 40 230 120 2
-0.12988281 0.17285156 0.26660156 255 40 40 1
-0.16699219 0.15722656 0.17871094 255 40 40 1
-0.16699219 0.15917969 0.17871094 255 40 40 1
-0.14550781 0.17871094 0.16113281 255 40 40 1
-0.16699219 0.15917969 0.17675781 255 40 40 1
-0.15136719 0.15722656 0.17871094 40 230 120 2
-0.15527344 0.15722656 0.17871094 40 230 120 2
-0.14941406 0.13574219 0.19628906 255 40 40 1
-0.15332031 0.15722656 0.17871094 40 230 120 2
-0.15332031 0.15917969 0.17871094 40 230 120 2
-0.14746094 0.13574219 0.19628906 255 40 40 1
-0.15722656 0.15332031 0.28808594 255 40 40 1
-0.12597656 0.13964844 0.25488281 255 40 40 1
-0.13769531 0.15527344 0.26855469 40 230 120 2
-0.13769531 0.15332031 0.27050781 40 230 120 2
-0.12792969 0.13964844 0.25488281 255 40 40 1
-0.15722656 0.15527344 0.28808594 255 40 40 1
-0.13769531 0.15527344 0.27050781 40 230 120 2
-0.13964844 0.15527344 0.27050781 40 230 120 2
-0.12597656 0.14160156 0.25488281 255 40 40 1
-0.14941406 0.12402344 0.27441406 255 40 40 1
-0.14941406 0.12207031 0.27441406 255 40 40 1
-0.15332031 0.10644531 0.24707031 255 40 40 1
-0.15332031 0.10839844 0.24707031 255 40 40 1
-0.14355469 0.12207031 0.25878906 40 230 120 2
-0.14355469 0.12402344 0.25878906 40 230 120 2
-0.14160156 0.12402344 0.25878906 40 230 120 2
-0.14355469 0.12402344 0.26074219 40 230 120 2
-0.09082031 0.16503906 0.24511719 40 230 120 2
-0.09277344 0.13964844 0.24121094 255 40 40 1
-0.09082031 0.16699219 0.24707031 40 230 120 2
-0.07910156 0.16503906 0.25488281 255 40 40 1
-0.09082031 0.16503906 0.24707031 40 230 120 2
-0.07910156 0.16699219 0.25683594 255 40 40 1
-0.09082031 0.13964844 0.24121094 255 40 40 1
-0.08886719 0.16503906 0.24707031 40 230 120 2
-0.07910156 0.16503906 0.25683594 255 40 40 1
-0.07910156 0.16699219 0.25488281 255 40 40 1
-0.09277344 0.13964844 0.23925781 255 40 40 1
-0.10644531 0.15136719 0.23535156 255 40 40 1
-0.10644531 0.13574219 0.20605469 255 40 40 1
-0.10253906 0.14160156 0.22753906 40 230 120 2
-0.10644531 0.13769531 0.20605469 255 40 40 1
-0.10058594 0.14160156 0.22753906 40 230 120 2
-0.10058594 0.14355469 0.22753906 40 230 120 2
-0.10253906 0.14355469 0.22753906 40 230 120 2
-0.09082031 0.13964844 0.23925781 255 40 40 1
-0.09082031 0.12402344 0.21582031 255 40 40 1
-0.08691406 0.12011719 0.22753906 40 230 120 2
-0.08886719 0.12207031 0.22753906 40 230 120 2
-0.08691406 0.12207031 0.22558594 40 230 120 2
-0.08105469 0.10058594 0.22753906 255 40 40 1
-0.08691406 0.12207031 0.22753906 40 230 120 2
-0.06347656 0.13769531 0.27636719 255 40 40 1
-0.07910156 0.13183594 0.25878906 40 230 120 2
-0.07910156 0.12988281 0.25878906 40 230 120 2
-0.08105469 0.11621094 0.25683594 255 40 40 1
-0.07910156 0.13183594 0.25683594 40 230 120 2
-0.07910156 0.12988281 0.25683594 40 230 120 2
-0.07910156 0.11621094 0.25683594 255 40 40 1
-0.10449219 0.16699219 0.15722656 255 40 40 1
-0.11425781 0.18457031 0.13964844 40 230 120 2
-0.12597656 0.19042969 0.13964844 255 40 40 1
-0.11621094 0.18261719 0.13964844 40 230 120 2
-0.11621094 0.18457031 0.13964844 40 230 120 2
-0.11425781 0.18261719 0.13964844 40 230 120 2
-0.07910156 0.16699219 0.15332031 40 230 120 2
-0.07910156 0.16699219 0.15136719 40 230 120 2
-0.08496094 0.17285156 0.14160156 255 40 40 1
-0.08105469 0.16699219 0.15332031 40 230 120 2
-0.08300781 0.17285156 0.14160156 255 40 40 1
-0.07910156 0.16503906 0.15332031 40 230 120 2
-0.09667969 0.14941406 0.18066406 40 230 120 2
-0.10449219 0.16503906 0.15917969 255 40 40 1
-0.08300781 0.14550781 0.17871094 255 40 40 1
-0.09863281 0.14941406 0.18066406 40 230 120 2
-0.09863281 0.14941406 0.17871094 40 230 120 2
-0.08300781 0.14550781 0.17675781 255 40 40 1
-0.09863281 0.14746094 0.18066406 40 230 120 2
-0.12597656 0.15527344 0.17871094 255 40 40 1
-0.12402344 0.16699219 0.16503906 40 230 120 2
-0.12597656 0.16894531 0.16503906 40 230 120 2
-0.12597656 0.15527344 0.17675781 255 40 40 1
-0.12597656 0.15722656 0.17871094 255 40 40 1
-0.14355469 0.17871094 0.15917969 255 40 40 1
-0.10644531 0.16503906 0.15722656 255 40 40 1
-0.12597656 0.16699219 0.16308594 40 230 120 2
-0.12597656 0.16699219 0.16503906 40 230 120 2
-0.06933594 0.21777344 0.20996094 255 40 40 1
-0.04003906 0.22753906 0.16699219 255 40 40 1
-0.09082031 0.24902344 0.17480469 255 40 40 1
-0.07128906 0.21777344 0.21191406 255 40 40 1
-0.07128906 0.21777344 0.20996094 255 40 40 1
-0.06542969 0.23144531 0.18457031 40 230 120 2
-0.06738281 0.23144531 0.18261719 40 230 120 2
-0.06738281 0.23339844 0.18457031 40 230 120 2
-0.06738281 0.23144531 0.18457031 40 230 120 2
-0.07519531 0.25488281 0.13964844 40 230 120 2
-0.08105469 0.25292969 0.15136719 40 230 120 2
-0.07519531 0.25683594 0.13964844 40 230 120 2
-0.08105469 0.25488281 0.15332031 40 230 120 2
-0.07519531 0.25488281 0.13769531 40 230 120 2
-0.08105469 0.25292969 0.15332031 40 230 120 2
-0.06152344 0.25292969 0.13574219 255 40 40 1
-0.07324219 0.25488281 0.13964844 40 230 120 2
-0.09082031 0.26464844 0.11621094 255 40 40 1
-0.09277344 0.26464844 0.11621094 255 40 40 1
-0.09277344 0.26464844 0.11425781 255 40 40 1
-0.10058594 0.25878906 0.13378906 40 230 120 2
-0.09863281 0.25878906 0.13378906 40 230 120 2
-0.09863281 0.25683594 0.13378906 40 230 120 2
-0.09863281 0.25878906 0.13183594 40 230 120 2
-0.12207031 0.25292969 0.15722656 255 40 40 1
-0.11816406 0.24707031 0.17480469 40 230 120 2
-0.11816406 0.24707031 0.17285156 40 230 120 2
-0.11816406 0.24511719 0.17480469 40 230 120 2
-0.11816406 0.24511719 0.17285156 40 230 120 2
-0.12207031 0.25097656 0.15722656 255 40 40 1
-0.10058594 0.19042969 0.24316406 255 40 40 1
-0.09863281 0.19042969 0.24316406 255 40 40 1
-0.10449219 0.22167969 0.21191406 40 230 120 2
-0.11621094 0.22558594 0.21777344 255 40 40 1
-0.11621094 0.22558594 0.21972656 255 40 40 1
-0.09277344 0.25097656 0.17480469 255 40 40 1
-0.09277344 0.24902344 0.17480469 255 40 40 1
-0.11621094 0.22363281 0.21777344 255 40 40 1
-0.10253906 0.22167969 0.21386719 40 230 120 2
-0.10253906 0.22167969 0.21191406 40 230 120 2
-0.10253906 0.22363281 0.21191406 40 230 120 2
-0.20214844 0.16113281 0.28613281 255 40 40 1
-0.20410156 0.16113281 0.28613281 255 40 40 1
-0.20410156 0.15917969 0.28613281 255 40 40 1
-0.15917969 0.15332031 0.28808594 255 40 40 1
-0.18457031 0.13574219 0.30175781 255 40 40 1
-0.18261719 0.15136719 0.29199219 40 230 120 2
-0.18261719 0.14941406 0.29199219 40 230 120 2
-0.18457031 0.13769531 0.30175781 255 40 40 1
-0.18066406 0.15136719 0.29199219 40 230 120 2
-0.18066406 0.14941406 0.29199219 40 230 120 2
-0.18261719 0.13574219 0.30175781 255 40 40 1
-0.17871094 0.18066406 0.27246094 255 40 40 1
-0.17871094 0.18066406 0.27050781 255 40 40 1
-0.19238281 0.17675781 0.26464844 40 230 120 2
-0.19042969 0.17675781 0.26660156 40 230 120 2
-0.19238281 0.17480469 0.26660156 40 230 120 2
-0.19238281 0.17675781 0.26660156 40 230 120 2
-0.20410156 0.16113281 0.28417969 255 40 40 1
-0.25097656 0.15136719 0.26464844 255 40 40 1
-0.22363281 0.16113281 0.26855469 40 230 120 2
-0.22558594 0.16113281 0.27050781 40 230 120 2
-0.24902344 0.15332031 0.26464844 255 40 40 1
-0.24902344 0.15136719 0.26464844 255 40 40 1
-0.21972656 0.16894531 0.25488281 255 40 40 1
-0.25097656 0.15332031 0.26464844 255 40 40 1
-0.22167969 0.16894531 0.25488281 255 40 40 1
-0.22558594 0.15917969 0.26855469 40 230 120 2
-0.22558594 0.16113281 0.26855469 40 230 120 2
-0.23144531 0.14355469 0.29589844 255 40 40 1
-0.21386719 0.14160156 0.29785156 40 230 120 2
-0.21582031 0.14160156 0.29980469 40 230 120 2
-0.21582031 0.14160156 0.29785156 40 230 120 2
-0.22949219 0.14355469 0.29589844 255 40 40 1
-0.22949219 0.14355469 0.29785156 255 40 40 1
-0.23144531 0.14355469 0.29785156 255 40 40 1
-0.21386719 0.14160156 0.29980469 40 230 120 2
-0.20996094 0.12011719 0.31347656 255 40 40 1
-0.11816406 0.22558594 0.21777344 255 40 40 1
-0.13574219 0.21972656 0.21972656 40 230 120 2
-0.13574219 0.22167969 0.21777344 40 230 120 2
-0.13378906 0.22167969 0.21972656 40 230 120 2
-0.14746094 0.20214844 0.24707031 255 40 40 1
-0.13574219 0.22167969 0.21972656 40 230 120 2
-0.13964844 0.23535156 0.19238281 255 40 40 1
-0.14746094 0.20410156 0.24902344 255 40 40 1
-0.13183594 0.12207031 0.22753906 255 40 40 1
-0.13183594 0.12402344 0.22558594 255 40 40 1
-0.14355469 0.12011719 0.22363281 40 230 120 2
-0.14746094 0.13378906 0.19628906 255 40 40 1
-0.14355469 0.12207031 0.22363281 40 230 120 2
-0.14550781 0.12011719 0.22363281 40 230 120 2
-0.13183594 0.12402344 0.22753906 255 40 40 1
-0.14941406 0.13378906 0.19628906 255 40 40 1
-0.14550781 0.12207031 0.22363281 40 230 120 2
-0.18847656 0.13769531 0.19824219 255 40 40 1
-0.17089844 0.11621094 0.21582031 255 40 40 1
-0.17089844 0.12988281 0.20410156 40 230 120 2
-0.18847656 0.13574219 0.19824219 255 40 40 1
-0.16894531 0.11425781 0.21582031 255 40 40 1
-0.16894531 0.12988281 0.20410156 40 230 120 2
-0.16894531 0.12792969 0.20410156 40 230 120 2
-0.17089844 0.12792969 0.20410156 40 230 120 2
-0.17089844 0.11425781 0.21582031 255 40 40 1
-0.12597656 0.13964844 0.25292969 255 40 40 1
-0.11035156 0.16113281 0.24316406 40 230 120 2
-0.11035156 0.15917969 0.24511719 40 230 120 2
-0.11035156 0.16113281 0.24511719 40 230 120 2
-0.10644531 0.15136719 0.23730469 255 40 40 1
-0.11230469 0.16113281 0.24511719 40 230 120 2
-0.10644531 0.15332031 0.23535156 255 40 40 1
-0.12207031 0.13378906 0.22753906 40 230 120 2
-0.12988281 0.12402344 0.22753906 255 40 40 1
-0.12011719 0.13378906 0.22949219 40 230 120 2
-0.12207031 0.13183594 0.22949219 40 230 120 2
-0.12207031 0.13378906 0.22949219 40 230 120 2
-0.19433594 0.19042969 0.24121094 255 40 40 1
-0.16699219 0.21191406 0.21972656 255 40 40 1
-0.16894531 0.20019531 0.23730469 40 230 120 2
-0.16894531 0.20214844 0.23730469 40 230 120 2
-0.17089844 0.20214844 0.23730469 40 230 120 2
-0.19433594 0.18847656 0.24121094 255 40 40 1
-0.19238281 0.18847656 0.24121094 255 40 40 1
-0.14941406 0.20214844 0.24902344 255 40 40 1
-0.16894531 0.20214844 0.23535156 40 230 120 2
-0.15917969 0.15527344 0.28808594 255 40 40 1
-0.16308594 0.17871094 0.27050781 40 230 120 2
-0.16113281 0.17871094 0.27050781 40 230 120 2
-0.17675781 0.18066406 0.27050781 255 40 40 1
-0.17675781 0.18066406 0.27246094 255 40 40 1
-0.16113281 0.18066406 0.26855469 40 230 120 2
-0.16113281 0.17871094 0.26855469 40 230 120 2
-0.10839844 0.13769531 0.20605469 255 40 40 1
-0.12597656 0.14160156 0.19238281 40 230 120 2
-0.12792969 0.14160156 0.19433594 40 230 120 2
-0.12792969 0.15527344 0.17871094 255 40 40 1
-0.10839844 0.13574219 0.20605469 255 40 40 1
-0.12597656 0.14160156 0.19433594 40 230 120 2
-0.12792969 0.14160156 0.19238281 40 230 120 2
-0.17285156 0.19238281 0.19238281 255 40 40 1
-0.17285156 0.19238281 0.19042969 255 40 40 1
-0.16699219 0.21386719 0.21777344 255 40 40 1
-0.15917969 0.21191406 0.20019531 40 230 120 2
-0.16699219 0.21386719 0.21972656 255 40 40 1
-0.16113281 0.21386719 0.20019531 40 230 120 2
-0.16699219 0.21191406 0.21777344 255 40 40 1
-0.16113281 0.21191406 0.20019531 40 230 120 2
-0.15917969 0.21386719 0.20019531 40 230 120 2
-0.18847656 0.13964844 0.19824219 255 40 40 1
-0.16894531 0.15917969 0.17871094 255 40 40 1
-0.17480469 0.16308594 0.18847656 40 230 120 2
-0.17675781 0.16308594 0.18847656 40 230 120 2
-0.17675781 0.16308594 0.19042969 40 230 120 2
-0.17675781 0.16113281 0.18847656 40 230 120 2
-0.18847656 0.18261719 0.21582031 40 230 120 2
-0.18847656 0.18261719 0.21386719 40 230 120 2
-0.18652344 0.18261719 0.21386719 40 230 120 2
-0.19433594 0.18847656 0.23925781 255 40 40 1
-0.19628906 0.16894531 0.21191406 255 40 40 1
-0.17285156 0.19042969 0.19238281 255 40 40 1
-0.18847656 0.18457031 0.21386719 40 230 120 2
-0.19824219 0.16894531 0.21191406 255 40 40 1
-0.17285156 0.19042969 0.19042969 255 40 40 1
-0.16699219 -0.06738281 0.45996094 40 230 120 2
-0.16894531 -0.06738281 0.45996094 40 230 120 2
-0.17089844 -0.06933594 0.45996094 255 40 40 1
-0.28222656 0.03613281 0.20019531 255 40 40 1
-0.28613281 0.03417969 0.19628906 40 230 120 2
-0.28808594 0.03417969 0.19628906 40 230 120 2
-0.28613281 0.03417969 0.19433594 40 230 120 2
-0.28222656 0.03417969 0.20019531 255 40 40 1
-0.28808594 0.03417969 0.19433594 40 230 120 2
-0.22167969 0.14941406 0.22558594 255 40 40 1
-0.21972656 0.16894531 0.25292969 255 40 40 1
-0.21191406 0.16894531 0.23925781 40 230 120 2
-0.21191406 0.16894531 0.24121094 40 230 120 2
-0.21386719 0.16894531 0.24121094 40 230 120 2
-0.21972656 0.17089844 0.25488281 255 40 40 1
-0.21191406 0.16699219 0.24121094 40 230 120 2
-0.19824219 0.16699219 0.21191406 255 40 40 1
-0.20214844 0.15136719 0.21191406 40 230 120 2
-0.20214844 0.15136719 0.20996094 40 230 120 2
-0.19042969 0.13769531 0.19824219 255 40 40 1
-0.20410156 0.15136719 0.21191406 40 230 120 2
-0.20214844 0.15332031 0.21191406 40 230 120 2
-0.19628906 0.16699219 0.21191406 255 40 40 1
-0.22167969 0.14746094 0.22558594 255 40 40 1
-0.22167969 0.14746094 0.22363281 255 40 40 1
-0.22167969 0.14941406 0.22363281 255 40 40 1
-0.23535156 0.09863281 0.21972656 255 40 40 1
-0.22363281 0.12011719 0.21777344 40 230 120 2
-0.22363281 0.12011719 0.21972656 40 230 120 2
-0.22363281 0.12207031 0.21777344 40 230 120 2
-0.21191406 0.11816406 0.21191406 255 40 40 1
-0.22363281 0.12207031 0.21972656 40 230 120 2
-0.24902344 0.13183594 0.23339844 255 40 40 1
-0.23925781 0.14355469 0.24121094 40 230 120 2
-0.25097656 0.13183594 0.23339844 255 40 40 1
-0.24121094 0.14355469 0.23925781 40 230 120 2
-0.24121094 0.14355469 0.24121094 40 230 120 2
-0.24121094 0.14550781 0.24121094 40 230 120 2
-0.17285156 0.10644531 0.28808594 255 40 40 1
-0.16699219 0.10253906 0.26660156 40 230 120 2
-0.15527344 0.10644531 0.24707031 255 40 40 1
-0.16699219 0.10253906 0.26464844 40 230 120 2
-0.16699219 0.10058594 0.26660156 40 230 120 2
-0.16699219 0.10058594 0.26464844 40 230 120 2
-0.17285156 0.10839844 0.28808594 255 40 40 1
-0.16113281 0.12988281 0.28417969 40 230 120 2
-0.17285156 0.10839844 0.29003906 255 40 40 1
-0.15917969 0.12988281 0.28417969 40 230 120 2
-0.14941406 0.12207031 0.27636719 255 40 40 1
-0.15917969 0.12792969 0.28417969 40 230 120 2
-0.14941406 0.12402344 0.27636719 255 40 40 1
-0.16113281 0.12792969 0.28417969 40 230 120 2
-0.20800781 0.12011719 0.31347656 255 40 40 1
-0.18847656 0.12207031 0.30175781 40 230 120 2
-0.18847656 0.12011719 0.30175781 40 230 120 2
-0.19042969 0.12011719 0.30175781 40 230 120 2
-0.18457031 0.13574219 0.30371094 255 40 40 1
-0.19042969 0.12207031 0.30175781 40 230 120 2
-0.20800781 0.11816406 0.31347656 255 40 40 1
-0.19628906 0.08886719 0.30175781 255 40 40 1
-0.19433594 0.08886719 0.30175781 255 40 40 1
-0.19628906 0.08886719 0.29980469 255 40 40 1
-0.18847656 0.09082031 0.28613281 40 230 120 2
-0.18847656 0.08886719 0.28613281 40 230 120 2
-0.17285156 0.10644531 0.29003906 255 40 40 1
-0.18847656 0.09082031 0.28808594 40 230 120 2
-0.18847656 0.08886719 0.28808594 40 230 120 2
-0.19042969 0.09667969 0.22949219 255 40 40 1
-0.19238281 0.09667969 0.22753906 255 40 40 1
-0.20996094 0.11816406 0.21191406 255 40 40 1
-0.20996094 0.11816406 0.20996094 255 40 40 1
-0.21191406 0.11816406 0.20996094 255 40 40 1
-0.19238281 0.09667969 0.22949219 255 40 40 1
-0.19628906 0.11816406 0.21191406 40 230 120 2
-0.19824219 0.11621094 0.21191406 40 230 120 2
-0.19824219 0.11816406 0.21191406 40 230 120 2
-0.19628906 0.11621094 0.21191406 40 230 120 2
-0.17089844 0.11425781 0.21777344 255 40 40 1
-0.15527344 0.10644531 0.24511719 255 40 40 1
-0.17285156 0.10644531 0.22949219 40 230 120 2
-0.17285156 0.10644531 0.23144531 40 230 120 2
-0.17089844 0.10644531 0.23144531 40 230 120 2
-0.17285156 0.10449219 0.23144531 40 230 120 2
-0.19628906 0.07324219 0.26855469 255 40 40 1
-0.18847656 0.08496094 0.25292969 40 230 120 2
-0.18847656 0.08691406 0.25292969 40 230 120 2
-0.19238281 0.09472656 0.22949219 255 40 40 1
-0.18847656 0.08691406 0.25097656 40 230 120 2
-0.18652344 0.08691406 0.25292969 40 230 120 2
-0.19824219 0.07519531 0.26855469 255 40 40 1
-0.23535156 0.09667969 0.21972656 255 40 40 1
-0.21386719 0.09082031 0.22949219 40 230 120 2
-0.21386719 0.09082031 0.22753906 40 230 120 2
-0.21386719 0.08886719 0.22949219 40 230 120 2
-0.21386719 0.08886719 0.22753906 40 230 120 2
-0.05566406 0.07910156 0.27832031 255 40 40 1
-0.03808594 0.10253906 0.29785156 255 40 40 1
-0.03808594 0.10058594 0.29785156 255 40 40 1
-0.03808594 0.10058594 0.29589844 255 40 40 1
-0.05761719 0.07910156 0.27832031 255 40 40 1
-0.05175781 0.10449219 0.28417969 40 230 120 2
-0.06152344 0.13574219 0.27636719 255 40 40 1
-0.05371094 0.10449219 0.28417969 40 230 120 2
-0.05371094 0.10644531 0.28417969 40 230 120 2
-0.05175781 0.10644531 0.28417969 40 230 120 2
-0.08105469 0.11425781 0.25683594 255 40 40 1
-0.07324219 0.09667969 0.25292969 40 230 120 2
-0.07910156 0.09863281 0.22753906 255 40 40 1
-0.07910156 0.11425781 0.25683594 255 40 40 1
-0.07910156 0.10058594 0.22753906 255 40 40 1
-0.07324219 0.09863281 0.25292969 40 230 120 2
-0.07324219 0.09863281 0.25488281 40 230 120 2
-0.07128906 0.09863281 0.25488281 40 230 120 2
-0.05566406 0.07910156 0.27636719 255 40 40 1
-0.05957031 0.06152344 0.24902344 255 40 40 1
-0.03027344 0.02441406 0.27246094 255 40 40 1
-0.05761719 0.07910156 0.27636719 255 40 40 1
-0.04980469 0.05566406 0.26464844 40 230 120 2
-0.05957031 0.06347656 0.24707031 255 40 40 1
-0.04980469 0.05371094 0.26660156 40 230 120 2
-0.03027344 0.02441406 0.27441406 255 40 40 1
-0.05957031 0.06152344 0.24707031 255 40 40 1
-0.04980469 0.05566406 0.26660156 40 230 120 2
-0.04785156 0.05566406 0.26660156 40 230 120 2
-0.00878906 0.06738281 0.31933594 255 40 40 1
-0.02636719 0.04589844 0.30371094 255 40 40 1
-0.00878906 0.06933594 0.31933594 255 40 40 1
-0.03222656 0.06347656 0.29980469 40 230 120 2
-0.03222656 0.06542969 0.29980469 40 230 120 2
-0.03027344 0.06542969 0.29980469 40 230 120 2
-0.03027344 0.06347656 0.29980469 40 230 120 2
-0.02832031 0.04589844 0.30371094 255 40 40 1
-0.04199219 0.14160156 0.18457031 255 40 40 1
-0.03027344 0.16699219 0.19238281 255 40 40 1
-0.04394531 0.14355469 0.18457031 255 40 40 1
-0.04394531 0.14160156 0.18457031 255 40 40 1
-0.04199219 0.15527344 0.17871094 40 230 120 2
-0.04785156 0.16113281 0.16113281 255 40 40 1
-0.04199219 0.15722656 0.17871094 40 230 120 2
-0.04003906 0.15722656 0.17871094 40 230 120 2
-0.04003906 0.15527344 0.17871094 40 230 120 2
-0.04394531 0.14160156 0.18261719 255 40 40 1
-0.03027344 0.16503906 0.19238281 255 40 40 1
-0.03417969 0.19433594 0.17285156 40 230 120 2
-0.03027344 0.16894531 0.19238281 255 40 40 1
-0.03222656 0.19433594 0.17285156 40 230 120 2
-0.03417969 0.19628906 0.17285156 40 230 120 2
-0.03417969 0.19628906 0.17480469 40 230 120 2
-0.01074219 0.15527344 0.23925781 255 40 40 1
-0.03027344 0.18847656 0.21386719 255 40 40 1
-0.03027344 0.16699219 0.19433594 255 40 40 1
-0.03027344 0.18847656 0.21191406 255 40 40 1
-0.02246094 0.17089844 0.21386719 40 230 120 2
-0.02441406 0.17089844 0.21386719 40 230 120 2
-0.02246094 0.17089844 0.21582031 40 230 120 2
-0.02441406 0.17089844 0.21582031 40 230 120 2
-0.02441406 0.13964844 0.20410156 40 230 120 2
-0.03027344 0.11425781 0.20019531 255 40 40 1
-0.02636719 0.13964844 0.20214844 40 230 120 2
-0.02441406 0.13964844 0.20214844 40 230 120 2
-0.02441406 0.13769531 0.20214844 40 230 120 2
-0.01464844 0.13574219 0.21386719 255 40 40 1
-0.03027344 0.19042969 0.21386719 255 40 40 1
-0.05175781 0.18847656 0.23925781 255 40 40 1
-0.03808594 0.22753906 0.16699219 255 40 40 1
-0.04003906 0.20019531 0.20605469 40 230 120 2
-0.04199219 0.20214844 0.20605469 40 230 120 2
-0.04003906 0.20214844 0.20605469 40 230 120 2
-0.04003906 0.20214844 0.20800781 40 230 120 2
-0.03027344 0.19042969 0.21191406 255 40 40 1
-0.05175781 0.18847656 0.24121094 255 40 40 1
-0.06933594 0.21777344 0.21191406 255 40 40 1
-0.07324219 0.19824219 0.23144531 40 230 120 2
-0.07324219 0.19824219 0.23339844 40 230 120 2
-0.07519531 0.19824219 0.23144531 40 230 120 2
-0.07519531 0.19824219 0.23339844 40 230 120 2
-0.05371094 0.18847656 0.23925781 255 40 40 1
-0.06542969 0.16503906 0.25683594 40 230 120 2
-0.06347656 0.16308594 0.25683594 40 230 120 2
-0.06542969 0.16308594 0.25683594 40 230 120 2
-0.06152344 0.13769531 0.27441406 255 40 40 1
-0.06542969 0.16308594 0.25878906 40 230 120 2
-0.06152344 0.13769531 0.27636719 255 40 40 1
-0.03222656 0.16503906 0.24707031 40 230 120 2
-0.01074219 0.15527344 0.24121094 255 40 40 1
-0.03222656 0.15332031 0.26464844 255 40 40 1
-0.03222656 0.16503906 0.24902344 40 230 120 2
-0.03027344 0.16503906 0.24902344 40 230 120 2
-0.03222656 0.16699219 0.24902344 40 230 120 2
-0.06933594 0.12597656 0.19238281 255 40 40 1
-0.06933594 0.12597656 0.19433594 255 40 40 1
-0.08886719 0.12792969 0.20410156 40 230 120 2
-0.08886719 0.12402344 0.21386719 255 40 40 1
-0.09082031 0.12597656 0.21386719 255 40 40 1
-0.07128906 0.12597656 0.19238281 255 40 40 1
-0.08886719 0.12988281 0.20410156 40 230 120 2
-0.08886719 0.12988281 0.20605469 40 230 120 2
-0.09082031 0.12988281 0.20410156 40 230 120 2
-0.09082031 0.12402344 0.21386719 255 40 40 1
-0.08105469 0.14550781 0.17871094 255 40 40 1
-0.08105469 0.14550781 0.17675781 255 40 40 1
-0.06738281 0.14355469 0.17675781 40 230 120 2
-0.04980469 0.16113281 0.16113281 255 40 40 1
-0.06738281 0.14355469 0.17871094 40 230 120 2
-0.06933594 0.12792969 0.19238281 255 40 40 1
-0.06738281 0.14550781 0.17675781 40 230 120 2
-0.06542969 0.14355469 0.17675781 40 230 120 2
-0.03222656 0.11230469 0.20019531 255 40 40 1
-0.04785156 0.12792969 0.19238281 40 230 120 2
-0.04785156 0.12597656 0.19238281 40 230 120 2
-0.04589844 0.12792969 0.19238281 40 230 120 2
-0.04589844 0.12597656 0.19238281 40 230 120 2
-0.03027344 0.11230469 0.20019531 255 40 40 1
-0.07910156 0.10058594 0.22558594 255 40 40 1
-0.06933594 0.10839844 0.20996094 40 230 120 2
-0.07128906 0.10839844 0.20800781 40 230 120 2
-0.06933594 0.10839844 0.20800781 40 230 120 2
-0.06933594 0.11035156 0.20800781 40 230 120 2
0.05175781 0.07128906 0.30761719 40 230 120 2
0.06738281 0.06542969 0.30957031 255 40 40 1
0.04785156 0.06542969 0.33105469 255 40 40 1
0.04199219 0.08300781 0.28613281 255 40 40 1
0.04589844 0.06542969 0.33105469 255 40 40 1
0.05371094 0.07128906 0.30957031 40 230 120 2
0.05175781 0.07128906 0.30957031 40 230 120 2
0.05371094 0.07128906 0.30761719 40 230 120 2
0.02050781 0.08300781 0.30957031 255 40 40 1
0.02050781 0.07128906 0.31933594 40 230 120 2
0.02050781 0.07128906 0.32128906 40 230 120 2
0.02050781 0.07324219 0.32128906 40 230 120 2
-0.00683594 0.06933594 0.31933594 255 40 40 1
0.02050781 0.08105469 0.30957031 255 40 40 1
0.01855469 0.08300781 0.30957031 255 40 40 1
0.01855469 0.07128906 0.32128906 40 230 120 2
0.03808594 0.05175781 0.34863281 40 230 120 2
0.03808594 0.04980469 0.34863281 40 230 120 2
0.03808594 0.05175781 0.34667969 40 230 120 2
0.02050781 0.04980469 0.34277344 255 40 40 1
0.02050781 0.04980469 0.34472656 255 40 40 1
0.04003906 0.05175781 0.34863281 40 230 120 2
0.07128906 0.06152344 0.34082031 40 230 120 2
0.07128906 0.05957031 0.33886719 40 230 120 2
0.07324219 0.05761719 0.35449219 255 40 40 1
0.07324219 0.05957031 0.34082031 40 230 120 2
0.09472656 0.05761719 0.33496094 255 40 40 1
0.07128906 0.05957031 0.34082031 40 230 120 2
0.04785156 0.06347656 0.33105469 255 40 40 1
0.01464844 0.11621094 0.26464844 255 40 40 1
-0.01074219 0.15332031 0.24121094 255 40 40 1
0.01269531 0.11621094 0.26464844 255 40 40 1
0.00097656 0.12597656 0.26660156 40 230 120 2
0.00097656 0.12597656 0.26464844 40 230 120 2
-0.00097656 0.12597656 0.26660156 40 230 120 2
-0.03222656 0.15332031 0.26660156 255 40 40 1
-0.03417969 0.15332031 0.26660156 255 40 40 1
-0.03613281 0.13574219 0.27636719 40 230 120 2
-0.03222656 0.13574219 0.27636719 40 230 120 2
-0.03417969 0.13574219 0.27636719 40 230 120 2
-0.03417969 0.13378906 0.27636719 40 230 120 2
-0.03613281 0.10058594 0.29785156 255 40 40 1
-0.01855469 0.09667969 0.29980469 40 230 120 2
-0.02050781 0.09863281 0.29980469 40 230 120 2
-0.01855469 0.09667969 0.30175781 40 230 120 2
-0.01855469 0.09863281 0.29980469 40 230 120 2
-0.00683594 0.11425781 0.29003906 255 40 40 1
0.01855469 0.09277344 0.29394531 40 230 120 2
0.04003906 0.08300781 0.28613281 255 40 40 1
0.02050781 0.08300781 0.30761719 255 40 40 1
0.01855469 0.09277344 0.29589844 40 230 120 2
0.01855469 0.09472656 0.29394531 40 230 120 2
0.01855469 0.09472656 0.29589844 40 230 120 2
-0.03027344 0.11230469 0.20214844 255 40 40 1
-0.01074219 0.09472656 0.21777344 40 230 120 2
-0.00878906 0.07324219 0.21777344 255 40 40 1
-0.00878906 0.07324219 0.21972656 255 40 40 1
-0.00878906 0.07519531 0.21972656 255 40 40 1
-0.00878906 0.09277344 0.21777344 40 230 120 2
-0.00878906 0.09472656 0.21777344 40 230 120 2
-0.00878906 0.09472656 0.21972656 40 230 120 2
-0.00878906 0.07519531 0.21777344 255 40 40 1
0.01074219 0.09667969 0.23535156 255 40 40 1
0.01074219 0.09863281 0.23730469 255 40 40 1
-0.00488281 0.12792969 0.22949219 40 230 120 2
-0.01269531 0.13574219 0.21582031 255 40 40 1
-0.01074219 0.15332031 0.23925781 255 40 40 1
0.01074219 0.09863281 0.23535156 255 40 40 1
0.01074219 0.09667969 0.23730469 255 40 40 1
-0.00488281 0.12988281 0.22949219 40 230 120 2
-0.00488281 0.12988281 0.23144531 40 230 120 2
-0.00292969 0.12988281 0.23144531 40 230 120 2
0.04003906 0.08300781 0.28417969 255 40 40 1
0.02246094 0.09863281 0.26269531 40 230 120 2
0.02246094 0.09863281 0.26074219 40 230 120 2
0.02246094 0.10058594 0.26074219 40 230 120 2
0.02246094 0.10058594 0.26269531 40 230 120 2
0.04199219 0.08300781 0.28417969 255 40 40 1
0.01464844 0.11425781 0.26464844 255 40 40 1
0.02050781 0.03613281 0.24316406 255 40 40 1
0.03808594 0.06152344 0.26074219 255 40 40 1
0.03808594 0.06347656 0.26074219 255 40 40 1
0.02246094 0.03613281 0.24511719 255 40 40 1
0.02246094 0.03613281 0.24316406 255 40 40 1
0.02246094 0.06542969 0.24707031 40 230 120 2
0.02246094 0.06347656 0.24707031 40 230 120 2
0.02441406 0.06542969 0.24707031 40 230 120 2
0.02441406 0.06347656 0.24707031 40 230 120 2
-0.03808594 0.05957031 0.22167969 255 40 40 1
-0.03808594 0.05957031 0.22363281 255 40 40 1
-0.04003906 0.05957031 0.22363281 255 40 40 1
-0.05957031 0.07324219 0.23144531 40 230 120 2
-0.05957031 0.07519531 0.23144531 40 230 120 2
-0.05957031 0.07324219 0.23339844 40 230 120 2
-0.05957031 0.07519531 0.23339844 40 230 120 2
-0.04199219 0.09082031 0.20996094 40 230 120 2
-0.04394531 0.09082031 0.20996094 40 230 120 2
-0.04394531 0.09082031 0.20800781 40 230 120 2
-0.04199219 0.09082031 0.20800781 40 230 120 2
-0.05761719 0.09863281 0.20410156 255 40 40 1
-0.05761719 0.09863281 0.20605469 255 40 40 1
-0.00878906 0.05761719 0.22753906 40 230 120 2
-0.03613281 0.05957031 0.22363281 255 40 40 1
-0.00683594 0.05566406 0.22753906 40 230 120 2
-0.00878906 0.05566406 0.22753906 40 230 120 2
-0.00878906 0.05566406 0.22949219 40 230 120 2
-0.00878906 0.02050781 0.24902344 255 40 40 1
-0.02441406 0.03417969 0.24707031 40 230 120 2
-0.02636719 0.03417969 0.24707031 40 230 120 2
-0.02441406 0.03417969 0.24902344 40 230 120 2
-0.02636719 0.03417969 0.24902344 40 230 120 2
0.10644531 -0.01855469 0.35644531 255 40 40 1
0.08496094 -0.01660156 0.37402344 255 40 40 1
0.08105469 -0.01660156 0.35839844 40 230 120 2
0.07910156 -0.01464844 0.35644531 40 230 120 2
0.08105469 -0.01464844 0.35839844 40 230 120 2
0.07910156 -0.01464844 0.35839844 40 230 120 2
0.08886719 -0.01074219 0.33105469 40 230 120 2
0.09277344 0.00292969 0.31152344 255 40 40 1
0.06933594 -0.01660156 0.32128906 255 40 40 1
0.06933594 -0.01464844 0.32128906 255 40 40 1
0.07128906 -0.01464844 0.32128906 255 40 40 1
0.07128906 -0.01660156 0.32128906 255 40 40 1
0.09472656 0.00292969 0.31347656 255 40 40 1
0.09472656 0.00292969 0.31152344 255 40 40 1
0.09082031 -0.01074219 0.32910156 40 230 120 2
0.09082031 -0.01074219 0.33105469 40 230 120 2
0.09082031 -0.00878906 0.33105469 40 230 120 2
0.09277344 0.00292969 0.31347656 255 40 40 1
0.16699219 -0.00097656 0.37792969 255 40 40 1
0.16503906 0.00097656 0.37792969 255 40 40 1
0.12988281 0.00097656 0.34863281 255 40 40 1
0.12792969 0.00097656 0.34863281 255 40 40 1
0.12988281 0.00097656 0.34667969 255 40 40 1
0.12792969 0.00097656 0.34667969 255 40 40 1
0.13378906 -0.00488281 0.36035156 40 230 120 2
0.10839844 -0.01855469 0.35839844 255 40 40 1
0.10839844 -0.01855469 0.35644531 255 40 40 1
0.10839844 -0.01660156 0.35644531 255 40 40 1
0.16503906 -0.00097656 0.37792969 255 40 40 1
0.16503906 -0.00097656 0.37988281 255 40 40 1
0.13378906 -0.00488281 0.36230469 40 230 120 2
0.13574219 -0.00488281 0.36035156 40 230 120 2
0.13378906 -0.00683594 0.36035156 40 230 120 2
0.14355469 -0.02050781 0.39160156 255 40 40 1
0.12011719 -0.01855469 0.41113281 255 40 40 1
0.12597656 -0.01855469 0.38769531 40 230 120 2
0.12597656 -0.01855469 0.38574219 40 230 120 2
0.12402344 -0.01855469 0.38574219 40 230 120 2
0.12402344 -0.01855469 0.38769531 40 230 120 2
0.12011719 -0.01855469 0.40917969 255 40 40 1
0.05761719 0.01269531 0.27636719 255 40 40 1
0.05566406 0.01269531 0.27636719 255 40 40 1
0.05175781 0.03027344 0.27050781 40 230 120 2
0.04980469 0.03027344 0.26855469 40 230 120 2
0.05761719 0.01464844 0.27636719 255 40 40 1
0.04980469 0.02832031 0.27050781 40 230 120 2
0.04980469 0.03027344 0.27050781 40 230 120 2
0.07128906 0.04199219 0.28808594 255 40 40 1
0.06933594 0.04199219 0.28808594 255 40 40 1
0.05566406 0.01464844 0.27636719 255 40 40 1
0.07128906 0.04394531 0.28808594 255 40 40 1
0.04003906 0.06347656 0.26074219 255 40 40 1
0.05175781 0.06347656 0.27832031 40 230 120 2
0.05175781 0.06152344 0.27832031 40 230 120 2
0.04980469 0.06152344 0.27832031 40 230 120 2
0.04980469 0.06347656 0.27832031 40 230 120 2
0.04003906 0.06152344 0.26074219 255 40 40 1
0.09667969 0.05761719 0.33300781 255 40 40 1
0.07910156 0.05371094 0.30957031 40 230 120 2
0.07910156 0.05566406 0.31152344 40 230 120 2
0.06933594 0.06542969 0.30761719 255 40 40 1
0.07128906 0.04199219 0.29003906 255 40 40 1
0.07910156 0.05566406 0.30957031 40 230 120 2
0.07910156 0.05371094 0.31152344 40 230 120 2
0.06933594 0.06542969 0.30957031 255 40 40 1
0.06933594 0.06347656 0.30957031 255 40 40 1
0.10449219 0.03417969 0.31738281 255 40 40 1
0.10449219 0.03222656 0.31738281 255 40 40 1
0.10253906 0.03417969 0.31738281 255 40 40 1
0.08300781 0.03222656 0.29980469 40 230 120 2
0.08300781 0.03222656 0.29785156 40 230 120 2
0.09082031 0.02441406 0.30566406 40 230 120 2
0.08105469 0.03222656 0.29980469 40 230 120 2
0.08886719 0.02636719 0.30566406 40 230 120 2
0.08886719 0.02441406 0.30566406 40 230 120 2
0.09082031 0.02636719 0.30566406 40 230 120 2
0.02832031 -0.00488281 0.28417969 255 40 40 1
0.00683594 -0.00097656 0.30566406 255 40 40 1
0.00097656 0.00683594 0.28808594 40 230 120 2
0.00292969 0.00488281 0.28808594 40 230 120 2
0.00097656 0.00488281 0.28808594 40 230 120 2
0.00292969 0.00683594 0.28808594 40 230 120 2
0.00683594 0.00097656 0.30566406 255 40 40 1
0.03027344 -0.00488281 0.28222656 255 40 40 1
0.02050781 0.03613281 0.24511719 255 40 40 1
0.01269531 0.01660156 0.25878906 40 230 120 2
-0.00878906 0.01855469 0.24902344 255 40 40 1
-0.00683594 0.02050781 0.24902344 255 40 40 1
0.01464844 0.01660156 0.25683594 40 230 120 2
0.01464844 0.01660156 0.25878906 40 230 120 2
0.01464844 0.01855469 0.25878906 40 230 120 2
-0.00683594 0.01855469 0.24902344 255 40 40 1
0.03027344 -0.00488281 0.28417969 255 40 40 1
0.05957031 0.00292969 0.29003906 40 230 120 2
0.05957031 0.00488281 0.29003906 40 230 120 2
0.06152344 0.00292969 0.29003906 40 230 120 2
0.05957031 0.00292969 0.29199219 40 230 120 2
0.04785156 -0.01074219 0.31347656 40 230 120 2
0.04785156 -0.01074219 0.31542969 40 230 120 2
0.04785156 -0.01074219 0.31738281 40 230 120 2
0.03027344 -0.00488281 0.28613281 255 40 40 1
0.04589844 -0.01269531 0.34082031 255 40 40 1
0.04980469 -0.01074219 0.31542969 40 230 120 2
0.00488281 0.04785156 0.33105469 40 230 120 2
0.00683594 0.04589844 0.33105469 40 230 120 2
-0.00878906 0.06933594 0.32128906 255 40 40 1
0.00488281 0.04589844 0.33105469 40 230 120 2
0.01855469 0.04980469 0.34277344 255 40 40 1
0.00683594 0.04785156 0.33105469 40 230 120 2
0.00488281 0.02441406 0.33105469 255 40 40 1
0.00488281 0.02246094 0.32910156 255 40 40 1
-0.02832031 0.04394531 0.30371094 255 40 40 1
0.00292969 0.02246094 0.33105469 255 40 40 1
-0.01855469 0.03027344 0.30175781 40 230 120 2
0.00488281 0.02246094 0.33105469 255 40 40 1
-0.01660156 0.03027344 0.30175781 40 230 120 2
-0.01660156 0.03027344 0.30371094 40 230 120 2
-0.01855469 0.03027344 0.30371094 40 230 120 2
-0.02636719 0.04394531 0.30371094 255 40 40 1
0.04589844 -0.01074219 0.34082031 255 40 40 1
0.00683594 0.00097656 0.30761719 255 40 40 1
0.01855469 0.00292969 0.32519531 40 230 120 2
0.00683594 -0.00097656 0.30761719 255 40 40 1
0.04394531 -0.01269531 0.34082031 255 40 40 1
0.02050781 0.00292969 0.32519531 40 230 120 2
0.02050781 0.00292969 0.32714844 40 230 120 2
0.01855469 0.00292969 0.32714844 40 230 120 2
0.04003906 0.01269531 0.36035156 255 40 40 1
0.03027344 0.02441406 0.35253906 40 230 120 2
0.03808594 0.01269531 0.36035156 255 40 40 1
0.03027344 0.02441406 0.35449219 40 230 120 2
0.03027344 0.02636719 0.35253906 40 230 120 2
0.03027344 0.02636719 0.35449219 40 230 120 2
0.18457031 0.17480469 0.40722656 255 40 40 1
0.18847656 0.17089844 0.40917969 40 230 120 2
0.18847656 0.16894531 0.40917969 40 230 120 2
0.18847656 0.17285156 0.40722656 40 230 120 2
0.18847656 0.17285156 0.40917969 40 230 120 2
-0.15527344 -0.07324219 0.46191406 40 230 120 2
-0.15332031 -0.07519531 0.46191406 40 230 120 2
-0.15527344 -0.07324219 0.46386719 40 230 120 2
-0.15527344 -0.07519531 0.46191406 40 230 120 2
0.04980469 0.04199219 0.37011719 255 40 40 1
0.07519531 0.00878906 0.39160156 255 40 40 1
0.07324219 0.00683594 0.39160156 255 40 40 1
0.07910156 0.03808594 0.39746094 255 40 40 1
0.04785156 0.04003906 0.37011719 255 40 40 1
0.07324219 0.00878906 0.39160156 255 40 40 1
0.04980469 0.04003906 0.37011719 255 40 40 1
0.08105469 0.03613281 0.39746094 255 40 40 1
0.06738281 0.03027344 0.38769531 40 230 120 2
0.04785156 0.04199219 0.37011719 255 40 40 1
0.07519531 0.00683594 0.39160156 255 40 40 1
0.06738281 0.02832031 0.38769531 40 230 120 2
0.08105469 0.03808594 0.39746094 255 40 40 1
0.06738281 0.03027344 0.38574219 40 230 120 2
0.06738281 0.02832031 0.38574219 40 230 120 2
0.05175781 0.00292969 0.36425781 40 230 120 2
0.05371094 0.00292969 0.36425781 40 230 120 2
0.05175781 0.00097656 0.36425781 40 230 120 2
0.04589844 -0.01269531 0.34277344 255 40 40 1
0.05371094 0.00097656 0.36425781 40 230 120 2
0.03808594 0.01074219 0.36035156 255 40 40 1
0.04003906 0.01074219 0.36035156 255 40 40 1
0.11816406 -0.01855469 0.40917969 255 40 40 1
0.08496094 -0.01464844 0.37402344 255 40 40 1
0.08496094 -0.01660156 0.37597656 255 40 40 1
0.08496094 -0.01464844 0.37597656 255 40 40 1
0.09472656 -0.00878906 0.39160156 40 230 120 2
0.09472656 -0.00878906 0.39355469 40 230 120 2
0.09277344 -0.00878906 0.39355469 40 230 120 2
0.09277344 -0.00878906 0.39160156 40 230 120 2
0.10839844 0.00488281 0.42675781 255 40 40 1
0.11230469 0.03808594 0.43261719 255 40 40 1
0.11035156 0.03613281 0.43261719 255 40 40 1
0.10644531 0.00488281 0.42675781 255 40 40 1
0.11230469 0.03613281 0.43261719 255 40 40 1
0.09863281 0.01464844 0.41699219 40 230 120 2
0.09863281 0.01660156 0.41699219 40 230 120 2
0.09667969 0.01660156 0.41699219 40 230 120 2
0.09863281 0.01660156 0.41894531 40 230 120 2
0.10839844 0.00488281 0.42480469 255 40 40 1
0.12597656 0.05761719 0.36425781 255 40 40 1
0.12597656 0.05761719 0.36230469 255 40 40 1
0.11035156 0.05761719 0.36230469 40 230 120 2
0.11035156 0.05761719 0.36035156 40 230 120 2
0.10839844 0.05761719 0.36035156 40 230 120 2
0.09667969 0.05761719 0.33496094 255 40 40 1
0.10449219 0.05566406 0.38378906 255 40 40 1
0.10253906 0.05566406 0.38378906 255 40 40 1
0.10839844 0.05761719 0.36230469 40 230 120 2
0.07324219 0.05175781 0.37011719 40 230 120 2
0.07519531 0.04980469 0.37011719 40 230 120 2
0.07519531 0.05175781 0.36816406 40 230 120 2
0.07324219 0.05761719 0.35644531 255 40 40 1
0.07519531 0.05761719 0.35644531 255 40 40 1
0.07519531 0.05175781 0.37011719 40 230 120 2
0.07324219 0.05566406 0.35644531 255 40 40 1
0.09863281 0.04394531 0.40527344 40 230 120 2
0.11035156 0.03808594 0.43261719 255 40 40 1
0.10253906 0.05566406 0.38574219 255 40 40 1
0.08105469 0.03808594 0.39941406 255 40 40 1
0.10058594 0.04394531 0.40527344 40 230 120 2
0.09863281 0.04394531 0.40722656 40 230 120 2
0.09863281 0.04199219 0.40527344 40 230 120 2
0.13378906 0.05957031 0.39941406 40 230 120 2
0.13183594 0.05957031 0.39941406 40 230 120 2
0.13378906 0.06152344 0.41699219 255 40 40 1
0.13574219 0.05957031 0.41699219 255 40 40 1
0.10449219 0.05566406 0.38574219 255 40 40 1
0.15722656 0.06152344 0.39355469 255 40 40 1
0.13378906 0.05957031 0.39746094 40 230 120 2
0.13183594 0.05957031 0.39746094 40 230 120 2
0.15917969 0.06152344 0.39355469 255 40 40 1
0.13378906 0.05957031 0.41699219 255 40 40 1
0.13574219 0.03027344 0.35058594 255 40 40 1
0.13574219 0.03027344 0.34863281 255 40 40 1
0.12011719 0.01074219 0.33691406 40 230 120 2
0.11816406 0.01269531 0.33691406 40 230 120 2
0.12011719 0.01269531 0.33691406 40 230 120 2
0.11816406 0.01074219 0.33691406 40 230 120 2
0.13574219 0.03222656 0.34863281 255 40 40 1
0.13574219 0.03222656 0.35058594 255 40 40 1
0.11230469 0.04003906 0.33300781 40 230 120 2
0.09667969 0.05566406 0.33496094 255 40 40 1
0.10449219 0.03417969 0.31933594 255 40 40 1
0.11230469 0.04003906 0.33496094 40 230 120 2
0.11230469 0.04199219 0.33300781 40 230 120 2
0.11230469 0.04199219 0.33496094 40 230 120 2
0.15917969 0.06152344 0.39160156 255 40 40 1
0.12597656 0.05566406 0.36425781 255 40 40 1
0.12597656 0.05566406 0.36230469 255 40 40 1
0.14160156 0.04980469 0.37011719 40 230 120 2
0.13964844 0.04980469 0.36816406 40 230 120 2
0.14160156 0.04980469 0.36816406 40 230 120 2
0.13964844 0.04980469 0.37011719 40 230 120 2
0.17285156 0.03222656 0.37988281 255 40 40 1
0.17089844 0.03222656 0.37988281 255 40 40 1
0.15722656 0.02246094 0.37011719 40 230 120 2
0.15722656 0.02050781 0.37011719 40 230 120 2
0.15917969 0.02246094 0.37011719 40 230 120 2
0.15917969 0.02050781 0.37011719 40 230 120 2
-0.21972656 0.15917969 0.25683594 255 40 40 1
-0.21582031 0.14746094 0.27636719 40 230 120 2
-0.21582031 0.14941406 0.27636719 40 230 120 2
-0.21972656 0.15722656 0.25683594 255 40 40 1
-0.21777344 0.14941406 0.27636719 40 230 120 2
-0.21777344 0.15722656 0.25683594 255 40 40 1
-0.21777344 0.15917969 0.25683594 255 40 40 1
-0.20214844 0.15332031 0.28027344 255 40 40 1
-0.20214844 0.15527344 0.28027344 255 40 40 1
-0.21582031 0.14941406 0.27441406 40 230 120 2
-0.22753906 0.13574219 0.29003906 255 40 40 1
0.07519531 -0.26464844 0.19433594 255 40 40 1
0.07714844 -0.23339844 0.18652344 255 40 40 1
0.10058594 -0.23925781 0.18652344 255 40 40 1
0.10058594 -0.23730469 0.18652344 255 40 40 1
0.08300781 -0.24511719 0.18847656 40 230 120 2
0.07910156 -0.23339844 0.18457031 255 40 40 1
0.07714844 -0.23339844 0.18457031 255 40 40 1
0.07519531 -0.26269531 0.19433594 255 40 40 1
0.07714844 -0.26464844 0.19433594 255 40 40 1
0.07714844 -0.26269531 0.19433594 255 40 40 1
0.07910156 -0.23339844 0.18652344 255 40 40 1
0.08496094 -0.24511719 0.18847656 40 230 120 2
0.08691406 -0.24511719 0.18847656 40 230 120 2
0.08496094 -0.24316406 0.18847656 40 230 120 2
-0.25488281 0.07910156 0.20800781 255 40 40 1
-0.23925781 0.06347656 0.19433594 40 230 120 2
-0.23925781 0.06542969 0.19238281 40 230 120 2
-0.23144531 0.06738281 0.18261719 255 40 40 1
-0.22949219 0.04394531 0.18847656 255 40 40 1
-0.22949219 0.04394531 0.18652344 255 40 40 1
-0.23339844 0.06738281 0.18261719 255 40 40 1
-0.23730469 0.06347656 0.19238281 40 230 120 2
-0.23925781 0.06347656 0.19238281 40 230 120 2
-0.20605469 0.14160156 0.29003906 40 230 120 2
-0.20605469 0.14160156 0.28808594 40 230 120 2
-0.22558594 0.13378906 0.29003906 255 40 40 1
-0.18847656 0.13378906 0.29589844 255 40 40 1
-0.20019531 0.15332031 0.28027344 255 40 40 1
-0.20410156 0.14160156 0.29003906 40 230 120 2
-0.18847656 0.13378906 0.29785156 255 40 40 1
-0.20019531 0.15527344 0.28027344 255 40 40 1
-0.22753906 0.13378906 0.29003906 255 40 40 1
-0.20605469 0.13964844 0.29003906 40 230 120 2
-0.01855469 0.06738281 0.46191406 255 40 40 1
-0.01855469 0.06738281 0.46386719 255 40 40 1
-0.00292969 0.06347656 0.45605469 255 40 40 1
-0.00292969 0.06152344 0.45410156 255 40 40 1
0.00683594 0.05566406 0.47363281 255 40 40 1
-0.00488281 0.06152344 0.46386719 40 230 120 2
-0.00488281 0.06152344 0.46582031 40 230 120 2
-0.00292969 0.06152344 0.45605469 255 40 40 1
-0.00292969 0.06347656 0.45410156 255 40 40 1
-0.00292969 0.06152344 0.46386719 40 230 120 2
-0.00488281 0.06347656 0.46386719 40 230 120 2
-0.25488281 0.05957031 0.21972656 255 40 40 1
-0.24511719 0.02441406 0.18847656 255 40 40 1
-0.24707031 0.02441406 0.18847656 255 40 40 1
-0.22949219 0.04199219 0.18652344 255 40 40 1
-0.22949219 0.04199219 0.18847656 255 40 40 1
-0.24316406 0.04199219 0.19824219 40 230 120 2
-0.24511719 0.04199219 0.19824219 40 230 120 2
-0.24511719 0.04199219 0.20019531 40 230 120 2
-0.24316406 0.04199219 0.20019531 40 230 120 2
0.08886719 -0.02636719 0.31542969 255 40 40 1
0.10644531 -0.03613281 0.33886719 255 40 40 1
0.09082031 -0.02832031 0.31542969 255 40 40 1
0.09082031 -0.03417969 0.32519531 40 230 120 2
0.09082031 -0.02636719 0.31542969 255 40 40 1
0.09082031 -0.03417969 0.32714844 40 230 120 2
0.07714844 -0.04003906 0.32519531 255 40 40 1
0.09277344 -0.03417969 0.32519531 40 230 120 2
0.09277344 -0.03417969 0.32714844 40 230 120 2
-0.01660156 0.06933594 0.47363281 40 230 120 2
-0.01660156 0.06933594 0.47167969 40 230 120 2
-0.01855469 0.06933594 0.46386719 255 40 40 1
-0.02441406 0.08105469 0.47363281 255 40 40 1
-0.01855469 0.07128906 0.47363281 40 230 120 2
-0.00683594 0.06152344 0.48339844 255 40 40 1
-0.01660156 0.07128906 0.47363281 40 230 120 2
-0.17675781 0.09472656 0.26074219 255 40 40 1
-0.17675781 0.09472656 0.25878906 255 40 40 1
-0.18457031 0.10253906 0.23339844 255 40 40 1
-0.18652344 0.10253906 0.23339844 255 40 40 1
-0.19042969 0.09277344 0.25488281 40 230 120 2
-0.18652344 0.10253906 0.23535156 255 40 40 1
-0.20214844 0.08300781 0.27050781 255 40 40 1
-0.19042969 0.09472656 0.25488281 40 230 120 2
-0.20214844 0.08300781 0.27246094 255 40 40 1
-0.18847656 0.09277344 0.25488281 40 230 120 2
-0.18847656 0.09472656 0.25488281 40 230 120 2
0.11230469 -0.02636719 0.30566406 255 40 40 1
0.10839844 -0.03613281 0.33886719 255 40 40 1
0.10839844 -0.03613281 0.33691406 255 40 40 1
0.10449219 -0.02832031 0.31933594 40 230 120 2
0.10449219 -0.03027344 0.31933594 40 230 120 2
0.10253906 -0.03027344 0.31933594 40 230 120 2
0.09082031 -0.02636719 0.31347656 255 40 40 1
0.10253906 -0.02832031 0.31933594 40 230 120 2
-0.25683594 0.02832031 0.19042969 40 230 120 2
-0.26074219 0.02050781 0.17089844 255 40 40 1
-0.26660156 0.04003906 0.21777344 255 40 40 1
-0.24707031 0.02246094 0.18847656 255 40 40 1
-0.25683594 0.02832031 0.19238281 40 230 120 2
-0.26074219 0.02050781 0.16894531 255 40 40 1
-0.24511719 0.02246094 0.18847656 255 40 40 1
-0.25878906 0.02832031 0.19238281 40 230 120 2
-0.26269531 0.02050781 0.17089844 255 40 40 1
-0.25878906 0.02832031 0.19042969 40 230 120 2
-0.26269531 0.02050781 0.16894531 255 40 40 1
-0.20605469 0.11816406 0.21777344 255 40 40 1
-0.20214844 0.10253906 0.23339844 40 230 120 2
-0.20214844 0.10253906 0.23144531 40 230 120 2
-0.18652344 0.10449219 0.23339844 255 40 40 1
-0.20605469 0.11816406 0.21972656 255 40 40 1
-0.20410156 0.10253906 0.23339844 40 230 120 2
-0.20214844 0.10058594 0.23339844 40 230 120 2
-0.21386719 0.08496094 0.24707031 255 40 40 1
-0.07519531 0.01074219 0.49121094 255 40 40 1
-0.07519531 0.01074219 0.48925781 255 40 40 1
-0.07324219 0.00292969 0.46386719 255 40 40 1
-0.07324219 0.01074219 0.47558594 40 230 120 2
-0.07324219 0.00292969 0.46582031 255 40 40 1
-0.07128906 0.01855469 0.46777344 255 40 40 1
-0.07324219 0.01269531 0.47558594 40 230 120 2
-0.07128906 0.01855469 0.46972656 255 40 40 1
-0.07324219 0.01269531 0.47363281 40 230 120 2
-0.07324219 0.01074219 0.47363281 40 230 120 2
-0.27832031 0.03222656 0.15527344 255 40 40 1
-0.27832031 0.03027344 0.15527344 255 40 40 1
-0.27246094 0.02832031 0.17480469 40 230 120 2
-0.27441406 0.02832031 0.17285156 40 230 120 2
-0.27441406 0.02832031 0.17480469 40 230 120 2
-0.27441406 0.03027344 0.17480469 40 230 120 2
0.07128906 -0.06347656 0.31542969 255 40 40 1
0.07128906 -0.06347656 0.31738281 255 40 40 1
0.08300781 -0.08105469 0.30761719 255 40 40 1
0.09667969 -0.08496094 0.32910156 255 40 40 1
0.08105469 -0.08105469 0.30761719 255 40 40 1
0.08300781 -0.07714844 0.31738281 40 230 120 2
0.08300781 -0.07714844 0.31933594 40 230 120 2
0.08496094 -0.07714844 0.31738281 40 230 120 2
0.08300781 -0.07519531 0.31738281 40 230 120 2
0.08105469 -0.07910156 0.30761719 255 40 40 1
-0.07910156 -0.00097656 0.48730469 255 40 40 1
-0.07910156 0.00097656 0.47363281 40 230 120 2
-0.07910156 -0.00097656 0.47167969 40 230 120 2
-0.08691406 -0.00292969 0.46582031 255 40 40 1
-0.08105469 -0.00097656 0.47363281 40 230 120 2
-0.07910156 -0.00097656 0.47363281 40 230 120 2
-0.08691406 -0.00292969 0.46777344 255 40 40 1
-0.21777344 0.12011719 0.22753906 40 230 120 2
-0.21582031 0.12011719 0.22753906 40 230 120 2
-0.20605469 0.12011719 0.21777344 255 40 40 1
-0.21582031 0.12207031 0.22753906 40 230 120 2
-0.21777344 0.12207031 0.22753906 40 230 120 2
-0.21386719 0.14355469 0.23144531 255 40 40 1
0.07519531 -0.04199219 0.32519531 255 40 40 1
0.07128906 -0.06152344 0.31738281 255 40 40 1
0.07714844 -0.05761719 0.32714844 40 230 120 2
0.07910156 -0.05957031 0.32714844 40 230 120 2
0.08886719 -0.06933594 0.33886719 255 40 40 1
0.07714844 -0.04199219 0.32519531 255 40 40 1
0.07910156 -0.05761719 0.32714844 40 230 120 2
0.07910156 -0.05761719 0.32910156 40 230 120 2
-0.29199219 0.04394531 0.18066406 255 40 40 1
-0.29199219 0.04199219 0.18066406 255 40 40 1
-0.28222656 0.04394531 0.15917969 40 230 120 2
-0.28222656 0.04394531 0.15722656 40 230 120 2
-0.27636719 0.05371094 0.14160156 255 40 40 1
-0.28222656 0.04199219 0.15722656 40 230 120 2
-0.27636719 0.05371094 0.14355469 255 40 40 1
-0.29199219 0.04394531 0.17871094 255 40 40 1
-0.27636719 0.05175781 0.14160156 255 40 40 1
-0.27832031 0.03222656 0.15332031 255 40 40 1
-0.28027344 0.03222656 0.15527344 255 40 40 1
-0.28222656 0.04199219 0.15917969 40 230 120 2
-0.22363281 0.14160156 0.24316406 40 230 120 2
-0.22558594 0.14160156 0.24316406 40 230 120 2
-0.21386719 0.14550781 0.23144531 255 40 40 1
-0.22363281 0.14355469 0.24316406 40 230 120 2
-0.24121094 0.12207031 0.24316406 255 40 40 1
-0.24121094 0.12207031 0.24511719 255 40 40 1
-0.22558594 0.14355469 0.24316406 40 230 120 2
-0.11230469 0.00878906 0.48535156 255 40 40 1
-0.11035156 0.01269531 0.46582031 255 40 40 1
-0.11035156 0.01660156 0.47167969 40 230 120 2
-0.11035156 0.01464844 0.46386719 255 40 40 1
-0.10839844 0.01660156 0.47167969 40 230 120 2
-0.10644531 0.02832031 0.46386719 255 40 40 1
-0.11035156 0.01855469 0.47167969 40 230 120 2
-0.10839844 0.01855469 0.47167969 40 230 120 2
-0.27441406 0.05371094 0.14160156 255 40 40 1
-0.29394531 0.06542969 0.16699219 255 40 40 1
-0.29199219 0.06347656 0.16699219 255 40 40 1
-0.26660156 0.07714844 0.14746094 255 40 40 1
-0.26660156 0.07714844 0.14550781 255 40 40 1
-0.29199219 0.06542969 0.16699219 255 40 40 1
-0.27832031 0.06347656 0.15136719 40 230 120 2
-0.27832031 0.06542969 0.15136719 40 230 120 2
-0.27636719 0.06542969 0.15136719 40 230 120 2
-0.27832031 0.06542969 0.15332031 40 230 120 2
-0.02441406 0.10058594 0.47167969 255 40 40 1
-0.02050781 0.09082031 0.47949219 40 230 120 2
-0.02050781 0.09277344 0.47949219 40 230 120 2
-0.02636719 0.08300781 0.47363281 255 40 40 1
-0.01269531 0.09277344 0.49316406 255 40 40 1
-0.02441406 0.08300781 0.47363281 255 40 40 1
-0.02246094 0.10058594 0.47167969 255 40 40 1
-0.02050781 0.09082031 0.48144531 40 230 120 2
-0.02050781 0.09277344 0.48144531 40 230 120 2
-0.01074219 0.09277344 0.49316406 255 40 40 1
-0.09277344 0.03417969 0.46972656 255 40 40 1
-0.10839844 0.02246094 0.48730469 255 40 40 1
-0.10644531 0.02050781 0.48730469 255 40 40 1
-0.09277344 0.03417969 0.47167969 255 40 40 1
-0.10449219 0.02832031 0.46386719 255 40 40 1
-0.10253906 0.02832031 0.47558594 40 230 120 2
-0.10449219 0.03027344 0.46386719 255 40 40 1
-0.10253906 0.02832031 0.47363281 40 230 120 2
-0.10058594 0.02832031 0.47363281 40 230 120 2
-0.10839844 0.02050781 0.48925781 255 40 40 1
-0.10058594 0.02832031 0.47558594 40 230 120 2
0.02441406 0.08105469 0.47167969 255 40 40 1
0.02441406 0.08105469 0.46972656 255 40 40 1
0.02636719 0.07714844 0.46972656 40 230 120 2
0.19042969 0.15527344 0.41894531 255 40 40 1
0.19042969 0.14746094 0.42285156 40 230 120 2
0.19042969 0.14941406 0.42089844 40 230 120 2
0.19238281 0.14941406 0.42089844 40 230 120 2
0.19042969 0.14746094 0.42089844 40 230 120 2
0.11425781 -0.08496094 0.31738281 255 40 40 1
0.11621094 -0.10058594 0.31152344 255 40 40 1
0.12011719 -0.08496094 0.31542969 40 230 120 2
0.12011719 -0.08691406 0.31542969 40 230 120 2
0.12792969 -0.07324219 0.31542969 255 40 40 1
0.12011719 -0.08691406 0.31347656 40 230 120 2
0.12011719 -0.08496094 0.31347656 40 230 120 2
0.01855469 0.05957031 0.47167969 40 230 120 2
0.01855469 0.05957031 0.46972656 40 230 120 2
0.02050781 0.06347656 0.46972656 255 40 40 1
0.02050781 0.05957031 0.46972656 40 230 120 2
0.02636719 0.05957031 0.46582031 255 40 40 1
-0.15917969 -0.09863281 0.44433594 255 40 40 1
-0.16894531 -0.09863281 0.44238281 40 230 120 2
-0.16503906 -0.09863281 0.44238281 40 230 120 2
-0.16894531 -0.09863281 0.44042969 40 230 120 2
-0.16699219 -0.09863281 0.44238281 40 230 120 2
0.09863281 -0.08496094 0.32910156 255 40 40 1
0.09863281 -0.08691406 0.32910156 255 40 40 1
0.10839844 -0.09082031 0.31933594 40 230 120 2
0.11035156 -0.09082031 0.31933594 40 230 120 2
0.11425781 -0.08496094 0.31933594 255 40 40 1
0.10839844 -0.09082031 0.32128906 40 230 120 2
0.10839844 -0.08886719 0.31933594 40 230 120 2
-0.23339844 0.13964844 0.28417969 40 230 120 2
-0.23339844 0.13769531 0.28417969 40 230 120 2
-0.23339844 0.13769531 0.28613281 40 230 120 2
-0.23339844 0.13964844 0.28613281 40 230 120 2
-0.24121094 0.13769531 0.26855469 255 40 40 1
-0.22949219 0.13378906 0.29003906 255 40 40 1
-0.17089844 -0.09472656 0.44238281 255 40 40 1
0.13574219 0.15527344 0.42089844 255 40 40 1
0.14355469 0.13964844 0.43066406 255 40 40 1
0.13378906 0.14941406 0.42480469 40 230 120 2
0.13378906 0.15136719 0.42480469 40 230 120 2
0.13574219 0.15136719 0.42480469 40 230 120 2
0.13574219 0.15722656 0.42089844 255 40 40 1
0.13378906 0.15136719 0.42285156 40 230 120 2
-0.21191406 0.11816406 0.30175781 255 40 40 1
-0.21191406 0.11816406 0.30371094 255 40 40 1
-0.22363281 0.13183594 0.29589844 40 230 120 2
-0.22558594 0.13183594 0.29589844 40 230 120 2
-0.22363281 0.13183594 0.29785156 40 230 120 2
-0.22363281 0.12988281 0.29785156 40 230 120 2
0.02050781 0.10253906 0.48144531 255 40 40 1
0.01660156 0.10058594 0.48339844 40 230 120 2
0.01660156 0.09667969 0.47949219 255 40 40 1
0.01464844 0.10058594 0.48144531 40 230 120 2
0.01269531 0.10058594 0.48339844 40 230 120 2
0.01464844 0.10058594 0.48339844 40 230 120 2
0.00488281 0.10253906 0.48925781 255 40 40 1
0.13378906 0.16308594 0.41699219 40 230 120 2
0.13183594 0.16308594 0.41699219 40 230 120 2
0.13378906 0.16503906 0.41699219 40 230 120 2
0.13378906 0.16113281 0.41699219 40 230 120 2
0.13574219 0.15722656 0.41894531 255 40 40 1
-0.21191406 0.11621094 0.30371094 255 40 40 1
-0.21191406 0.11621094 0.30175781 255 40 40 1
-0.20214844 0.10058594 0.29980469 40 230 120 2
-0.20214844 0.09863281 0.29980469 40 230 120 2
-0.20410156 0.09863281 0.29980469 40 230 120 2
-0.19628906 0.09082031 0.30175781 255 40 40 1
-0.20214844 0.09667969 0.29394531 255 40 40 1
-0.20410156 0.10058594 0.29980469 40 230 120 2
0.01855469 0.09472656 0.47949219 255 40 40 1
0.16308594 0.18261719 0.40332031 255 40 40 1
0.14160156 0.17675781 0.40722656 255 40 40 1
0.15527344 0.18652344 0.40332031 40 230 120 2
0.14160156 0.17675781 0.40917969 255 40 40 1
0.14355469 0.17675781 0.40917969 255 40 40 1
0.15527344 0.18457031 0.40332031 40 230 120 2
0.15527344 0.18652344 0.40136719 40 230 120 2
0.15332031 0.18457031 0.40332031 40 230 120 2
0.16113281 0.18261719 0.40332031 255 40 40 1
-0.20019531 0.08886719 0.28808594 40 230 120 2
-0.20019531 0.08886719 0.29003906 40 230 120 2
-0.20019531 0.09082031 0.29003906 40 230 120 2
-0.20214844 0.08886719 0.29003906 40 230 120 2
-0.25878906 -0.09082031 0.21191406 255 40 40 1
-0.26269531 -0.09667969 0.20800781 40 230 120 2
-0.26074219 -0.09667969 0.20800781 40 230 120 2
-0.25488281 -0.10253906 0.22167969 255 40 40 1
-0.26074219 -0.09667969 0.20996094 40 230 120 2
-0.27050781 -0.09863281 0.19042969 255 40 40 1
-0.26269531 -0.09472656 0.20800781 40 230 120 2
0.16894531 0.18457031 0.40332031 40 230 120 2
0.16894531 0.18457031 0.40136719 40 230 120 2
0.16894531 0.18652344 0.40136719 40 230 120 2
0.17089844 0.18457031 0.40136719 40 230 120 2
0.18261719 0.17675781 0.40722656 255 40 40 1
0.09667969 -0.17089844 0.25878906 255 40 40 1
0.10058594 -0.16894531 0.25292969 40 230 120 2
0.10058594 -0.17089844 0.25488281 40 230 120 2
0.10058594 -0.16894531 0.25488281 40 230 120 2
0.09863281 -0.18066406 0.24316406 255 40 40 1
0.09667969 -0.17089844 0.25683594 255 40 40 1
0.10058594 -0.17089844 0.25292969 40 230 120 2
0.09667969 -0.17285156 0.25878906 255 40 40 1
-0.27246094 -0.09667969 0.18847656 255 40 40 1
-0.27246094 -0.09863281 0.19042969 255 40 40 1
-0.27636719 -0.10058594 0.18261719 40 230 120 2
-0.28808594 -0.08691406 0.17089844 255 40 40 1
-0.27832031 -0.09863281 0.18066406 40 230 120 2
-0.27832031 -0.09863281 0.18261719 40 230 120 2
-0.27636719 -0.09863281 0.18261719 40 230 120 2
-0.17675781 -0.12011719 0.30175781 255 40 40 1
-0.17675781 -0.12011719 0.29980469 255 40 40 1
-0.19042969 -0.11230469 0.29589844 40 230 120 2
-0.19042969 -0.11035156 0.29589844 40 230 120 2
-0.19238281 -0.11230469 0.29589844 40 230 120 2
-0.19238281 -0.11035156 0.29589844 40 230 120 2
-0.19238281 -0.10644531 0.29003906 255 40 40 1
-0.19042969 -0.10644531 0.29003906 255 40 40 1
-0.17480469 -0.08496094 0.24707031 255 40 40 1
-0.15722656 -0.09082031 0.23925781 40 230 120 2
-0.15722656 -0.08886719 0.23925781 40 230 120 2
-0.15917969 -0.09082031 0.23925781 40 230 120 2
-0.15917969 -0.08886719 0.23925781 40 230 120 2
-0.17480469 -0.08691406 0.24707031 255 40 40 1
-0.15136719 -0.09277344 0.24121094 255 40 40 1
-0.26855469 -0.03613281 0.21777344 255 40 40 1
-0.26660156 -0.02050781 0.22949219 255 40 40 1
-0.26464844 -0.03808594 0.22363281 40 230 120 2
-0.27050781 -0.03613281 0.21972656 255 40 40 1
-0.27050781 -0.03613281 0.21777344 255 40 40 1
-0.26660156 -0.03808594 0.22363281 40 230 120 2
-0.26660156 -0.04003906 0.22363281 40 230 120 2
-0.26464844 -0.04003906 0.22363281 40 230 120 2
0.09082031 -0.19433594 0.23535156 255 40 40 1
0.09863281 -0.18261719 0.23730469 40 230 120 2
0.09863281 -0.18261719 0.23925781 40 230 120 2
0.09277344 -0.19433594 0.23535156 255 40 40 1
0.09863281 -0.18261719 0.24316406 255 40 40 1
0.09863281 -0.18457031 0.23925781 40 230 120 2
0.09863281 -0.18457031 0.23730469 40 230 120 2
0.15332031 0.05175781 0.39746094 255 40 40 1
0.15332031 0.04980469 0.39746094 255 40 40 1
0.15332031 0.04980469 0.39550781 255 40 40 1
0.15917969 0.04589844 0.39160156 40 230 120 2
0.15917969 0.04785156 0.39355469 40 230 120 2
0.15917969 0.04589844 0.39355469 40 230 120 2
0.15917969 0.04785156 0.39160156 40 230 120 2
-0.26074219 -0.06347656 0.22363281 255 40 40 1
-0.25878906 -0.06347656 0.22363281 255 40 40 1
-0.25683594 -0.06933594 0.22363281 40 230 120 2
-0.25683594 -0.07128906 0.22363281 40 230 120 2
-0.25683594 -0.07128906 0.22558594 40 230 120 2
-0.25683594 -0.06933594 0.22558594 40 230 120 2
-0.13574219 -0.12207031 0.27441406 255 40 40 1
-0.13964844 -0.12597656 0.28222656 40 230 120 2
-0.13574219 -0.12207031 0.27636719 255 40 40 1
-0.13769531 -0.12597656 0.28027344 40 230 120 2
-0.13769531 -0.12597656 0.28222656 40 230 120 2
-0.13769531 -0.12402344 0.28222656 40 230 120 2
-0.17089844 -0.12597656 0.30371094 40 230 120 2
-0.17675781 -0.12207031 0.30175781 255 40 40 1
-0.16894531 -0.12597656 0.30371094 40 230 120 2
-0.17089844 -0.12597656 0.30175781 40 230 120 2
-0.16894531 -0.12597656 0.30175781 40 230 120 2
0.09667969 -0.26660156 0.19238281 255 40 40 1
0.10839844 -0.27246094 0.17675781 255 40 40 1
0.10644531 -0.26660156 0.19238281 40 230 120 2
0.09863281 -0.26660156 0.19238281 255 40 40 1
0.10449219 -0.26660156 0.19042969 40 230 120 2
0.11035156 -0.27246094 0.17675781 255 40 40 1
0.09863281 -0.26464844 0.19238281 255 40 40 1
0.10449219 -0.26660156 0.19433594 40 230 120 2
0.09667969 -0.26464844 0.19238281 255 40 40 1
0.10449219 -0.26660156 0.19238281 40 230 120 2
0.16308594 0.03027344 0.38574219 255 40 40 1
0.16503906 0.02636719 0.38378906 40 230 120 2
0.16503906 0.02441406 0.38378906 40 230 120 2
0.16113281 0.00683594 0.38574219 255 40 40 1
0.16113281 0.00683594 0.38378906 255 40 40 1
0.16503906 0.02246094 0.38378906 40 230 120 2
0.16699219 0.02441406 0.38378906 40 230 120 2
-0.29785156 -0.03417969 0.17480469 255 40 40 1
-0.29589844 -0.02832031 0.18066406 40 230 120 2
-0.29394531 -0.02832031 0.18066406 40 230 120 2
-0.29589844 -0.02832031 0.17871094 40 230 120 2
-0.29589844 -0.03027344 0.18066406 40 230 120 2
0.10644531 -0.28027344 0.15917969 255 40 40 1
0.11425781 -0.27636719 0.17285156 40 230 120 2
0.11425781 -0.27441406 0.17285156 40 230 120 2
0.11425781 -0.27441406 0.17089844 40 230 120 2
0.11425781 -0.27636719 0.17089844 40 230 120 2
0.11621094 0.00683594 0.42089844 255 40 40 1
0.12207031 -0.00683594 0.41113281 40 230 120 2
0.12207031 -0.00683594 0.41308594 40 230 120 2
0.12597656 -0.01074219 0.40527344 255 40 40 1
0.12597656 -0.00878906 0.40527344 255 40 40 1
0.12207031 -0.00878906 0.41308594 40 230 120 2
0.12011719 -0.00683594 0.41308594 40 230 120 2
-0.28417969 -0.02441406 0.19824219 255 40 40 1
-0.28417969 -0.02636719 0.19824219 255 40 40 1
-0.28222656 -0.02441406 0.20410156 40 230 120 2
-0.28417969 -0.02441406 0.20410156 40 230 120 2
-0.28417969 -0.02246094 0.20410156 40 230 120 2
-0.28222656 -0.02246094 0.20410156 40 230 120 2
-0.17480469 -0.08496094 0.24902344 255 40 40 1
-0.17675781 -0.08496094 0.24902344 255 40 40 1
-0.18847656 -0.08886719 0.26269531 40 230 120 2
-0.19042969 -0.09277344 0.26855469 255 40 40 1
-0.18847656 -0.08691406 0.26074219 40 230 120 2
-0.19042969 -0.09277344 0.26660156 255 40 40 1
-0.19042969 -0.08886719 0.26074219 40 230 120 2
-0.18847656 -0.08886719 0.26074219 40 230 120 2
-0.13378906 -0.10839844 0.25097656 255 40 40 1
-0.12597656 -0.12792969 0.27636719 255 40 40 1
-0.13183594 -0.12011719 0.26660156 40 230 120 2
-0.13183594 -0.12011719 0.26855469 40 230 120 2
-0.13378906 -0.12011719 0.26855469 40 230 120 2
-0.13574219 -0.10839844 0.25292969 255 40 40 1
-0.13183594 -0.12207031 0.26855469 40 230 120 2
-0.13574219 -0.10839844 0.25097656 255 40 40 1
0.05566406 -0.26269531 0.19042969 40 230 120 2
0.05957031 -0.26660156 0.18457031 255 40 40 1
0.05761719 -0.26269531 0.19042969 40 230 120 2
0.05761719 -0.26464844 0.19042969 40 230 120 2
0.05566406 -0.26464844 0.19042969 40 230 120 2
0.11621094 0.01464844 0.42480469 40 230 120 2
0.11425781 0.01464844 0.42480469 40 230 120 2
0.11425781 0.01269531 0.42480469 40 230 120 2
0.11425781 0.01464844 0.42285156 40 230 120 2
0.11425781 0.00878906 0.42089844 255 40 40 1
0.11621094 0.00878906 0.42089844 255 40 40 1
0.12011719 0.03027344 0.42285156 255 40 40 1
0.12011719 0.03027344 0.42480469 255 40 40 1
-0.28808594 -0.08496094 0.17089844 255 40 40 1
-0.29003906 -0.08496094 0.17089844 255 40 40 1
-0.30175781 -0.05957031 0.15332031 255 40 40 1
-0.30371094 -0.05957031 0.15332031 255 40 40 1
-0.28808594 -0.08496094 0.16894531 255 40 40 1
-0.29785156 -0.06738281 0.16113281 40 230 120 2
-0.29785156 -0.06933594 0.16308594 40 230 120 2
-0.29589844 -0.07324219 0.16503906 40 230 120 2
-0.29785156 -0.06738281 0.16308594 40 230 120 2
-0.29394531 -0.07324219 0.16503906 40 230 120 2
-0.29589844 -0.07128906 0.16503906 40 230 120 2
-0.29589844 -0.06738281 0.16308594 40 230 120 2
-0.29785156 -0.06152344 0.16503906 255 40 40 1
-0.29785156 -0.05957031 0.16503906 255 40 40 1
0.08105469 -0.26074219 0.19824219 40 230 120 2
0.08105469 -0.26074219 0.20019531 40 230 120 2
0.08300781 -0.26074219 0.20019531 40 230 120 2
0.08300781 -0.26074219 0.19824219 40 230 120 2
0.12988281 0.04589844 0.41894531 40 230 120 2
0.13183594 0.04785156 0.41699219 40 230 120 2
0.13378906 0.04785156 0.41308594 255 40 40 1
0.12988281 0.04785156 0.41699219 40 230 120 2
0.12988281 0.04785156 0.41894531 40 230 120 2
0.12011719 0.03222656 0.42285156 255 40 40 1
0.13378906 0.05957031 0.41894531 255 40 40 1
-0.29785156 -0.03613281 0.17480469 255 40 40 1
-0.29785156 -0.05175781 0.16503906 40 230 120 2
-0.29980469 -0.05175781 0.16308594 40 230 120 2
-0.29980469 -0.05175781 0.16503906 40 230 120 2
-0.29980469 -0.04980469 0.16503906 40 230 120 2
-0.19433594 -0.09472656 0.27441406 40 230 120 2
-0.19628906 -0.09472656 0.27441406 40 230 120 2
-0.19433594 -0.09667969 0.27441406 40 230 120 2
-0.19433594 -0.09472656 0.27636719 40 230 120 2
0.06542969 -0.28027344 0.14941406 255 40 40 1
0.05957031 -0.28027344 0.15136719 40 230 120 2
0.05371094 -0.27441406 0.16503906 255 40 40 1
0.05761719 -0.28027344 0.15136719 40 230 120 2
0.05566406 -0.28417969 0.13769531 255 40 40 1
0.05761719 -0.28027344 0.14941406 40 230 120 2
0.05566406 -0.27441406 0.16503906 255 40 40 1
0.05761719 -0.27832031 0.15136719 40 230 120 2
0.13964844 0.05566406 0.40917969 40 230 120 2
0.13964844 0.05371094 0.40917969 40 230 120 2
0.14160156 0.05371094 0.40917969 40 230 120 2
0.13964844 0.05371094 0.41113281 40 230 120 2
0.14550781 -0.00878906 0.39160156 255 40 40 1
0.15136719 -0.00683594 0.38964844 40 230 120 2
0.15136719 -0.00683594 0.38769531 40 230 120 2
0.05761719 -0.26855469 0.18261719 255 40 40 1
0.04785156 -0.27050781 0.16699219 40 230 120 2
0.04980469 -0.27050781 0.16894531 40 230 120 2
0.04980469 -0.27246094 0.16894531 40 230 120 2
0.04785156 -0.27050781 0.16894531 40 230 120 2
0.03417969 -0.27246094 0.15917969 255 40 40 1
0.05371094 -0.27246094 0.16503906 255 40 40 1
-0.09667969 0.02636719 0.49316406 255 40 40 1
-0.09277344 0.02636719 0.49511719 40 230 120 2
-0.09277344 0.02636719 0.49316406 40 230 120 2
0.14550781 -0.02050781 0.39160156 255 40 40 1
0.13964844 -0.01269531 0.39746094 40 230 120 2
0.13964844 -0.01464844 0.39746094 40 230 120 2
0.13769531 -0.01269531 0.39746094 40 230 120 2
0.13964844 -0.01269531 0.39550781 40 230 120 2
0.14355469 -0.00878906 0.39160156 255 40 40 1
0.07910156 -0.20800781 0.23144531 40 230 120 2
0.08105469 -0.20996094 0.23144531 40 230 120 2
0.07910156 -0.20996094 0.23144531 40 230 120 2
0.08105469 -0.20800781 0.23144531 40 230 120 2
0.07714844 -0.20800781 0.23535156 255 40 40 1
0.07714844 -0.20996094 0.23535156 255 40 40 1
-0.07910156 0.01855469 0.49316406 40 230 120 2
-0.08300781 0.02050781 0.49316406 255 40 40 1
-0.08300781 0.02050781 0.49511719 255 40 40 1
-0.07910156 0.02050781 0.49316406 40 230 120 2
-0.08105469 0.02050781 0.49316406 40 230 120 2
-0.07910156 0.02050781 0.49511719 40 230 120 2
0.07128906 -0.18261719 0.28222656 40 230 120 2
0.07324219 -0.18261719 0.28027344 40 230 120 2
0.07128906 -0.18261719 0.28027344 40 230 120 2
0.07128906 -0.18457031 0.28027344 40 230 120 2
0.06738281 -0.21386719 0.24707031 255 40 40 1
0.07324219 -0.21386719 0.23535156 40 230 120 2
0.07324219 -0.21386719 0.23730469 40 230 120 2
0.07128906 -0.21386719 0.23730469 40 230 120 2
0.07324219 -0.21191406 0.23730469 40 230 120 2
-0.09082031 -0.00683594 0.48535156 255 40 40 1
0.09667969 -0.17089844 0.26074219 255 40 40 1
0.08496094 -0.16308594 0.28417969 255 40 40 1
0.08496094 -0.17480469 0.27441406 255 40 40 1
0.08496094 -0.17675781 0.27246094 255 40 40 1
0.08886719 -0.17089844 0.27246094 40 230 120 2
0.08886719 -0.16894531 0.27050781 40 230 120 2
0.08886719 -0.16894531 0.27246094 40 230 120 2
0.08496094 -0.17675781 0.27441406 255 40 40 1
0.09082031 -0.16894531 0.27246094 40 230 120 2
0.08496094 -0.17480469 0.27246094 255 40 40 1
0.06542969 -0.20410156 0.26660156 255 40 40 1
0.06542969 -0.20605469 0.26660156 255 40 40 1
0.04785156 -0.20605469 0.26855469 255 40 40 1
0.05957031 -0.20605469 0.26269531 40 230 120 2
0.05957031 -0.20800781 0.26074219 40 230 120 2
0.05957031 -0.20800781 0.26269531 40 230 120 2
0.06152344 -0.20800781 0.26074219 40 230 120 2
-0.10839844 -0.00097656 0.48535156 40 230 120 2
-0.10839844 0.00097656 0.48535156 40 230 120 2
-0.10644531 -0.00683594 0.48144531 255 40 40 1
-0.10449219 -0.00097656 0.48535156 255 40 40 1
0.10644531 -0.28027344 0.15722656 255 40 40 1
0.10449219 -0.28027344 0.15722656 255 40 40 1
0.08691406 -0.28222656 0.14746094 255 40 40 1
0.09472656 -0.28417969 0.14550781 40 230 120 2
0.09472656 -0.28417969 0.14355469 40 230 120 2
0.09277344 -0.28417969 0.14550781 40 230 120 2
0.08886719 -0.28222656 0.14746094 255 40 40 1
0.09472656 -0.28417969 0.14746094 40 230 120 2
0.07128906 -0.19042969 0.27832031 255 40 40 1
0.07128906 -0.19042969 0.27636719 255 40 40 1
0.06152344 -0.19824219 0.27246094 40 230 120 2
0.06152344 -0.20019531 0.27050781 40 230 120 2
0.06347656 -0.20019531 0.27050781 40 230 120 2
0.06152344 -0.20019531 0.27246094 40 230 120 2
0.09082031 -0.06933594 0.34082031 255 40 40 1
0.07714844 -0.07324219 0.34667969 255 40 40 1
0.08691406 -0.07714844 0.33886719 40 230 120 2
0.08691406 -0.07519531 0.33886719 40 230 120 2
0.09667969 -0.08496094 0.33105469 255 40 40 1
0.08886719 -0.07519531 0.33886719 40 230 120 2
0.08886719 -0.07714844 0.33886719 40 230 120 2
0.09082031 -0.07128906 0.34082031 255 40 40 1
0.08105469 -0.28417969 0.14355469 40 230 120 2
0.06738281 -0.28027344 0.14941406 255 40 40 1
0.07910156 -0.28417969 0.14355469 40 230 120 2
0.08300781 -0.28417969 0.14355469 40 230 120 2
0.08105469 -0.28417969 0.14160156 40 230 120 2
-0.11230469 0.01660156 0.48730469 40 230 120 2
-0.11230469 0.00878906 0.48730469 255 40 40 1
-0.11621094 0.02441406 0.49121094 255 40 40 1
-0.11230469 0.01855469 0.48925781 40 230 120 2
-0.11230469 0.01660156 0.48925781 40 230 120 2
0.08691406 -0.06347656 0.34472656 40 230 120 2
0.08691406 -0.06542969 0.34472656 40 230 120 2
0.08496094 -0.06347656 0.34472656 40 230 120 2
0.08691406 -0.06347656 0.34277344 40 230 120 2
-0.29394531 0.04394531 0.18066406 255 40 40 1
-0.29785156 0.05957031 0.16699219 40 230 120 2
-0.29589844 0.05957031 0.16699219 40 230 120 2
-0.29785156 0.05957031 0.16894531 40 230 120 2
-0.29589844 0.05957031 0.16894531 40 230 120 2
-0.11035156 0.02441406 0.49121094 40 230 120 2
-0.10644531 0.02441406 0.49121094 40 230 120 2
-0.09667969 0.02441406 0.49316406 255 40 40 1
-0.10449219 0.02441406 0.49121094 40 230 120 2
-0.10839844 0.02441406 0.49121094 40 230 120 2
-0.07714844 0.01074219 0.49121094 255 40 40 1
-0.07519531 0.00488281 0.49121094 40 230 120 2
-0.07519531 0.00488281 0.48925781 40 230 120 2
-0.07519531 0.00097656 0.48925781 40 230 120 2
-0.07910156 -0.00097656 0.48925781 255 40 40 1
-0.07519531 0.00292969 0.48925781 40 230 120 2
-0.28417969 0.08496094 0.16894531 255 40 40 1
-0.29199219 0.07324219 0.16503906 40 230 120 2
-0.29394531 0.07324219 0.16503906 40 230 120 2
-0.29394531 0.07519531 0.16503906 40 230 120 2
-0.29394531 0.07324219 0.16308594 40 230 120 2
0.09472656 -0.04980469 0.34472656 255 40 40 1
0.10839844 -0.03613281 0.34082031 255 40 40 1
0.10253906 -0.03613281 0.34277344 40 230 120 2
0.10058594 -0.03417969 0.34277344 40 230 120 2
0.10253906 -0.03417969 0.34277344 40 230 120 2
0.09277344 -0.04980469 0.34472656 255 40 40 1
0.09277344 -0.04785156 0.34472656 255 40 40 1
0.10253906 -0.03417969 0.34472656 40 230 120 2
-0.09082031 -0.00683594 0.48730469 255 40 40 1
-0.07910156 -0.00488281 0.48730469 40 230 120 2
-0.08300781 -0.00488281 0.48730469 40 230 120 2
-0.08105469 -0.00097656 0.48925781 255 40 40 1
-0.08105469 -0.00488281 0.48730469 40 230 120 2
-0.07714844 -0.00488281 0.48730469 40 230 120 2
0.11230469 -0.03222656 0.33691406 40 230 120 2
0.11230469 -0.03027344 0.33886719 40 230 120 2
0.11230469 -0.03222656 0.33886719 40 230 120 2
0.11230469 -0.03027344 0.33691406 40 230 120 2
-0.24707031 -0.05957031 0.16113281 255 40 40 1
-0.24707031 -0.06152344 0.16113281 255 40 40 1
-0.27246094 -0.06152344 0.14160156 255 40 40 1
-0.26074219 -0.06933594 0.15136719 40 230 120 2
-0.26269531 -0.06738281 0.15136719 40 230 120 2
-0.27050781 -0.06152344 0.14160156 255 40 40 1
-0.26855469 -0.08496094 0.14941406 255 40 40 1
-0.26855469 -0.08496094 0.15136719 255 40 40 1
-0.26269531 -0.06933594 0.14941406 40 230 120 2
-0.26269531 -0.06933594 0.15136719 40 230 120 2
-0.25097656 -0.09277344 0.16699219 255 40 40 1
-0.23925781 -0.08496094 0.18847656 255 40 40 1
-0.25097656 -0.09277344 0.16503906 255 40 40 1
-0.24511719 -0.08105469 0.17285156 40 230 120 2
-0.24902344 -0.09277344 0.16503906 255 40 40 1
-0.24707031 -0.06152344 0.16308594 255 40 40 1
-0.23925781 -0.08691406 0.18847656 255 40 40 1
-0.24902344 -0.09277344 0.16699219 255 40 40 1
-0.24511719 -0.08105469 0.17089844 40 230 120 2
-0.24511719 -0.07910156 0.17089844 40 230 120 2
-0.24511719 -0.07910156 0.17285156 40 230 120 2
-0.23535156 -0.05957031 0.19042969 255 40 40 1
-0.23730469 -0.05957031 0.19042969 255 40 40 1
-0.24707031 -0.04199219 0.18652344 255 40 40 1
-0.24511719 -0.05371094 0.17871094 40 230 120 2
-0.24316406 -0.05566406 0.17871094 40 230 120 2
-0.24707031 -0.05957031 0.16308594 255 40 40 1
-0.24316406 -0.05371094 0.17871094 40 230 120 2
-0.24316406 -0.05371094 0.18066406 40 230 120 2
-0.25683594 -0.03222656 0.16699219 255 40 40 1
-0.25683594 -0.03417969 0.16699219 255 40 40 1
-0.27246094 -0.03613281 0.15136719 255 40 40 1
-0.25878906 -0.04394531 0.15917969 40 230 120 2
-0.25878906 -0.04199219 0.16113281 40 230 120 2
-0.25878906 -0.04199219 0.15917969 40 230 120 2
-0.25878906 -0.04394531 0.16113281 40 230 120 2
0.05566406 -0.16699219 0.23730469 255 40 40 1
0.05371094 -0.16699219 0.23730469 255 40 40 1
0.07519531 -0.18066406 0.21972656 255 40 40 1
0.07519531 -0.17871094 0.22167969 255 40 40 1
0.07519531 -0.17871094 0.21972656 255 40 40 1
0.06152344 -0.17871094 0.22558594 40 230 120 2
0.06347656 -0.17871094 0.22558594 40 230 120 2
0.06152344 -0.18066406 0.22558594 40 230 120 2
0.05761719 -0.18847656 0.21972656 255 40 40 1
0.06152344 -0.17871094 0.22753906 40 230 120 2
0.08105469 -0.15332031 0.24707031 255 40 40 1
0.07128906 -0.16113281 0.23730469 40 230 120 2
0.07128906 -0.16113281 0.23925781 40 230 120 2
0.07128906 -0.15917969 0.23730469 40 230 120 2
0.07128906 -0.15917969 0.23925781 40 230 120 2
0.05566406 -0.16699219 0.23925781 255 40 40 1
0.08105469 -0.16113281 0.22949219 255 40 40 1
0.05371094 -0.16699219 0.23925781 255 40 40 1
0.07910156 -0.16113281 0.22949219 255 40 40 1
0.05175781 -0.17285156 0.27050781 255 40 40 1
0.05175781 -0.17285156 0.26855469 255 40 40 1
0.05371094 -0.17285156 0.27050781 255 40 40 1
0.05761719 -0.16503906 0.25683594 40 230 120 2
0.05566406 -0.16503906 0.25683594 40 230 120 2
0.05566406 -0.16503906 0.25878906 40 230 120 2
0.05761719 -0.16503906 0.25878906 40 230 120 2
0.06347656 -0.15527344 0.26269531 255 40 40 1
0.06347656 -0.15527344 0.26464844 255 40 40 1
0.04589844 -0.19824219 0.23730469 255 40 40 1
0.04199219 -0.18457031 0.25488281 255 40 40 1
0.04394531 -0.19824219 0.23730469 255 40 40 1
0.04785156 -0.18457031 0.24316406 40 230 120 2
0.04785156 -0.18457031 0.24511719 40 230 120 2
0.04589844 -0.18457031 0.24316406 40 230 120 2
0.04589844 -0.18457031 0.24511719 40 230 120 2
0.04199219 -0.18652344 0.25488281 255 40 40 1
-0.24316406 0.07714844 0.16113281 255 40 40 1
-0.24511719 0.07714844 0.16113281 255 40 40 1
-0.25292969 0.06738281 0.15527344 40 230 120 2
-0.24707031 0.04589844 0.15917969 255 40 40 1
-0.25292969 0.06542969 0.15527344 40 230 120 2
-0.24707031 0.04589844 0.15722656 255 40 40 1
-0.25097656 0.06542969 0.15527344 40 230 120 2
-0.25097656 0.06738281 0.15527344 40 230 120 2
-0.24707031 0.04785156 0.15917969 255 40 40 1
-0.26464844 0.07714844 0.14746094 255 40 40 1
-0.26660156 0.04394531 0.15136719 40 230 120 2
-0.26855469 0.04394531 0.15136719 40 230 120 2
-0.26660156 0.04394531 0.14941406 40 230 120 2
-0.26660156 0.04199219 0.15136719 40 230 120 2
-0.24902344 0.04589844 0.15917969 255 40 40 1
-0.25292969 0.03027344 0.17285156 40 230 120 2
-0.25292969 0.03027344 0.17089844 40 230 120 2
-0.25097656 0.03027344 0.17089844 40 230 120 2
-0.25097656 0.03027344 0.17285156 40 230 120 2
-0.23144531 0.06738281 0.18066406 255 40 40 1
-0.23730469 0.05175781 0.17480469 40 230 120 2
-0.23535156 0.05175781 0.17675781 40 230 120 2
-0.23535156 0.05371094 0.17480469 40 230 120 2
-0.23535156 0.05175781 0.17480469 40 230 120 2
0.11035156 -0.25292969 0.14355469 255 40 40 1
0.09472656 -0.24707031 0.14355469 40 230 120 2
0.09472656 -0.24707031 0.14550781 40 230 120 2
0.11035156 -0.25292969 0.14550781 255 40 40 1
0.11035156 -0.25488281 0.14355469 255 40 40 1
0.11035156 -0.25488281 0.14550781 255 40 40 1
0.09082031 -0.25292969 0.13378906 255 40 40 1
0.08496094 -0.23535156 0.15527344 255 40 40 1
0.09667969 -0.24707031 0.14355469 40 230 120 2
0.09667969 -0.24707031 0.14550781 40 230 120 2
0.11425781 -0.24121094 0.16699219 255 40 40 1
0.11230469 -0.24121094 0.16503906 255 40 40 1
0.10058594 -0.23925781 0.17089844 40 230 120 2
0.10058594 -0.23730469 0.16894531 40 230 120 2
0.10058594 -0.23925781 0.18457031 255 40 40 1
0.08496094 -0.23339844 0.15722656 255 40 40 1
0.10253906 -0.23925781 0.18652344 255 40 40 1
0.08496094 -0.23535156 0.15722656 255 40 40 1
0.10058594 -0.23730469 0.17089844 40 230 120 2
0.08496094 -0.23339844 0.15527344 255 40 40 1
0.11425781 -0.24121094 0.16503906 255 40 40 1
0.10058594 -0.23925781 0.16894531 40 230 120 2
0.07519531 -0.23535156 0.17285156 40 230 120 2
0.05957031 -0.23925781 0.17480469 255 40 40 1
0.07324219 -0.23535156 0.17480469 40 230 120 2
0.07324219 -0.23535156 0.17089844 40 230 120 2
0.05761719 -0.23925781 0.17480469 255 40 40 1
0.05761719 -0.23925781 0.17675781 255 40 40 1
0.07324219 -0.23535156 0.17285156 40 230 120 2
0.06933594 -0.24316406 0.14941406 40 230 120 2
0.06933594 -0.24316406 0.14746094 40 230 120 2
0.05566406 -0.24511719 0.15136719 255 40 40 1
0.05566406 -0.24316406 0.15332031 255 40 40 1
0.06738281 -0.24316406 0.14746094 40 230 120 2
0.06738281 -0.25488281 0.13574219 255 40 40 1
0.06738281 -0.25292969 0.13574219 255 40 40 1
0.06933594 -0.24511719 0.14746094 40 230 120 2
0.06738281 -0.25488281 0.13769531 255 40 40 1
0.05566406 -0.24316406 0.15136719 255 40 40 1
0.09082031 -0.05175781 0.29589844 255 40 40 1
0.10058594 -0.07910156 0.29199219 255 40 40 1
0.09863281 -0.07910156 0.29199219 255 40 40 1
0.09863281 -0.07714844 0.29199219 255 40 40 1
0.10058594 -0.06542969 0.29394531 40 230 120 2
0.10058594 -0.06542969 0.29199219 40 230 120 2
0.10253906 -0.06347656 0.29199219 40 230 120 2
0.10253906 -0.06542969 0.29199219 40 230 120 2
0.11621094 -0.06738281 0.29003906 255 40 40 1
0.11816406 -0.04394531 0.29199219 255 40 40 1
0.10839844 -0.04199219 0.29785156 40 230 120 2
0.10644531 -0.04003906 0.29785156 40 230 120 2
0.10839844 -0.04003906 0.29785156 40 230 120 2
0.10644531 -0.04199219 0.29785156 40 230 120 2
0.11230469 -0.02636719 0.30371094 255 40 40 1
0.09082031 -0.04980469 0.29589844 255 40 40 1
0.11230469 -0.02832031 0.30566406 255 40 40 1
0.07519531 -0.04003906 0.32519531 255 40 40 1
0.08886719 -0.04980469 0.29589844 255 40 40 1
0.08496094 -0.04003906 0.31347656 40 230 120 2
0.08496094 -0.04003906 0.31152344 40 230 120 2
0.08691406 -0.04003906 0.31152344 40 230 120 2
0.08496094 -0.03808594 0.31152344 40 230 120 2
0.08886719 -0.05175781 0.29589844 255 40 40 1
0.08105469 -0.06347656 0.30761719 40 230 120 2
0.08105469 -0.06542969 0.30566406 40 230 120 2
0.08105469 -0.06542969 0.30761719 40 230 120 2
0.08105469 -0.06347656 0.30566406 40 230 120 2
0.07128906 -0.06152344 0.31542969 255 40 40 1
-0.14355469 -0.07324219 0.29394531 255 40 40 1
-0.14550781 -0.07519531 0.29394531 255 40 40 1
-0.14550781 -0.07324219 0.29394531 255 40 40 1
-0.12402344 -0.09667969 0.29394531 255 40 40 1
-0.12402344 -0.09667969 0.29199219 255 40 40 1
-0.13964844 -0.10253906 0.30761719 255 40 40 1
-0.13769531 -0.09082031 0.29980469 40 230 120 2
-0.13574219 -0.09082031 0.29785156 40 230 120 2
-0.12402344 -0.09472656 0.29199219 255 40 40 1
-0.13574219 -0.09082031 0.29980469 40 230 120 2
-0.13769531 -0.09082031 0.29785156 40 230 120 2
-0.12402344 -0.09472656 0.29394531 255 40 40 1
-0.14550781 -0.07324219 0.29589844 255 40 40 1
-0.17675781 -0.08105469 0.30371094 255 40 40 1
-0.15917969 -0.09082031 0.31542969 255 40 40 1
-0.16113281 -0.08105469 0.30371094 40 230 120 2
-0.16113281 -0.08300781 0.30371094 40 230 120 2
-0.16113281 -0.08300781 0.30566406 40 230 120 2
-0.15917969 -0.08300781 0.30371094 40 230 120 2
-0.16113281 -0.09082031 0.31542969 255 40 40 1
-0.17285156 -0.06542969 0.28808594 255 40 40 1
-0.16113281 -0.06738281 0.28027344 40 230 120 2
-0.16113281 -0.06738281 0.28222656 40 230 120 2
-0.15917969 -0.06738281 0.28222656 40 230 120 2
-0.17285156 -0.06542969 0.28613281 255 40 40 1
-0.16308594 -0.06347656 0.26660156 255 40 40 1
-0.16113281 -0.06738281 0.28417969 40 230 120 2
-0.12402344 -0.08496094 0.26855469 255 40 40 1
-0.12402344 -0.08691406 0.27050781 255 40 40 1
-0.13769531 -0.06933594 0.26269531 255 40 40 1
-0.13769531 -0.06738281 0.26269531 255 40 40 1
-0.12402344 -0.08496094 0.27050781 255 40 40 1
-0.12402344 -0.08691406 0.26855469 255 40 40 1
-0.13574219 -0.07519531 0.27441406 40 230 120 2
-0.13574219 -0.07714844 0.27441406 40 230 120 2
-0.13574219 -0.07714844 0.27636719 40 230 120 2
-0.13574219 -0.07519531 0.27636719 40 230 120 2
-0.07128906 0.02050781 0.46777344 255 40 40 1
-0.08691406 0.01660156 0.45605469 255 40 40 1
-0.07714844 0.01464844 0.46386719 40 230 120 2
-0.07714844 0.01464844 0.46191406 40 230 120 2
-0.07128906 0.02050781 0.46972656 255 40 40 1
-0.07714844 0.01269531 0.46386719 40 230 120 2
-0.07714844 0.01269531 0.46191406 40 230 120 2
-0.07910156 0.03027344 0.46582031 255 40 40 1
-0.08886719 0.01855469 0.45605469 255 40 40 1
-0.09082031 0.03417969 0.46972656 255 40 40 1
-0.08691406 0.02832031 0.46386719 40 230 120 2
-0.08496094 0.02832031 0.46386719 40 230 120 2
-0.08496094 0.02636719 0.46386719 40 230 120 2
-0.08691406 0.01855469 0.45605469 255 40 40 1
-0.08691406 0.02636719 0.46386719 40 230 120 2
-0.07910156 0.03027344 0.46777344 255 40 40 1
-0.10253906 0.02050781 0.46191406 40 230 120 2
-0.08886719 0.01660156 0.45605469 255 40 40 1
-0.11035156 0.01269531 0.46386719 255 40 40 1
-0.10058594 0.02050781 0.45996094 40 230 120 2
-0.10058594 0.01855469 0.46191406 40 230 120 2
-0.10058594 0.02050781 0.46191406 40 230 120 2
-0.10449219 0.02832031 0.46191406 255 40 40 1
-0.09082031 0.00488281 0.46191406 40 230 120 2
-0.09277344 0.00683594 0.46191406 40 230 120 2
-0.09277344 0.00488281 0.45996094 40 230 120 2
-0.09277344 0.00488281 0.46191406 40 230 120 2
-0.10058594 0.00097656 0.46191406 255 40 40 1
-0.01074219 0.08886719 0.45019531 255 40 40 1
0.00488281 0.08691406 0.44824219 40 230 120 2
0.00292969 0.08691406 0.44824219 40 230 120 2
0.00488281 0.08496094 0.44824219 40 230 120 2
0.00878906 0.07519531 0.44433594 255 40 40 1
0.01464844 0.09082031 0.45019531 255 40 40 1
0.01464844 0.09082031 0.44824219 255 40 40 1
0.00292969 0.08496094 0.44824219 40 230 120 2
0.00683594 0.07519531 0.44433594 255 40 40 1
-0.00488281 0.10449219 0.45800781 40 230 120 2
-0.00488281 0.10253906 0.45800781 40 230 120 2
-0.00488281 0.10253906 0.45605469 40 230 120 2
-0.00683594 0.11035156 0.46777344 255 40 40 1
-0.00292969 0.10253906 0.45800781 40 230 120 2
-0.00683594 0.11230469 0.46777344 255 40 40 1
-0.01269531 0.09082031 0.45019531 255 40 40 1
-0.00488281 0.11230469 0.46777344 255 40 40 1
0.00488281 0.10644531 0.45410156 255 40 40 1
-0.02441406 0.10058594 0.46972656 255 40 40 1
-0.02246094 0.09082031 0.46582031 40 230 120 2
-0.01269531 0.08886719 0.45214844 255 40 40 1
-0.02050781 0.09082031 0.46582031 40 230 120 2
-0.02050781 0.09082031 0.46386719 40 230 120 2
-0.02050781 0.09277344 0.46582031 40 230 120 2
-0.01855469 0.06933594 0.46191406 255 40 40 1
-0.01269531 0.07519531 0.45605469 40 230 120 2
-0.01269531 0.07324219 0.45605469 40 230 120 2
-0.01269531 0.08886719 0.45019531 255 40 40 1
-0.01074219 0.07324219 0.45605469 40 230 120 2
-0.01074219 0.07519531 0.45605469 40 230 120 2
-0.13769531 -0.07910156 0.43066406 255 40 40 1
-0.14160156 -0.07128906 0.43261719 40 230 120 2
-0.15136719 -0.06347656 0.42285156 255 40 40 1
-0.14355469 -0.06933594 0.43261719 40 230 120 2
-0.14355469 -0.07128906 0.43457031 40 230 120 2
-0.13964844 -0.06738281 0.44433594 255 40 40 1
-0.14355469 -0.07128906 0.43261719 40 230 120 2
-0.14941406 -0.05566406 0.44238281 255 40 40 1
-0.14941406 -0.05566406 0.44042969 255 40 40 1
-0.15527344 -0.05761719 0.43457031 40 230 120 2
-0.15527344 -0.05761719 0.43652344 40 230 120 2
-0.15332031 -0.06347656 0.42285156 255 40 40 1
-0.15527344 -0.05566406 0.43652344 40 230 120 2
-0.15527344 -0.05566406 0.43457031 40 230 120 2
-0.17480469 -0.05761719 0.42675781 255 40 40 1
-0.16699219 -0.06347656 0.42285156 40 230 120 2
-0.16699219 -0.06542969 0.42285156 40 230 120 2
-0.17480469 -0.07324219 0.42285156 255 40 40 1
-0.16699219 -0.06347656 0.42480469 40 230 120 2
-0.16699219 -0.06542969 0.42480469 40 230 120 2
-0.17285156 -0.05761719 0.42675781 255 40 40 1
-0.15136719 -0.08691406 0.42480469 255 40 40 1
-0.15136719 -0.08886719 0.42480469 255 40 40 1
-0.15527344 -0.07714844 0.42285156 40 230 120 2
-0.15527344 -0.07714844 0.42089844 40 230 120 2
-0.15527344 -0.07910156 0.42089844 40 230 120 2
-0.15136719 -0.06347656 0.42089844 255 40 40 1
-0.16113281 -0.08105469 0.41894531 255 40 40 1
-0.15527344 -0.07910156 0.42285156 40 230 120 2
-0.15332031 -0.06347656 0.42089844 255 40 40 1
0.15917969 0.11816406 0.40722656 255 40 40 1
0.15917969 0.13964844 0.38769531 255 40 40 1
0.16699219 0.12792969 0.39941406 40 230 120 2
0.16699219 0.12792969 0.40136719 40 230 120 2
0.16503906 0.12792969 0.39941406 40 230 120 2
0.16113281 0.11816406 0.40722656 255 40 40 1
0.16699219 0.12988281 0.39941406 40 230 120 2
0.18066406 0.16308594 0.38574219 255 40 40 1
0.15917969 0.13964844 0.38574219 255 40 40 1
0.17675781 0.14941406 0.38769531 40 230 120 2
0.15917969 0.14160156 0.38769531 255 40 40 1
0.17675781 0.14746094 0.38769531 40 230 120 2
0.18652344 0.14355469 0.39160156 255 40 40 1
0.17480469 0.14746094 0.38769531 40 230 120 2
0.15917969 0.14160156 0.38574219 255 40 40 1
0.18261719 0.16308594 0.38574219 255 40 40 1
0.17480469 0.14941406 0.38769531 40 230 120 2
0.18652344 0.14160156 0.39160156 255 40 40 1
0.16113281 0.16894531 0.37988281 255 40 40 1
0.14160156 0.16699219 0.38964844 255 40 40 1
0.13964844 0.16699219 0.38964844 255 40 40 1
0.13964844 0.16503906 0.38964844 255 40 40 1
0.15332031 0.15722656 0.38574219 40 230 120 2
0.15332031 0.15917969 0.38574219 40 230 120 2
0.15917969 0.16894531 0.37988281 255 40 40 1
0.15332031 0.15917969 0.38378906 40 230 120 2
0.15136719 0.15917969 0.38574219 40 230 120 2
0.14355469 0.13964844 0.39941406 40 230 120 2
0.13378906 0.14550781 0.39746094 255 40 40 1
0.14160156 0.13183594 0.41113281 255 40 40 1
0.14160156 0.12988281 0.41113281 255 40 40 1
0.14550781 0.13964844 0.39746094 40 230 120 2
0.14160156 0.12988281 0.40917969 255 40 40 1
0.14550781 0.13769531 0.39941406 40 230 120 2
0.14550781 0.13964844 0.39941406 40 230 120 2
0.13378906 0.14550781 0.39941406 255 40 40 1
-0.21386719 0.14550781 0.22949219 255 40 40 1
-0.20214844 0.13183594 0.23339844 40 230 120 2
-0.21191406 0.14550781 0.23144531 255 40 40 1
-0.20605469 0.12011719 0.21972656 255 40 40 1
-0.18847656 0.13378906 0.25292969 255 40 40 1
-0.20214844 0.13378906 0.23339844 40 230 120 2
-0.20214844 0.13183594 0.23535156 40 230 120 2
-0.20214844 0.13378906 0.23535156 40 230 120 2
-0.18261719 0.11230469 0.24902344 40 230 120 2
-0.18457031 0.11035156 0.24902344 40 230 120 2
-0.18261719 0.11035156 0.24902344 40 230 120 2
-0.18457031 0.11230469 0.24902344 40 230 120 2
-0.18847656 0.13183594 0.25488281 255 40 40 1
-0.18847656 0.13378906 0.25488281 255 40 40 1
-0.18652344 0.13378906 0.25488281 255 40 40 1
-0.17480469 0.11425781 0.28222656 255 40 40 1
-0.18457031 0.12792969 0.27832031 40 230 120 2
-0.18261719 0.12597656 0.27636719 40 230 120 2
-0.18261719 0.12597656 0.27832031 40 230 120 2
-0.18652344 0.13378906 0.29589844 255 40 40 1
-0.18261719 0.12792969 0.27832031 40 230 120 2
-0.20214844 0.14941406 0.26269531 40 230 120 2
-0.20214844 0.14746094 0.26464844 40 230 120 2
-0.20214844 0.14941406 0.26464844 40 230 120 2
-0.20410156 0.14941406 0.26464844 40 230 120 2
0.10449219 0.02246094 0.36621094 255 40 40 1
0.11621094 0.00878906 0.36425781 40 230 120 2
0.11621094 -0.00488281 0.36230469 255 40 40 1
0.12011719 0.00878906 0.36425781 40 230 120 2
0.11816406 0.00878906 0.36425781 40 230 120 2
0.11816406 0.00683594 0.36425781 40 230 120 2
0.13378906 0.03222656 0.36035156 255 40 40 1
0.13378906 0.03027344 0.36035156 255 40 40 1
0.10253906 0.02441406 0.36621094 255 40 40 1
0.10253906 0.02246094 0.36621094 255 40 40 1
0.12207031 0.03417969 0.36621094 40 230 120 2
0.12011719 0.03417969 0.36425781 40 230 120 2
0.12011719 0.03417969 0.36621094 40 230 120 2
0.12402344 0.04785156 0.37207031 255 40 40 1
0.12011719 0.03613281 0.36621094 40 230 120 2
0.09667969 0.03613281 0.38183594 40 230 120 2
0.09863281 0.03417969 0.38183594 40 230 120 2
0.10058594 0.04785156 0.38378906 255 40 40 1
0.09667969 0.03417969 0.38183594 40 230 120 2
0.08886719 0.03222656 0.39746094 255 40 40 1
0.08886719 0.03417969 0.39746094 255 40 40 1
0.09667969 0.03417969 0.38378906 40 230 120 2
0.09667969 -0.00683594 0.37792969 255 40 40 1
0.08300781 0.01074219 0.38769531 255 40 40 1
0.08496094 0.01074219 0.38769531 255 40 40 1
0.09863281 -0.00683594 0.37792969 255 40 40 1
0.09667969 0.00878906 0.37597656 40 230 120 2
0.10253906 0.02246094 0.36816406 255 40 40 1
0.09472656 0.00683594 0.37792969 40 230 120 2
0.08496094 0.01074219 0.38574219 255 40 40 1
0.09863281 -0.00488281 0.37792969 255 40 40 1
0.09472656 0.00878906 0.37597656 40 230 120 2
0.09472656 0.00878906 0.37792969 40 230 120 2
-0.24316406 0.07714844 0.16308594 255 40 40 1
-0.24511719 0.07714844 0.16308594 255 40 40 1
-0.25878906 0.08105469 0.16699219 40 230 120 2
-0.25878906 0.08105469 0.16503906 40 230 120 2
-0.25878906 0.08300781 0.16699219 40 230 120 2
-0.25878906 0.08300781 0.16503906 40 230 120 2
-0.26660156 0.09082031 0.18652344 255 40 40 1
-0.26660156 0.07910156 0.14746094 255 40 40 1
-0.26855469 0.09082031 0.18847656 255 40 40 1
-0.02441406 0.10253906 0.47167969 255 40 40 1
-0.01269531 0.10253906 0.47753906 40 230 120 2
-0.00683594 0.11230469 0.46972656 255 40 40 1
-0.01464844 0.10058594 0.47753906 40 230 120 2
-0.01464844 0.10253906 0.47753906 40 230 120 2
-0.01464844 0.10253906 0.47949219 40 230 120 2
-0.20019531 0.09667969 0.29394531 255 40 40 1
-0.18652344 0.11425781 0.29003906 40 230 120 2
-0.18652344 0.11425781 0.29199219 40 230 120 2
-0.17480469 0.11230469 0.28222656 255 40 40 1
-0.18847656 0.11425781 0.29199219 40 230 120 2
-0.18847656 0.11425781 0.29003906 40 230 120 2
-0.18652344 0.13378906 0.29785156 255 40 40 1
-0.26660156 0.08886719 0.18847656 255 40 40 1
-0.24707031 0.07910156 0.17871094 40 230 120 2
-0.24707031 0.07714844 0.17675781 40 230 120 2
-0.24707031 0.07910156 0.17675781 40 230 120 2
-0.24902344 0.07910156 0.17675781 40 230 120 2
-0.23339844 0.06738281 0.18066406 255 40 40 1
0.06347656 -0.25878906 0.14550781 40 230 120 2
0.06152344 -0.25878906 0.14746094 40 230 120 2
0.06152344 -0.25878906 0.14550781 40 230 120 2
0.06347656 -0.25878906 0.14746094 40 230 120 2
0.06542969 -0.27832031 0.14941406 255 40 40 1
-0.17285156 0.11230469 0.28222656 255 40 40 1
-0.20214844 0.09667969 0.29199219 255 40 40 1
-0.17480469 0.11230469 0.28027344 255 40 40 1
-0.18457031 0.10058594 0.27832031 40 230 120 2
-0.18457031 0.10058594 0.28027344 40 230 120 2
-0.18457031 0.10253906 0.28027344 40 230 120 2
-0.18457031 0.10253906 0.27832031 40 230 120 2
-0.20019531 0.09667969 0.29199219 255 40 40 1
0.01464844 0.08300781 0.45410156 40 230 120 2
0.01660156 0.08300781 0.45605469 40 230 120 2
0.01660156 0.08300781 0.45410156 40 230 120 2
0.00878906 0.07519531 0.44628906 255 40 40 1
0.01660156 0.08105469 0.45410156 40 230 120 2
0.02441406 0.08300781 0.46972656 255 40 40 1
0.01660156 0.09082031 0.45019531 255 40 40 1
0.05761719 -0.24121094 0.17480469 255 40 40 1
0.05566406 -0.25097656 0.16308594 40 230 120 2
0.05566406 -0.24511719 0.15332031 255 40 40 1
0.05566406 -0.25292969 0.16503906 40 230 120 2
0.05566406 -0.25097656 0.16503906 40 230 120 2
0.05566406 -0.25292969 0.16308594 40 230 120 2
0.08105469 -0.16113281 0.22753906 255 40 40 1
0.07910156 -0.16113281 0.22753906 255 40 40 1
0.08691406 -0.16308594 0.24511719 40 230 120 2
0.08691406 -0.16113281 0.24316406 40 230 120 2
0.08496094 -0.16113281 0.24511719 40 230 120 2
0.08105469 -0.15332031 0.24902344 255 40 40 1
0.08691406 -0.16113281 0.24511719 40 230 120 2
0.08105469 -0.15136719 0.24707031 255 40 40 1
0.08105469 -0.15136719 0.24902344 255 40 40 1
0.02246094 0.06542969 0.46972656 255 40 40 1
0.00878906 0.06738281 0.45800781 40 230 120 2
0.01074219 0.06738281 0.45605469 40 230 120 2
0.02050781 0.06542969 0.46777344 255 40 40 1
0.00878906 0.06738281 0.45605469 40 230 120 2
0.00878906 0.07324219 0.44433594 255 40 40 1
0.00878906 0.06542969 0.45605469 40 230 120 2
0.02050781 0.06542969 0.46972656 255 40 40 1
0.13769531 0.04394531 0.37597656 40 230 120 2
0.13769531 0.04199219 0.37597656 40 230 120 2
0.12402344 0.04980469 0.37402344 255 40 40 1
0.12402344 0.04980469 0.37207031 255 40 40 1
0.13769531 0.04394531 0.37792969 40 230 120 2
0.12597656 0.04980469 0.37207031 255 40 40 1
0.13574219 0.04394531 0.37597656 40 230 120 2
0.15332031 0.05175781 0.39550781 255 40 40 1
0.09667969 -0.18066406 0.24316406 255 40 40 1
0.09667969 -0.18066406 0.24121094 255 40 40 1
0.07519531 -0.18066406 0.22167969 255 40 40 1
0.08496094 -0.17480469 0.23144531 40 230 120 2
0.08496094 -0.17480469 0.22949219 40 230 120 2
0.08496094 -0.17285156 0.22949219 40 230 120 2
0.08496094 -0.17285156 0.23144531 40 230 120 2
0.13183594 -0.05175781 0.31738281 255 40 40 1
0.12207031 -0.04003906 0.30371094 40 230 120 2
0.12207031 -0.04199219 0.30371094 40 230 120 2
0.12207031 -0.04199219 0.30566406 40 230 120 2
0.12207031 -0.04003906 0.30566406 40 230 120 2
0.13574219 0.00878906 0.36425781 255 40 40 1
0.16308594 0.03027344 0.38378906 255 40 40 1
0.14355469 0.02246094 0.36816406 40 230 120 2
0.13574219 0.00878906 0.36230469 255 40 40 1
0.14355469 0.02441406 0.36816406 40 230 120 2
0.13574219 0.03027344 0.36035156 255 40 40 1
0.14355469 0.02246094 0.37011719 40 230 120 2
0.16113281 0.03027344 0.38378906 255 40 40 1
0.14355469 0.02441406 0.37011719 40 230 120 2
0.16113281 0.03027344 0.38574219 255 40 40 1
0.00488281 0.10449219 0.46777344 40 230 120 2
0.00488281 0.10449219 0.46582031 40 230 120 2
0.00683594 0.10644531 0.45605469 255 40 40 1
0.00488281 0.10644531 0.46777344 40 230 120 2
0.00683594 0.10449219 0.46777344 40 230 120 2
0.01660156 0.09667969 0.47753906 255 40 40 1
0.00683594 0.10644531 0.45410156 255 40 40 1
0.11816406 -0.04394531 0.29003906 255 40 40 1
0.12207031 -0.05566406 0.29980469 40 230 120 2
0.11816406 -0.06542969 0.29003906 255 40 40 1
0.11816406 -0.04589844 0.29003906 255 40 40 1
0.11816406 -0.04589844 0.29199219 255 40 40 1
0.12207031 -0.05371094 0.29980469 40 230 120 2
0.12402344 -0.05566406 0.29980469 40 230 120 2
0.12402344 -0.05371094 0.29980469 40 230 120 2
0.11816406 -0.06738281 0.29199219 255 40 40 1
0.11425781 -0.08496094 0.31542969 255 40 40 1
0.11230469 -0.07714844 0.29980469 40 230 120 2
0.11035156 -0.07714844 0.29785156 40 230 120 2
0.11035156 -0.07910156 0.29980469 40 230 120 2
0.11035156 -0.07714844 0.29980469 40 230 120 2
0.11816406 -0.06738281 0.29003906 255 40 40 1
0.01269531 0.09667969 0.46191406 40 230 120 2
0.01269531 0.09667969 0.45996094 40 230 120 2
0.01464844 0.09277344 0.45019531 255 40 40 1
0.01269531 0.09863281 0.46191406 40 230 120 2
0.01269531 0.09863281 0.45996094 40 230 120 2
0.12402344 -0.00878906 0.40527344 255 40 40 1
0.09863281 -0.00683594 0.37988281 255 40 40 1
0.12402344 -0.01074219 0.40527344 255 40 40 1
0.10253906 -0.00292969 0.38964844 40 230 120 2
0.10253906 -0.00292969 0.39160156 40 230 120 2
0.10253906 -0.00097656 0.39160156 40 230 120 2
0.10253906 -0.00097656 0.38964844 40 230 120 2
0.11230469 -0.08496094 0.31738281 255 40 40 1
0.09667969 -0.08300781 0.30566406 40 230 120 2
0.09863281 -0.08105469 0.30566406 40 230 120 2
0.09667969 -0.08105469 0.30566406 40 230 120 2
0.09863281 -0.07910156 0.29394531 255 40 40 1
0.09863281 -0.08300781 0.30566406 40 230 120 2
0.06933594 -0.19238281 0.22363281 40 230 120 2
0.06933594 -0.19433594 0.22558594 40 230 120 2
0.07519531 -0.20800781 0.23535156 255 40 40 1
0.05761719 -0.19042969 0.21972656 255 40 40 1
0.05761719 -0.19042969 0.22167969 255 40 40 1
0.06933594 -0.19238281 0.22558594 40 230 120 2
0.07128906 -0.19238281 0.22558594 40 230 120 2
0.09472656 0.01660156 0.40136719 40 230 120 2
0.08886719 0.03222656 0.39941406 255 40 40 1
0.09667969 0.01855469 0.40136719 40 230 120 2
0.11425781 0.00878906 0.41894531 255 40 40 1
0.08496094 0.01074219 0.38964844 255 40 40 1
0.09667969 0.01660156 0.40332031 40 230 120 2
0.09667969 0.01660156 0.40136719 40 230 120 2
-0.17089844 -0.06738281 0.45800781 255 40 40 1
-0.14941406 -0.05566406 0.44433594 255 40 40 1
-0.15136719 -0.05566406 0.44433594 255 40 40 1
-0.16113281 -0.05761719 0.44628906 40 230 120 2
-0.16113281 -0.05957031 0.44824219 40 230 120 2
-0.16113281 -0.05761719 0.44824219 40 230 120 2
-0.17089844 -0.06933594 0.45800781 255 40 40 1
-0.16503906 -0.05175781 0.44042969 255 40 40 1
-0.16308594 -0.05761719 0.44824219 40 230 120 2
-0.16894531 -0.06933594 0.45800781 255 40 40 1
-0.16503906 -0.05175781 0.44238281 255 40 40 1
0.05957031 -0.19824219 0.23144531 40 230 120 2
0.05957031 -0.20019531 0.23144531 40 230 120 2
0.05957031 -0.19824219 0.22949219 40 230 120 2
0.05957031 -0.20019531 0.22949219 40 230 120 2
0.04589844 -0.20019531 0.23730469 255 40 40 1
0.04589844 -0.19824219 0.23535156 255 40 40 1
0.05566406 -0.19042969 0.21972656 255 40 40 1
0.10839844 -0.25097656 0.17675781 40 230 120 2
0.11425781 -0.24316406 0.16503906 255 40 40 1
0.10839844 -0.25097656 0.17480469 40 230 120 2
0.10839844 -0.27050781 0.17675781 255 40 40 1
0.11035156 -0.27050781 0.17675781 255 40 40 1
0.10839844 -0.24902344 0.17675781 40 230 120 2
0.10644531 -0.25097656 0.17675781 40 230 120 2
-0.15722656 -0.07324219 0.45996094 255 40 40 1
-0.14941406 -0.06738281 0.45019531 40 230 120 2
-0.14941406 -0.06542969 0.44824219 40 230 120 2
-0.13964844 -0.06738281 0.44628906 255 40 40 1
-0.14746094 -0.06542969 0.45019531 40 230 120 2
-0.14941406 -0.06542969 0.45019531 40 230 120 2
-0.13964844 -0.06542969 0.44433594 255 40 40 1
0.09082031 0.03222656 0.39746094 255 40 40 1
0.10839844 0.04394531 0.39941406 40 230 120 2
0.10253906 0.04980469 0.38378906 255 40 40 1
0.10058594 0.04980469 0.38378906 255 40 40 1
0.10644531 0.04394531 0.39746094 40 230 120 2
0.13378906 0.04980469 0.41113281 255 40 40 1
0.10839844 0.04394531 0.39746094 40 230 120 2
0.10644531 0.04394531 0.39941406 40 230 120 2
0.13183594 0.04785156 0.41113281 255 40 40 1
0.13378906 0.04785156 0.41113281 255 40 40 1
0.11230469 -0.25683594 0.16113281 40 230 120 2
0.11230469 -0.25878906 0.16308594 40 230 120 2
0.11230469 -0.25683594 0.16308594 40 230 120 2
0.11230469 -0.25488281 0.16308594 40 230 120 2
0.06347656 -0.20410156 0.26464844 255 40 40 1
0.04199219 -0.18652344 0.25683594 255 40 40 1
0.04980469 -0.19824219 0.25292969 40 230 120 2
0.05175781 -0.19628906 0.25292969 40 230 120 2
0.04394531 -0.18652344 0.25488281 255 40 40 1
0.05175781 -0.19824219 0.25292969 40 230 120 2
0.04980469 -0.19628906 0.25292969 40 230 120 2
0.12011719 0.04980469 0.38769531 40 230 120 2
0.11816406 0.04980469 0.38964844 40 230 120 2
0.12011719 0.04980469 0.39160156 40 230 120 2
0.12011719 0.04980469 0.38964844 40 230 120 2
-0.17675781 -0.07324219 0.42285156 255 40 40 1
-0.17675781 -0.07324219 0.43261719 40 230 120 2
-0.17675781 -0.07324219 0.43066406 40 230 120 2
-0.18066406 -0.08496094 0.44238281 255 40 40 1
-0.17675781 -0.07128906 0.43261719 40 230 120 2
-0.17675781 -0.07128906 0.43066406 40 230 120 2
-0.17480469 -0.05761719 0.42871094 255 40 40 1
0.05175781 -0.17480469 0.27050781 255 40 40 1
0.05371094 -0.18652344 0.26464844 40 230 120 2
0.05371094 -0.18847656 0.26464844 40 230 120 2
0.05371094 -0.18847656 0.26269531 40 230 120 2
0.05175781 -0.18847656 0.26464844 40 230 120 2
-0.13378906 -0.08691406 0.26074219 40 230 120 2
-0.13378906 -0.10839844 0.25292969 255 40 40 1
-0.13183594 -0.08691406 0.26269531 40 230 120 2
-0.13183594 -0.08886719 0.26074219 40 230 120 2
-0.13183594 -0.08691406 0.26074219 40 230 120 2
-0.17480469 -0.05566406 0.42871094 255 40 40 1
-0.18066406 -0.07324219 0.45019531 255 40 40 1
-0.17285156 -0.06152344 0.44042969 40 230 120 2
-0.17285156 -0.06152344 0.43847656 40 230 120 2
-0.17285156 -0.05957031 0.44042969 40 230 120 2
-0.17480469 -0.06152344 0.44042969 40 230 120 2
-0.17871094 -0.07519531 0.45019531 255 40 40 1
-0.18066406 -0.07519531 0.45019531 255 40 40 1
-0.16503906 -0.05371094 0.44042969 255 40 40 1
0.11621094 -0.00683594 0.36425781 255 40 40 1
0.14550781 -0.00878906 0.38964844 255 40 40 1
0.13574219 0.00683594 0.36425781 255 40 40 1
0.13574219 0.00683594 0.36230469 255 40 40 1
0.13378906 -0.00292969 0.37207031 40 230 120 2
0.11816406 -0.00488281 0.36425781 255 40 40 1
0.13183594 -0.00292969 0.37207031 40 230 120 2
0.13183594 -0.00097656 0.37207031 40 230 120 2
0.13183594 -0.00292969 0.37402344 40 230 120 2
0.11621094 -0.00488281 0.36425781 255 40 40 1
0.14355469 -0.00878906 0.38964844 255 40 40 1
-0.13769531 -0.06738281 0.26074219 255 40 40 1
-0.16308594 -0.06347656 0.26464844 255 40 40 1
-0.13964844 -0.06738281 0.26269531 255 40 40 1
-0.15136719 -0.07519531 0.25683594 40 230 120 2
-0.15136719 -0.09277344 0.24316406 255 40 40 1
-0.14941406 -0.07519531 0.25683594 40 230 120 2
-0.16113281 -0.06347656 0.26464844 255 40 40 1
-0.15136719 -0.07519531 0.25488281 40 230 120 2
-0.15136719 -0.07324219 0.25683594 40 230 120 2
-0.24902344 -0.09082031 0.18847656 40 230 120 2
-0.24902344 -0.08886719 0.18847656 40 230 120 2
-0.25097656 -0.08886719 0.18847656 40 230 120 2
-0.24902344 -0.08886719 0.19042969 40 230 120 2
-0.23925781 -0.08691406 0.19042969 255 40 40 1
-0.25878906 -0.08886719 0.20996094 255 40 40 1
-0.25878906 -0.09082031 0.20996094 255 40 40 1
-0.25878906 -0.08886719 0.21191406 255 40 40 1
0.12011719 -0.00683594 0.37988281 40 230 120 2
0.12011719 -0.00683594 0.37597656 40 230 120 2
0.12011719 -0.00683594 0.37792969 40 230 120 2
0.12207031 -0.00683594 0.37792969 40 230 120 2
-0.14746094 -0.09277344 0.45214844 255 40 40 1
-0.14160156 -0.07910156 0.44433594 40 230 120 2
-0.14160156 -0.07910156 0.44238281 40 230 120 2
-0.14160156 -0.08105469 0.44433594 40 230 120 2
-0.13964844 -0.06933594 0.44628906 255 40 40 1
-0.14160156 -0.08105469 0.44238281 40 230 120 2
-0.13769531 -0.08105469 0.43261719 255 40 40 1
-0.26269531 -0.09277344 0.16894531 40 230 120 2
-0.27050781 -0.09863281 0.18847656 255 40 40 1
-0.26269531 -0.09277344 0.16699219 40 230 120 2
-0.26464844 -0.09277344 0.16699219 40 230 120 2
-0.26464844 -0.09277344 0.16894531 40 230 120 2
-0.17871094 -0.08105469 0.30371094 255 40 40 1
-0.15917969 -0.09277344 0.31542969 255 40 40 1
-0.19238281 -0.10449219 0.29003906 255 40 40 1
-0.16113281 -0.09277344 0.31542969 255 40 40 1
-0.17675781 -0.09277344 0.30371094 40 230 120 2
-0.17675781 -0.09472656 0.30371094 40 230 120 2
-0.17480469 -0.09277344 0.30371094 40 230 120 2
-0.17871094 -0.08300781 0.30371094 255 40 40 1
-0.17675781 -0.08300781 0.30371094 255 40 40 1
-0.17675781 -0.09277344 0.30175781 40 230 120 2
-0.13769531 -0.08105469 0.43066406 255 40 40 1
-0.15136719 -0.08886719 0.42675781 255 40 40 1
-0.14941406 -0.08886719 0.42480469 255 40 40 1
-0.14550781 -0.08886719 0.43847656 40 230 120 2
-0.14746094 -0.08886719 0.43652344 40 230 120 2
-0.13769531 -0.08300781 0.43261719 255 40 40 1
-0.14550781 -0.08886719 0.43652344 40 230 120 2
-0.14550781 -0.08691406 0.43652344 40 230 120 2
-0.26855469 -0.03808594 0.21777344 255 40 40 1
-0.24902344 -0.04589844 0.19824219 40 230 120 2
-0.25097656 -0.04589844 0.19628906 40 230 120 2
-0.25097656 -0.04589844 0.19824219 40 230 120 2
-0.25097656 -0.04785156 0.19824219 40 230 120 2
-0.17480469 -0.12011719 0.30175781 255 40 40 1
-0.14160156 -0.10449219 0.30761719 255 40 40 1
-0.13964844 -0.10449219 0.30761719 255 40 40 1
-0.13964844 -0.10449219 0.30957031 255 40 40 1
-0.15722656 -0.10644531 0.30761719 40 230 120 2
-0.15917969 -0.10644531 0.30761719 40 230 120 2
-0.15722656 -0.10644531 0.30957031 40 230 120 2
-0.15917969 -0.10644531 0.30957031 40 230 120 2
-0.16308594 -0.08300781 0.41894531 255 40 40 1
-0.16308594 -0.08105469 0.41894531 255 40 40 1
-0.17089844 -0.09472656 0.44042969 255 40 40 1
-0.23535156 -0.06152344 0.19042969 255 40 40 1
-0.24511719 -0.06933594 0.20214844 40 230 120 2
-0.23730469 -0.06152344 0.19042969 255 40 40 1
-0.24511719 -0.07128906 0.20019531 40 230 120 2
-0.24511719 -0.06933594 0.20019531 40 230 120 2
-0.23925781 -0.08496094 0.19042969 255 40 40 1
-0.25878906 -0.06347656 0.22167969 255 40 40 1
-0.24511719 -0.07128906 0.20214844 40 230 120 2
-0.13574219 -0.12011719 0.27636719 255 40 40 1
-0.13183594 -0.10644531 0.29199219 40 230 120 2
-0.13378906 -0.10644531 0.29003906 40 230 120 2
-0.13378906 -0.10644531 0.29199219 40 230 120 2
-0.13378906 -0.10839844 0.29199219 40 230 120 2
-0.17480469 -0.07519531 0.42480469 255 40 40 1
-0.17089844 -0.08496094 0.43066406 40 230 120 2
-0.17480469 -0.07324219 0.42089844 255 40 40 1
-0.17089844 -0.08496094 0.42871094 40 230 120 2
-0.27246094 -0.03613281 0.14941406 255 40 40 1
-0.29589844 -0.03417969 0.17480469 255 40 40 1
-0.25878906 -0.03222656 0.16699219 255 40 40 1
-0.27636719 -0.03417969 0.16503906 40 230 120 2
-0.27636719 -0.03417969 0.16308594 40 230 120 2
-0.27441406 -0.03613281 0.14941406 255 40 40 1
-0.27441406 -0.03417969 0.16503906 40 230 120 2
-0.27441406 -0.03417969 0.16308594 40 230 120 2
-0.27441406 -0.03613281 0.15136719 255 40 40 1
-0.13574219 -0.12011719 0.27441406 255 40 40 1
-0.12792969 -0.10253906 0.28027344 40 230 120 2
-0.12792969 -0.10058594 0.27832031 40 230 120 2
-0.12792969 -0.10253906 0.27832031 40 230 120 2
-0.12792969 -0.10058594 0.28027344 40 230 120 2
0.18066406 0.12597656 0.40722656 255 40 40 1
0.18066406 0.12597656 0.40527344 255 40 40 1
0.17480469 0.12792969 0.41503906 40 230 120 2
0.17480469 0.12597656 0.41308594 40 230 120 2
0.16113281 0.11816406 0.40917969 255 40 40 1
0.18261719 0.13574219 0.42871094 255 40 40 1
0.17480469 0.12597656 0.41503906 40 230 120 2
0.17285156 0.12597656 0.41503906 40 230 120 2
0.18261719 0.13378906 0.42871094 255 40 40 1
0.15917969 0.11816406 0.40917969 255 40 40 1
0.18066406 0.13574219 0.42871094 255 40 40 1
-0.24902344 -0.04003906 0.18652344 255 40 40 1
-0.28417969 -0.02636719 0.19628906 255 40 40 1
-0.25683594 -0.03222656 0.16894531 255 40 40 1
-0.28417969 -0.02441406 0.19628906 255 40 40 1
-0.26269531 -0.03222656 0.18261719 40 230 120 2
-0.26269531 -0.03417969 0.18261719 40 230 120 2
-0.26269531 -0.03417969 0.18457031 40 230 120 2
-0.26269531 -0.03222656 0.18457031 40 230 120 2
-0.24902344 -0.04199219 0.18652344 255 40 40 1
-0.24707031 -0.04003906 0.18652344 255 40 40 1
-0.17480469 -0.06542969 0.28613281 255 40 40 1
-0.17480469 -0.07324219 0.27441406 40 230 120 2
-0.17675781 -0.07324219 0.27246094 40 230 120 2
-0.17675781 -0.07324219 0.27441406 40 230 120 2
-0.18847656 -0.09082031 0.26855469 255 40 40 1
-0.19042969 -0.09082031 0.26855469 255 40 40 1
-0.17480469 -0.07324219 0.27246094 40 230 120 2
0.16308594 0.12792969 0.43261719 255 40 40 1
0.16113281 0.12792969 0.43261719 255 40 40 1
0.14355469 0.12988281 0.41113281 255 40 40 1
0.15527344 0.12597656 0.41699219 40 230 120 2
0.15332031 0.12597656 0.41699219 40 230 120 2
0.15332031 0.12597656 0.41894531 40 230 120 2
0.15527344 0.12597656 0.41894531 40 230 120 2
-0.29589844 -0.06152344 0.16503906 255 40 40 1
-0.27050781 -0.08496094 0.15136719 255 40 40 1
-0.28027344 -0.06933594 0.15332031 40 230 120 2
-0.27050781 -0.08496094 0.14941406 255 40 40 1
-0.27832031 -0.06933594 0.15136719 40 230 120 2
-0.27246094 -0.06152344 0.14355469 255 40 40 1
-0.28027344 -0.06933594 0.15136719 40 230 120 2
-0.28027344 -0.06738281 0.15136719 40 230 120 2
-0.18066406 -0.07910156 0.28808594 40 230 120 2
-0.18066406 -0.07910156 0.28613281 40 230 120 2
-0.18066406 -0.08105469 0.28613281 40 230 120 2
-0.17480469 -0.06542969 0.28808594 255 40 40 1
-0.18066406 -0.07910156 0.28417969 40 230 120 2
0.18457031 0.17480469 0.40527344 255 40 40 1
0.18457031 0.16113281 0.39550781 40 230 120 2
0.18652344 0.14355469 0.39355469 255 40 40 1
0.18261719 0.16113281 0.39355469 40 230 120 2
0.18261719 0.16503906 0.38574219 255 40 40 1
0.18457031 0.15917969 0.39355469 40 230 120 2
0.18457031 0.16113281 0.39355469 40 230 120 2
-0.27246094 -0.05957031 0.14160156 255 40 40 1
-0.28027344 -0.05371094 0.15136719 40 230 120 2
-0.28027344 -0.05175781 0.15136719 40 230 120 2
-0.29589844 -0.05957031 0.16503906 255 40 40 1
-0.28027344 -0.05371094 0.15332031 40 230 120 2
-0.28027344 -0.05175781 0.15332031 40 230 120 2
-0.08300781 0.02246094 0.49316406 255 40 40 1
-0.08496094 0.02832031 0.47558594 40 230 120 2
-0.09082031 0.03417969 0.47167969 255 40 40 1
-0.08496094 0.02832031 0.47753906 40 230 120 2
-0.08300781 0.02832031 0.47753906 40 230 120 2
-0.08496094 0.03027344 0.47753906 40 230 120 2
0.18847656 0.15332031 0.41699219 255 40 40 1
0.19042969 0.15527344 0.41699219 255 40 40 1
0.19042969 0.15332031 0.41699219 255 40 40 1
0.18652344 0.14160156 0.40722656 40 230 120 2
0.18066406 0.12792969 0.40527344 255 40 40 1
0.18066406 0.12792969 0.40722656 255 40 40 1
0.18457031 0.13964844 0.40527344 40 230 120 2
0.18652344 0.13964844 0.40527344 40 230 120 2
0.18652344 0.14160156 0.40527344 40 230 120 2
0.18652344 0.14160156 0.39355469 255 40 40 1
0.06738281 -0.16699219 0.26855469 40 230 120 2
0.06542969 -0.15527344 0.26269531 255 40 40 1
0.06542969 -0.15527344 0.26464844 255 40 40 1
0.06542969 -0.16894531 0.26855469 40 230 120 2
0.06738281 -0.16894531 0.27050781 40 230 120 2
0.06738281 -0.16894531 0.26855469 40 230 120 2
-0.07714844 0.03027344 0.46777344 255 40 40 1
-0.07714844 0.02246094 0.47753906 40 230 120 2
-0.07714844 0.02441406 0.47753906 40 230 120 2
-0.07714844 0.02246094 0.47558594 40 230 120 2
-0.07714844 0.02441406 0.47558594 40 230 120 2
0.13574219 0.15527344 0.41894531 255 40 40 1
0.13769531 0.14550781 0.40917969 40 230 120 2
0.13769531 0.14550781 0.41113281 40 230 120 2
0.13378906 0.14746094 0.39941406 255 40 40 1
0.13574219 0.14550781 0.41113281 40 230 120 2
0.13574219 0.14550781 0.40917969 40 230 120 2
0.07714844 -0.16113281 0.26074219 40 230 120 2
0.07714844 -0.15917969 0.26074219 40 230 120 2
0.07910156 -0.16113281 0.26269531 40 230 120 2
0.07714844 -0.16113281 0.26269531 40 230 120 2
-0.08886719 -0.00292969 0.46777344 255 40 40 1
-0.10058594 0.00097656 0.46386719 255 40 40 1
-0.09863281 -0.00097656 0.47167969 40 230 120 2
-0.09667969 -0.00097656 0.47363281 40 230 120 2
-0.09667969 -0.00097656 0.47167969 40 230 120 2
-0.09667969 -0.00292969 0.47167969 40 230 120 2
0.13769531 0.15722656 0.40332031 40 230 120 2
0.13574219 0.15722656 0.40332031 40 230 120 2
0.13574219 0.15722656 0.40136719 40 230 120 2
0.13378906 0.14746094 0.39746094 255 40 40 1
0.13574219 0.15527344 0.40332031 40 230 120 2
0.08886719 -0.28027344 0.14746094 255 40 40 1
0.09667969 -0.26269531 0.13964844 40 230 120 2
0.09667969 -0.26269531 0.14160156 40 230 120 2
0.09472656 -0.26269531 0.14160156 40 230 120 2
0.09667969 -0.26464844 0.14160156 40 230 120 2
-0.10449219 0.00292969 0.47167969 40 230 120 2
-0.10449219 0.00488281 0.46972656 40 230 120 2
-0.10449219 0.00488281 0.47167969 40 230 120 2
-0.10644531 0.00488281 0.47167969 40 230 120 2
0.16308594 0.18261719 0.40136719 255 40 40 1
0.16113281 0.17089844 0.37988281 255 40 40 1
0.15332031 0.17285156 0.38964844 40 230 120 2
0.13964844 0.16699219 0.39160156 255 40 40 1
0.15917969 0.17089844 0.37988281 255 40 40 1
0.15527344 0.17285156 0.38964844 40 230 120 2
0.15332031 0.17285156 0.39160156 40 230 120 2
0.15527344 0.17285156 0.39160156 40 230 120 2
0.16113281 0.18261719 0.40136719 255 40 40 1
0.08300781 -0.26269531 0.13769531 40 230 120 2
0.08105469 -0.26464844 0.13769531 40 230 120 2
0.06933594 -0.25488281 0.13574219 255 40 40 1
0.08105469 -0.26269531 0.13964844 40 230 120 2
0.08105469 -0.26269531 0.13769531 40 230 120 2
0.09082031 -0.25292969 0.13183594 255 40 40 1
0.08886719 -0.25292969 0.13183594 255 40 40 1
0.08886719 -0.25292969 0.13378906 255 40 40 1
0.16699219 0.17285156 0.38964844 40 230 120 2
0.16894531 0.17285156 0.38964844 40 230 120 2
0.18066406 0.16503906 0.38574219 255 40 40 1
0.16894531 0.17285156 0.38769531 40 230 120 2
0.16894531 0.17089844 0.38964844 40 230 120 2
-0.03222656 0.27246094 0.07128906 255 40 40 1
-0.01660156 0.24511719 0.08886719 255 40 40 1
-0.01464844 0.24511719 0.08886719 255 40 40 1
-0.00878906 0.25683594 0.05761719 40 230 120 2
-0.00683594 0.25683594 0.05761719 40 230 120 2
-0.00878906 0.25878906 0.05761719 40 230 120 2
-0.00878906 0.25683594 0.05566406 40 230 120 2
-0.01464844 0.29003906 -0.00488281 255 40 40 1
-0.01464844 0.29003906 -0.00292969 255 40 40 1
-0.03613281 0.28417969 0.01660156 40 230 120 2
-0.03613281 0.28222656 0.01660156 40 230 120 2
-0.03417969 0.28417969 0.01464844 40 230 120 2
-0.03417969 0.28417969 0.01660156 40 230 120 2
-0.03417969 0.27441406 0.07128906 255 40 40 1
-0.05371094 0.27246094 0.07714844 40 230 120 2
-0.03417969 0.27246094 0.07128906 255 40 40 1
-0.06347656 0.28027344 0.05371094 255 40 40 1
-0.07128906 0.26464844 0.10644531 255 40 40 1
-0.06152344 0.28027344 0.05371094 255 40 40 1
-0.05761719 0.27246094 0.07714844 40 230 120 2
-0.06933594 0.26269531 0.10644531 255 40 40 1
-0.05566406 0.27246094 0.07910156 40 230 120 2
-0.05566406 0.27246094 0.07714844 40 230 120 2
-0.03808594 0.22753906 0.16503906 255 40 40 1
-0.04003906 0.22753906 0.16503906 255 40 40 1
-0.04394531 0.25292969 0.12402344 40 230 120 2
-0.04589844 0.25097656 0.12402344 40 230 120 2
-0.04394531 0.25097656 0.12597656 40 230 120 2
-0.04394531 0.25097656 0.12402344 40 230 120 2
-0.05957031 0.25292969 0.13378906 255 40 40 1
-0.05957031 0.25097656 0.13574219 255 40 40 1
-0.05957031 0.25292969 0.13574219 255 40 40 1
-0.12011719 -0.08691406 -0.40917969 40 230 120 2
-0.12207031 -0.08691406 -0.40722656 40 230 120 2
-0.12011719 -0.08300781 -0.42675781 255 40 40 1
-0.11816406 -0.08300781 -0.42675781 255 40 40 1
-0.12988281 -0.09082031 -0.39941406 255 40 40 1
-0.11425781 -0.09082031 -0.40136719 255 40 40 1
-0.12207031 -0.08691406 -0.41113281 40 230 120 2
-0.12207031 -0.08691406 -0.40917969 40 230 120 2
-0.11425781 -0.08886719 -0.40136719 255 40 40 1
-0.12988281 -0.07714844 -0.43261719 40 230 120 2
-0.13378906 -0.08105469 -0.42675781 255 40 40 1
-0.12011719 -0.08300781 -0.42871094 255 40 40 1
-0.12988281 -0.07714844 -0.43457031 40 230 120 2
-0.12988281 -0.07910156 -0.43261719 40 230 120 2
-0.12792969 -0.07714844 -0.43261719 40 230 120 2
-0.11816406 -0.07519531 -0.44433594 40 230 120 2
-0.12402344 -0.07128906 -0.44824219 255 40 40 1
-0.12011719 -0.07519531 -0.44433594 40 230 120 2
-0.11816406 -0.07519531 -0.44238281 40 230 120 2
-0.12402344 -0.07128906 -0.45019531 255 40 40 1
-0.11816406 -0.07324219 -0.44433594 40 230 120 2
-0.11816406 -0.08300781 -0.42871094 255 40 40 1
-0.11035156 -0.08496094 -0.42089844 40 230 120 2
-0.10839844 -0.08300781 -0.42089844 40 230 120 2
-0.10839844 -0.08496094 -0.42089844 40 230 120 2
-0.10839844 -0.08496094 -0.41894531 40 230 120 2
-0.11035156 -0.09667969 -0.37011719 255 40 40 1
-0.11035156 -0.09667969 -0.37207031 255 40 40 1
-0.12402344 -0.09472656 -0.37988281 40 230 120 2
-0.12402344 -0.09472656 -0.38183594 40 230 120 2
-0.12207031 -0.09472656 -0.38183594 40 230 120 2
-0.12207031 -0.09472656 -0.37988281 40 230 120 2
-0.10644531 -0.09082031 -0.39160156 40 230 120 2
-0.11425781 -0.09082031 -0.39941406 255 40 40 1
-0.10839844 -0.09082031 -0.39160156 40 230 120 2
-0.10839844 -0.09082031 -0.38964844 40 230 120 2
-0.10839844 -0.09277344 -0.38964844 40 230 120 2
-0.09277344 -0.09472656 -0.37011719 255 40 40 1
-0.09667969 -0.09667969 -0.36035156 40 230 120 2
-0.10839844 -0.09667969 -0.37011719 255 40 40 1
-0.09667969 -0.09863281 -0.35839844 40 230 120 2
-0.09667969 -0.09667969 -0.35839844 40 230 120 2
-0.09863281 -0.09667969 -0.36035156 40 230 120 2
-0.10644531 -0.10449219 -0.33496094 255 40 40 1
-0.10644531 -0.10253906 -0.33691406 255 40 40 1
-0.11425781 -0.10058594 -0.34472656 40 230 120 2
-0.10644531 -0.10449219 -0.33691406 255 40 40 1
-0.11621094 -0.10058594 -0.34667969 40 230 120 2
-0.11035156 -0.09667969 -0.36816406 255 40 40 1
-0.11425781 -0.10058594 -0.34667969 40 230 120 2
-0.11230469 -0.10058594 -0.34667969 40 230 120 2
-0.11425781 -0.12988281 -0.21386719 255 40 40 1
-0.10644531 -0.12597656 -0.22558594 40 230 120 2
-0.10449219 -0.12597656 -0.22753906 40 230 120 2
-0.10449219 -0.12597656 -0.22558594 40 230 120 2
-0.08496094 -0.12988281 -0.21386719 255 40 40 1
-0.10644531 -0.12597656 -0.22753906 40 230 120 2
-0.11230469 -0.12988281 -0.21191406 255 40 40 1
-0.11425781 -0.12988281 -0.21191406 255 40 40 1
-0.08105469 -0.12597656 -0.24121094 40 230 120 2
-0.09277344 -0.12402344 -0.25683594 255 40 40 1
-0.08300781 -0.12597656 -0.24316406 40 230 120 2
-0.08105469 -0.12597656 -0.24316406 40 230 120 2
-0.08300781 -0.12597656 -0.24121094 40 230 120 2
-0.08300781 -0.12988281 -0.21386719 255 40 40 1
-0.10253906 -0.14355469 -0.16113281 255 40 40 1
-0.09277344 -0.14160156 -0.17089844 40 230 120 2
-0.10839844 -0.13574219 -0.18847656 255 40 40 1
-0.09472656 -0.13964844 -0.17089844 40 230 120 2
-0.09277344 -0.13964844 -0.17285156 40 230 120 2
-0.09277344 -0.13964844 -0.17089844 40 230 120 2
-0.10449219 -0.14355469 -0.16308594 255 40 40 1
-0.12011719 -0.13769531 -0.17675781 40 230 120 2
-0.12011719 -0.13574219 -0.17675781 40 230 120 2
-0.12011719 -0.13574219 -0.17871094 40 230 120 2
-0.12207031 -0.13574219 -0.17871094 40 230 120 2
-0.11035156 -0.13574219 -0.18847656 255 40 40 1
-0.10449219 -0.14355469 -0.16113281 255 40 40 1
-0.11816406 -0.12011719 -0.25488281 255 40 40 1
-0.09472656 -0.12402344 -0.25683594 255 40 40 1
-0.10449219 -0.11816406 -0.27050781 40 230 120 2
-0.10449219 -0.11816406 -0.26855469 40 230 120 2
-0.09472656 -0.12207031 -0.25683594 255 40 40 1
-0.10449219 -0.11621094 -0.26855469 40 230 120 2
-0.10449219 -0.11621094 -0.27050781 40 230 120 2
-0.11816406 -0.11816406 -0.25488281 255 40 40 1
-0.09277344 -0.12402344 -0.25878906 255 40 40 1
-0.10058594 -0.10839844 -0.29785156 255 40 40 1
-0.11816406 -0.10644531 -0.30957031 40 230 120 2
-0.12597656 -0.10253906 -0.33300781 255 40 40 1
-0.12402344 -0.10839844 -0.29785156 255 40 40 1
-0.11816406 -0.10644531 -0.30761719 40 230 120 2
-0.11621094 -0.10644531 -0.30761719 40 230 120 2
-0.11621094 -0.10644531 -0.30957031 40 230 120 2
-0.10449219 -0.10449219 -0.33691406 255 40 40 1
-0.09667969 -0.10449219 -0.32128906 40 230 120 2
-0.08886719 -0.10058594 -0.33691406 255 40 40 1
-0.09863281 -0.10449219 -0.32324219 40 230 120 2
-0.09863281 -0.10449219 -0.32128906 40 230 120 2
-0.09667969 -0.10449219 -0.32324219 40 230 120 2
-0.07910156 -0.11035156 -0.29785156 255 40 40 1
-0.07910156 -0.10839844 -0.29785156 255 40 40 1
-0.08300781 -0.11230469 -0.28613281 40 230 120 2
-0.09863281 -0.10839844 -0.29589844 255 40 40 1
-0.09863281 -0.10839844 -0.29785156 255 40 40 1
-0.08496094 -0.11230469 -0.28613281 40 230 120 2
-0.08300781 -0.11425781 -0.28417969 40 230 120 2
-0.08300781 -0.11230469 -0.28417969 40 230 120 2
-0.10058594 -0.10839844 -0.29589844 255 40 40 1
-0.08105469 -0.10839844 -0.29980469 255 40 40 1
0.08886719 0.23730469 -0.19042969 255 40 40 1
0.08886719 0.23925781 -0.19042969 255 40 40 1
0.09667969 0.24511719 -0.17285156 255 40 40 1
0.09667969 0.24316406 -0.17285156 255 40 40 1
0.09082031 0.23730469 -0.19042969 255 40 40 1
0.10644531 0.23535156 -0.18261719 40 230 120 2
0.10644531 0.23535156 -0.18066406 40 230 120 2
0.10644531 0.23730469 -0.18261719 40 230 120 2
0.10644531 0.23730469 -0.18066406 40 230 120 2
-0.11230469 0.16699219 -0.29589844 255 40 40 1
-0.11230469 0.16699219 -0.29785156 255 40 40 1
-0.11230469 0.16503906 -0.29785156 255 40 40 1
-0.12792969 0.17089844 -0.28027344 40 230 120 2
-0.12792969 0.16894531 -0.28027344 40 230 120 2
-0.12988281 0.16894531 -0.28027344 40 230 120 2
-0.13574219 0.15917969 -0.29394531 255 40 40 1
-0.11425781 0.16699219 -0.29785156 255 40 40 1
-0.12792969 0.16894531 -0.28222656 40 230 120 2
-0.10253906 0.15332031 -0.32714844 40 230 120 2
-0.10253906 0.15332031 -0.32519531 40 230 120 2
-0.08886719 0.16894531 -0.30175781 255 40 40 1
-0.10058594 0.15332031 -0.32519531 40 230 120 2
-0.11621094 0.14355469 -0.33496094 255 40 40 1
-0.10058594 0.15332031 -0.32714844 40 230 120 2
-0.11621094 0.14355469 -0.33691406 255 40 40 1
-0.00292969 0.19824219 -0.26269531 255 40 40 1
0.00878906 0.19042969 -0.27050781 40 230 120 2
0.01074219 0.19042969 -0.26855469 40 230 120 2
0.00878906 0.19042969 -0.26855469 40 230 120 2
0.01074219 0.19042969 -0.27050781 40 230 120 2
-0.12207031 0.14941406 -0.32324219 40 230 120 2
-0.11816406 0.14355469 -0.33691406 255 40 40 1
-0.12207031 0.14941406 -0.32128906 40 230 120 2
-0.12207031 0.14746094 -0.32324219 40 230 120 2
-0.11816406 0.14355469 -0.33496094 255 40 40 1
-0.12207031 0.14746094 -0.32128906 40 230 120 2
-0.12792969 0.06933594 -0.42480469 255 40 40 1
-0.12988281 0.06933594 -0.42285156 255 40 40 1
-0.13574219 0.07324219 -0.41308594 40 230 120 2
-0.12988281 0.06933594 -0.42480469 255 40 40 1
-0.12988281 0.06738281 -0.42480469 255 40 40 1
-0.13769531 0.07324219 -0.41503906 40 230 120 2
-0.13769531 0.07324219 -0.41308594 40 230 120 2
-0.13769531 0.07519531 -0.41308594 40 230 120 2
-0.12207031 0.08691406 -0.40722656 40 230 120 2
-0.12207031 0.08691406 -0.40917969 40 230 120 2
-0.12402344 0.09277344 -0.39941406 255 40 40 1
-0.12207031 0.08496094 -0.40917969 40 230 120 2
-0.12011719 0.08691406 -0.40917969 40 230 120 2
-0.12597656 0.09277344 -0.39941406 255 40 40 1
-0.11621094 0.06933594 -0.42871094 255 40 40 1
-0.12011719 0.06152344 -0.43261719 40 230 120 2
-0.12207031 0.06152344 -0.43261719 40 230 120 2
-0.12207031 0.06152344 -0.43457031 40 230 120 2
-0.12207031 0.05957031 -0.43261719 40 230 120 2
-0.13183594 0.04394531 -0.44238281 255 40 40 1
-0.13183594 0.04394531 -0.44433594 255 40 40 1
-0.13378906 0.05175781 -0.43652344 40 230 120 2
-0.13378906 0.04394531 -0.44433594 255 40 40 1
-0.13574219 0.05175781 -0.43652344 40 230 120 2
-0.13574219 0.05175781 -0.43457031 40 230 120 2
-0.14550781 0.04199219 -0.44042969 255 40 40 1
-0.13574219 0.05371094 -0.43652344 40 230 120 2
-0.14550781 0.04394531 -0.44042969 255 40 40 1
-0.12402344 0.09277344 -0.39746094 255 40 40 1
-0.12597656 0.09277344 -0.39746094 255 40 40 1
-0.12792969 0.10058594 -0.38964844 40 230 120 2
-0.12988281 0.10058594 -0.38769531 40 230 120 2
-0.12988281 0.09863281 -0.38964844 40 230 120 2
-0.12988281 0.10058594 -0.38964844 40 230 120 2
-0.12207031 0.11816406 -0.37011719 255 40 40 1
-0.13378906 0.12402344 -0.35644531 40 230 120 2
-0.13378906 0.12207031 -0.35644531 40 230 120 2
-0.13378906 0.12207031 -0.35839844 40 230 120 2
-0.12207031 0.12011719 -0.37011719 255 40 40 1
-0.13183594 0.12207031 -0.35644531 40 230 120 2
-0.12011719 0.12011719 -0.37011719 255 40 40 1
-0.11230469 0.13574219 -0.35058594 40 230 120 2
-0.11230469 0.13574219 -0.34863281 40 230 120 2
-0.11230469 0.13769531 -0.34863281 40 230 120 2
-0.11425781 0.13574219 -0.34863281 40 230 120 2
-0.12011719 0.11816406 -0.37011719 255 40 40 1
-0.11035156 0.11230469 -0.38183594 40 230 120 2
-0.11230469 0.11230469 -0.38183594 40 230 120 2
-0.11230469 0.11425781 -0.38183594 40 230 120 2
-0.11230469 0.11230469 -0.38378906 40 230 120 2
-0.13574219 0.02050781 -0.46191406 255 40 40 1
-0.14160156 0.01074219 -0.46777344 40 230 120 2
-0.13769531 0.00683594 -0.47558594 255 40 40 1
-0.13769531 0.00683594 -0.47363281 255 40 40 1
-0.14941406 0.00683594 -0.46972656 255 40 40 1
-0.14160156 0.01269531 -0.46972656 40 230 120 2
-0.14941406 0.00878906 -0.46972656 255 40 40 1
-0.14160156 0.01269531 -0.46777344 40 230 120 2
-0.14160156 0.01074219 -0.46972656 40 230 120 2
-0.13574219 0.02246094 -0.45996094 255 40 40 1
-0.14355469 0.03027344 -0.45214844 40 230 120 2
-0.14355469 0.02832031 -0.45410156 40 230 120 2
-0.14746094 0.02246094 -0.45410156 255 40 40 1
-0.14160156 0.02832031 -0.45214844 40 230 120 2
-0.14355469 0.02832031 -0.45214844 40 230 120 2
-0.12988281 0.03613281 -0.45019531 40 230 120 2
-0.12988281 0.03613281 -0.45214844 40 230 120 2
-0.13183594 0.04199219 -0.44433594 255 40 40 1
-0.12988281 0.03808594 -0.45019531 40 230 120 2
-0.12792969 0.03613281 -0.45019531 40 230 120 2
-0.13574219 0.02246094 -0.46191406 255 40 40 1
-0.12597656 0.02246094 -0.46582031 255 40 40 1
-0.12988281 0.01855469 -0.46777344 40 230 120 2
-0.12792969 0.01660156 -0.46777344 40 230 120 2
-0.12988281 0.01660156 -0.46972656 40 230 120 2
-0.12988281 0.01660156 -0.46777344 40 230 120 2
-0.13964844 0.00097656 -0.48730469 255 40 40 1
-0.14746094 0.00292969 -0.47949219 40 230 120 2
-0.14746094 0.00097656 -0.47949219 40 230 120 2
-0.14550781 0.00292969 -0.47949219 40 230 120 2
-0.14746094 0.00292969 -0.47753906 40 230 120 2
-0.13378906 0.00488281 -0.48144531 40 230 120 2
-0.13574219 0.00488281 -0.47949219 40 230 120 2
-0.13769531 0.00097656 -0.48730469 255 40 40 1
-0.13964844 0.00097656 -0.48925781 255 40 40 1
-0.13574219 0.00488281 -0.48339844 40 230 120 2
-0.13574219 0.00488281 -0.48144531 40 230 120 2
-0.13183594 -0.00292969 -0.49121094 40 230 120 2
-0.12988281 -0.00488281 -0.49121094 40 230 120 2
-0.12988281 -0.00292969 -0.49121094 40 230 120 2
-0.15136719 -0.01074219 -0.48535156 255 40 40 1
-0.15136719 -0.01269531 -0.48535156 255 40 40 1
-0.14355469 -0.00878906 -0.48730469 40 230 120 2
-0.14355469 -0.00683594 -0.48730469 40 230 120 2
-0.14160156 -0.00878906 -0.48730469 40 230 120 2
-0.14160156 -0.00683594 -0.48730469 40 230 120 2
-0.14160156 -0.05761719 -0.46386719 255 40 40 1
-0.12988281 -0.05761719 -0.46777344 255 40 40 1
-0.13964844 -0.05371094 -0.46777344 40 230 120 2
-0.13964844 -0.05175781 -0.46972656 40 230 120 2
-0.12988281 -0.05761719 -0.46972656 255 40 40 1
-0.13964844 -0.05371094 -0.46972656 40 230 120 2
-0.13769531 -0.05371094 -0.46972656 40 230 120 2
-0.13378906 -0.04394531 -0.48144531 255 40 40 1
-0.12988281 -0.04785156 -0.47949219 40 230 120 2
-0.12988281 -0.04785156 -0.47753906 40 230 120 2
-0.12792969 -0.04785156 -0.47949219 40 230 120 2
-0.12792969 -0.04785156 -0.47753906 40 230 120 2
-0.13378906 -0.04199219 -0.48144531 255 40 40 1
-0.11816406 -0.05761719 -0.46972656 255 40 40 1
-0.11425781 -0.07128906 -0.45410156 255 40 40 1
-0.12011719 -0.06152344 -0.46582031 40 230 120 2
-0.12792969 -0.05761719 -0.46777344 255 40 40 1
-0.12011719 -0.06152344 -0.46386719 40 230 120 2
-0.12207031 -0.06152344 -0.46386719 40 230 120 2
-0.12011719 -0.06347656 -0.46386719 40 230 120 2
-0.11816406 -0.05957031 -0.46972656 255 40 40 1
-0.12988281 -0.05957031 -0.46777344 255 40 40 1
-0.12988281 -0.06542969 -0.45410156 40 230 120 2
-0.12988281 -0.06738281 -0.45410156 40 230 120 2
-0.12988281 -0.06542969 -0.45605469 40 230 120 2
-0.12988281 -0.06738281 -0.45605469 40 230 120 2
-0.12402344 -0.06933594 -0.45019531 255 40 40 1
-0.13574219 -0.06933594 -0.44628906 255 40 40 1
-0.14550781 -0.04394531 -0.47558594 255 40 40 1
-0.13769531 -0.02832031 -0.48730469 255 40 40 1
-0.13378906 -0.04199219 -0.47949219 255 40 40 1
-0.13769531 -0.03613281 -0.48144531 40 230 120 2
-0.13769531 -0.02832031 -0.48925781 255 40 40 1
-0.13769531 -0.03808594 -0.48144531 40 230 120 2
-0.13964844 -0.03808594 -0.47949219 40 230 120 2
-0.13964844 -0.03808594 -0.48144531 40 230 120 2
-0.14550781 -0.02050781 -0.48535156 40 230 120 2
-0.14941406 -0.02636719 -0.48339844 255 40 40 1
-0.14941406 -0.02832031 -0.48339844 255 40 40 1
-0.13769531 -0.02636719 -0.48730469 255 40 40 1
-0.14550781 -0.02246094 -0.48535156 40 230 120 2
-0.14550781 -0.02246094 -0.48339844 40 230 120 2
-0.14746094 -0.02246094 -0.48535156 40 230 120 2
-0.13574219 -0.01660156 -0.49121094 40 230 120 2
-0.13769531 -0.02636719 -0.48925781 255 40 40 1
-0.13378906 -0.01660156 -0.49121094 40 230 120 2
-0.13378906 -0.01660156 -0.49316406 40 230 120 2
-0.13378906 -0.01464844 -0.49121094 40 230 120 2
-0.12792969 -0.03222656 -0.48925781 40 230 120 2
-0.12792969 -0.03222656 -0.48730469 40 230 120 2
-0.12597656 -0.02636719 -0.49121094 255 40 40 1
-0.12988281 -0.03222656 -0.48730469 40 230 120 2
-0.12988281 -0.03222656 -0.48925781 40 230 120 2
-0.08886719 0.23535156 -0.07910156 40 230 120 2
-0.09082031 0.23535156 -0.08105469 40 230 120 2
-0.08886719 0.23535156 -0.08105469 40 230 120 2
-0.08886719 0.23339844 -0.08105469 40 230 120 2
-0.07128906 0.24316406 -0.07128906 255 40 40 1
-0.09277344 0.17675781 -0.28613281 40 230 120 2
-0.09277344 0.17675781 -0.28808594 40 230 120 2
-0.09277344 0.17480469 -0.28613281 40 230 120 2
-0.09082031 0.17675781 -0.28613281 40 230 120 2
-0.11621094 0.19628906 -0.22363281 40 230 120 2
-0.11816406 0.19628906 -0.22363281 40 230 120 2
-0.08886719 0.20605469 -0.21386719 255 40 40 1
-0.11425781 0.19628906 -0.22363281 40 230 120 2
-0.11621094 0.19628906 -0.22558594 40 230 120 2
-0.09082031 0.20605469 -0.21386719 255 40 40 1
-0.12402344 0.20019531 -0.20800781 255 40 40 1
-0.12597656 0.20019531 -0.20996094 255 40 40 1
-0.12597656 0.20019531 -0.20800781 255 40 40 1
-0.08886719 0.20605469 -0.21191406 255 40 40 1
0.06738281 0.23339844 -0.17871094 255 40 40 1
0.06738281 0.23144531 -0.17871094 255 40 40 1
0.04785156 0.22363281 -0.19433594 40 230 120 2
0.04980469 0.22363281 -0.19628906 40 230 120 2
0.04785156 0.22363281 -0.19628906 40 230 120 2
0.05371094 0.22753906 -0.19238281 40 230 120 2
0.05371094 0.22753906 -0.19042969 40 230 120 2
0.05566406 0.22753906 -0.19042969 40 230 120 2
-0.08691406 0.23535156 -0.05761719 40 230 120 2
-0.08886719 0.23339844 -0.05761719 40 230 120 2
-0.08886719 0.23535156 -0.05761719 40 230 120 2
-0.08886719 0.23535156 -0.05566406 40 230 120 2
-0.06738281 0.24121094 -0.10644531 255 40 40 1
-0.05371094 0.26269531 -0.09667969 40 230 120 2
-0.05371094 0.26464844 -0.09863281 40 230 120 2
-0.06738281 0.24121094 -0.10839844 255 40 40 1
-0.05371094 0.26269531 -0.09863281 40 230 120 2
-0.05371094 0.26464844 -0.09667969 40 230 120 2
-0.10644531 0.22949219 -0.13378906 255 40 40 1
-0.12207031 0.22363281 -0.11816406 40 230 120 2
-0.12402344 0.22363281 -0.12011719 40 230 120 2
-0.10449219 0.22949219 -0.09863281 255 40 40 1
-0.10644531 0.22949219 -0.13183594 255 40 40 1
-0.10449219 0.22949219 -0.13378906 255 40 40 1
-0.12402344 0.22363281 -0.11816406 40 230 120 2
-0.12402344 0.22167969 -0.11816406 40 230 120 2
-0.04589844 -0.15527344 -0.09082031 255 40 40 1
-0.08496094 -0.15136719 -0.08496094 255 40 40 1
-0.06347656 -0.15136719 -0.10058594 40 230 120 2
-0.06347656 -0.15332031 -0.10058594 40 230 120 2
-0.05566406 -0.14941406 -0.12597656 255 40 40 1
-0.06152344 -0.15332031 -0.10058594 40 230 120 2
-0.05566406 -0.14941406 -0.12792969 255 40 40 1
-0.06152344 -0.15136719 -0.10058594 40 230 120 2
-0.05761719 -0.14941406 -0.12597656 255 40 40 1
-0.05761719 -0.14941406 -0.12792969 255 40 40 1
-0.02246094 -0.15332031 -0.09277344 255 40 40 1
-0.02832031 -0.14746094 -0.12597656 255 40 40 1
-0.03027344 -0.14746094 -0.12792969 255 40 40 1
-0.02832031 -0.14746094 -0.12792969 255 40 40 1
-0.03613281 -0.14941406 -0.11425781 40 230 120 2
-0.03417969 -0.14941406 -0.11621094 40 230 120 2
-0.03613281 -0.14941406 -0.11621094 40 230 120 2
-0.03417969 -0.14941406 -0.11425781 40 230 120 2
-0.04199219 -0.16113281 -0.05761719 255 40 40 1
-0.06933594 -0.15527344 -0.06347656 40 230 120 2
-0.07128906 -0.15527344 -0.06347656 40 230 120 2
-0.06933594 -0.15527344 -0.06152344 40 230 120 2
-0.08300781 -0.15332031 -0.04785156 255 40 40 1
-0.08105469 -0.15332031 -0.04785156 255 40 40 1
-0.04199219 -0.16113281 -0.05566406 255 40 40 1
-0.07128906 -0.15527344 -0.06152344 40 230 120 2
-0.04589844 -0.15722656 -0.08886719 255 40 40 1
-0.03417969 -0.15722656 -0.07910156 40 230 120 2
-0.02246094 -0.15332031 -0.09082031 255 40 40 1
-0.04589844 -0.15722656 -0.09082031 255 40 40 1
-0.03417969 -0.15722656 -0.08105469 40 230 120 2
-0.03613281 -0.15722656 -0.08105469 40 230 120 2
-0.03613281 -0.15722656 -0.07910156 40 230 120 2
-0.01269531 -0.14746094 -0.05957031 255 40 40 1
-0.02050781 -0.15527344 -0.04785156 40 230 120 2
-0.02050781 -0.15527344 -0.04980469 40 230 120 2
-0.01855469 -0.15527344 -0.04980469 40 230 120 2
-0.01855469 -0.15527344 -0.04785156 40 230 120 2
-0.01464844 -0.14746094 -0.05957031 255 40 40 1
-0.00683594 -0.15917969 -0.02832031 255 40 40 1
-0.04003906 -0.16113281 -0.05761719 255 40 40 1
-0.04003906 -0.16113281 -0.05566406 255 40 40 1
-0.03613281 -0.15332031 -0.02050781 255 40 40 1
-0.05175781 -0.15136719 -0.02441406 40 230 120 2
-0.07714844 -0.14355469 -0.00097656 255 40 40 1
-0.04980469 -0.15136719 -0.02636719 40 230 120 2
-0.07714844 -0.14160156 -0.00097656 255 40 40 1
-0.05175781 -0.15332031 -0.02636719 40 230 120 2
-0.05175781 -0.15136719 -0.02636719 40 230 120 2
0.00683594 -0.15527344 0.08496094 255 40 40 1
0.00878906 -0.14550781 0.06542969 40 230 120 2
0.01074219 -0.14746094 0.06542969 40 230 120 2
0.02246094 -0.13574219 0.07324219 255 40 40 1
0.02246094 -0.13769531 0.07324219 255 40 40 1
0.01074219 -0.14550781 0.06738281 40 230 120 2
0.02246094 -0.13574219 0.07519531 255 40 40 1
0.02246094 -0.13769531 0.07519531 255 40 40 1
0.01074219 -0.14550781 0.06542969 40 230 120 2
0.01660156 -0.12988281 0.04980469 40 230 120 2
0.01660156 -0.12792969 0.04980469 40 230 120 2
0.01855469 -0.12792969 0.04980469 40 230 120 2
0.01855469 -0.12988281 0.04980469 40 230 120 2
0.02441406 -0.12988281 0.07519531 255 40 40 1
0.02832031 -0.12402344 0.11425781 255 40 40 1
0.02246094 -0.13378906 0.11035156 40 230 120 2
0.02050781 -0.14355469 0.13769531 255 40 40 1
0.02441406 -0.13378906 0.10839844 40 230 120 2
0.02832031 -0.12402344 0.11621094 255 40 40 1
0.02246094 -0.13378906 0.10839844 40 230 120 2
0.02441406 -0.13378906 0.11035156 40 230 120 2
0.00683594 -0.12597656 0.03808594 255 40 40 1
0.00878906 -0.12597656 0.03808594 255 40 40 1
0.00878906 -0.12597656 0.04003906 255 40 40 1
-0.00292969 -0.13769531 0.03027344 40 230 120 2
-0.00292969 -0.13769531 0.03222656 40 230 120 2
-0.00097656 -0.13769531 0.03027344 40 230 120 2
-0.00097656 -0.13769531 0.03222656 40 230 120 2
-0.01660156 -0.14160156 0.01660156 255 40 40 1
-0.04589844 -0.13964844 0.01269531 40 230 120 2
-0.04394531 -0.13964844 0.01269531 40 230 120 2
-0.04394531 -0.14160156 0.01269531 40 230 120 2
-0.04394531 -0.13964844 0.01464844 40 230 120 2
-0.03613281 -0.15332031 -0.01855469 255 40 40 1
-0.01660156 -0.14355469 0.01660156 255 40 40 1
-0.03417969 -0.15332031 -0.02050781 255 40 40 1
-0.01464844 -0.14355469 0.01660156 255 40 40 1
-0.01855469 -0.15136719 -0.00878906 40 230 120 2
-0.02050781 -0.15136719 -0.01074219 40 230 120 2
-0.01855469 -0.15136719 -0.01074219 40 230 120 2
-0.02050781 -0.15136719 -0.00878906 40 230 120 2
0.01269531 -0.13769531 0.01464844 255 40 40 1
0.00683594 -0.13574219 0.02246094 40 230 120 2
0.00683594 -0.13378906 0.02246094 40 230 120 2
0.00683594 -0.13574219 0.02441406 40 230 120 2
0.01464844 -0.13769531 0.01464844 255 40 40 1
0.00488281 -0.13574219 0.02246094 40 230 120 2
-0.28222656 0.08496094 0.17089844 255 40 40 1
-0.28027344 0.09472656 0.17285156 40 230 120 2
-0.28417969 0.08496094 0.17089844 255 40 40 1
-0.28222656 0.09472656 0.17285156 40 230 120 2
-0.28027344 0.09277344 0.17285156 40 230 120 2
-0.28222656 0.09277344 0.17285156 40 230 120 2
-0.12207031 -0.11230469 0.24316406 255 40 40 1
-0.13574219 -0.10449219 0.24707031 40 230 120 2
-0.13574219 -0.10449219 0.24511719 40 230 120 2
-0.15136719 -0.09472656 0.24316406 255 40 40 1
-0.13769531 -0.10449219 0.24511719 40 230 120 2
-0.15136719 -0.09472656 0.24121094 255 40 40 1
-0.13574219 -0.10644531 0.24511719 40 230 120 2
0.05761719 -0.26660156 0.18261719 255 40 40 1
0.06542969 -0.24707031 0.18066406 40 230 120 2
0.06542969 -0.24707031 0.18261719 40 230 120 2
0.05957031 -0.26660156 0.18261719 255 40 40 1
0.06542969 -0.24511719 0.18066406 40 230 120 2
0.06347656 -0.24707031 0.18066406 40 230 120 2
-0.15136719 0.21386719 0.16894531 255 40 40 1
-0.14941406 0.21191406 0.16894531 255 40 40 1
-0.15136719 0.21191406 0.16894531 255 40 40 1
-0.15722656 0.19433594 0.17285156 40 230 120 2
-0.15722656 0.19628906 0.17285156 40 230 120 2
-0.14550781 0.18066406 0.15917969 255 40 40 1
-0.15527344 0.19433594 0.17285156 40 230 120 2
-0.15527344 0.19628906 0.17285156 40 230 120 2
-0.04980469 0.24511719 -0.17285156 40 230 120 2
-0.04003906 0.25488281 -0.19238281 255 40 40 1
-0.03613281 0.25878906 -0.15527344 255 40 40 1
-0.06738281 0.22167969 -0.17089844 255 40 40 1
-0.04785156 0.24511719 -0.17480469 40 230 120 2
-0.04785156 0.24707031 -0.17285156 40 230 120 2
-0.04785156 0.24511719 -0.17285156 40 230 120 2
0.04394531 0.26269531 -0.10644531 255 40 40 1
0.04980469 0.24511719 -0.14355469 255 40 40 1
0.04394531 0.26074219 -0.10644531 255 40 40 1
0.05175781 0.24707031 -0.14355469 255 40 40 1
0.01464844 0.27050781 -0.15527344 255 40 40 1
0.03808594 0.25878906 -0.13378906 40 230 120 2
0.03613281 0.25878906 -0.13574219 40 230 120 2
0.03613281 0.25878906 -0.13378906 40 230 120 2
0.03613281 0.26074219 -0.13378906 40 230 120 2
0.01269531 0.27050781 -0.15722656 255 40 40 1
-0.00488281 0.26660156 -0.17871094 40 230 120 2
-0.00488281 0.26464844 -0.17871094 40 230 120 2
-0.00488281 0.26660156 -0.17675781 40 230 120 2
-0.00292969 0.26660156 -0.17871094 40 230 120 2
-0.06152344 0.23339844 -0.14355469 255 40 40 1
-0.04785156 0.25292969 -0.13769531 40 230 120 2
-0.06152344 0.23339844 -0.14160156 255 40 40 1
-0.04785156 0.25488281 -0.13769531 40 230 120 2
-0.04589844 0.25488281 -0.13769531 40 230 120 2
-0.03613281 0.25878906 -0.15332031 255 40 40 1
-0.04199219 0.26855469 -0.11621094 255 40 40 1
-0.04589844 0.25292969 -0.13769531 40 230 120 2
0.07714844 0.25488281 -0.09863281 255 40 40 1
0.09082031 0.25097656 -0.10839844 40 230 120 2
0.09082031 0.24902344 -0.10839844 40 230 120 2
0.09277344 0.25097656 -0.10839844 40 230 120 2
0.08105469 0.24511719 -0.13769531 255 40 40 1
0.09277344 0.24902344 -0.10839844 40 230 120 2
-0.06933594 0.23925781 -0.10644531 255 40 40 1
-0.09277344 0.23339844 -0.11230469 40 230 120 2
-0.09277344 0.23339844 -0.11425781 40 230 120 2
-0.09082031 0.23339844 -0.11230469 40 230 120 2
-0.09082031 0.23339844 -0.11425781 40 230 120 2
-0.03613281 0.22949219 -0.20800781 40 230 120 2
-0.03417969 0.22949219 -0.20800781 40 230 120 2
-0.03613281 0.22949219 -0.20605469 40 230 120 2
-0.03417969 0.22949219 -0.20605469 40 230 120 2
-0.10839844 0.20605469 -0.19628906 40 230 120 2
-0.11035156 0.20605469 -0.19628906 40 230 120 2
-0.12011719 0.20605469 -0.18652344 255 40 40 1
-0.10839844 0.20800781 -0.19433594 40 230 120 2
-0.10839844 0.20605469 -0.19433594 40 230 120 2
-0.10839844 -0.13574219 -0.19042969 255 40 40 1
-0.07910156 -0.13574219 -0.19238281 255 40 40 1
-0.08300781 -0.12988281 -0.21191406 255 40 40 1
-0.08886719 -0.13378906 -0.19628906 40 230 120 2
-0.09082031 -0.13378906 -0.19628906 40 230 120 2
-0.08886719 -0.13378906 -0.19824219 40 230 120 2
-0.08496094 -0.12988281 -0.21191406 255 40 40 1
-0.09082031 -0.13378906 -0.19824219 40 230 120 2
-0.06542969 -0.13183594 -0.20605469 40 230 120 2
-0.06347656 -0.13378906 -0.20605469 40 230 120 2
-0.06542969 -0.13378906 -0.20605469 40 230 120 2
-0.06347656 -0.13183594 -0.20605469 40 230 120 2
0.21972656 -0.08691406 -0.16699219 40 230 120 2
0.22167969 -0.08691406 -0.16699219 40 230 120 2
0.21972656 -0.08496094 -0.16699219 40 230 120 2
0.22167969 -0.08496094 -0.16699219 40 230 120 2
0.26074219 -0.03613281 -0.14941406 255 40 40 1
0.24511719 -0.04785156 -0.16894531 40 230 120 2
0.24902344 -0.03613281 -0.17675781 255 40 40 1
0.24316406 -0.04785156 -0.16894531 40 230 120 2
0.24511719 -0.04785156 -0.17089844 40 230 120 2
0.24511719 -0.04980469 -0.16894531 40 230 120 2
0.26660156 0.00683594 -0.17285156 255 40 40 1
0.26855469 -0.00878906 -0.15527344 40 230 120 2
0.27050781 -0.00878906 -0.15722656 40 230 120 2
0.27050781 -0.00878906 -0.15527344 40 230 120 2
0.27050781 -0.00683594 -0.15527344 40 230 120 2
0.27441406 0.03808594 -0.16308594 40 230 120 2
0.28222656 0.05175781 -0.14550781 255 40 40 1
0.27441406 0.03613281 -0.16503906 40 230 120 2
0.27636719 0.03613281 -0.16308594 40 230 120 2
0.27246094 0.04980469 -0.17285156 255 40 40 1
0.27441406 0.03613281 -0.16308594 40 230 120 2
0.28222656 0.05371094 -0.14550781 255 40 40 1
0.27246094 0.08105469 -0.15722656 40 230 120 2
0.27246094 0.08300781 -0.15722656 40 230 120 2
0.27246094 0.08105469 -0.15527344 40 230 120 2
0.28417969 0.05371094 -0.14550781 255 40 40 1
0.27246094 0.08300781 -0.15527344 40 230 120 2
0.25878906 0.09667969 -0.17480469 255 40 40 1
0.25097656 0.14160156 -0.15722656 255 40 40 1
0.24902344 0.12597656 -0.17285156 40 230 120 2
0.24902344 0.12597656 -0.17089844 40 230 120 2
0.25097656 0.12597656 -0.17285156 40 230 120 2
0.25097656 0.12597656 -0.17089844 40 230 120 2
0.21777344 0.17675781 -0.16308594 255 40 40 1
0.21972656 0.17675781 -0.16308594 255 40 40 1
0.24902344 0.14160156 -0.15527344 255 40 40 1
0.22558594 0.16308594 -0.16894531 40 230 120 2
0.22558594 0.16503906 -0.17089844 40 230 120 2
0.22558594 0.16503906 -0.16894531 40 230 120 2
0.22363281 0.16503906 -0.16894531 40 230 120 2
0.18066406 0.20605469 -0.17285156 255 40 40 1
0.16894531 0.20214844 -0.19628906 255 40 40 1
0.18652344 0.19433594 -0.18652344 40 230 120 2
0.18457031 0.19628906 -0.18652344 40 230 120 2
0.18457031 0.19433594 -0.18457031 40 230 120 2
0.17871094 0.20605469 -0.17285156 255 40 40 1
0.18457031 0.19433594 -0.18652344 40 230 120 2
-0.16503906 -0.12207031 -0.19042969 40 230 120 2
-0.16503906 -0.12402344 -0.19042969 40 230 120 2
-0.16503906 -0.12207031 -0.18847656 40 230 120 2
-0.14941406 -0.12988281 -0.18457031 255 40 40 1
-0.15136719 -0.12792969 -0.18261719 255 40 40 1
-0.16503906 -0.12402344 -0.18847656 40 230 120 2
-0.11425781 -0.12988281 -0.20996094 255 40 40 1
-0.12402344 -0.12988281 -0.20410156 40 230 120 2
-0.12597656 -0.12988281 -0.20214844 40 230 120 2
-0.12402344 -0.13183594 -0.20214844 40 230 120 2
-0.11035156 -0.13574219 -0.19042969 255 40 40 1
-0.12402344 -0.12988281 -0.20214844 40 230 120 2
-0.03808594 -0.13964844 -0.20019531 40 230 120 2
-0.03808594 -0.13964844 -0.20214844 40 230 120 2
-0.04980469 -0.13769531 -0.19238281 255 40 40 1
-0.03613281 -0.13964844 -0.20214844 40 230 120 2
-0.03613281 -0.13964844 -0.20019531 40 230 120 2
0.00878906 -0.15917969 -0.19628906 255 40 40 1
-0.00683594 -0.15136719 -0.20996094 40 230 120 2
-0.00878906 -0.14941406 -0.20996094 40 230 120 2
-0.00683594 -0.15136719 -0.21191406 40 230 120 2
-0.00683594 -0.14941406 -0.20996094 40 230 120 2
0.05957031 -0.16113281 -0.19042969 255 40 40 1
0.03808594 -0.15722656 -0.20019531 40 230 120 2
0.01074219 -0.15917969 -0.19628906 255 40 40 1
0.04003906 -0.15917969 -0.20019531 40 230 120 2
0.04003906 -0.15722656 -0.20019531 40 230 120 2
0.03808594 -0.15917969 -0.20019531 40 230 120 2
0.08691406 -0.15136719 -0.19824219 40 230 120 2
0.08691406 -0.15332031 -0.20019531 40 230 120 2
0.08691406 -0.15136719 -0.20019531 40 230 120 2
0.08886719 -0.15136719 -0.20019531 40 230 120 2
0.09863281 -0.14746094 -0.20605469 255 40 40 1
0.14160156 -0.13964844 -0.18457031 40 230 120 2
0.13964844 -0.13964844 -0.18457031 40 230 120 2
0.14160156 -0.13964844 -0.18261719 40 230 120 2
0.13964844 -0.13964844 -0.18261719 40 230 120 2
0.18652344 -0.10449219 -0.18847656 255 40 40 1
0.16894531 -0.12011719 -0.18847656 40 230 120 2
0.17089844 -0.12011719 -0.18847656 40 230 120 2
0.18066406 -0.11425781 -0.18457031 40 230 120 2
0.16699219 -0.12011719 -0.18847656 40 230 120 2
0.17871094 -0.11425781 -0.18261719 40 230 120 2
0.18066406 -0.11425781 -0.18261719 40 230 120 2
0.18066406 -0.11621094 -0.18261719 40 230 120 2
-0.23925781 0.13769531 -0.18066406 255 40 40 1
-0.20605469 0.16894531 -0.18066406 255 40 40 1
-0.22558594 0.14550781 -0.18652344 40 230 120 2
-0.22753906 0.14550781 -0.18847656 40 230 120 2
-0.22558594 0.14550781 -0.18847656 40 230 120 2
-0.22753906 0.14550781 -0.18652344 40 230 120 2
-0.26074219 0.09863281 -0.18066406 255 40 40 1
-0.25097656 0.10839844 -0.19628906 40 230 120 2
-0.25097656 0.10644531 -0.19433594 40 230 120 2
-0.25683594 0.09472656 -0.20410156 255 40 40 1
-0.25292969 0.10644531 -0.19628906 40 230 120 2
-0.25097656 0.10644531 -0.19628906 40 230 120 2
-0.26074219 0.09667969 -0.18066406 255 40 40 1
-0.26269531 0.09667969 -0.18066406 255 40 40 1
-0.27246094 0.05566406 -0.18066406 255 40 40 1
-0.26855469 0.06933594 -0.18847656 40 230 120 2
-0.27246094 0.05371094 -0.20410156 255 40 40 1
-0.26855469 0.06738281 -0.18847656 40 230 120 2
-0.27050781 0.06738281 -0.18847656 40 230 120 2
-0.27050781 0.06933594 -0.18847656 40 230 120 2
-0.27246094 0.02832031 -0.19628906 40 230 120 2
-0.27246094 0.02832031 -0.19433594 40 230 120 2
-0.27246094 0.02636719 -0.19433594 40 230 120 2
-0.27246094 0.01464844 -0.18066406 255 40 40 1
-0.27246094 0.02636719 -0.19628906 40 230 120 2
-0.27246094 0.01269531 -0.17871094 255 40 40 1
-0.27246094 0.01269531 -0.18066406 255 40 40 1
-0.26269531 -0.02246094 -0.17871094 255 40 40 1
-0.26464844 -0.00878906 -0.18652344 40 230 120 2
-0.26660156 -0.00878906 -0.18652344 40 230 120 2
-0.26464844 -0.01074219 -0.18847656 40 230 120 2
-0.26464844 -0.01074219 -0.18652344 40 230 120 2
-0.25097656 -0.04394531 -0.19238281 40 230 120 2
-0.25097656 -0.04394531 -0.19628906 40 230 120 2
-0.25097656 -0.04394531 -0.19433594 40 230 120 2
-0.25097656 -0.04589844 -0.19433594 40 230 120 2
-0.22167969 -0.08300781 -0.20214844 255 40 40 1
-0.23144531 -0.07519531 -0.18652344 40 230 120 2
-0.22949219 -0.07519531 -0.18457031 40 230 120 2
-0.23144531 -0.07519531 -0.18457031 40 230 120 2
-0.22949219 -0.07519531 -0.18652344 40 230 120 2
-0.20214844 -0.10253906 -0.19433594 40 230 120 2
-0.19238281 -0.11425781 -0.18066406 255 40 40 1
-0.19433594 -0.10839844 -0.20410156 255 40 40 1
-0.20410156 -0.10253906 -0.19433594 40 230 120 2
-0.20214844 -0.10253906 -0.19628906 40 230 120 2
-0.20410156 -0.10253906 -0.19628906 40 230 120 2
0.14550781 0.21972656 -0.18652344 40 230 120 2
0.14746094 0.21777344 -0.18652344 40 230 120 2
0.14746094 0.21777344 -0.18457031 40 230 120 2
0.14550781 0.21777344 -0.18652344 40 230 120 2
0.09667969 0.23144531 -0.20214844 40 230 120 2
0.09667969 0.22949219 -0.20410156 40 230 120 2
0.09863281 0.22949219 -0.20214844 40 230 120 2
0.09667969 0.22949219 -0.20214844 40 230 120 2
0.04003906 0.21777344 -0.20605469 40 230 120 2
0.04199219 0.21777344 -0.20410156 40 230 120 2
0.04003906 0.21777344 -0.20214844 255 40 40 1
0.04199219 0.21972656 -0.20410156 40 230 120 2
0.00488281 0.22167969 -0.20996094 40 230 120 2
-0.00097656 0.23925781 -0.19824219 255 40 40 1
0.02441406 0.21191406 -0.21777344 255 40 40 1
0.02441406 0.20996094 -0.21777344 255 40 40 1
0.00097656 0.23925781 -0.19824219 255 40 40 1
0.02246094 0.20996094 -0.21777344 255 40 40 1
0.00292969 0.22167969 -0.20996094 40 230 120 2
0.00488281 0.22167969 -0.21191406 40 230 120 2
0.00488281 0.22363281 -0.20996094 40 230 120 2
-0.07128906 0.21777344 -0.20410156 40 230 120 2
-0.07128906 0.21777344 -0.20605469 40 230 120 2
-0.07910156 0.21191406 -0.19238281 255 40 40 1
-0.07324219 0.21582031 -0.20410156 40 230 120 2
-0.07324219 0.21777344 -0.20410156 40 230 120 2
-0.07910156 0.21386719 -0.19238281 255 40 40 1
-0.19238281 0.17089844 -0.19433594 40 230 120 2
-0.19042969 0.17089844 -0.19433594 40 230 120 2
-0.20410156 0.16113281 -0.20214844 255 40 40 1
-0.19042969 0.17285156 -0.19433594 40 230 120 2
-0.20214844 0.16113281 -0.20214844 255 40 40 1
-0.19238281 0.17285156 -0.19433594 40 230 120 2
-0.20410156 0.16699219 -0.18066406 255 40 40 1
-0.20410156 0.16894531 -0.18066406 255 40 40 1
0.00097656 0.12792969 -0.36816406 255 40 40 1
-0.00292969 0.13574219 -0.36035156 40 230 120 2
-0.00488281 0.13574219 -0.35839844 40 230 120 2
-0.00292969 0.13574219 -0.35839844 40 230 120 2
-0.00097656 0.12792969 -0.36621094 255 40 40 1
-0.00292969 0.13769531 -0.35839844 40 230 120 2
0.04785156 0.23144531 -0.19238281 255 40 40 1
0.04785156 0.23144531 -0.19433594 255 40 40 1
0.04589844 0.23144531 -0.19238281 255 40 40 1
0.02636719 0.25683594 -0.17675781 40 230 120 2
0.04589844 0.23144531 -0.19433594 255 40 40 1
0.02636719 0.25683594 -0.17871094 40 230 120 2
0.02441406 0.25683594 -0.17871094 40 230 120 2
0.02441406 0.25683594 -0.17675781 40 230 120 2
0.09667969 0.24511719 -0.17089844 255 40 40 1
0.11621094 0.25097656 -0.13183594 255 40 40 1
0.11621094 0.24902344 -0.13183594 255 40 40 1
0.12207031 0.24121094 -0.15332031 40 230 120 2
0.15136719 0.23144531 -0.15332031 255 40 40 1
0.09863281 0.24511719 -0.17285156 255 40 40 1
0.15332031 0.23144531 -0.15332031 255 40 40 1
0.12207031 0.24316406 -0.15332031 40 230 120 2
0.12207031 0.24121094 -0.15136719 40 230 120 2
0.12207031 0.24316406 -0.15136719 40 230 120 2
-0.04394531 0.15722656 -0.34667969 255 40 40 1
-0.01660156 0.16308594 -0.32714844 40 230 120 2
-0.01855469 0.16308594 -0.32910156 40 230 120 2
-0.01855469 0.16113281 -0.32910156 40 230 120 2
-0.01855469 0.16308594 -0.32714844 40 230 120 2
-0.04199219 -0.14550781 -0.16308594 255 40 40 1
-0.05371094 -0.14550781 -0.15136719 40 230 120 2
-0.05371094 -0.14550781 -0.15332031 40 230 120 2
-0.06738281 -0.14355469 -0.16503906 255 40 40 1
-0.05566406 -0.14550781 -0.15332031 40 230 120 2
-0.05566406 -0.14550781 -0.15136719 40 230 120 2
-0.06933594 -0.14355469 -0.16503906 255 40 40 1
-0.08691406 -0.14550781 -0.15136719 40 230 120 2
-0.08886719 -0.14550781 -0.14941406 40 230 120 2
-0.08886719 -0.14550781 -0.15136719 40 230 120 2
-0.09472656 -0.14941406 -0.12597656 255 40 40 1
-0.08886719 -0.14355469 -0.15136719 40 230 120 2
-0.09277344 -0.14941406 -0.12597656 255 40 40 1
-0.09277344 -0.14941406 -0.12402344 255 40 40 1
-0.06347656 0.23339844 -0.14355469 255 40 40 1
-0.06347656 0.23339844 -0.14160156 255 40 40 1
-0.11425781 0.21582031 -0.16113281 255 40 40 1
-0.09472656 0.22753906 -0.14550781 40 230 120 2
-0.11425781 0.21582031 -0.15917969 255 40 40 1
-0.09277344 0.22753906 -0.14550781 40 230 120 2
-0.09472656 0.22558594 -0.14550781 40 230 120 2
-0.09277344 0.22558594 -0.14550781 40 230 120 2
0.06738281 0.23339844 -0.17675781 255 40 40 1
0.05761719 0.23535156 -0.17285156 40 230 120 2
0.05566406 0.23535156 -0.17285156 40 230 120 2
0.05371094 0.23535156 -0.17285156 40 230 120 2
0.05566406 0.23535156 -0.17089844 40 230 120 2
0.19824219 0.21191406 -0.14160156 255 40 40 1
0.20996094 0.21972656 -0.10644531 255 40 40 1
0.18847656 0.22167969 -0.13378906 40 230 120 2
0.18847656 0.21972656 -0.13378906 40 230 120 2
0.18652344 0.21972656 -0.13378906 40 230 120 2
0.18652344 0.22167969 -0.13378906 40 230 120 2
-0.17871094 0.19628906 -0.13964844 40 230 120 2
-0.16503906 0.20996094 -0.12402344 255 40 40 1
-0.18847656 0.18847656 -0.14550781 40 230 120 2
-0.19042969 0.18652344 -0.14550781 40 230 120 2
-0.19042969 0.18847656 -0.14550781 40 230 120 2
-0.17871094 0.19433594 -0.14160156 40 230 120 2
-0.17871094 0.19628906 -0.14160156 40 230 120 2
-0.17675781 0.19628906 -0.14160156 40 230 120 2
-0.11621094 0.21582031 -0.16113281 255 40 40 1
-0.12792969 0.21582031 -0.14746094 40 230 120 2
-0.11621094 0.21582031 -0.15917969 255 40 40 1
-0.10644531 0.22753906 -0.13378906 255 40 40 1
-0.12988281 0.21582031 -0.14941406 40 230 120 2
-0.12792969 0.21582031 -0.14941406 40 230 120 2
-0.12988281 0.21582031 -0.14746094 40 230 120 2
-0.05957031 0.27246094 -0.05371094 40 230 120 2
-0.05957031 0.27050781 -0.05371094 40 230 120 2
-0.05957031 0.26855469 -0.05371094 40 230 120 2
-0.05175781 0.28027344 -0.07128906 255 40 40 1
-0.06933594 0.24316406 -0.07128906 255 40 40 1
-0.05175781 0.28222656 -0.07128906 255 40 40 1
-0.06933594 0.24316406 -0.06933594 255 40 40 1
-0.05957031 0.27050781 -0.05566406 40 230 120 2
-0.27246094 0.01660156 -0.14746094 255 40 40 1
-0.27441406 0.04199219 -0.13574219 40 230 120 2
-0.27246094 0.01464844 -0.14746094 255 40 40 1
-0.27441406 0.04199219 -0.13378906 40 230 120 2
-0.27441406 0.05761719 -0.14746094 255 40 40 1
-0.27246094 0.04199219 -0.13574219 40 230 120 2
-0.27246094 0.04199219 -0.13378906 40 230 120 2
-0.27441406 0.05957031 -0.14746094 255 40 40 1
-0.26855469 0.08496094 -0.13574219 40 230 120 2
-0.26855469 0.08691406 -0.13769531 40 230 120 2
-0.26855469 0.08691406 -0.13574219 40 230 120 2
-0.26855469 0.08886719 -0.13574219 40 230 120 2
-0.26464844 0.10058594 -0.11035156 255 40 40 1
-0.23925781 0.14160156 -0.11425781 255 40 40 1
-0.24902344 0.12988281 -0.13769531 40 230 120 2
-0.24902344 0.12792969 -0.13769531 40 230 120 2
-0.24902344 0.12988281 -0.13574219 40 230 120 2
-0.24902344 0.12792969 -0.13574219 40 230 120 2
-0.20410156 0.17675781 -0.12011719 255 40 40 1
-0.21777344 0.16503906 -0.14160156 40 230 120 2
-0.21777344 0.16308594 -0.13964844 40 230 120 2
-0.21777344 0.16503906 -0.13964844 40 230 120 2
-0.21582031 0.16503906 -0.13964844 40 230 120 2
-0.21777344 -0.09667969 -0.11425781 255 40 40 1
-0.21582031 -0.09667969 -0.11425781 255 40 40 1
-0.22167969 -0.09082031 -0.14746094 255 40 40 1
-0.20800781 -0.10253906 -0.13769531 40 230 120 2
-0.20996094 -0.10058594 -0.13769531 40 230 120 2
-0.20996094 -0.10253906 -0.13769531 40 230 120 2
-0.19042969 -0.12011719 -0.14941406 255 40 40 1
-0.20996094 -0.10253906 -0.13574219 40 230 120 2
-0.23925781 -0.06347656 -0.11230469 255 40 40 1
-0.22167969 -0.08886719 -0.14746094 255 40 40 1
-0.23535156 -0.07128906 -0.13378906 40 230 120 2
-0.23535156 -0.07324219 -0.13574219 40 230 120 2
-0.23535156 -0.07128906 -0.13574219 40 230 120 2
-0.23730469 -0.07128906 -0.13574219 40 230 120 2
-0.26464844 -0.02636719 -0.14746094 255 40 40 1
-0.26464844 -0.02636719 -0.14550781 255 40 40 1
-0.26464844 -0.02441406 -0.14550781 255 40 40 1
-0.25488281 -0.03808594 -0.13574219 40 230 120 2
-0.25683594 -0.03808594 -0.13574219 40 230 120 2
-0.25488281 -0.03808594 -0.13378906 40 230 120 2
-0.25683594 -0.03808594 -0.13378906 40 230 120 2
-0.27050781 -0.00097656 -0.13574219 40 230 120 2
-0.26855469 -0.00097656 -0.13378906 40 230 120 2
-0.27050781 -0.00097656 -0.13378906 40 230 120 2
-0.27050781 0.00097656 -0.13378906 40 230 120 2
-0.27246094 0.01074219 -0.10839844 255 40 40 1
-0.27246094 0.00878906 -0.10839844 255 40 40 1
-0.01464844 -0.15332031 -0.16308594 255 40 40 1
-0.00097656 -0.15722656 -0.15136719 40 230 120 2
0.00097656 -0.15722656 -0.15136719 40 230 120 2
0.00292969 -0.15722656 -0.15136719 40 230 120 2
-0.00488281 -0.15527344 -0.12792969 255 40 40 1
0.00097656 -0.15722656 -0.15332031 40 230 120 2
-0.02832031 -0.14746094 -0.12988281 255 40 40 1
-0.02832031 -0.14941406 -0.15332031 40 230 120 2
-0.02832031 -0.14746094 -0.15136719 40 230 120 2
-0.02832031 -0.14941406 -0.15136719 40 230 120 2
-0.02832031 -0.14746094 -0.15332031 40 230 120 2
-0.01660156 -0.15332031 -0.16308594 255 40 40 1
-0.12792969 -0.13769531 -0.14355469 40 230 120 2
-0.12792969 -0.13964844 -0.14355469 40 230 120 2
-0.12792969 -0.13964844 -0.14550781 40 230 120 2
-0.12792969 -0.13769531 -0.14550781 40 230 120 2
-0.13769531 -0.13964844 -0.12011719 255 40 40 1
-0.14550781 -0.13378906 -0.15332031 255 40 40 1
-0.10449219 -0.14160156 -0.16113281 255 40 40 1
-0.17285156 -0.12597656 -0.13964844 40 230 120 2
-0.17285156 -0.12402344 -0.14160156 40 230 120 2
-0.17285156 -0.12597656 -0.14160156 40 230 120 2
-0.14746094 -0.13378906 -0.15332031 255 40 40 1
-0.17089844 -0.12597656 -0.14160156 40 230 120 2
-0.18066406 -0.12207031 -0.11816406 255 40 40 1
0.22167969 -0.11621094 -0.12792969 255 40 40 1
0.19042969 -0.14160156 -0.09472656 255 40 40 1
0.19824219 -0.13183594 -0.12011719 40 230 120 2
0.19824219 -0.13378906 -0.12011719 40 230 120 2
0.17871094 -0.13964844 -0.13574219 255 40 40 1
0.17871094 -0.14160156 -0.13574219 255 40 40 1
0.19628906 -0.13183594 -0.12011719 40 230 120 2
0.19628906 -0.13378906 -0.12011719 40 230 120 2
0.14355469 -0.16503906 -0.10839844 255 40 40 1
0.15136719 -0.15527344 -0.13183594 40 230 120 2
0.15136719 -0.15527344 -0.12988281 40 230 120 2
0.13183594 -0.15917969 -0.14746094 255 40 40 1
0.15136719 -0.15332031 -0.12988281 40 230 120 2
0.14941406 -0.15527344 -0.12988281 40 230 120 2
0.09667969 -0.16699219 -0.14160156 40 230 120 2
0.07714844 -0.16699219 -0.15722656 255 40 40 1
0.09863281 -0.16699219 -0.14160156 40 230 120 2
0.08691406 -0.17480469 -0.11816406 255 40 40 1
0.09667969 -0.16699219 -0.13964844 40 230 120 2
0.09863281 -0.16699219 -0.13964844 40 230 120 2
0.07519531 -0.16699219 -0.15722656 255 40 40 1
0.07714844 -0.16699219 -0.15917969 255 40 40 1
0.03417969 -0.17285156 -0.12792969 255 40 40 1
0.04589844 -0.16699219 -0.14941406 40 230 120 2
0.04394531 -0.16894531 -0.14941406 40 230 120 2
0.04589844 -0.16894531 -0.14941406 40 230 120 2
0.04394531 -0.16699219 -0.14941406 40 230 120 2
0.29785156 0.01074219 -0.07128906 255 40 40 1
0.29785156 0.00878906 -0.07128906 255 40 40 1
0.29394531 0.05371094 -0.11035156 255 40 40 1
0.29394531 0.02246094 -0.09863281 40 230 120 2
0.29394531 0.02441406 -0.09863281 40 230 120 2
0.29394531 0.02441406 -0.09667969 40 230 120 2
0.29394531 0.02246094 -0.09667969 40 230 120 2
0.28417969 -0.03613281 -0.07519531 255 40 40 1
0.28417969 -0.03417969 -0.07519531 255 40 40 1
0.29003906 0.00683594 -0.11035156 255 40 40 1
0.27636719 -0.03613281 -0.11621094 255 40 40 1
0.28222656 -0.02246094 -0.10058594 40 230 120 2
0.28417969 -0.02246094 -0.10253906 40 230 120 2
0.28417969 -0.02246094 -0.10058594 40 230 120 2
0.28417969 -0.02050781 -0.10058594 40 230 120 2
0.26269531 -0.07714844 -0.07910156 255 40 40 1
0.26464844 -0.06542969 -0.10449219 40 230 120 2
0.27636719 -0.03808594 -0.11621094 255 40 40 1
0.26269531 -0.07910156 -0.07910156 255 40 40 1
0.25292969 -0.07714844 -0.12011719 255 40 40 1
0.26269531 -0.06347656 -0.10449219 40 230 120 2
0.26464844 -0.06347656 -0.10449219 40 230 120 2
0.26269531 -0.06542969 -0.10449219 40 230 120 2
0.23339844 -0.11425781 -0.08691406 255 40 40 1
0.23339844 -0.11621094 -0.08691406 255 40 40 1
0.23535156 -0.10253906 -0.11035156 40 230 120 2
0.25097656 -0.07714844 -0.12011719 255 40 40 1
0.23730469 -0.10253906 -0.11230469 40 230 120 2
0.25097656 -0.07910156 -0.12011719 255 40 40 1
0.23535156 -0.10253906 -0.11230469 40 230 120 2
0.23535156 -0.10449219 -0.11230469 40 230 120 2
0.22363281 0.19238281 -0.12011719 40 230 120 2
0.22558594 0.19238281 -0.12207031 40 230 120 2
0.22363281 0.19238281 -0.12207031 40 230 120 2
0.23339844 0.18066406 -0.12988281 255 40 40 1
0.19824219 0.20996094 -0.14160156 255 40 40 1
0.22363281 0.19042969 -0.12207031 40 230 120 2
0.23339844 0.17871094 -0.12988281 255 40 40 1
0.25488281 0.15722656 -0.11035156 40 230 120 2
0.25683594 0.15722656 -0.11035156 40 230 120 2
0.25683594 0.15722656 -0.11230469 40 230 120 2
0.25488281 0.15722656 -0.11230469 40 230 120 2
0.27050781 0.14746094 -0.08105469 255 40 40 1
0.28222656 0.10058594 -0.11425781 255 40 40 1
0.27832031 0.11621094 -0.10253906 40 230 120 2
0.28027344 0.11621094 -0.10253906 40 230 120 2
0.27832031 0.11621094 -0.10449219 40 230 120 2
0.27832031 0.11425781 -0.10253906 40 230 120 2
0.29980469 0.05761719 -0.07128906 255 40 40 1
0.29980469 0.05957031 -0.06933594 255 40 40 1
0.29199219 0.07128906 -0.09863281 40 230 120 2
0.29394531 0.05566406 -0.11035156 255 40 40 1
0.29394531 0.06933594 -0.09863281 40 230 120 2
0.29199219 0.06933594 -0.09863281 40 230 120 2
0.29394531 0.07128906 -0.09863281 40 230 120 2
-0.12011719 0.20800781 -0.18457031 255 40 40 1
-0.12011719 0.20605469 -0.18457031 255 40 40 1
-0.10058594 0.21386719 -0.17285156 40 230 120 2
-0.10253906 0.21386719 -0.17285156 40 230 120 2
-0.10058594 0.21582031 -0.17285156 40 230 120 2
-0.10253906 0.21386719 -0.17089844 40 230 120 2
0.08105469 0.24121094 -0.16308594 40 230 120 2
0.08105469 0.23925781 -0.16308594 40 230 120 2
0.08300781 0.24121094 -0.16308594 40 230 120 2
0.07910156 0.24316406 -0.13769531 255 40 40 1
0.06933594 0.23339844 -0.17871094 255 40 40 1
0.08105469 0.24121094 -0.16503906 40 230 120 2
0.08300781 0.23925781 -0.18066406 40 230 120 2
0.08496094 0.23730469 -0.18066406 40 230 120 2
0.08496094 0.23925781 -0.18066406 40 230 120 2
0.08300781 0.23730469 -0.18066406 40 230 120 2
0.03613281 0.23925781 -0.19433594 40 230 120 2
0.03417969 0.23925781 -0.19238281 40 230 120 2
0.04003906 0.21972656 -0.20214844 255 40 40 1
0.04003906 0.21972656 -0.20019531 255 40 40 1
0.03417969 0.23730469 -0.19433594 40 230 120 2
0.03417969 0.23925781 -0.19433594 40 230 120 2
-0.00292969 0.29003906 -0.06347656 255 40 40 1
-0.01269531 0.29003906 -0.00488281 255 40 40 1
-0.00292969 0.29003906 -0.06152344 255 40 40 1
-0.02246094 0.28613281 -0.04589844 40 230 120 2
-0.02246094 0.28808594 -0.04785156 40 230 120 2
-0.02246094 0.28613281 -0.04785156 40 230 120 2
-0.04980469 0.28222656 -0.07128906 255 40 40 1
-0.02246094 0.28808594 -0.04589844 40 230 120 2
0.07714844 0.26074219 -0.01464844 255 40 40 1
0.06152344 0.25878906 -0.04394531 40 230 120 2
0.06152344 0.25878906 -0.04199219 40 230 120 2
0.06347656 0.25878906 -0.04394531 40 230 120 2
0.06347656 0.25878906 -0.04199219 40 230 120 2
0.07519531 0.25878906 -0.05371094 255 40 40 1
0.09082031 0.25488281 -0.02246094 40 230 120 2
0.08886719 0.25488281 -0.02441406 40 230 120 2
0.07714844 0.25878906 -0.05371094 255 40 40 1
0.09082031 0.25488281 -0.02441406 40 230 120 2
0.09277344 0.25488281 -0.02441406 40 230 120 2
0.11816406 0.24511719 -0.00488281 255 40 40 1
0.07714844 0.25878906 -0.05566406 255 40 40 1
0.12011719 0.25292969 -0.04980469 255 40 40 1
0.09277344 0.25488281 -0.06738281 40 230 120 2
0.09082031 0.25488281 -0.06542969 40 230 120 2
0.09082031 0.25488281 -0.06738281 40 230 120 2
0.08886719 0.25488281 -0.06738281 40 230 120 2
0.12011719 0.25292969 -0.04785156 255 40 40 1
0.27441406 0.15527344 0.00878906 255 40 40 1
0.27441406 0.15332031 0.00683594 255 40 40 1
0.28027344 0.13964844 -0.00488281 40 230 120 2
0.28222656 0.13769531 -0.00292969 40 230 120 2
0.28027344 0.13769531 -0.00292969 40 230 120 2
0.28027344 0.13964844 -0.00292969 40 230 120 2
0.27050781 0.12011719 0.03808594 40 230 120 2
0.26855469 0.12011719 0.03808594 40 230 120 2
0.27050781 0.12011719 0.04003906 40 230 120 2
0.26855469 0.12011719 0.04003906 40 230 120 2
0.29394531 0.07519531 0.03027344 40 230 120 2
0.29394531 0.07519531 0.02832031 40 230 120 2
0.29394531 0.07714844 0.02832031 40 230 120 2
0.29589844 0.07519531 0.02832031 40 230 120 2
0.29589844 0.09082031 -0.01269531 40 230 120 2
0.29394531 0.09082031 -0.01269531 40 230 120 2
0.29394531 0.09082031 -0.01074219 40 230 120 2
0.29589844 0.09082031 -0.01074219 40 230 120 2
0.29003906 0.10644531 -0.02832031 255 40 40 1
0.28613281 0.12207031 -0.04589844 40 230 120 2
0.28613281 0.12207031 -0.04394531 40 230 120 2
0.28613281 0.12011719 -0.04589844 40 230 120 2
0.28613281 0.12011719 -0.04394531 40 230 120 2
0.29589844 0.07519531 -0.05566406 40 230 120 2
0.29785156 0.07324219 -0.05566406 40 230 120 2
0.29785156 0.07519531 -0.05566406 40 230 120 2
0.29785156 0.07324219 -0.05371094 40 230 120 2
0.28808594 0.02246094 -0.12207031 40 230 120 2
0.28808594 0.02441406 -0.12207031 40 230 120 2
0.28808594 0.02441406 -0.12402344 40 230 120 2
0.28808594 0.02246094 -0.12402344 40 230 120 2
0.28417969 0.06933594 -0.13574219 40 230 120 2
0.28417969 0.06738281 -0.13378906 40 230 120 2
0.28417969 0.06933594 -0.13378906 40 230 120 2
0.28417969 0.06738281 -0.13574219 40 230 120 2
0.26269531 0.16113281 -0.06738281 40 230 120 2
0.26464844 0.16113281 -0.06738281 40 230 120 2
0.27050781 0.14746094 -0.07910156 255 40 40 1
0.26269531 0.16113281 -0.06933594 40 230 120 2
0.26464844 0.16113281 -0.06933594 40 230 120 2
0.27246094 0.11425781 -0.12988281 40 230 120 2
0.27441406 0.11425781 -0.12792969 40 230 120 2
0.27246094 0.11230469 -0.12792969 40 230 120 2
0.27246094 0.11425781 -0.12792969 40 230 120 2
0.24316406 0.15332031 -0.14746094 40 230 120 2
0.24316406 0.15527344 -0.14746094 40 230 120 2
0.24511719 0.15332031 -0.14746094 40 230 120 2
0.24316406 0.15332031 -0.14550781 40 230 120 2
0.23339844 0.19628906 -0.06542969 40 230 120 2
0.23339844 0.19824219 -0.06542969 40 230 120 2
0.23339844 0.19628906 -0.06347656 40 230 120 2
0.23535156 0.19628906 -0.06542969 40 230 120 2
0.25683594 0.17675781 -0.02636719 40 230 120 2
0.25683594 0.17871094 -0.02832031 40 230 120 2
0.25683594 0.17675781 -0.02832031 40 230 120 2
0.25683594 0.17871094 -0.02636719 40 230 120 2
0.22363281 0.21191406 -0.02636719 40 230 120 2
0.22363281 0.20996094 -0.02832031 40 230 120 2
0.22363281 0.21191406 -0.02832031 40 230 120 2
0.22363281 0.20996094 -0.02636719 40 230 120 2
0.22753906 0.19433594 0.01660156 40 230 120 2
0.23339844 0.18457031 0.03222656 255 40 40 1
0.22558594 0.19433594 0.01464844 40 230 120 2
0.22558594 0.19433594 0.01660156 40 230 120 2
0.22558594 0.19628906 0.01660156 40 230 120 2
0.25683594 0.16503906 0.01660156 40 230 120 2
0.25878906 0.16308594 0.01660156 40 230 120 2
0.25683594 0.16308594 0.01660156 40 230 120 2
0.25878906 0.16503906 0.01660156 40 230 120 2
0.29589844 -0.00683594 -0.01660156 40 230 120 2
0.29785156 -0.00683594 -0.01855469 40 230 120 2
0.29785156 -0.00683594 -0.01660156 40 230 120 2
0.29589844 -0.00683594 -0.01855469 40 230 120 2
0.30175781 0.04199219 0.00097656 40 230 120 2
0.30175781 0.04199219 -0.00097656 40 230 120 2
0.30175781 0.04003906 -0.00097656 40 230 120 2
0.30175781 0.04003906 0.00097656 40 230 120 2
0.29199219 0.02246094 0.03417969 40 230 120 2
0.29394531 0.02246094 0.03417969 40 230 120 2
0.29394531 0.02441406 0.03417969 40 230 120 2
0.29394531 0.02246094 0.03613281 40 230 120 2
0.28808594 0.00488281 0.03808594 255 40 40 1
0.29199219 -0.02636719 0.01074219 40 230 120 2
0.29199219 -0.02636719 0.00878906 40 230 120 2
0.29199219 -0.02832031 0.01074219 40 230 120 2
0.29199219 -0.02636719 0.01269531 40 230 120 2
0.28808594 -0.05566406 -0.01464844 40 230 120 2
0.28613281 -0.05761719 -0.01464844 40 230 120 2
0.28613281 -0.05566406 -0.01464844 40 230 120 2
0.28613281 -0.05566406 -0.01269531 40 230 120 2
0.27246094 -0.07324219 0.01074219 40 230 120 2
0.27246094 -0.07324219 0.00878906 40 230 120 2
0.27246094 -0.07128906 0.00878906 40 230 120 2
0.27246094 -0.07128906 0.01074219 40 230 120 2
0.25292969 -0.11230469 -0.00488281 40 230 120 2
0.25292969 -0.11035156 -0.00488281 40 230 120 2
0.25292969 -0.11230469 -0.00683594 40 230 120 2
0.25292969 -0.11035156 -0.00683594 40 230 120 2
0.26269531 -0.09667969 -0.03027344 40 230 120 2
0.26074219 -0.09472656 -0.03027344 40 230 120 2
0.26074219 -0.09667969 -0.03222656 40 230 120 2
0.26074219 -0.09667969 -0.03027344 40 230 120 2
0.26269531 -0.07714844 -0.07714844 255 40 40 1
0.27246094 -0.06738281 -0.04980469 40 230 120 2
0.27246094 -0.06542969 -0.04980469 40 230 120 2
0.27441406 -0.06542969 -0.04980469 40 230 120 2
0.27246094 -0.06542969 -0.04785156 40 230 120 2
0.24511719 -0.10449219 -0.06933594 40 230 120 2
0.24511719 -0.10253906 -0.06933594 40 230 120 2
0.24511719 -0.10449219 -0.07128906 40 230 120 2
0.23339844 -0.11425781 -0.08496094 255 40 40 1
0.23730469 -0.11816406 -0.04589844 255 40 40 1
0.24316406 -0.10449219 -0.06933594 40 230 120 2
-0.06347656 0.22363281 -0.19042969 40 230 120 2
-0.06542969 0.22363281 -0.19042969 40 230 120 2
-0.06542969 0.22167969 -0.19042969 40 230 120 2
-0.06933594 0.22167969 -0.17285156 255 40 40 1
-0.06542969 0.22167969 -0.18847656 40 230 120 2
-0.06933594 0.22167969 -0.17089844 255 40 40 1
0.22167969 -0.11425781 -0.12792969 255 40 40 1
0.22167969 -0.10058594 -0.14746094 40 230 120 2
0.20410156 -0.10839844 -0.16113281 255 40 40 1
0.20410156 -0.10839844 -0.16308594 255 40 40 1
0.22167969 -0.10058594 -0.14941406 40 230 120 2
0.21972656 -0.10058594 -0.14941406 40 230 120 2
0.22167969 -0.09863281 -0.14941406 40 230 120 2
0.28417969 -0.03417969 -0.07324219 255 40 40 1
0.29003906 -0.02050781 -0.05761719 40 230 120 2
0.29003906 -0.02246094 -0.05957031 40 230 120 2
0.29003906 -0.02050781 -0.05957031 40 230 120 2
0.29003906 -0.02246094 -0.05761719 40 230 120 2
0.25488281 -0.06152344 -0.13183594 40 230 120 2
0.25488281 -0.06347656 -0.12988281 40 230 120 2
0.25488281 -0.06152344 -0.12988281 40 230 120 2
0.25488281 -0.06347656 -0.13183594 40 230 120 2
0.27246094 -0.02050781 -0.13769531 40 230 120 2
0.27246094 -0.02246094 -0.13574219 40 230 120 2
0.27246094 -0.02246094 -0.13769531 40 230 120 2
0.27246094 -0.02050781 -0.13574219 40 230 120 2
0.29785156 0.02636719 -0.04199219 40 230 120 2
0.29980469 0.02636719 -0.04003906 40 230 120 2
0.29980469 0.02636719 -0.04199219 40 230 120 2
0.29980469 0.02441406 -0.04003906 40 230 120 2
0.12988281 -0.17089844 -0.04785156 40 230 120 2
0.13183594 -0.17089844 -0.04980469 40 230 120 2
0.13183594 -0.17089844 -0.04785156 40 230 120 2
0.12988281 -0.17089844 -0.04980469 40 230 120 2
0.11425781 -0.16894531 -0.02050781 40 230 120 2
0.11425781 -0.17089844 -0.02050781 40 230 120 2
0.11621094 -0.16894531 -0.02050781 40 230 120 2
0.11425781 -0.16894531 -0.01855469 40 230 120 2
0.05957031 -0.16894531 -0.03417969 40 230 120 2
0.05957031 -0.17089844 -0.03417969 40 230 120 2
0.05957031 -0.16894531 -0.03222656 40 230 120 2
0.06152344 -0.16894531 -0.03417969 40 230 120 2
0.07324219 -0.17675781 -0.06933594 40 230 120 2
0.07519531 -0.17675781 -0.07128906 40 230 120 2
0.07324219 -0.17675781 -0.07128906 40 230 120 2
0.07519531 -0.17675781 -0.06933594 40 230 120 2
0.10839844 -0.17285156 -0.08691406 40 230 120 2
0.10839844 -0.17285156 -0.08886719 40 230 120 2
0.10839844 -0.17480469 -0.08691406 40 230 120 2
0.11035156 -0.17285156 -0.08691406 40 230 120 2
0.09277344 -0.17675781 -0.07910156 255 40 40 1
0.05175781 -0.17480469 -0.10839844 40 230 120 2
0.05175781 -0.17480469 -0.11035156 40 230 120 2
0.05371094 -0.17480469 -0.11035156 40 230 120 2
0.05371094 -0.17480469 -0.10839844 40 230 120 2
-0.05371094 -0.14160156 -0.17480469 40 230 120 2
-0.05566406 -0.14160156 -0.17480469 40 230 120 2
-0.05371094 -0.14160156 -0.17285156 40 230 120 2
-0.05175781 -0.14160156 -0.17480469 40 230 120 2
0.03027344 -0.16113281 -0.18457031 40 230 120 2
0.03027344 -0.16113281 -0.18261719 40 230 120 2
0.03222656 -0.16113281 -0.18261719 40 230 120 2
0.03222656 -0.16113281 -0.18457031 40 230 120 2
0.15917969 -0.15917969 -0.08886719 40 230 120 2
0.16113281 -0.15917969 -0.08886719 40 230 120 2
0.14746094 -0.16699219 -0.06738281 255 40 40 1
0.16113281 -0.15722656 -0.08886719 40 230 120 2
0.16113281 -0.15917969 -0.09082031 40 230 120 2
0.08886719 -0.16113281 -0.16503906 40 230 120 2
0.08886719 -0.16308594 -0.16503906 40 230 120 2
0.08691406 -0.16113281 -0.16503906 40 230 120 2
0.08691406 -0.16308594 -0.16503906 40 230 120 2
0.13378906 -0.14941406 -0.16699219 40 230 120 2
0.11425781 -0.15332031 -0.18066406 255 40 40 1
0.12988281 -0.15722656 -0.14746094 255 40 40 1
0.11425781 -0.15136719 -0.18066406 255 40 40 1
0.13574219 -0.14941406 -0.16503906 40 230 120 2
0.13574219 -0.14941406 -0.16699219 40 230 120 2
0.13378906 -0.14941406 -0.16503906 40 230 120 2
0.20800781 -0.13378906 -0.06347656 40 230 120 2
0.20800781 -0.13574219 -0.06347656 40 230 120 2
0.19238281 -0.14355469 -0.09472656 255 40 40 1
0.20800781 -0.13378906 -0.06542969 40 230 120 2
0.20800781 -0.13574219 -0.06542969 40 230 120 2
0.20214844 -0.15722656 -0.02246094 255 40 40 1
0.18066406 -0.15527344 -0.04785156 40 230 120 2
0.18066406 -0.15722656 -0.04785156 40 230 120 2
0.18261719 -0.15527344 -0.04785156 40 230 120 2
0.18261719 -0.15722656 -0.04785156 40 230 120 2
0.22753906 -0.13378906 -0.02832031 40 230 120 2
0.22753906 -0.13378906 -0.02636719 40 230 120 2
0.22949219 -0.13378906 -0.02636719 40 230 120 2
0.22949219 -0.13183594 -0.02636719 40 230 120 2
0.21191406 -0.13574219 -0.00683594 40 230 120 2
0.21191406 -0.13769531 -0.00488281 40 230 120 2
0.21191406 -0.13769531 -0.00683594 40 230 120 2
0.20996094 -0.13769531 -0.00683594 40 230 120 2
0.16699219 -0.15917969 -0.02246094 40 230 120 2
0.16699219 -0.16113281 -0.02246094 40 230 120 2
0.20214844 -0.15722656 -0.02050781 255 40 40 1
0.16699219 -0.16113281 -0.02050781 40 230 120 2
0.16699219 -0.15917969 -0.02050781 40 230 120 2
0.02636719 0.23144531 0.04003906 40 230 120 2
0.02832031 0.23144531 0.04003906 40 230 120 2
0.02832031 0.22949219 0.04003906 40 230 120 2
0.02832031 0.23144531 0.04199219 40 230 120 2
0.02636719 0.20214844 0.06738281 40 230 120 2
0.02832031 0.20410156 0.06347656 40 230 120 2
0.02636719 0.20214844 0.07128906 40 230 120 2
0.02832031 0.20410156 0.06542969 40 230 120 2
0.02441406 0.20019531 0.07714844 40 230 120 2
0.02441406 0.20019531 0.07519531 40 230 120 2
0.02636719 0.20214844 0.06933594 40 230 120 2
0.02050781 0.19824219 0.08300781 40 230 120 2
0.02441406 0.20214844 0.07128906 40 230 120 2
0.02246094 0.20019531 0.07519531 40 230 120 2
0.02246094 0.20019531 0.07714844 40 230 120 2
0.01855469 0.19824219 0.08496094 40 230 120 2
0.02050781 0.19824219 0.08105469 40 230 120 2
0.01855469 0.19824219 0.08300781 40 230 120 2
0.04394531 0.21582031 0.04199219 40 230 120 2
0.04199219 0.21386719 0.04785156 40 230 120 2
0.04199219 0.21582031 0.04199219 40 230 120 2
0.04199219 0.21386719 0.04589844 40 230 120 2
0.04199219 0.21582031 0.04394531 40 230 120 2
0.04003906 0.21386719 0.04785156 40 230 120 2
0.05761719 0.22558594 0.01660156 255 40 40 1
0.03222656 -0.00878906 0.16113281 40 230 120 2
0.03222656 -0.00878906 0.16308594 40 230 120 2
0.03222656 -0.01074219 0.16308594 40 230 120 2
0.04589844 -0.04003906 0.16699219 40 230 120 2
0.04785156 -0.04003906 0.16699219 40 230 120 2
0.04589844 -0.04003906 0.16894531 40 230 120 2
0.04589844 -0.03808594 0.16699219 40 230 120 2
0.05761719 -0.01464844 0.18261719 40 230 120 2
0.05957031 -0.01464844 0.18261719 40 230 120 2
0.05761719 -0.01464844 0.18066406 40 230 120 2
0.05761719 -0.01269531 0.18261719 40 230 120 2
0.02636719 0.02246094 0.15722656 255 40 40 1
0.02832031 0.02246094 0.15722656 255 40 40 1
0.03808594 0.02050781 0.16699219 40 230 120 2
0.03808594 0.01855469 0.16699219 40 230 120 2
0.03808594 0.02050781 0.16503906 40 230 120 2
0.03808594 0.01855469 0.16503906 40 230 120 2
0.03808594 -0.16503906 0.01074219 255 40 40 1
0.04589844 -0.18261719 0.02441406 40 230 120 2
0.04394531 -0.18261719 0.02441406 40 230 120 2
0.04980469 -0.17871094 0.00683594 255 40 40 1
0.04589844 -0.18261719 0.02636719 40 230 120 2
0.04394531 -0.18261719 0.02636719 40 230 120 2
0.05566406 -0.16894531 0.00097656 40 230 120 2
0.05566406 -0.16894531 -0.00097656 40 230 120 2
0.05566406 -0.16699219 -0.00097656 40 230 120 2
0.05371094 -0.16699219 -0.00097656 40 230 120 2
0.06933594 -0.19042969 0.01464844 40 230 120 2
0.06738281 -0.19042969 0.01269531 40 230 120 2
0.08496094 -0.19042969 0.00878906 255 40 40 1
0.06738281 -0.19238281 0.01464844 40 230 120 2
0.06738281 -0.19042969 0.01464844 40 230 120 2
0.02246094 -0.13378906 0.02050781 40 230 120 2
0.02246094 -0.13378906 0.01855469 40 230 120 2
0.02050781 -0.13378906 0.02050781 40 230 120 2
0.02050781 -0.13378906 0.01855469 40 230 120 2
0.01269531 -0.15136719 -0.00878906 40 230 120 2
0.01269531 -0.15136719 -0.01074219 40 230 120 2
0.01269531 -0.14941406 -0.01074219 40 230 120 2
0.01464844 -0.15136719 -0.01074219 40 230 120 2
0.03808594 -0.15332031 0.00683594 40 230 120 2
0.03808594 -0.15136719 0.00683594 40 230 120 2
0.03808594 -0.15332031 0.00488281 40 230 120 2
0.03808594 -0.15136719 0.00488281 40 230 120 2
0.03222656 -0.16503906 0.03808594 40 230 120 2
0.03417969 -0.16503906 0.03808594 40 230 120 2
0.03417969 -0.16308594 0.03808594 40 230 120 2
0.03417969 -0.16503906 0.04003906 40 230 120 2
0.02636719 -0.14160156 0.05371094 40 230 120 2
0.02441406 -0.14160156 0.05566406 40 230 120 2
0.02441406 -0.14160156 0.05371094 40 230 120 2
0.02636719 -0.14160156 0.05566406 40 230 120 2
0.04199219 -0.17871094 0.08691406 40 230 120 2
0.04394531 -0.18066406 0.10839844 255 40 40 1
0.04199219 -0.18066406 0.08691406 40 230 120 2
0.04199219 -0.17675781 0.08691406 40 230 120 2
0.04199219 -0.17871094 0.08886719 40 230 120 2
0.04199219 -0.13964844 0.12011719 40 230 120 2
0.04003906 -0.13964844 0.12011719 40 230 120 2
0.04003906 -0.13769531 0.12011719 40 230 120 2
0.04199219 -0.13769531 0.12011719 40 230 120 2
0.02832031 -0.12597656 0.09863281 40 230 120 2
0.02832031 -0.13574219 0.08691406 40 230 120 2
0.02832031 -0.13378906 0.08691406 40 230 120 2
0.02832031 -0.13574219 0.08886719 40 230 120 2
0.02832031 -0.13378906 0.08886719 40 230 120 2
-0.00488281 -0.15527344 -0.07910156 40 230 120 2
-0.00488281 -0.15722656 -0.07910156 40 230 120 2
-0.00292969 -0.15722656 -0.07910156 40 230 120 2
-0.00292969 -0.15527344 -0.07910156 40 230 120 2
0.02636719 -0.16894531 -0.06347656 40 230 120 2
0.02832031 -0.16894531 -0.06542969 40 230 120 2
0.02636719 -0.16894531 -0.06542969 40 230 120 2
0.02832031 -0.16894531 -0.06347656 40 230 120 2
0.02441406 -0.15527344 -0.02636719 40 230 120 2
0.02246094 -0.15527344 -0.02636719 40 230 120 2
0.02246094 -0.15722656 -0.02636719 40 230 120 2
0.02246094 -0.15527344 -0.02441406 40 230 120 2
-0.00488281 -0.15332031 -0.04980469 40 230 120 2
-0.00488281 -0.15527344 -0.04785156 40 230 120 2
-0.00488281 -0.15332031 -0.04785156 40 230 120 2
-0.00488281 -0.15527344 -0.04980469 40 230 120 2
-0.09667969 -0.14941406 -0.05957031 40 230 120 2
-0.09863281 -0.14746094 -0.05957031 40 230 120 2
-0.09863281 -0.14941406 -0.05761719 40 230 120 2
-0.09863281 -0.14941406 -0.05957031 40 230 120 2
-0.11035156 -0.14160156 -0.01660156 40 230 120 2
-0.11035156 -0.13964844 -0.01660156 40 230 120 2
-0.11035156 -0.14160156 -0.01855469 40 230 120 2
-0.10839844 -0.14160156 -0.01660156 40 230 120 2
-0.14941406 -0.12792969 -0.02832031 40 230 120 2
-0.14941406 -0.12792969 -0.03027344 40 230 120 2
-0.14941406 -0.12988281 -0.03027344 40 230 120 2
-0.15136719 -0.12792969 -0.03027344 40 230 120 2
-0.13964844 -0.13574219 -0.06933594 40 230 120 2
-0.14160156 -0.13574219 -0.06933594 40 230 120 2
-0.14355469 -0.13574219 -0.06933594 40 230 120 2
-0.14160156 -0.13574219 -0.06738281 40 230 120 2
-0.11621094 -0.14355469 -0.09472656 40 230 120 2
-0.11816406 -0.14355469 -0.09667969 40 230 120 2
-0.11621094 -0.14550781 -0.09472656 40 230 120 2
-0.11816406 -0.14355469 -0.09472656 40 230 120 2
-0.16308594 -0.12792969 -0.10644531 40 230 120 2
-0.16503906 -0.12792969 -0.10449219 40 230 120 2
-0.16308594 -0.12792969 -0.10449219 40 230 120 2
-0.16503906 -0.12792969 -0.10644531 40 230 120 2
0.21582031 0.18847656 -0.14746094 40 230 120 2
0.21777344 0.18847656 -0.14550781 40 230 120 2
0.21777344 0.17675781 -0.16113281 255 40 40 1
0.21582031 0.18847656 -0.14550781 40 230 120 2
0.21582031 0.19042969 -0.14550781 40 230 120 2
-0.17871094 -0.12011719 -0.17089844 40 230 120 2
-0.17871094 -0.12207031 -0.17089844 40 230 120 2
-0.19238281 -0.11621094 -0.18066406 255 40 40 1
-0.17871094 -0.12207031 -0.17285156 40 230 120 2
-0.17675781 -0.12207031 -0.17089844 40 230 120 2
-0.00488281 -0.15332031 -0.12597656 255 40 40 1
-0.01660156 -0.15136719 -0.11621094 40 230 120 2
-0.01660156 -0.15136719 -0.11425781 40 230 120 2
-0.01855469 -0.15136719 -0.11425781 40 230 120 2
-0.01855469 -0.15136719 -0.11621094 40 230 120 2
-0.13378906 0.20800781 -0.16503906 40 230 120 2
-0.13574219 0.20800781 -0.16503906 40 230 120 2
-0.13378906 0.20605469 -0.16699219 40 230 120 2
-0.13378906 0.20800781 -0.16699219 40 230 120 2
-0.04003906 -0.14160156 -0.18457031 40 230 120 2
-0.04003906 -0.14355469 -0.18457031 40 230 120 2
-0.04003906 -0.14160156 -0.18261719 40 230 120 2
-0.04003906 -0.14355469 -0.18261719 40 230 120 2
0.01074219 -0.16308594 -0.09863281 40 230 120 2
0.01074219 -0.16113281 -0.10058594 40 230 120 2
0.01269531 -0.16308594 -0.10058594 40 230 120 2
0.01074219 -0.16308594 -0.10058594 40 230 120 2
-0.00488281 -0.15527344 -0.12597656 255 40 40 1
-0.22949219 -0.05761719 -0.04003906 40 230 120 2
-0.23144531 -0.06738281 -0.06933594 255 40 40 1
-0.22949219 -0.05957031 -0.04003906 40 230 120 2
-0.23144531 -0.05761719 -0.04003906 40 230 120 2
-0.22949219 -0.05761719 -0.03808594 40 230 120 2
-0.21972656 -0.04199219 0.00292969 40 230 120 2
-0.21972656 -0.04199219 0.00097656 40 230 120 2
-0.22167969 -0.04199219 0.00292969 40 230 120 2
-0.21972656 -0.04003906 0.00292969 40 230 120 2
-0.23925781 -0.00878906 -0.00878906 40 230 120 2
-0.23925781 -0.00878906 -0.01074219 40 230 120 2
-0.24121094 -0.00878906 -0.01074219 40 230 120 2
-0.23925781 -0.01074219 -0.00878906 40 230 120 2
-0.25097656 -0.02246094 -0.05175781 40 230 120 2
-0.25097656 -0.02050781 -0.04980469 40 230 120 2
-0.25097656 -0.02050781 -0.05175781 40 230 120 2
-0.25097656 -0.02246094 -0.04980469 40 230 120 2
-0.24707031 -0.04394531 -0.08105469 40 230 120 2
-0.24707031 -0.04394531 -0.08300781 40 230 120 2
-0.24511719 -0.04394531 -0.08105469 40 230 120 2
-0.24707031 -0.04199219 -0.08105469 40 230 120 2
-0.27246094 0.00878906 -0.10644531 255 40 40 1
-0.26464844 -0.00488281 -0.09472656 40 230 120 2
-0.26464844 -0.00292969 -0.09277344 40 230 120 2
-0.26464844 -0.00488281 -0.09277344 40 230 120 2
-0.26464844 -0.00292969 -0.09472656 40 230 120 2
-0.27441406 0.04199219 -0.15722656 40 230 120 2
-0.27441406 0.04199219 -0.16113281 40 230 120 2
-0.27441406 0.04199219 -0.15917969 40 230 120 2
-0.27441406 0.04394531 -0.15917969 40 230 120 2
-0.26855469 0.00292969 -0.16699219 40 230 120 2
-0.27050781 0.00292969 -0.16894531 40 230 120 2
-0.26855469 0.00292969 -0.16894531 40 230 120 2
-0.26855469 0.00097656 -0.16894531 40 230 120 2
-0.23925781 -0.06542969 -0.11035156 255 40 40 1
-0.22949219 -0.07714844 -0.09863281 40 230 120 2
-0.22949219 -0.06738281 -0.07128906 255 40 40 1
-0.22949219 -0.07519531 -0.09863281 40 230 120 2
-0.22949219 -0.07714844 -0.09667969 40 230 120 2
-0.22949219 -0.07519531 -0.09667969 40 230 120 2
-0.25683594 -0.03613281 -0.15722656 40 230 120 2
-0.25878906 -0.03613281 -0.15917969 40 230 120 2
-0.25878906 -0.03613281 -0.15722656 40 230 120 2
-0.25683594 -0.03613281 -0.15917969 40 230 120 2
-0.23730469 -0.06738281 -0.16894531 40 230 120 2
-0.23925781 -0.06738281 -0.16894531 40 230 120 2
-0.24511719 -0.05761719 -0.17675781 255 40 40 1
-0.24511719 -0.05761719 -0.17871094 255 40 40 1
-0.23730469 -0.06738281 -0.16699219 40 230 120 2
-0.23925781 -0.06738281 -0.16699219 40 230 120 2
-0.19824219 -0.10449219 -0.08886719 40 230 120 2
-0.19824219 -0.10449219 -0.09082031 40 230 120 2
-0.19628906 -0.10449219 -0.09082031 40 230 120 2
-0.19628906 -0.10449219 -0.08886719 40 230 120 2
-0.20996094 -0.08691406 -0.05957031 40 230 120 2
-0.20996094 -0.08886719 -0.06152344 40 230 120 2
-0.20996094 -0.08691406 -0.06152344 40 230 120 2
-0.20996094 -0.08886719 -0.05957031 40 230 120 2
-0.19628906 -0.09863281 -0.03613281 255 40 40 1
-0.17675781 -0.11425781 -0.05371094 40 230 120 2
-0.17675781 -0.11621094 -0.05371094 40 230 120 2
-0.17675781 -0.11621094 -0.05175781 40 230 120 2
-0.17675781 -0.11425781 -0.05175781 40 230 120 2
-0.17871094 -0.10253906 -0.01269531 40 230 120 2
-0.18066406 -0.10253906 -0.01074219 40 230 120 2
-0.17871094 -0.10253906 -0.01074219 40 230 120 2
-0.17871094 -0.10449219 -0.01074219 40 230 120 2
-0.20410156 -0.06152344 0.01074219 255 40 40 1
-0.21972656 -0.07128906 -0.02636719 255 40 40 1
-0.19628906 -0.09863281 -0.03417969 255 40 40 1
-0.20605469 -0.07714844 -0.01464844 40 230 120 2
-0.20605469 -0.07714844 -0.01660156 40 230 120 2
-0.20800781 -0.07714844 -0.01660156 40 230 120 2
-0.20605469 -0.07519531 -0.01660156 40 230 120 2
-0.13574219 -0.12792969 -0.00097656 40 230 120 2
-0.13574219 -0.12597656 -0.00097656 40 230 120 2
-0.13769531 -0.12597656 -0.00097656 40 230 120 2
-0.13769531 -0.12792969 -0.00097656 40 230 120 2
-0.09863281 -0.13183594 0.00488281 40 230 120 2
-0.09863281 -0.13378906 0.00488281 40 230 120 2
-0.10058594 -0.13378906 0.00488281 40 230 120 2
-0.09667969 -0.13378906 0.00488281 40 230 120 2
-0.12402344 -0.13964844 0.01269531 40 230 120 2
-0.12402344 -0.13964844 0.01074219 40 230 120 2
-0.12207031 -0.13964844 0.01269531 40 230 120 2
-0.12207031 -0.13964844 0.01074219 40 230 120 2
-0.15136719 -0.12011719 0.01074219 40 230 120 2
-0.14941406 -0.11816406 0.01074219 40 230 120 2
-0.14941406 -0.12011719 0.01269531 40 230 120 2
-0.14941406 -0.12011719 0.01074219 40 230 120 2
-0.22949219 0.05175781 -0.00097656 40 230 120 2
-0.22949219 0.05371094 0.00097656 40 230 120 2
-0.22949219 0.05175781 0.00097656 40 230 120 2
-0.22949219 0.05371094 -0.00097656 40 230 120 2
-0.23535156 0.01464844 0.01464844 40 230 120 2
-0.23730469 0.01464844 0.01464844 40 230 120 2
-0.23535156 0.01660156 0.01464844 40 230 120 2
-0.23730469 0.01660156 0.01464844 40 230 120 2
-0.24902344 0.02636719 0.02832031 40 230 120 2
-0.24902344 0.02636719 0.03027344 40 230 120 2
-0.24902344 0.02832031 0.03027344 40 230 120 2
-0.24902344 0.02832031 0.02832031 40 230 120 2
-0.23925781 0.07519531 0.01074219 40 230 120 2
-0.23925781 0.07324219 0.01269531 40 230 120 2
-0.23925781 0.07324219 0.01074219 40 230 120 2
-0.23730469 0.07519531 0.01074219 40 230 120 2
-0.05957031 -0.14550781 0.01464844 40 230 120 2
-0.05957031 -0.14355469 0.01464844 40 230 120 2
-0.05957031 -0.14355469 0.01269531 40 230 120 2
-0.05761719 -0.14355469 0.01464844 40 230 120 2
-0.03613281 -0.16894531 0.05175781 255 40 40 1
-0.00097656 -0.14550781 0.03808594 255 40 40 1
-0.03027344 -0.15722656 0.03808594 40 230 120 2
-0.03222656 -0.15722656 0.03808594 40 230 120 2
-0.03222656 -0.15527344 0.03808594 40 230 120 2
-0.03027344 -0.15527344 0.03808594 40 230 120 2
-0.07519531 -0.16308594 0.04003906 40 230 120 2
-0.07519531 -0.16113281 0.04199219 40 230 120 2
-0.07519531 -0.16308594 0.04199219 40 230 120 2
-0.07519531 -0.16113281 0.04003906 40 230 120 2
-0.08496094 -0.14746094 0.01660156 40 230 120 2
-0.08691406 -0.14550781 0.01660156 40 230 120 2
-0.08496094 -0.14550781 0.01464844 40 230 120 2
-0.08496094 -0.14550781 0.01660156 40 230 120 2
-0.00683594 -0.15527344 0.07324219 40 230 120 2
-0.00488281 -0.15527344 0.07324219 40 230 120 2
-0.00488281 -0.15722656 0.07324219 40 230 120 2
-0.00683594 -0.15722656 0.07324219 40 230 120 2
-0.00488281 -0.15527344 0.12207031 40 230 120 2
-0.00488281 -0.15527344 0.12597656 40 230 120 2
-0.00683594 -0.15527344 0.12402344 40 230 120 2
-0.00488281 -0.15527344 0.12402344 40 230 120 2
-0.04785156 -0.16113281 0.11230469 40 230 120 2
-0.04980469 -0.16113281 0.11230469 40 230 120 2
-0.04980469 -0.16113281 0.11035156 40 230 120 2
-0.04785156 -0.16113281 0.11035156 40 230 120 2
-0.04785156 -0.16894531 0.07324219 40 230 120 2
-0.04589844 -0.16894531 0.07128906 40 230 120 2
-0.04785156 -0.16894531 0.07128906 40 230 120 2
-0.04589844 -0.16894531 0.07324219 40 230 120 2
-0.12402344 0.20996094 -0.03417969 40 230 120 2
-0.12207031 0.21191406 -0.03417969 40 230 120 2
-0.12207031 0.20996094 -0.03417969 40 230 120 2
-0.12011719 0.20996094 -0.03417969 40 230 120 2
-0.15332031 0.18652344 -0.03808594 40 230 120 2
-0.15136719 0.18652344 -0.03808594 40 230 120 2
-0.15332031 0.18847656 -0.03808594 40 230 120 2
-0.15136719 0.18847656 -0.03808594 40 230 120 2
-0.14550781 0.19824219 -0.02441406 40 230 120 2
-0.14550781 0.20019531 -0.02246094 40 230 120 2
-0.12988281 0.20214844 -0.02050781 255 40 40 1
-0.14550781 0.19824219 -0.02246094 40 230 120 2
-0.14746094 0.19824219 -0.02246094 40 230 120 2
-0.12207031 0.19824219 -0.02246094 40 230 120 2
-0.08105469 0.14941406 0.08886719 40 230 120 2
-0.09667969 0.15527344 0.07519531 255 40 40 1
-0.08105469 0.14746094 0.09082031 40 230 120 2
-0.08300781 0.14941406 0.09082031 40 230 120 2
-0.08496094 0.15722656 0.10253906 255 40 40 1
-0.08105469 0.14941406 0.09082031 40 230 120 2
-0.08496094 0.15722656 0.10058594 255 40 40 1
-0.10253906 0.16503906 0.06542969 40 230 120 2
-0.10253906 0.16503906 0.06738281 40 230 120 2
-0.11425781 0.16894531 0.06542969 40 230 120 2
-0.12011719 0.18652344 0.04589844 255 40 40 1
-0.11230469 0.17089844 0.06542969 40 230 120 2
-0.11230469 0.16894531 0.06542969 40 230 120 2
-0.11230469 0.16894531 0.06347656 40 230 120 2
-0.10253906 0.14355469 0.09472656 40 230 120 2
-0.10253906 0.14355469 0.09863281 40 230 120 2
-0.10449219 0.14355469 0.09667969 40 230 120 2
-0.10253906 0.14355469 0.09667969 40 230 120 2
-0.19433594 -0.07519531 0.01074219 40 230 120 2
-0.19042969 -0.08300781 0.00878906 40 230 120 2
-0.19238281 -0.08300781 0.00878906 40 230 120 2
-0.19042969 -0.08300781 0.01074219 40 230 120 2
-0.19042969 -0.08105469 0.00878906 40 230 120 2
-0.19433594 -0.07714844 0.01074219 40 230 120 2
-0.19628906 -0.07519531 0.01074219 40 230 120 2
-0.16699219 -0.10644531 0.00683594 40 230 120 2
-0.16699219 -0.10839844 0.00488281 40 230 120 2
-0.16894531 -0.10644531 0.00488281 40 230 120 2
-0.16699219 -0.10644531 0.00488281 40 230 120 2
-0.18457031 -0.10839844 0.02050781 40 230 120 2
-0.18652344 -0.10839844 0.01855469 40 230 120 2
-0.18652344 -0.11035156 0.02050781 40 230 120 2
-0.18652344 -0.10839844 0.02050781 40 230 120 2
-0.20800781 -0.07910156 0.02246094 40 230 120 2
-0.20800781 -0.07714844 0.02246094 40 230 120 2
-0.20800781 -0.07714844 0.02050781 40 230 120 2
-0.20996094 -0.06542969 0.01855469 255 40 40 1
-0.20605469 -0.07714844 0.02246094 40 230 120 2
-0.26074219 0.06542969 -0.05371094 40 230 120 2
-0.26074219 0.06738281 -0.05175781 40 230 120 2
-0.26074219 0.06542969 -0.05175781 40 230 120 2
-0.26074219 0.06738281 -0.05371094 40 230 120 2
-0.25683594 0.01855469 -0.03613281 40 230 120 2
-0.25683594 0.01855469 -0.03808594 40 230 120 2
-0.25683594 0.02050781 -0.03808594 40 230 120 2
-0.25683594 0.02050781 -0.03613281 40 230 120 2
-0.23535156 0.03027344 -0.00292969 40 230 120 2
-0.23535156 0.03222656 -0.00292969 40 230 120 2
-0.23535156 0.03222656 -0.00097656 40 230 120 2
-0.23730469 0.03222656 -0.00292969 40 230 120 2
-0.23925781 0.07714844 -0.02246094 40 230 120 2
-0.24121094 0.07519531 -0.02246094 40 230 120 2
-0.23925781 0.07519531 -0.02246094 40 230 120 2
-0.23925781 0.07519531 -0.02441406 40 230 120 2
-0.24121094 0.11035156 -0.04785156 40 230 120 2
-0.23925781 0.11230469 -0.04785156 40 230 120 2
-0.23925781 0.11035156 -0.04980469 40 230 120 2
-0.23925781 0.11035156 -0.04785156 40 230 120 2
-0.21191406 0.11621094 -0.03027344 40 230 120 2
-0.20996094 0.11621094 -0.02832031 40 230 120 2
-0.21191406 0.11425781 -0.02832031 40 230 120 2
-0.21191406 0.11621094 -0.02832031 40 230 120 2
-0.19042969 0.16113281 -0.04785156 40 230 120 2
-0.18847656 0.16308594 -0.04785156 40 230 120 2
-0.18847656 0.16113281 -0.04785156 40 230 120 2
-0.16699219 0.16894531 -0.04589844 255 40 40 1
-0.19042969 0.16308594 -0.04785156 40 230 120 2
-0.21972656 0.13964844 -0.04394531 255 40 40 1
-0.21777344 0.15527344 -0.06738281 40 230 120 2
-0.19824219 0.17871094 -0.08496094 255 40 40 1
-0.21777344 0.15332031 -0.06738281 40 230 120 2
-0.21777344 0.15527344 -0.06933594 40 230 120 2
-0.21972656 0.15527344 -0.06738281 40 230 120 2
-0.24511719 0.12792969 -0.08496094 40 230 120 2
-0.24511719 0.12988281 -0.08496094 40 230 120 2
-0.24511719 0.12988281 -0.08691406 40 230 120 2
-0.24511719 0.12792969 -0.08691406 40 230 120 2
-0.21191406 0.16699219 -0.10644531 40 230 120 2
-0.20410156 0.17480469 -0.11816406 255 40 40 1
-0.21386719 0.16699219 -0.10644531 40 230 120 2
-0.21386719 0.16699219 -0.10449219 40 230 120 2
-0.21191406 0.16699219 -0.10449219 40 230 120 2
0.18652344 -0.13183594 -0.14550781 40 230 120 2
0.18847656 -0.13183594 -0.14550781 40 230 120 2
0.18652344 -0.12988281 -0.14550781 40 230 120 2
0.18847656 -0.12988281 -0.14550781 40 230 120 2
-0.21777344 0.15917969 -0.17089844 40 230 120 2
-0.21777344 0.16113281 -0.17089844 40 230 120 2
-0.21582031 0.15917969 -0.17089844 40 230 120 2
-0.21582031 0.16113281 -0.17089844 40 230 120 2
-0.26464844 0.08496094 -0.09472656 40 230 120 2
-0.26660156 0.08496094 -0.09667969 40 230 120 2
-0.26660156 0.08496094 -0.09472656 40 230 120 2
-0.26464844 0.08496094 -0.09667969 40 230 120 2
-0.24902344 0.12792969 -0.16113281 40 230 120 2
-0.24902344 0.12597656 -0.15917969 40 230 120 2
-0.24902344 0.12597656 -0.16113281 40 230 120 2
-0.24902344 0.12792969 -0.15917969 40 230 120 2
-0.26660156 0.08300781 -0.17089844 40 230 120 2
-0.26660156 0.08496094 -0.17089844 40 230 120 2
-0.27246094 0.05566406 -0.17871094 255 40 40 1
-0.26660156 0.08300781 -0.16894531 40 230 120 2
-0.26660156 0.08496094 -0.16894531 40 230 120 2
-0.26855469 0.03613281 -0.07910156 40 230 120 2
-0.26855469 0.03808594 -0.07910156 40 230 120 2
-0.26660156 0.03613281 -0.07910156 40 230 120 2
-0.26855469 0.03808594 -0.08105469 40 230 120 2
-0.02246094 0.26855469 -0.12597656 40 230 120 2
-0.02441406 0.27050781 -0.12597656 40 230 120 2
-0.02441406 0.26855469 -0.12597656 40 230 120 2
-0.02441406 0.26855469 -0.12792969 40 230 120 2
0.01269531 0.27636719 -0.07910156 40 230 120 2
0.01269531 0.27441406 -0.07714844 40 230 120 2
0.01269531 0.27441406 -0.07910156 40 230 120 2
0.01269531 0.27636719 -0.07714844 40 230 120 2
-0.03027344 0.28027344 -0.08300781 40 230 120 2
-0.03222656 0.28027344 -0.08300781 40 230 120 2
-0.03222656 0.28027344 -0.08496094 40 230 120 2
-0.03027344 0.28027344 -0.08496094 40 230 120 2
-0.04980469 0.28027344 -0.07128906 255 40 40 1
-0.02636719 0.17871094 -0.30371094 255 40 40 1
-0.02636719 0.17675781 -0.30371094 255 40 40 1
-0.02832031 0.17675781 -0.30371094 255 40 40 1
-0.05371094 0.16894531 -0.31738281 40 230 120 2
-0.05175781 0.16894531 -0.31933594 40 230 120 2
-0.05371094 0.16894531 -0.31933594 40 230 120 2
-0.05175781 0.16894531 -0.31738281 40 230 120 2
-0.02636719 0.17675781 -0.30566406 255 40 40 1
-0.16503906 0.16699219 -0.24707031 255 40 40 1
-0.15527344 0.17675781 -0.23535156 40 230 120 2
-0.15527344 0.17871094 -0.23339844 40 230 120 2
-0.15527344 0.17675781 -0.23339844 40 230 120 2
-0.15527344 0.17871094 -0.23535156 40 230 120 2
-0.02832031 0.24316406 -0.20019531 40 230 120 2
-0.02832031 0.24316406 -0.19824219 40 230 120 2
-0.03027344 0.24511719 -0.20019531 40 230 120 2
-0.03027344 0.24316406 -0.20019531 40 230 120 2
-0.17285156 0.20019531 -0.10058594 40 230 120 2
-0.17285156 0.20214844 -0.10058594 40 230 120 2
-0.17285156 0.20019531 -0.09863281 40 230 120 2
-0.17285156 0.20214844 -0.09863281 40 230 120 2
-0.13378906 0.21777344 -0.08691406 40 230 120 2
-0.13378906 0.21777344 -0.08496094 40 230 120 2
-0.15527344 0.21386719 -0.09082031 255 40 40 1
-0.13574219 0.21777344 -0.08691406 40 230 120 2
-0.13574219 0.21777344 -0.08496094 40 230 120 2
-0.17480469 0.19042969 -0.06933594 40 230 120 2
-0.17675781 0.19042969 -0.06738281 40 230 120 2
-0.17480469 0.19042969 -0.06738281 40 230 120 2
-0.17675781 0.19042969 -0.06933594 40 230 120 2
-0.15136719 0.19628906 -0.04980469 40 230 120 2
-0.14941406 0.19628906 -0.05175781 40 230 120 2
-0.14941406 0.19628906 -0.04980469 40 230 120 2
-0.15136719 0.19628906 -0.05175781 40 230 120 2
-0.11425781 0.22363281 -0.05371094 40 230 120 2
-0.11230469 0.22558594 -0.05371094 40 230 120 2
-0.11425781 0.22363281 -0.05566406 40 230 120 2
-0.11230469 0.22363281 -0.05371094 40 230 120 2
0.00292969 0.19042969 0.11621094 255 40 40 1
0.00292969 0.20800781 0.10253906 40 230 120 2
0.00292969 0.20800781 0.10058594 40 230 120 2
0.00292969 0.20996094 0.10253906 40 230 120 2
0.00097656 0.20800781 0.10253906 40 230 120 2
-0.01464844 0.24511719 0.09082031 255 40 40 1
0.00097656 0.23730469 0.07128906 40 230 120 2
-0.00097656 0.23535156 0.07128906 40 230 120 2
-0.00097656 0.23730469 0.07324219 40 230 120 2
-0.00097656 0.23730469 0.07128906 40 230 120 2
-0.01464844 0.24316406 0.08886719 255 40 40 1
-0.02832031 0.20996094 0.14746094 40 230 120 2
-0.02832031 0.21191406 0.14746094 40 230 120 2
-0.02636719 0.20996094 0.14746094 40 230 120 2
-0.02636719 0.21191406 0.14746094 40 230 120 2
-0.02832031 0.18261719 0.13574219 40 230 120 2
-0.02832031 0.18457031 0.13574219 40 230 120 2
-0.02832031 0.18457031 0.13378906 40 230 120 2
-0.03027344 0.18457031 0.13574219 40 230 120 2
-0.02246094 0.03027344 0.16113281 40 230 120 2
-0.02246094 0.03027344 0.16308594 40 230 120 2
-0.02050781 0.03027344 0.16113281 40 230 120 2
-0.02050781 0.03027344 0.16308594 40 230 120 2
-0.03222656 0.07714844 0.13769531 255 40 40 1
-0.05175781 0.06347656 0.14746094 40 230 120 2
-0.04980469 0.06152344 0.14746094 40 230 120 2
-0.04785156 0.06347656 0.14746094 40 230 120 2
-0.04980469 0.06347656 0.14746094 40 230 120 2
-0.08496094 0.04785156 0.15917969 40 230 120 2
-0.08691406 0.04589844 0.15917969 40 230 120 2
-0.08496094 0.04589844 0.15917969 40 230 120 2
-0.08496094 0.04589844 0.16113281 40 230 120 2
-0.06152344 0.01269531 0.17480469 40 230 120 2
-0.05957031 0.01269531 0.17480469 40 230 120 2
-0.06152344 0.01074219 0.17480469 40 230 120 2
-0.05957031 0.01074219 0.17480469 40 230 120 2
-0.07714844 0.16308594 0.09863281 40 230 120 2
-0.07910156 0.16308594 0.09667969 40 230 120 2
-0.07910156 0.16113281 0.09863281 40 230 120 2
-0.07910156 0.16308594 0.09863281 40 230 120 2
-0.08496094 0.15917969 0.10253906 255 40 40 1
-0.04199219 0.14550781 0.10449219 40 230 120 2
-0.04394531 0.14550781 0.10253906 40 230 120 2
-0.04394531 0.14550781 0.10449219 40 230 120 2
-0.04394531 0.14355469 0.10449219 40 230 120 2
-0.04003906 0.16308594 0.11230469 255 40 40 1
0.00097656 0.17089844 0.11035156 255 40 40 1
-0.00878906 0.16699219 0.11425781 40 230 120 2
-0.00683594 0.16699219 0.11621094 40 230 120 2
-0.00878906 0.16699219 0.11621094 40 230 120 2
-0.00878906 0.16503906 0.11621094 40 230 120 2
-0.03222656 0.17285156 0.11425781 40 230 120 2
-0.03027344 0.17285156 0.11425781 40 230 120 2
-0.03222656 0.17480469 0.11425781 40 230 120 2
-0.03027344 0.17480469 0.11425781 40 230 120 2
0.18457031 -0.14941406 -0.00292969 40 230 120 2
0.18261719 -0.14941406 -0.00292969 40 230 120 2
0.18261719 -0.15136719 -0.00292969 40 230 120 2
0.18457031 -0.15136719 -0.00292969 40 230 120 2
0.23144531 -0.13769531 0.00488281 40 230 120 2
0.23144531 -0.13769531 0.00292969 40 230 120 2
0.22949219 -0.13769531 0.00488281 40 230 120 2
0.22949219 -0.13769531 0.00292969 40 230 120 2
0.24902344 -0.13574219 0.00878906 255 40 40 1
0.24511719 -0.14160156 0.03808594 255 40 40 1
0.20410156 -0.16699219 0.02832031 255 40 40 1
0.21777344 -0.15527344 0.02050781 40 230 120 2
0.21777344 -0.15722656 0.02246094 40 230 120 2
0.21777344 -0.15527344 0.02246094 40 230 120 2
0.21972656 -0.15527344 0.02246094 40 230 120 2
0.17285156 -0.17089844 0.00488281 40 230 120 2
0.17089844 -0.17089844 0.00488281 40 230 120 2
0.17089844 -0.17089844 0.00292969 40 230 120 2
0.17089844 -0.17285156 0.00488281 40 230 120 2
0.20996094 0.20019531 0.02636719 40 230 120 2
0.20800781 0.20019531 0.02636719 40 230 120 2
0.20800781 0.20214844 0.02636719 40 230 120 2
0.20800781 0.20214844 0.02441406 40 230 120 2
0.22753906 0.20019531 0.04785156 40 230 120 2
0.22949219 0.20019531 0.04785156 40 230 120 2
0.22949219 0.20019531 0.04980469 40 230 120 2
0.22753906 0.20019531 0.04980469 40 230 120 2
0.25097656 0.15722656 0.05175781 40 230 120 2
0.25097656 0.15917969 0.04980469 40 230 120 2
0.25097656 0.15917969 0.05175781 40 230 120 2
0.25292969 0.15917969 0.05175781 40 230 120 2
0.08300781 -0.16113281 -0.00097656 40 230 120 2
0.08300781 -0.16308594 -0.00292969 40 230 120 2
0.08300781 -0.16113281 -0.00292969 40 230 120 2
0.08105469 -0.16308594 -0.00292969 40 230 120 2
0.13574219 -0.16113281 -0.00292969 40 230 120 2
0.13574219 -0.15917969 -0.00292969 40 230 120 2
0.13574219 -0.15917969 -0.00097656 40 230 120 2
0.13769531 -0.15917969 -0.00292969 40 230 120 2
0.12597656 -0.17480469 0.01269531 40 230 120 2
0.12402344 -0.17285156 0.01269531 40 230 120 2
0.12597656 -0.17285156 0.01269531 40 230 120 2
0.12402344 -0.17480469 0.01269531 40 230 120 2
0.08691406 -0.17285156 0.00488281 40 230 120 2
0.08691406 -0.17089844 0.00488281 40 230 120 2
0.08886719 -0.17089844 0.00488281 40 230 120 2
0.08691406 -0.17089844 0.00292969 40 230 120 2
-0.17871094 0.18847656 -0.16113281 40 230 120 2
-0.17871094 0.18847656 -0.15917969 40 230 120 2
-0.17871094 0.19042969 -0.16113281 40 230 120 2
-0.17871094 0.19042969 -0.15917969 40 230 120 2
0.05175781 0.25683594 -0.08691406 40 230 120 2
0.04980469 0.25683594 -0.08691406 40 230 120 2
0.05175781 0.25878906 -0.08691406 40 230 120 2
0.04980469 0.25878906 -0.08691406 40 230 120 2
0.13769531 0.24902344 -0.05566406 40 230 120 2
0.13769531 0.24902344 -0.05761719 40 230 120 2
0.13574219 0.24902344 -0.05761719 40 230 120 2
0.13574219 0.24902344 -0.05566406 40 230 120 2
0.12207031 0.25292969 -0.04980469 255 40 40 1
0.14746094 0.23730469 -0.01074219 40 230 120 2
0.14941406 0.23535156 -0.01074219 40 230 120 2
0.14941406 0.23730469 -0.00878906 40 230 120 2
0.14941406 0.23730469 -0.01074219 40 230 120 2
0.19042969 0.22363281 -0.01074219 40 230 120 2
0.19238281 0.22363281 -0.01074219 40 230 120 2
0.19238281 0.22363281 -0.01269531 40 230 120 2
0.19238281 0.22558594 -0.01074219 40 230 120 2
0.18066406 0.23339844 -0.05566406 40 230 120 2
0.18261719 0.23339844 -0.05566406 40 230 120 2
0.18261719 0.23339844 -0.05761719 40 230 120 2
0.18261719 0.23144531 -0.05566406 40 230 120 2
0.16308594 0.23339844 -0.11621094 255 40 40 1
0.15136719 0.24121094 -0.09277344 40 230 120 2
0.15136719 0.24121094 -0.09472656 40 230 120 2
0.14941406 0.24121094 -0.09277344 40 230 120 2
0.14941406 0.24316406 -0.09277344 40 230 120 2
0.19628906 0.22363281 -0.09277344 40 230 120 2
0.19433594 0.22363281 -0.09277344 40 230 120 2
0.19433594 0.22363281 -0.09472656 40 230 120 2
0.21191406 0.21972656 -0.10449219 255 40 40 1
0.20996094 0.22167969 -0.10449219 255 40 40 1
0.20996094 0.21972656 -0.10449219 255 40 40 1
0.19628906 0.22363281 -0.09472656 40 230 120 2
0.16503906 0.23339844 -0.11621094 255 40 40 1
-0.21191406 -0.09863281 -0.15917969 40 230 120 2
-0.20996094 -0.10058594 -0.15917969 40 230 120 2
-0.20996094 -0.09863281 -0.15917969 40 230 120 2
-0.21191406 -0.09863281 -0.15722656 40 230 120 2
0.18066406 0.20800781 -0.17285156 255 40 40 1
0.18066406 0.20605469 -0.17089844 255 40 40 1
0.17089844 0.21386719 -0.16503906 40 230 120 2
0.17089844 0.21582031 -0.16503906 40 230 120 2
0.17285156 0.21386719 -0.16503906 40 230 120 2
0.17285156 0.21582031 -0.16503906 40 230 120 2
0.05761719 0.25488281 -0.11425781 40 230 120 2
0.05761719 0.25292969 -0.11425781 40 230 120 2
0.05957031 0.25292969 -0.11425781 40 230 120 2
0.05761719 0.25292969 -0.11621094 40 230 120 2
0.00292969 0.27832031 -0.01855469 40 230 120 2
0.00097656 0.27832031 -0.01855469 40 230 120 2
0.00097656 0.27832031 -0.02050781 40 230 120 2
0.00292969 0.27832031 -0.02050781 40 230 120 2
-0.01269531 0.29003906 -0.00292969 255 40 40 1
-0.06933594 -0.03808594 -0.48535156 40 230 120 2
-0.06933594 -0.03808594 -0.48730469 40 230 120 2
-0.06933594 -0.03613281 -0.48535156 40 230 120 2
-0.06933594 -0.03613281 -0.48730469 40 230 120 2
-0.09277344 -0.03417969 -0.49316406 40 230 120 2
-0.09277344 -0.03222656 -0.49316406 40 230 120 2
-0.09277344 -0.03222656 -0.49511719 40 230 120 2
-0.09082031 -0.03222656 -0.49316406 40 230 120 2
-0.08691406 -0.01660156 -0.49707031 40 230 120 2
-0.08691406 -0.01660156 -0.49902344 40 230 120 2
-0.08886719 -0.01660156 -0.49707031 40 230 120 2
-0.08691406 -0.01855469 -0.49707031 40 230 120 2
-0.06152344 -0.02050781 -0.48925781 40 230 120 2
-0.06347656 -0.02050781 -0.48925781 40 230 120 2
-0.06347656 -0.02050781 -0.49121094 40 230 120 2
-0.06152344 -0.02050781 -0.49121094 40 230 120 2
-0.04394531 -0.02832031 -0.47753906 40 230 120 2
-0.04394531 -0.02832031 -0.47558594 40 230 120 2
-0.04980469 -0.04003906 -0.47753906 255 40 40 1
-0.04394531 -0.03027344 -0.47753906 40 230 120 2
-0.04394531 -0.03027344 -0.47558594 40 230 120 2
-0.03613281 -0.01464844 -0.47753906 40 230 120 2
-0.03613281 -0.01269531 -0.47753906 40 230 120 2
-0.03613281 -0.01464844 -0.47558594 40 230 120 2
-0.03613281 -0.01269531 -0.47558594 40 230 120 2
-0.02636719 -0.02246094 -0.46972656 255 40 40 1
-0.00683594 -0.01464844 -0.45605469 40 230 120 2
-0.00683594 -0.01660156 -0.45605469 40 230 120 2
-0.00488281 -0.01464844 -0.45605469 40 230 120 2
-0.00683594 -0.01464844 -0.45800781 40 230 120 2
-0.01660156 -0.03027344 -0.45800781 40 230 120 2
-0.01464844 -0.03222656 -0.45800781 40 230 120 2
-0.01660156 -0.03222656 -0.45800781 40 230 120 2
-0.01660156 -0.03222656 -0.45996094 40 230 120 2
-0.03417969 -0.04199219 -0.46191406 40 230 120 2
-0.03417969 -0.04394531 -0.46386719 40 230 120 2
-0.03417969 -0.04199219 -0.46386719 40 230 120 2
-0.03417969 -0.04394531 -0.46191406 40 230 120 2
-0.00683594 -0.04589844 -0.44433594 40 230 120 2
-0.00488281 -0.04394531 -0.44433594 40 230 120 2
0.00488281 -0.03808594 -0.44628906 255 40 40 1
-0.00488281 -0.04589844 -0.44628906 40 230 120 2
-0.00488281 -0.04589844 -0.44433594 40 230 120 2
0.00488281 -0.03613281 -0.44433594 255 40 40 1
-0.01269531 -0.05761719 -0.43847656 40 230 120 2
-0.01269531 -0.05761719 -0.44042969 40 230 120 2
-0.01464844 -0.05761719 -0.43847656 40 230 120 2
-0.01464844 -0.05761719 -0.44042969 40 230 120 2
-0.03808594 -0.05371094 -0.45214844 40 230 120 2
-0.03808594 -0.05566406 -0.45214844 40 230 120 2
-0.03808594 -0.05566406 -0.45019531 40 230 120 2
-0.03613281 -0.05566406 -0.45214844 40 230 120 2
-0.05566406 -0.04980469 -0.46972656 40 230 120 2
-0.04980469 -0.05175781 -0.46191406 255 40 40 1
-0.05566406 -0.04980469 -0.47167969 40 230 120 2
-0.05761719 -0.04980469 -0.46972656 40 230 120 2
-0.05761719 -0.04980469 -0.47167969 40 230 120 2
-0.07128906 -0.05761719 -0.47167969 255 40 40 1
-0.07128906 -0.05566406 -0.46972656 255 40 40 1
-0.05957031 -0.06347656 -0.45410156 40 230 120 2
-0.05957031 -0.06152344 -0.45605469 40 230 120 2
-0.05761719 -0.06152344 -0.45410156 40 230 120 2
-0.05957031 -0.06152344 -0.45410156 40 230 120 2
-0.08300781 -0.05957031 -0.46777344 40 230 120 2
-0.08300781 -0.06152344 -0.46582031 40 230 120 2
-0.08300781 -0.06152344 -0.46777344 40 230 120 2
-0.08496094 -0.06152344 -0.46777344 40 230 120 2
-0.09667969 -0.04199219 -0.48730469 255 40 40 1
-0.08105469 -0.04785156 -0.48144531 40 230 120 2
-0.08105469 -0.04785156 -0.48339844 40 230 120 2
-0.08300781 -0.04785156 -0.48339844 40 230 120 2
-0.08105469 -0.04589844 -0.48339844 40 230 120 2
-0.12207031 -0.03222656 -0.48925781 40 230 120 2
-0.12207031 -0.03027344 -0.49121094 40 230 120 2
-0.12207031 -0.03417969 -0.48925781 40 230 120 2
-0.12207031 -0.03222656 -0.49121094 40 230 120 2
-0.11621094 -0.02832031 -0.49316406 255 40 40 1
-0.12011719 -0.01855469 -0.49707031 40 230 120 2
-0.12011719 -0.01660156 -0.49511719 40 230 120 2
-0.12207031 -0.01660156 -0.49707031 40 230 120 2
-0.12011719 -0.01660156 -0.49707031 40 230 120 2
-0.10644531 -0.02050781 -0.49707031 40 230 120 2
-0.10644531 -0.02050781 -0.49902344 40 230 120 2
-0.10644531 -0.02246094 -0.49707031 40 230 120 2
-0.10839844 -0.02246094 -0.49707031 40 230 120 2
-0.10839844 -0.03613281 -0.49121094 40 230 120 2
-0.11035156 -0.03808594 -0.49121094 40 230 120 2
-0.10839844 -0.03808594 -0.49121094 40 230 120 2
-0.10839844 -0.03808594 -0.48925781 40 230 120 2
-0.11621094 -0.04785156 -0.48339844 40 230 120 2
-0.11425781 -0.04785156 -0.48339844 40 230 120 2
-0.11425781 -0.04589844 -0.48339844 40 230 120 2
-0.11425781 -0.04785156 -0.48144531 40 230 120 2
-0.10058594 -0.05371094 -0.47949219 40 230 120 2
-0.10058594 -0.05175781 -0.47949219 40 230 120 2
-0.09863281 -0.05175781 -0.47949219 40 230 120 2
-0.09863281 -0.05371094 -0.47949219 40 230 120 2
-0.09667969 -0.06738281 -0.46191406 40 230 120 2
-0.09863281 -0.06542969 -0.46191406 40 230 120 2
-0.09863281 -0.06738281 -0.45996094 40 230 120 2
-0.09863281 -0.06738281 -0.46191406 40 230 120 2
-0.11230469 -0.06347656 -0.46582031 40 230 120 2
-0.11230469 -0.06152344 -0.46582031 40 230 120 2
-0.11425781 -0.06347656 -0.46582031 40 230 120 2
-0.11425781 -0.06152344 -0.46582031 40 230 120 2
-0.14746094 -0.05371094 -0.46386719 40 230 120 2
-0.14746094 -0.05175781 -0.46582031 40 230 120 2
-0.14550781 -0.05175781 -0.46386719 40 230 120 2
-0.15332031 -0.05566406 -0.45410156 255 40 40 1
-0.14746094 -0.05175781 -0.46386719 40 230 120 2
-0.14746094 -0.06542969 -0.44824219 40 230 120 2
-0.14746094 -0.06347656 -0.44824219 40 230 120 2
-0.14941406 -0.06542969 -0.44824219 40 230 120 2
-0.14746094 -0.06542969 -0.44628906 40 230 120 2
-0.16308594 -0.05957031 -0.44433594 40 230 120 2
-0.16308594 -0.05957031 -0.44238281 40 230 120 2
-0.16113281 -0.05957031 -0.44238281 40 230 120 2
-0.16113281 -0.05957031 -0.44433594 40 230 120 2
-0.16308594 -0.04785156 -0.45605469 40 230 120 2
-0.16113281 -0.04394531 -0.46386719 255 40 40 1
-0.16308594 -0.04589844 -0.45410156 40 230 120 2
-0.16113281 -0.04785156 -0.45410156 40 230 120 2
-0.16308594 -0.04785156 -0.45410156 40 230 120 2
-0.15527344 -0.03808594 -0.46972656 40 230 120 2
-0.15527344 -0.03808594 -0.46777344 40 230 120 2
-0.15527344 -0.03613281 -0.46972656 40 230 120 2
-0.15722656 -0.03808594 -0.46972656 40 230 120 2
-0.17089844 -0.03222656 -0.45605469 40 230 120 2
-0.17285156 -0.03222656 -0.45605469 40 230 120 2
-0.17285156 -0.03417969 -0.45605469 40 230 120 2
-0.17285156 -0.03222656 -0.45800781 40 230 120 2
-0.17089844 -0.01660156 -0.46386719 40 230 120 2
-0.16894531 -0.01660156 -0.46582031 40 230 120 2
-0.17089844 -0.01660156 -0.46582031 40 230 120 2
-0.16894531 -0.01660156 -0.46386719 40 230 120 2
-0.15527344 -0.02246094 -0.47949219 40 230 120 2
-0.15527344 -0.02246094 -0.47753906 40 230 120 2
-0.15332031 -0.02246094 -0.47949219 40 230 120 2
-0.15527344 -0.02050781 -0.47949219 40 230 120 2
-0.12011719 0.00488281 -0.48730469 40 230 120 2
-0.12011719 0.00683594 -0.48730469 40 230 120 2
-0.12011719 0.00488281 -0.48535156 40 230 120 2
-0.12011719 0.00683594 -0.48535156 40 230 120 2
-0.10644531 0.00488281 -0.49316406 40 230 120 2
-0.10644531 0.00292969 -0.49316406 40 230 120 2
-0.10839844 0.00488281 -0.49316406 40 230 120 2
-0.10839844 0.00292969 -0.49316406 40 230 120 2
-0.11230469 -0.00683594 -0.49707031 40 230 120 2
-0.11230469 -0.00878906 -0.49707031 40 230 120 2
-0.11230469 -0.00878906 -0.49902344 40 230 120 2
-0.11230469 -0.00683594 -0.49902344 40 230 120 2
-0.12597656 -0.00292969 -0.49316406 40 230 120 2
-0.12402344 -0.00292969 -0.49316406 40 230 120 2
-0.12402344 -0.00488281 -0.49316406 40 230 120 2
-0.12402344 -0.00292969 -0.49511719 40 230 120 2
-0.15722656 0.00292969 -0.47167969 40 230 120 2
-0.15722656 0.00292969 -0.47363281 40 230 120 2
-0.15527344 0.00292969 -0.47363281 40 230 120 2
-0.15527344 0.00292969 -0.47167969 40 230 120 2
-0.15917969 -0.00878906 -0.47558594 40 230 120 2
-0.16113281 -0.00683594 -0.47558594 40 230 120 2
-0.16113281 -0.00878906 -0.47558594 40 230 120 2
-0.16113281 -0.00878906 -0.47363281 40 230 120 2
-0.18066406 -0.00097656 -0.45214844 255 40 40 1
-0.17480469 -0.00488281 -0.45800781 40 230 120 2
-0.17675781 -0.00488281 -0.45605469 40 230 120 2
-0.17480469 -0.00488281 -0.45605469 40 230 120 2
-0.17675781 -0.00488281 -0.45800781 40 230 120 2
-0.16894531 0.00683594 -0.45605469 40 230 120 2
-0.16894531 0.00488281 -0.45605469 40 230 120 2
-0.16894531 0.00683594 -0.45410156 40 230 120 2
-0.15917969 0.01269531 -0.45605469 40 230 120 2
-0.15722656 0.01269531 -0.45800781 40 230 120 2
-0.15917969 0.01269531 -0.45800781 40 230 120 2
-0.15917969 0.01464844 -0.45800781 40 230 120 2
-0.17089844 0.02050781 -0.44042969 40 230 120 2
-0.17089844 0.01855469 -0.44042969 40 230 120 2
-0.17089844 0.02050781 -0.44238281 40 230 120 2
-0.16894531 0.02050781 -0.44042969 40 230 120 2
-0.16113281 0.03417969 -0.43457031 40 230 120 2
-0.16113281 0.03417969 -0.43652344 40 230 120 2
-0.16308594 0.03417969 -0.43652344 40 230 120 2
-0.16308594 0.03417969 -0.43457031 40 230 120 2
-0.14550781 0.04199219 -0.44238281 255 40 40 1
-0.15136719 0.02832031 -0.44628906 40 230 120 2
-0.15136719 0.02832031 -0.44824219 40 230 120 2
-0.15136719 0.03027344 -0.44628906 40 230 120 2
-0.15136719 0.03027344 -0.44824219 40 230 120 2
-0.11425781 0.02441406 -0.46972656 255 40 40 1
-0.12207031 0.01855469 -0.46972656 40 230 120 2
-0.12207031 0.01855469 -0.47167969 40 230 120 2
-0.12207031 0.01660156 -0.47167969 40 230 120 2
-0.12011719 0.01855469 -0.46972656 40 230 120 2
-0.11425781 0.03808594 -0.45800781 40 230 120 2
-0.11230469 0.03808594 -0.45605469 40 230 120 2
-0.11425781 0.03808594 -0.45605469 40 230 120 2
-0.11425781 0.04003906 -0.45605469 40 230 120 2
-0.09472656 0.02832031 -0.47363281 255 40 40 1
-0.10058594 0.03417969 -0.46777344 40 230 120 2
-0.10058594 0.03613281 -0.46777344 40 230 120 2
-0.09863281 0.03613281 -0.46777344 40 230 120 2
-0.09863281 0.03417969 -0.46777344 40 230 120 2
-0.10839844 0.01464844 -0.47949219 40 230 120 2
-0.11035156 0.01464844 -0.48144531 40 230 120 2
-0.11035156 0.01464844 -0.47949219 40 230 120 2
-0.11035156 0.01269531 -0.47949219 40 230 120 2
-0.06152344 0.00488281 -0.48730469 40 230 120 2
-0.06152344 0.00683594 -0.48535156 40 230 120 2
-0.06347656 0.00683594 -0.48730469 40 230 120 2
-0.06152344 0.00683594 -0.48730469 40 230 120 2
-0.07128906 -0.00878906 -0.49511719 40 230 120 2
-0.07128906 -0.00683594 -0.49316406 40 230 120 2
-0.07128906 -0.00683594 -0.49511719 40 230 120 2
-0.07324219 -0.00683594 -0.49511719 40 230 120 2
-0.09472656 -0.00292969 -0.49707031 40 230 120 2
-0.09667969 -0.00488281 -0.49707031 40 230 120 2
-0.09667969 -0.00292969 -0.49707031 40 230 120 2
-0.09472656 -0.00097656 -0.49707031 40 230 120 2
-0.08496094 0.00878906 -0.48925781 40 230 120 2
-0.08496094 0.00683594 -0.48925781 40 230 120 2
-0.08691406 0.00683594 -0.48925781 40 230 120 2
-0.08691406 0.00878906 -0.48925781 40 230 120 2
-0.06542969 0.02050781 -0.47949219 40 230 120 2
-0.06738281 0.01855469 -0.47949219 40 230 120 2
-0.06738281 0.02050781 -0.48144531 40 230 120 2
-0.07714844 0.01269531 -0.48535156 255 40 40 1
-0.06738281 0.02050781 -0.47949219 40 230 120 2
-0.08886719 0.02246094 -0.47949219 40 230 120 2
-0.09082031 0.02441406 -0.47949219 40 230 120 2
-0.09082031 0.02246094 -0.47949219 40 230 120 2
-0.08886719 0.02441406 -0.47949219 40 230 120 2
-0.07519531 0.04589844 -0.46386719 40 230 120 2
-0.07519531 0.04589844 -0.46191406 40 230 120 2
-0.07714844 0.04589844 -0.46386719 40 230 120 2
-0.07519531 0.04394531 -0.46386719 40 230 120 2
-0.05175781 0.04199219 -0.46386719 40 230 120 2
-0.05371094 0.04199219 -0.46582031 40 230 120 2
-0.05371094 0.04003906 -0.46386719 40 230 120 2
-0.05371094 0.04199219 -0.46386719 40 230 120 2
-0.04003906 0.03222656 -0.46777344 40 230 120 2
-0.04003906 0.03027344 -0.46582031 40 230 120 2
-0.03808594 0.03027344 -0.46777344 40 230 120 2
-0.04003906 0.03027344 -0.46777344 40 230 120 2
-0.02636719 0.05371094 -0.44824219 40 230 120 2
-0.02636719 0.05175781 -0.45019531 40 230 120 2
-0.02636719 0.05371094 -0.45019531 40 230 120 2
-0.04003906 0.05761719 -0.45019531 255 40 40 1
-0.02636719 0.05175781 -0.44824219 40 230 120 2
-0.00488281 0.05761719 -0.43066406 255 40 40 1
-0.00878906 0.04980469 -0.44042969 40 230 120 2
-0.01074219 0.04785156 -0.44042969 40 230 120 2
-0.00878906 0.04785156 -0.44042969 40 230 120 2
-0.00878906 0.04785156 -0.43847656 40 230 120 2
-0.01660156 0.02832031 -0.45410156 40 230 120 2
-0.01660156 0.03027344 -0.45410156 40 230 120 2
-0.01464844 0.02832031 -0.45410156 40 230 120 2
-0.01464844 0.03027344 -0.45410156 40 230 120 2
-0.03222656 0.01269531 -0.47167969 40 230 120 2
-0.02832031 0.00488281 -0.46972656 255 40 40 1
-0.03222656 0.01464844 -0.47167969 40 230 120 2
-0.03417969 0.01269531 -0.47167969 40 230 120 2
-0.03417969 0.01464844 -0.47167969 40 230 120 2
-0.00683594 0.01464844 -0.45410156 40 230 120 2
-0.00878906 0.01464844 -0.45214844 40 230 120 2
-0.00878906 0.01464844 -0.45410156 40 230 120 2
-0.00683594 0.01464844 -0.45214844 40 230 120 2
-0.01464844 -0.00292969 -0.46386719 40 230 120 2
-0.01660156 -0.00097656 -0.46386719 40 230 120 2
-0.01660156 -0.00292969 -0.46386719 40 230 120 2
-0.01660156 -0.00292969 -0.46582031 40 230 120 2
-0.04589844 -0.00097656 -0.48144531 40 230 120 2
-0.04394531 -0.00097656 -0.48144531 40 230 120 2
-0.04394531 -0.00292969 -0.48144531 40 230 120 2
-0.04589844 -0.00292969 -0.48144531 40 230 120 2
0.03027344 -0.12792969 0.24511719 40 230 120 2
0.02832031 -0.12988281 0.24511719 40 230 120 2
0.03027344 -0.12988281 0.24511719 40 230 120 2
0.02832031 -0.12792969 0.24511719 40 230 120 2
0.06738281 -0.15527344 0.27636719 40 230 120 2
0.06738281 -0.15722656 0.27832031 40 230 120 2
0.06542969 -0.15722656 0.27636719 40 230 120 2
0.06738281 -0.15722656 0.27636719 40 230 120 2
0.08300781 -0.16113281 0.28417969 255 40 40 1
0.08496094 -0.16113281 0.28613281 255 40 40 1
0.08105469 -0.13574219 0.25097656 40 230 120 2
0.08105469 -0.13574219 0.24902344 40 230 120 2
0.07910156 -0.13574219 0.24902344 40 230 120 2
0.07910156 -0.13574219 0.25097656 40 230 120 2
0.10644531 -0.15527344 0.25878906 255 40 40 1
0.05175781 -0.10449219 0.23535156 40 230 120 2
0.06347656 -0.08886719 0.22167969 255 40 40 1
0.05175781 -0.10644531 0.23730469 40 230 120 2
0.05371094 -0.10449219 0.23730469 40 230 120 2
0.05175781 -0.10449219 0.23730469 40 230 120 2
-0.22363281 -0.01660156 0.01855469 40 230 120 2
-0.22167969 -0.01660156 0.01855469 40 230 120 2
-0.22363281 -0.01855469 0.01855469 40 230 120 2
-0.22167969 -0.01855469 0.01855469 40 230 120 2
-0.21191406 -0.05566406 0.01855469 40 230 120 2
-0.21191406 -0.05371094 0.01855469 40 230 120 2
-0.21386719 -0.05371094 0.01660156 40 230 120 2
-0.21386719 -0.05371094 0.01855469 40 230 120 2
-0.23144531 -0.05175781 0.03222656 40 230 120 2
-0.23144531 -0.04980469 0.03417969 40 230 120 2
-0.23144531 -0.05175781 0.03417969 40 230 120 2
-0.24316406 -0.04199219 0.04199219 255 40 40 1
-0.23144531 -0.04980469 0.03222656 40 230 120 2
-0.23925781 -0.00878906 0.02832031 40 230 120 2
-0.23730469 -0.01074219 0.02832031 40 230 120 2
-0.23925781 -0.01074219 0.02636719 40 230 120 2
-0.23925781 -0.01074219 0.02832031 40 230 120 2
-0.10839844 0.18652344 0.03808594 40 230 120 2
-0.10839844 0.18457031 0.04003906 40 230 120 2
-0.10839844 0.18457031 0.03808594 40 230 120 2
-0.10839844 0.18652344 0.04003906 40 230 120 2
-0.10839844 0.20605469 -0.01074219 40 230 120 2
-0.10644531 0.20605469 -0.01269531 40 230 120 2
-0.10839844 0.20410156 -0.01269531 40 230 120 2
-0.10839844 0.20605469 -0.01269531 40 230 120 2
-0.11425781 0.19238281 -0.00097656 40 230 120 2
0.04199219 -0.03613281 0.18066406 40 230 120 2
0.04199219 -0.03808594 0.18066406 40 230 120 2
0.04199219 -0.03808594 0.18261719 40 230 120 2
0.04003906 -0.03808594 0.18066406 40 230 120 2
0.04394531 -0.04785156 0.18261719 255 40 40 1
0.03808594 -0.05371094 0.16894531 40 230 120 2
0.04003906 -0.05175781 0.16894531 40 230 120 2
0.04003906 -0.05371094 0.16894531 40 230 120 2
0.03613281 -0.03222656 0.16503906 40 230 120 2
0.02441406 0.00097656 0.16308594 40 230 120 2
0.02246094 0.01269531 0.15917969 255 40 40 1
0.02246094 0.00097656 0.16308594 40 230 120 2
0.02246094 -0.00097656 0.16308594 40 230 120 2
0.02636719 -0.00683594 0.16503906 40 230 120 2
0.02441406 -0.00097656 0.16308594 40 230 120 2
0.02636719 -0.01074219 0.16503906 40 230 120 2
0.02636719 -0.00878906 0.16503906 40 230 120 2
0.02636719 -0.01074219 0.17675781 40 230 120 2
0.03417969 -0.01660156 0.18457031 255 40 40 1
0.02441406 -0.01074219 0.17675781 40 230 120 2
0.02441406 -0.01074219 0.17871094 40 230 120 2
0.02441406 -0.01269531 0.17675781 40 230 120 2
0.27050781 0.08886719 0.05761719 40 230 120 2
0.27050781 0.08886719 0.05566406 40 230 120 2
0.27050781 0.08691406 0.05566406 40 230 120 2
0.27246094 0.12011719 0.06738281 40 230 120 2
0.27246094 0.11816406 0.06738281 40 230 120 2
0.27050781 0.12011719 0.06738281 40 230 120 2
0.27050781 0.11816406 0.06738281 40 230 120 2
0.27636719 0.07128906 0.06347656 40 230 120 2
0.27636719 0.07128906 0.06542969 40 230 120 2
0.27832031 0.07128906 0.06542969 40 230 120 2
0.27636719 0.06933594 0.06542969 40 230 120 2
0.01660156 0.05566406 0.15722656 40 230 120 2
0.01660156 0.05371094 0.15722656 40 230 120 2
0.01660156 0.05566406 0.15527344 40 230 120 2
0.01660156 0.05371094 0.15527344 40 230 120 2
0.02246094 0.02832031 0.15722656 40 230 120 2
0.02246094 0.02636719 0.15722656 40 230 120 2
0.02246094 0.02832031 0.15527344 40 230 120 2
0.02246094 0.02636719 0.15527344 40 230 120 2
0.03222656 0.05761719 0.15917969 255 40 40 1
0.03417969 0.04980469 0.16308594 40 230 120 2
0.03222656 0.04785156 0.16308594 40 230 120 2
0.03222656 0.04980469 0.16113281 40 230 120 2
0.03222656 0.04980469 0.16308594 40 230 120 2
0.12988281 0.23144531 0.00097656 40 230 120 2
0.13183594 0.23339844 0.00097656 40 230 120 2
0.12988281 0.23339844 0.00097656 40 230 120 2
0.13183594 0.23144531 0.00097656 40 230 120 2
0.14746094 0.23925781 0.02050781 40 230 120 2
0.14550781 0.23925781 0.02050781 40 230 120 2
0.14746094 0.23730469 0.02050781 40 230 120 2
0.14550781 0.23730469 0.02050781 40 230 120 2
0.20410156 0.22558594 0.04785156 255 40 40 1
0.19042969 0.21972656 0.02636719 40 230 120 2
0.20019531 0.20996094 0.02441406 255 40 40 1
0.18847656 0.21972656 0.02636719 40 230 120 2
0.18847656 0.21972656 0.02441406 40 230 120 2
0.18847656 0.22167969 0.02636719 40 230 120 2
0.09472656 0.24511719 -0.00488281 40 230 120 2
0.09472656 0.24316406 -0.00488281 40 230 120 2
0.09277344 0.24316406 -0.00488281 40 230 120 2
0.09277344 0.24511719 -0.00488281 40 230 120 2
0.05566406 0.23535156 0.01074219 40 230 120 2
0.05566406 0.23535156 0.00878906 40 230 120 2
0.05371094 0.23535156 0.00878906 40 230 120 2
0.05371094 0.23535156 0.01074219 40 230 120 2
0.07519531 0.22949219 0.00878906 40 230 120 2
0.07714844 0.22949219 0.00878906 40 230 120 2
0.07519531 0.22949219 0.00683594 40 230 120 2
0.07519531 0.23144531 0.00878906 40 230 120 2
0.10644531 0.23535156 0.00878906 40 230 120 2
0.10644531 0.23535156 0.00683594 40 230 120 2
0.10449219 0.23339844 0.00683594 40 230 120 2
0.10644531 0.23339844 0.00683594 40 230 120 2
0.26074219 -0.10058594 0.01269531 40 230 120 2
0.26074219 -0.10058594 0.01074219 40 230 120 2
0.26074219 -0.09863281 0.01074219 40 230 120 2
0.26074219 -0.09863281 0.01269531 40 230 120 2
0.28222656 -0.06347656 0.02246094 40 230 120 2
0.28417969 -0.06347656 0.02441406 40 230 120 2
0.28222656 -0.06347656 0.02441406 40 230 120 2
0.28222656 -0.06152344 0.02441406 40 230 120 2
0.28027344 -0.09667969 0.02050781 255 40 40 1
0.28613281 -0.08496094 0.04199219 40 230 120 2
0.28613281 -0.08496094 0.04003906 40 230 120 2
0.28808594 -0.08496094 0.04003906 40 230 120 2
0.28808594 -0.08496094 0.04199219 40 230 120 2
0.25683594 -0.12402344 0.02246094 40 230 120 2
0.25878906 -0.12207031 0.02246094 40 230 120 2
0.25878906 -0.12402344 0.02246094 40 230 120 2
0.25878906 -0.12402344 0.02441406 40 230 120 2
0.00683594 0.18066406 0.10449219 40 230 120 2
0.00683594 0.18066406 0.10644531 40 230 120 2
0.00683594 0.18261719 0.10644531 40 230 120 2
0.00683594 0.18261719 0.10449219 40 230 120 2
0.02050781 0.17871094 0.10058594 40 230 120 2
0.02050781 0.18066406 0.10058594 40 230 120 2
0.02246094 0.17871094 0.10058594 40 230 120 2
0.02050781 0.17871094 0.10253906 40 230 120 2
0.28808594 -0.01074219 0.03808594 40 230 120 2
0.28808594 -0.01269531 0.03613281 40 230 120 2
0.28808594 -0.01074219 0.03613281 40 230 120 2
0.28808594 -0.01464844 0.03613281 40 230 120 2
0.28808594 0.04003906 0.05175781 40 230 120 2
0.28808594 0.03808594 0.05371094 40 230 120 2
0.28808594 0.03808594 0.05175781 40 230 120 2
0.28808594 0.04003906 0.05371094 40 230 120 2
0.29980469 0.02050781 0.06347656 40 230 120 2
0.29785156 0.02050781 0.06347656 40 230 120 2
0.29980469 0.02050781 0.06542969 40 230 120 2
0.29980469 0.01855469 0.06347656 40 230 120 2
0.29199219 -0.04589844 0.02832031 255 40 40 1
0.29785156 -0.03417969 0.04199219 40 230 120 2
0.29785156 -0.03417969 0.04003906 40 230 120 2
0.29785156 -0.03417969 0.04394531 40 230 120 2
0.29785156 -0.03222656 0.04199219 40 230 120 2
0.04980469 -0.07910156 0.16308594 40 230 120 2
0.04980469 -0.07714844 0.16308594 40 230 120 2
0.04980469 -0.07714844 0.16503906 40 230 120 2
0.04785156 -0.07714844 0.16308594 40 230 120 2
0.06152344 -0.10449219 0.16113281 40 230 120 2
0.06152344 -0.10253906 0.16113281 40 230 120 2
0.06152344 -0.10253906 0.16308594 40 230 120 2
0.06152344 -0.10449219 0.16308594 40 230 120 2
0.06152344 -0.05761719 0.17675781 40 230 120 2
0.06152344 -0.05566406 0.17675781 40 230 120 2
0.06152344 -0.05761719 0.17480469 40 230 120 2
0.06152344 -0.05566406 0.17480469 40 230 120 2
-0.01660156 0.05371094 0.14746094 40 230 120 2
-0.01464844 0.05371094 0.14746094 40 230 120 2
-0.01660156 0.05566406 0.14746094 40 230 120 2
-0.01464844 0.05566406 0.14746094 40 230 120 2
0.00878906 0.02246094 0.16308594 40 230 120 2
0.00878906 0.02050781 0.16308594 40 230 120 2
0.00878906 0.02246094 0.16113281 40 230 120 2
0.00683594 0.02246094 0.16308594 40 230 120 2
0.01269531 0.03613281 0.15332031 40 230 120 2
0.01074219 0.03613281 0.15332031 40 230 120 2
0.01269531 0.03222656 0.15332031 40 230 120 2
0.01269531 0.03417969 0.15332031 40 230 120 2
0.00488281 0.06738281 0.15136719 40 230 120 2
0.00292969 0.06738281 0.14941406 40 230 120 2
0.00292969 0.06933594 0.15136719 40 230 120 2
0.00292969 0.06738281 0.15136719 40 230 120 2
-0.01855469 0.09082031 0.13574219 40 230 120 2
-0.02050781 0.09082031 0.13574219 40 230 120 2
-0.02050781 0.08886719 0.13574219 40 230 120 2
-0.01855469 0.08886719 0.13574219 40 230 120 2
-0.00097656 0.10644531 0.14550781 40 230 120 2
0.00097656 0.10449219 0.14550781 40 230 120 2
0.00097656 0.10644531 0.14746094 40 230 120 2
0.00097656 0.10644531 0.14550781 40 230 120 2
-0.01269531 0.13964844 0.12011719 40 230 120 2
-0.01074219 0.13769531 0.12011719 40 230 120 2
-0.01074219 0.13964844 0.11816406 40 230 120 2
-0.01074219 0.13964844 0.12011719 40 230 120 2
-0.04394531 0.12011719 0.11621094 40 230 120 2
-0.04785156 0.11035156 0.12207031 255 40 40 1
-0.06152344 0.13378906 0.09472656 255 40 40 1
-0.04199219 0.11816406 0.11621094 40 230 120 2
-0.04394531 0.11816406 0.11621094 40 230 120 2
-0.04199219 0.12011719 0.11621094 40 230 120 2
-0.05175781 0.09863281 0.12988281 40 230 120 2
-0.05371094 0.09863281 0.12988281 40 230 120 2
-0.07714844 0.10839844 0.12792969 255 40 40 1
-0.05371094 0.09667969 0.12988281 40 230 120 2
-0.05175781 0.09667969 0.12988281 40 230 120 2
-0.07910156 0.10839844 0.12597656 255 40 40 1
-0.07910156 0.12792969 0.11035156 40 230 120 2
-0.07714844 0.12792969 0.10839844 40 230 120 2
-0.07714844 0.12597656 0.11035156 40 230 120 2
-0.07714844 0.12792969 0.11035156 40 230 120 2
-0.10058594 0.11816406 0.12207031 40 230 120 2
-0.10058594 0.11621094 0.12207031 40 230 120 2
-0.10253906 0.11816406 0.12207031 40 230 120 2
-0.10058594 0.12011719 0.12207031 40 230 120 2
-0.08300781 0.08496094 0.14160156 40 230 120 2
-0.08105469 0.08496094 0.14160156 40 230 120 2
-0.08105469 0.08496094 0.13964844 40 230 120 2
-0.08105469 0.08300781 0.14160156 40 230 120 2
-0.19238281 0.14550781 -0.03027344 40 230 120 2
-0.19238281 0.14550781 -0.03222656 40 230 120 2
-0.19042969 0.14355469 -0.03222656 40 230 120 2
-0.19042969 0.14550781 -0.03222656 40 230 120 2
-0.22167969 0.10253906 -0.01269531 40 230 120 2
-0.22167969 0.10253906 -0.01074219 40 230 120 2
-0.22167969 0.10449219 -0.01269531 40 230 120 2
-0.22167969 0.10449219 -0.01074219 40 230 120 2
-0.21972656 0.12792969 0.00292969 40 230 120 2
-0.22167969 0.12792969 0.00292969 40 230 120 2
-0.22167969 0.12792969 0.00488281 40 230 120 2
-0.21972656 0.12792969 0.00488281 40 230 120 2
-0.17871094 0.18652344 -0.03613281 255 40 40 1
-0.18066406 0.19433594 -0.01269531 255 40 40 1
-0.19042969 0.17285156 -0.02441406 40 230 120 2
-0.19042969 0.17480469 -0.02441406 40 230 120 2
-0.18847656 0.17480469 -0.02441406 40 230 120 2
-0.19042969 0.17480469 -0.02246094 40 230 120 2
-0.09863281 0.11425781 -0.38574219 40 230 120 2
-0.11035156 0.09667969 -0.40136719 255 40 40 1
-0.10058594 0.11425781 -0.38574219 40 230 120 2
-0.10058594 0.11230469 -0.38574219 40 230 120 2
-0.10058594 0.11425781 -0.38378906 40 230 120 2
-0.08300781 0.16503906 -0.31542969 40 230 120 2
-0.08300781 0.16308594 -0.31542969 40 230 120 2
-0.08300781 0.16503906 -0.31738281 40 230 120 2
-0.08105469 0.16503906 -0.31542969 40 230 120 2
-0.00683594 0.20800781 -0.23339844 40 230 120 2
-0.00878906 0.20800781 -0.23144531 40 230 120 2
-0.01269531 0.21582031 -0.21777344 255 40 40 1
-0.01074219 0.21582031 -0.21972656 255 40 40 1
0.02441406 0.20996094 -0.21972656 255 40 40 1
-0.00878906 0.20605469 -0.23339844 40 230 120 2
-0.01269531 0.21386719 -0.21972656 255 40 40 1
-0.00878906 0.20800781 -0.23339844 40 230 120 2
-0.08300781 0.10839844 -0.39941406 40 230 120 2
-0.08496094 0.11035156 -0.39941406 40 230 120 2
-0.08496094 0.11035156 -0.39746094 40 230 120 2
-0.08496094 0.10839844 -0.39941406 40 230 120 2
-0.10253906 0.08886719 -0.41308594 40 230 120 2
-0.10058594 0.08886719 -0.41308594 40 230 120 2
-0.10253906 0.08886719 -0.41503906 40 230 120 2
-0.10253906 0.09082031 -0.41308594 40 230 120 2
-0.07324219 0.10253906 -0.41308594 255 40 40 1
-0.08496094 0.08496094 -0.42675781 40 230 120 2
-0.08691406 0.08496094 -0.42675781 40 230 120 2
-0.08105469 0.09277344 -0.42089844 40 230 120 2
-0.08691406 0.08300781 -0.42675781 40 230 120 2
-0.08496094 0.08300781 -0.42675781 40 230 120 2
-0.08105469 0.08886719 -0.42089844 40 230 120 2
-0.08105469 0.09082031 -0.42089844 40 230 120 2
-0.08300781 0.07714844 -0.43652344 255 40 40 1
-0.10058594 0.05761719 -0.44824219 40 230 120 2
-0.10058594 0.05761719 -0.44628906 40 230 120 2
-0.09863281 0.05761719 -0.44824219 40 230 120 2
-0.09863281 0.05761719 -0.44628906 40 230 120 2
-0.11230469 0.06347656 -0.43457031 40 230 120 2
-0.11230469 0.06152344 -0.43457031 40 230 120 2
-0.11230469 0.06152344 -0.43652344 40 230 120 2
-0.11230469 0.06347656 -0.43652344 40 230 120 2
-0.14746094 0.07128906 -0.40917969 40 230 120 2
-0.14746094 0.06933594 -0.41113281 40 230 120 2
-0.14941406 0.07128906 -0.41113281 40 230 120 2
-0.15917969 0.06152344 -0.41699219 255 40 40 1
-0.14746094 0.07128906 -0.41113281 40 230 120 2
-0.15917969 0.04199219 -0.43457031 255 40 40 1
-0.14746094 0.04394531 -0.44042969 255 40 40 1
-0.15332031 0.04785156 -0.43066406 40 230 120 2
-0.15527344 0.04785156 -0.43066406 40 230 120 2
-0.15527344 0.04785156 -0.42871094 40 230 120 2
-0.15527344 0.04980469 -0.43066406 40 230 120 2
-0.16699219 0.04785156 -0.41894531 40 230 120 2
-0.16699219 0.04980469 -0.41894531 40 230 120 2
-0.16503906 0.04980469 -0.41894531 40 230 120 2
-0.16699219 0.04980469 -0.41699219 40 230 120 2
-0.16699219 0.07128906 -0.39941406 40 230 120 2
-0.16699219 0.06933594 -0.39941406 40 230 120 2
-0.16699219 0.06933594 -0.40136719 40 230 120 2
-0.16699219 0.07128906 -0.40136719 40 230 120 2
-0.15332031 0.09082031 -0.38378906 40 230 120 2
-0.15527344 0.09082031 -0.38378906 40 230 120 2
-0.15527344 0.09082031 -0.38574219 40 230 120 2
-0.15527344 0.08886719 -0.38378906 40 230 120 2
-0.17675781 0.08496094 -0.37402344 40 230 120 2
-0.17675781 0.08691406 -0.37207031 40 230 120 2
-0.17480469 0.08691406 -0.37402344 40 230 120 2
-0.17675781 0.08691406 -0.37402344 40 230 120 2
-0.17285156 0.11035156 -0.34277344 40 230 120 2
-0.17285156 0.11230469 -0.34082031 40 230 120 2
-0.17285156 0.11230469 -0.34277344 40 230 120 2
-0.17285156 0.11035156 -0.34082031 40 230 120 2
-0.14550781 0.11621094 -0.35449219 40 230 120 2
-0.14746094 0.11621094 -0.35449219 40 230 120 2
-0.14746094 0.11816406 -0.35449219 40 230 120 2
-0.14550781 0.11816406 -0.35449219 40 230 120 2
-0.05761719 0.21191406 -0.21582031 255 40 40 1
-0.08300781 0.20410156 -0.22753906 40 230 120 2
-0.08300781 0.20214844 -0.22753906 40 230 120 2
-0.08300781 0.20214844 -0.22949219 40 230 120 2
-0.08300781 0.20410156 -0.22949219 40 230 120 2
-0.06738281 0.14355469 -0.35644531 40 230 120 2
-0.06738281 0.14550781 -0.35644531 40 230 120 2
-0.06933594 0.14355469 -0.35644531 40 230 120 2
-0.06933594 0.14550781 -0.35644531 40 230 120 2
0.01074219 0.16894531 -0.30761719 40 230 120 2
0.00488281 0.17480469 -0.29785156 255 40 40 1
0.00878906 0.16699219 -0.30957031 40 230 120 2
0.01074219 0.16699219 -0.30957031 40 230 120 2
0.01074219 0.16699219 -0.30761719 40 230 120 2
-0.04785156 0.20800781 -0.23144531 40 230 120 2
-0.04785156 0.20605469 -0.23144531 40 230 120 2
-0.05566406 0.21191406 -0.21777344 255 40 40 1
-0.04589844 0.20800781 -0.23144531 40 230 120 2
-0.05761719 0.21386719 -0.21582031 255 40 40 1
-0.04589844 0.20605469 -0.23144531 40 230 120 2
-0.14550781 0.16113281 -0.27832031 40 230 120 2
-0.14550781 0.16308594 -0.27832031 40 230 120 2
-0.13769531 0.15917969 -0.29394531 255 40 40 1
-0.14550781 0.16113281 -0.28027344 40 230 120 2
-0.14550781 0.16308594 -0.28027344 40 230 120 2
-0.15722656 0.13574219 -0.31738281 40 230 120 2
-0.15527344 0.13574219 -0.31933594 40 230 120 2
-0.15527344 0.13574219 -0.31738281 40 230 120 2
-0.15722656 0.13574219 -0.31933594 40 230 120 2
-0.18457031 0.12597656 -0.30566406 40 230 120 2
-0.18261719 0.12597656 -0.30566406 40 230 120 2
-0.18261719 0.12597656 -0.30371094 40 230 120 2
-0.18457031 0.12597656 -0.30371094 40 230 120 2
-0.17480469 0.15136719 -0.26269531 40 230 120 2
-0.17675781 0.15136719 -0.26074219 40 230 120 2
-0.17675781 0.14941406 -0.26269531 40 230 120 2
-0.17675781 0.15136719 -0.26269531 40 230 120 2
-0.15136719 0.19238281 -0.19824219 40 230 120 2
-0.15136719 0.19238281 -0.19628906 40 230 120 2
-0.15332031 0.19238281 -0.19628906 40 230 120 2
-0.15136719 0.19433594 -0.19628906 40 230 120 2
-0.18847656 0.16308594 -0.21972656 40 230 120 2
-0.19042969 0.16308594 -0.21777344 40 230 120 2
-0.18847656 0.16308594 -0.21777344 40 230 120 2
-0.18847656 0.16503906 -0.21777344 40 230 120 2
-0.06738281 0.18652344 -0.27636719 40 230 120 2
-0.06738281 0.18652344 -0.27441406 40 230 120 2
-0.06933594 0.18652344 -0.27441406 40 230 120 2
-0.06542969 0.18652344 -0.27441406 40 230 120 2
-0.00488281 -0.15527344 -0.17480469 40 230 120 2
-0.00488281 -0.15332031 -0.17480469 40 230 120 2
-0.00488281 -0.15332031 -0.17285156 40 230 120 2
-0.00683594 -0.15332031 -0.17480469 40 230 120 2
-0.09082031 0.13964844 -0.35253906 40 230 120 2
-0.09277344 0.14160156 -0.35253906 40 230 120 2
-0.09277344 0.13964844 -0.35253906 40 230 120 2
-0.09277344 0.13964844 -0.35449219 40 230 120 2
-0.04003906 0.14746094 -0.35644531 40 230 120 2
-0.04199219 0.14746094 -0.35644531 40 230 120 2
-0.04199219 0.14746094 -0.35449219 40 230 120 2
-0.04003906 0.14746094 -0.35449219 40 230 120 2
-0.02832031 0.18457031 -0.29003906 40 230 120 2
-0.03027344 0.18457031 -0.29199219 40 230 120 2
-0.03027344 0.18457031 -0.29003906 40 230 120 2
-0.02832031 0.18457031 -0.29199219 40 230 120 2
0.05957031 0.22753906 -0.19433594 255 40 40 1
0.06738281 0.22753906 -0.19824219 40 230 120 2
0.06738281 0.22949219 -0.20019531 40 230 120 2
0.05957031 0.22558594 -0.19433594 255 40 40 1
0.06738281 0.22949219 -0.19824219 40 230 120 2
0.06152344 0.22753906 -0.19238281 255 40 40 1
0.06347656 0.22753906 -0.19238281 255 40 40 1
0.06933594 0.22949219 -0.19824219 40 230 120 2
0.08886719 0.21777344 -0.22167969 40 230 120 2
0.08691406 0.21777344 -0.22167969 40 230 120 2
0.08886719 0.21777344 -0.22363281 40 230 120 2
0.08691406 0.21777344 -0.22363281 40 230 120 2
0.12207031 0.20410156 -0.23339844 40 230 120 2
0.12207031 0.20605469 -0.23339844 40 230 120 2
0.12402344 0.20410156 -0.23339844 40 230 120 2
0.12402344 0.20605469 -0.23339844 40 230 120 2
0.07910156 0.19628906 -0.26660156 40 230 120 2
0.08105469 0.19628906 -0.26464844 40 230 120 2
0.08105469 0.19628906 -0.26660156 40 230 120 2
0.08105469 0.19824219 -0.26660156 40 230 120 2
0.06347656 0.20019531 -0.25097656 255 40 40 1
0.11230469 0.17871094 -0.27636719 40 230 120 2
0.11230469 0.17871094 -0.27441406 40 230 120 2
0.11035156 0.17871094 -0.27636719 40 230 120 2
0.11035156 0.17871094 -0.27441406 40 230 120 2
0.07128906 0.15917969 -0.31738281 40 230 120 2
0.07128906 0.15722656 -0.31738281 40 230 120 2
0.07128906 0.15722656 -0.31933594 40 230 120 2
0.07324219 0.15722656 -0.31738281 40 230 120 2
0.08496094 0.13964844 -0.32714844 255 40 40 1
0.04785156 0.16699219 -0.30566406 40 230 120 2
0.04785156 0.16699219 -0.30371094 40 230 120 2
0.04589844 0.16699219 -0.30566406 40 230 120 2
0.04589844 0.16699219 -0.30371094 40 230 120 2
-0.04394531 0.10644531 -0.40917969 255 40 40 1
-0.03027344 0.11425781 -0.39941406 40 230 120 2
-0.03027344 0.11621094 -0.39746094 40 230 120 2
-0.02832031 0.11425781 -0.39746094 40 230 120 2
-0.03027344 0.11425781 -0.39746094 40 230 120 2
-0.05566406 0.12207031 -0.38964844 40 230 120 2
-0.05761719 0.12207031 -0.39160156 40 230 120 2
-0.05566406 0.12011719 -0.39160156 40 230 120 2
-0.05566406 0.12207031 -0.39160156 40 230 120 2
0.05371094 0.21582031 -0.22558594 40 230 120 2
0.05175781 0.21582031 -0.22753906 40 230 120 2
0.05371094 0.21582031 -0.22753906 40 230 120 2
0.05371094 0.21777344 -0.22558594 40 230 120 2
0.00292969 0.11816406 -0.37597656 40 230 120 2
0.00292969 0.11621094 -0.37597656 40 230 120 2
0.00488281 0.11621094 -0.37597656 40 230 120 2
0.00488281 0.11816406 -0.37597656 40 230 120 2
0.03417969 0.13769531 -0.33691406 40 230 120 2
0.03222656 0.13769531 -0.33691406 40 230 120 2
0.03417969 0.13769531 -0.33886719 40 230 120 2
0.03222656 0.13769531 -0.33886719 40 230 120 2
0.05566406 0.12207031 -0.34863281 40 230 120 2
0.05566406 0.12402344 -0.34863281 40 230 120 2
0.05566406 0.12402344 -0.34667969 40 230 120 2
0.05761719 0.12402344 -0.34863281 40 230 120 2
0.02050781 0.10058594 -0.37792969 40 230 120 2
0.02246094 0.10253906 -0.37792969 40 230 120 2
0.02246094 0.10058594 -0.37792969 40 230 120 2
0.02246094 0.10058594 -0.37988281 40 230 120 2
-0.00488281 0.09472656 -0.40527344 40 230 120 2
-0.00292969 0.09472656 -0.40722656 40 230 120 2
-0.00292969 0.09277344 -0.40527344 40 230 120 2
-0.00292969 0.09472656 -0.40527344 40 230 120 2
0.01074219 0.07714844 -0.40527344 40 230 120 2
0.01074219 0.07910156 -0.40527344 40 230 120 2
0.01074219 0.07714844 -0.40722656 40 230 120 2
0.01074219 0.07910156 -0.40722656 40 230 120 2
-0.00878906 0.06542969 -0.43261719 40 230 120 2
-0.00878906 0.06347656 -0.43066406 40 230 120 2
-0.00878906 0.06542969 -0.43066406 40 230 120 2
-0.01074219 0.06542969 -0.43066406 40 230 120 2
-0.00292969 0.05957031 -0.43066406 255 40 40 1
-0.02441406 0.07324219 -0.43261719 40 230 120 2
-0.02832031 0.08105469 -0.43066406 255 40 40 1
-0.03027344 0.06738281 -0.43847656 40 230 120 2
-0.03027344 0.06738281 -0.44042969 40 230 120 2
-0.02441406 0.07324219 -0.43457031 40 230 120 2
-0.02636719 0.07324219 -0.43457031 40 230 120 2
-0.02441406 0.07128906 -0.43457031 40 230 120 2
-0.03027344 0.06738281 -0.44238281 40 230 120 2
-0.03222656 0.08886719 -0.42285156 40 230 120 2
-0.03417969 0.09082031 -0.42285156 40 230 120 2
-0.03417969 0.08886719 -0.42285156 40 230 120 2
-0.03417969 0.08886719 -0.42480469 40 230 120 2
-0.03027344 0.08105469 -0.42871094 255 40 40 1
-0.05566406 0.08105469 -0.43847656 255 40 40 1
-0.05566406 0.06347656 -0.44824219 40 230 120 2
-0.05371094 0.06347656 -0.45019531 40 230 120 2
-0.05371094 0.06347656 -0.44824219 40 230 120 2
-0.05371094 0.06542969 -0.44824219 40 230 120 2
-0.07714844 0.06933594 -0.44433594 40 230 120 2
-0.07519531 0.06933594 -0.44238281 40 230 120 2
-0.07519531 0.07128906 -0.44433594 40 230 120 2
-0.07519531 0.06933594 -0.44433594 40 230 120 2
-0.08105469 0.07519531 -0.43652344 255 40 40 1
-0.05957031 0.09472656 -0.41894531 40 230 120 2
-0.05761719 0.09472656 -0.41894531 40 230 120 2
-0.05957031 0.09667969 -0.41894531 40 230 120 2
-0.05761719 0.09667969 -0.41894531 40 230 120 2
-0.20996094 -0.03808594 -0.38183594 40 230 120 2
-0.20996094 -0.04003906 -0.37988281 40 230 120 2
-0.21191406 -0.04003906 -0.38183594 40 230 120 2
-0.20996094 -0.04003906 -0.38183594 40 230 120 2
-0.22949219 -0.02441406 -0.33691406 255 40 40 1
-0.22558594 -0.03222656 -0.34863281 40 230 120 2
-0.22363281 -0.03222656 -0.34863281 40 230 120 2
-0.22363281 -0.03222656 -0.34667969 40 230 120 2
-0.22558594 -0.03222656 -0.34667969 40 230 120 2
-0.22558594 -0.00878906 -0.35839844 40 230 120 2
-0.22558594 -0.00878906 -0.36035156 40 230 120 2
-0.22558594 -0.00878906 -0.36230469 40 230 120 2
-0.22558594 -0.00683594 -0.36035156 40 230 120 2
-0.21191406 -0.02050781 -0.39550781 40 230 120 2
-0.21191406 -0.01855469 -0.39550781 40 230 120 2
-0.21191406 -0.02050781 -0.39355469 40 230 120 2
-0.21191406 -0.01855469 -0.39355469 40 230 120 2
-0.20019531 -0.03417969 -0.41113281 40 230 120 2
-0.20019531 -0.03222656 -0.41113281 40 230 120 2
-0.20019531 -0.03222656 -0.41308594 40 230 120 2
-0.20019531 -0.03417969 -0.41308594 40 230 120 2
-0.20019531 -0.01464844 -0.42285156 40 230 120 2
-0.20019531 -0.01464844 -0.42089844 40 230 120 2
-0.20019531 -0.01660156 -0.42285156 40 230 120 2
-0.19824219 -0.01464844 -0.42285156 40 230 120 2
-0.18457031 -0.02050781 -0.44628906 40 230 120 2
-0.18457031 -0.02246094 -0.44628906 40 230 120 2
-0.18261719 -0.02246094 -0.44628906 40 230 120 2
-0.18457031 -0.02246094 -0.44433594 40 230 120 2
-0.18457031 -0.03808594 -0.43457031 40 230 120 2
-0.18457031 -0.03808594 -0.43652344 40 230 120 2
-0.18652344 -0.03808594 -0.43457031 40 230 120 2
-0.18457031 -0.04003906 -0.43457031 40 230 120 2
-0.17871094 -0.05957031 -0.42089844 255 40 40 1
-0.18847656 -0.04589844 -0.42675781 255 40 40 1
-0.18066406 -0.05957031 -0.42285156 255 40 40 1
-0.18847656 -0.04980469 -0.41699219 40 230 120 2
-0.18847656 -0.05175781 -0.41699219 40 230 120 2
-0.18847656 -0.04980469 -0.41503906 40 230 120 2
-0.19042969 -0.04980469 -0.41699219 40 230 120 2
-0.17480469 -0.05371094 -0.43652344 40 230 120 2
-0.17285156 -0.05371094 -0.43847656 40 230 120 2
-0.17285156 -0.05371094 -0.43652344 40 230 120 2
-0.17480469 -0.05371094 -0.43847656 40 230 120 2
-0.17089844 -0.06542969 -0.42480469 40 230 120 2
-0.16894531 -0.06542969 -0.42675781 40 230 120 2
-0.16894531 -0.06542969 -0.42480469 40 230 120 2
-0.17089844 -0.06542969 -0.42675781 40 230 120 2
-0.18847656 -0.06542969 -0.39941406 255 40 40 1
-0.17871094 -0.06738281 -0.40722656 40 230 120 2
-0.18066406 -0.06738281 -0.40722656 40 230 120 2
-0.17871094 -0.06738281 -0.40527344 40 230 120 2
-0.18066406 -0.06738281 -0.40527344 40 230 120 2
-0.19433594 -0.05957031 -0.38964844 40 230 120 2
-0.19628906 -0.05957031 -0.38964844 40 230 120 2
-0.19628906 -0.05957031 -0.38769531 40 230 120 2
-0.19628906 -0.05761719 -0.38964844 40 230 120 2
-0.18457031 -0.07714844 -0.37792969 40 230 120 2
-0.18261719 -0.07910156 -0.37792969 40 230 120 2
-0.18261719 -0.07714844 -0.37792969 40 230 120 2
-0.18261719 -0.07714844 -0.37988281 40 230 120 2
-0.19824219 -0.07714844 -0.34472656 40 230 120 2
-0.19824219 -0.07714844 -0.34667969 40 230 120 2
-0.19628906 -0.07714844 -0.34667969 40 230 120 2
-0.19628906 -0.07714844 -0.34472656 40 230 120 2
-0.21191406 -0.05371094 -0.35839844 40 230 120 2
-0.21191406 -0.05566406 -0.35839844 40 230 120 2
-0.20996094 -0.05566406 -0.35839844 40 230 120 2
-0.20996094 -0.05371094 -0.35839844 40 230 120 2
-0.24511719 -0.03222656 -0.26660156 40 230 120 2
-0.24511719 -0.03027344 -0.26660156 40 230 120 2
-0.24511719 -0.03222656 -0.26464844 40 230 120 2
-0.24511719 -0.03027344 -0.26464844 40 230 120 2
-0.25292969 -0.02246094 -0.25292969 255 40 40 1
-0.25097656 -0.00097656 -0.28027344 40 230 120 2
-0.24902344 -0.00097656 -0.28222656 40 230 120 2
-0.25097656 -0.00097656 -0.28222656 40 230 120 2
-0.24902344 -0.00097656 -0.28027344 40 230 120 2
-0.24316406 -0.02246094 -0.29785156 255 40 40 1
-0.23730469 -0.01464844 -0.32128906 40 230 120 2
-0.23730469 -0.01464844 -0.32324219 40 230 120 2
-0.23535156 -0.01464844 -0.32128906 40 230 120 2
-0.23535156 -0.01464844 -0.32324219 40 230 120 2
-0.23339844 -0.04003906 -0.30957031 40 230 120 2
-0.23144531 -0.04003906 -0.30761719 40 230 120 2
-0.23144531 -0.04003906 -0.30957031 40 230 120 2
-0.23339844 -0.04003906 -0.30761719 40 230 120 2
-0.23144531 -0.04980469 -0.29394531 255 40 40 1
-0.22949219 -0.05957031 -0.28027344 40 230 120 2
-0.22949219 -0.05761719 -0.28027344 40 230 120 2
-0.22949219 -0.05957031 -0.27832031 40 230 120 2
-0.22753906 -0.05957031 -0.28027344 40 230 120 2
-0.21582031 -0.06542969 -0.32324219 40 230 120 2
-0.21582031 -0.06347656 -0.32128906 40 230 120 2
-0.21386719 -0.06542969 -0.32128906 40 230 120 2
-0.21582031 -0.06542969 -0.32128906 40 230 120 2
-0.21386719 -0.07519531 -0.29394531 255 40 40 1
-0.19628906 -0.08886719 -0.30957031 40 230 120 2
-0.19628906 -0.08886719 -0.30761719 40 230 120 2
-0.19628906 -0.08691406 -0.30761719 40 230 120 2
-0.19824219 -0.08691406 -0.30761719 40 230 120 2
-0.21582031 -0.07714844 -0.29394531 255 40 40 1
-0.20996094 -0.08496094 -0.26660156 40 230 120 2
-0.20996094 -0.08691406 -0.26660156 40 230 120 2
-0.20996094 -0.08691406 -0.26464844 40 230 120 2
-0.20996094 -0.08496094 -0.26464844 40 230 120 2
-0.22167969 -0.08105469 -0.20410156 255 40 40 1
-0.22167969 -0.08300781 -0.20410156 255 40 40 1
-0.22363281 -0.08300781 -0.20410156 255 40 40 1
-0.22167969 -0.07910156 -0.24902344 255 40 40 1
-0.22753906 -0.06933594 -0.23339844 40 230 120 2
-0.22753906 -0.07128906 -0.23535156 40 230 120 2
-0.22753906 -0.06933594 -0.23535156 40 230 120 2
-0.22753906 -0.07128906 -0.23339844 40 230 120 2
-0.20214844 -0.09863281 -0.21972656 40 230 120 2
-0.20410156 -0.09863281 -0.21972656 40 230 120 2
-0.20214844 -0.09863281 -0.21777344 40 230 120 2
-0.20410156 -0.09863281 -0.21777344 40 230 120 2
-0.25878906 -0.02246094 -0.20410156 255 40 40 1
-0.24902344 -0.04199219 -0.21777344 40 230 120 2
-0.24902344 -0.04394531 -0.21777344 40 230 120 2
-0.24902344 -0.04394531 -0.21972656 40 230 120 2
-0.24902344 -0.04199219 -0.21972656 40 230 120 2
-0.24707031 -0.05371094 -0.20410156 255 40 40 1
-0.25878906 -0.00878906 -0.23535156 40 230 120 2
-0.25683594 -0.01074219 -0.23535156 40 230 120 2
-0.25683594 -0.01074219 -0.23339844 40 230 120 2
-0.25683594 -0.00878906 -0.23535156 40 230 120 2
-0.23535156 0.06738281 -0.29394531 255 40 40 1
-0.24316406 0.06152344 -0.28222656 40 230 120 2
-0.24316406 0.06152344 -0.28027344 40 230 120 2
-0.24316406 0.06347656 -0.28222656 40 230 120 2
-0.24316406 0.06347656 -0.28027344 40 230 120 2
-0.23339844 0.03808594 -0.32128906 40 230 120 2
-0.23339844 0.02832031 -0.33496094 255 40 40 1
-0.23339844 0.04003906 -0.32128906 40 230 120 2
-0.23535156 0.03808594 -0.32128906 40 230 120 2
-0.23535156 0.04003906 -0.32128906 40 230 120 2
-0.24316406 0.01660156 -0.31152344 40 230 120 2
-0.24316406 0.01464844 -0.30957031 40 230 120 2
-0.24316406 0.01464844 -0.31152344 40 230 120 2
-0.24316406 0.01660156 -0.30957031 40 230 120 2
-0.25292969 0.03027344 -0.26660156 40 230 120 2
-0.25292969 0.03222656 -0.26464844 40 230 120 2
-0.25292969 0.03027344 -0.26464844 40 230 120 2
-0.25292969 0.03222656 -0.26660156 40 230 120 2
-0.25878906 0.05957031 -0.23730469 40 230 120 2
-0.25878906 0.05957031 -0.23535156 40 230 120 2
-0.25878906 0.06152344 -0.23535156 40 230 120 2
-0.25878906 0.05957031 -0.23339844 40 230 120 2
-0.26660156 0.02832031 -0.21972656 40 230 120 2
-0.26660156 0.02636719 -0.22167969 40 230 120 2
-0.26660156 0.02636719 -0.21972656 40 230 120 2
-0.26855469 0.02636719 -0.21972656 40 230 120 2
-0.23535156 0.12988281 -0.20410156 255 40 40 1
-0.25683594 0.09472656 -0.20605469 255 40 40 1
-0.24707031 0.10058594 -0.21972656 40 230 120 2
-0.24707031 0.10253906 -0.21972656 40 230 120 2
-0.24511719 0.10253906 -0.21972656 40 230 120 2
-0.24707031 0.10253906 -0.21777344 40 230 120 2
-0.20019531 0.14355469 -0.24902344 255 40 40 1
-0.21972656 0.12988281 -0.23339844 40 230 120 2
-0.22167969 0.12988281 -0.23339844 40 230 120 2
-0.21972656 0.12988281 -0.23535156 40 230 120 2
-0.22167969 0.12988281 -0.23535156 40 230 120 2
-0.23144531 0.09863281 -0.26660156 40 230 120 2
-0.23144531 0.09863281 -0.26464844 40 230 120 2
-0.23339844 0.09863281 -0.26464844 40 230 120 2
-0.23144531 0.10058594 -0.26464844 40 230 120 2
-0.19433594 0.12402344 -0.29003906 255 40 40 1
-0.20410156 0.12207031 -0.27832031 40 230 120 2
-0.20410156 0.12402344 -0.27832031 40 230 120 2
-0.20410156 0.12207031 -0.27636719 40 230 120 2
-0.20410156 0.12402344 -0.27636719 40 230 120 2
-0.20800781 0.09863281 -0.31933594 40 230 120 2
-0.20800781 0.09667969 -0.31933594 40 230 120 2
-0.20605469 0.09667969 -0.31933594 40 230 120 2
-0.20800781 0.09667969 -0.31738281 40 230 120 2
-0.22753906 0.07519531 -0.30566406 40 230 120 2
-0.22753906 0.07324219 -0.30761719 40 230 120 2
-0.22558594 0.07519531 -0.30761719 40 230 120 2
-0.22753906 0.07519531 -0.30761719 40 230 120 2
-0.20996094 0.01855469 -0.39160156 40 230 120 2
-0.20996094 0.01855469 -0.38964844 40 230 120 2
-0.20996094 0.02050781 -0.38964844 40 230 120 2
-0.21191406 0.01855469 -0.38964844 40 230 120 2
-0.21777344 0.00292969 -0.38183594 40 230 120 2
-0.21777344 0.00097656 -0.38378906 40 230 120 2
-0.21777344 0.00097656 -0.38183594 40 230 120 2
-0.21777344 0.00292969 -0.38378906 40 230 120 2
-0.22949219 0.01464844 -0.34667969 40 230 120 2
-0.22167969 0.01855469 -0.37011719 255 40 40 1
-0.22949219 0.01660156 -0.34667969 40 230 120 2
-0.22949219 0.01660156 -0.34863281 40 230 120 2
-0.22949219 0.01464844 -0.34863281 40 230 120 2
-0.21972656 0.03808594 -0.35644531 40 230 120 2
-0.21972656 0.03613281 -0.35644531 40 230 120 2
-0.21972656 0.03808594 -0.35839844 40 230 120 2
-0.21777344 0.03808594 -0.35644531 40 230 120 2
-0.20605469 0.04394531 -0.37792969 40 230 120 2
-0.20605469 0.04394531 -0.37597656 40 230 120 2
-0.20605469 0.04589844 -0.37792969 40 230 120 2
-0.20605469 0.04589844 -0.37597656 40 230 120 2
-0.21191406 0.06738281 -0.34277344 40 230 120 2
-0.20996094 0.06738281 -0.34277344 40 230 120 2
-0.21191406 0.06542969 -0.34277344 40 230 120 2
-0.21191406 0.06738281 -0.34082031 40 230 120 2
-0.19238281 0.08691406 -0.35449219 40 230 120 2
-0.18652344 0.08691406 -0.36230469 255 40 40 1
-0.19433594 0.08691406 -0.35253906 40 230 120 2
-0.19238281 0.08691406 -0.35253906 40 230 120 2
-0.19238281 0.08496094 -0.35253906 40 230 120 2
-0.18261719 0.06933594 -0.39355469 255 40 40 1
-0.19238281 0.05957031 -0.38378906 40 230 120 2
-0.19238281 0.06152344 -0.38378906 40 230 120 2
-0.19042969 0.06152344 -0.38378906 40 230 120 2
-0.19238281 0.06152344 -0.38183594 40 230 120 2
-0.19238281 0.03808594 -0.40332031 40 230 120 2
-0.19238281 0.03808594 -0.40136719 40 230 120 2
-0.19433594 0.03808594 -0.40332031 40 230 120 2
-0.19433594 0.03808594 -0.40136719 40 230 120 2
-0.17871094 0.04980469 -0.40722656 40 230 120 2
-0.18066406 0.05175781 -0.40722656 40 230 120 2
-0.17871094 0.05175781 -0.40917969 40 230 120 2
-0.17285156 0.04980469 -0.41113281 255 40 40 1
-0.17871094 0.05175781 -0.40722656 40 230 120 2
-0.17480469 0.03417969 -0.42480469 40 230 120 2
-0.17480469 0.03417969 -0.42675781 40 230 120 2
-0.17675781 0.03417969 -0.42675781 40 230 120 2
-0.17675781 0.03417969 -0.42480469 40 230 120 2
-0.18457031 0.02246094 -0.42675781 40 230 120 2
-0.18457031 0.02246094 -0.42871094 40 230 120 2
-0.18457031 0.02050781 -0.42675781 40 230 120 2
-0.18652344 0.02246094 -0.42675781 40 230 120 2
-0.19042969 0.01855469 -0.42285156 255 40 40 1
-0.19628906 0.01660156 -0.41503906 40 230 120 2
-0.19628906 0.01660156 -0.41699219 40 230 120 2
-0.19628906 0.01855469 -0.41699219 40 230 120 2
-0.19628906 0.01855469 -0.41503906 40 230 120 2
-0.18457031 0.00292969 -0.44042969 40 230 120 2
-0.18457031 0.00292969 -0.43847656 40 230 120 2
-0.18457031 0.00488281 -0.44042969 40 230 120 2
-0.18457031 0.00488281 -0.43847656 40 230 120 2
-0.19042969 -0.00878906 -0.43652344 40 230 120 2
-0.19042969 -0.00878906 -0.43847656 40 230 120 2
-0.19042969 -0.00683594 -0.43847656 40 230 120 2
-0.19042969 -0.00683594 -0.43652344 40 230 120 2
-0.20410156 0.00097656 -0.40917969 40 230 120 2
-0.20410156 0.00292969 -0.41113281 40 230 120 2
-0.20410156 0.00097656 -0.41308594 40 230 120 2
-0.20410156 0.00097656 -0.41113281 40 230 120 2
-0.00878906 -0.09667969 -0.38378906 40 230 120 2
-0.01074219 -0.09667969 -0.38378906 40 230 120 2
-0.00878906 -0.09667969 -0.38183594 40 230 120 2
-0.02636719 -0.10058594 -0.37597656 255 40 40 1
-0.01074219 -0.09667969 -0.38183594 40 230 120 2
-0.00292969 -0.10839844 -0.35253906 40 230 120 2
-0.00292969 -0.11035156 -0.35058594 40 230 120 2
-0.00292969 -0.11035156 -0.35253906 40 230 120 2
-0.00097656 -0.11035156 -0.35253906 40 230 120 2
-0.04199219 -0.10253906 -0.36425781 40 230 120 2
-0.04394531 -0.10253906 -0.36425781 40 230 120 2
-0.04199219 -0.10058594 -0.36425781 40 230 120 2
-0.04199219 -0.10253906 -0.36230469 40 230 120 2
-0.04589844 -0.08886719 -0.39355469 40 230 120 2
-0.04589844 -0.09082031 -0.39160156 40 230 120 2
-0.04589844 -0.09082031 -0.39355469 40 230 120 2
-0.04394531 -0.09082031 -0.39355469 40 230 120 2
-0.03613281 -0.08105469 -0.40917969 40 230 120 2
-0.03613281 -0.08300781 -0.40917969 40 230 120 2
-0.04199219 -0.08300781 -0.40136719 255 40 40 1
-0.03613281 -0.08105469 -0.40722656 40 230 120 2
-0.03808594 -0.08105469 -0.40917969 40 230 120 2
-0.05566406 -0.07324219 -0.42480469 255 40 40 1
-0.06542969 -0.07910156 -0.42089844 40 230 120 2
-0.06542969 -0.07910156 -0.41894531 40 230 120 2
-0.06738281 -0.07910156 -0.42089844 40 230 120 2
-0.06738281 -0.07910156 -0.41894531 40 230 120 2
-0.06933594 -0.06933594 -0.44238281 40 230 120 2
-0.06933594 -0.06933594 -0.44433594 40 230 120 2
-0.06542969 -0.06738281 -0.45019531 255 40 40 1
-0.06933594 -0.07128906 -0.44238281 40 230 120 2
-0.06738281 -0.06933594 -0.44238281 40 230 120 2
-0.04199219 -0.06933594 -0.42871094 40 230 120 2
-0.04394531 -0.06933594 -0.43066406 40 230 120 2
-0.04199219 -0.07128906 -0.42871094 40 230 120 2
-0.04199219 -0.06933594 -0.43066406 40 230 120 2
-0.01269531 -0.07714844 -0.41308594 40 230 120 2
-0.01464844 -0.07714844 -0.41308594 40 230 120 2
-0.01464844 -0.07714844 -0.41503906 40 230 120 2
-0.01269531 -0.07714844 -0.41503906 40 230 120 2
-0.01855469 -0.06542969 -0.43261719 40 230 120 2
-0.02050781 -0.06542969 -0.43261719 40 230 120 2
-0.02050781 -0.06542969 -0.43457031 40 230 120 2
-0.01855469 -0.06542969 -0.43457031 40 230 120 2
0.00488281 -0.06542969 -0.42285156 40 230 120 2
0.00683594 -0.06542969 -0.42285156 40 230 120 2
0.00683594 -0.06542969 -0.42480469 40 230 120 2
0.00488281 -0.06542969 -0.42480469 40 230 120 2
0.02050781 -0.07519531 -0.40332031 40 230 120 2
0.02050781 -0.07519531 -0.40527344 40 230 120 2
0.01855469 -0.07519531 -0.40527344 40 230 120 2
0.02050781 -0.08300781 -0.39941406 255 40 40 1
0.01855469 -0.07519531 -0.40332031 40 230 120 2
0.01855469 -0.08691406 -0.38964844 40 230 120 2
0.01660156 -0.08691406 -0.38769531 40 230 120 2
0.01660156 -0.08691406 -0.38964844 40 230 120 2
0.01660156 -0.08886719 -0.38769531 40 230 120 2
0.05175781 -0.07910156 -0.37597656 40 230 120 2
0.04980469 -0.07910156 -0.37597656 40 230 120 2
0.04980469 -0.08105469 -0.37597656 40 230 120 2
0.05175781 -0.08105469 -0.37597656 40 230 120 2
0.06738281 -0.09082031 -0.34277344 40 230 120 2
0.06738281 -0.09277344 -0.34472656 40 230 120 2
0.06542969 -0.09863281 -0.33300781 255 40 40 1
0.06738281 -0.09277344 -0.34277344 40 230 120 2
0.06738281 -0.09082031 -0.34472656 40 230 120 2
0.02636719 -0.10058594 -0.36035156 40 230 120 2
0.02636719 -0.10253906 -0.36035156 40 230 120 2
0.02636719 -0.10253906 -0.36230469 40 230 120 2
0.02832031 -0.10253906 -0.36035156 40 230 120 2
0.02636719 -0.14550781 -0.26269531 255 40 40 1
0.00683594 -0.13183594 -0.30566406 255 40 40 1
0.03613281 -0.13574219 -0.27441406 40 230 120 2
0.03613281 -0.13769531 -0.27441406 40 230 120 2
0.03808594 -0.13574219 -0.27441406 40 230 120 2
0.03808594 -0.13769531 -0.27441406 40 230 120 2
-0.01269531 -0.12988281 -0.29003906 40 230 120 2
-0.01269531 -0.13183594 -0.29199219 40 230 120 2
-0.01269531 -0.12988281 -0.29199219 40 230 120 2
-0.01464844 -0.12988281 -0.29199219 40 230 120 2
-0.01660156 -0.11816406 -0.32910156 40 230 120 2
-0.01464844 -0.11816406 -0.32910156 40 230 120 2
-0.01660156 -0.11816406 -0.33105469 40 230 120 2
-0.01464844 -0.11816406 -0.33105469 40 230 120 2
0.02832031 -0.12207031 -0.31347656 40 230 120 2
0.03027344 -0.12207031 -0.31347656 40 230 120 2
0.03027344 -0.11425781 -0.33886719 255 40 40 1
0.02832031 -0.12207031 -0.31542969 40 230 120 2
0.03027344 -0.12207031 -0.31542969 40 230 120 2
0.07128906 -0.12207031 -0.28222656 40 230 120 2
0.07324219 -0.12207031 -0.28222656 40 230 120 2
0.07324219 -0.12207031 -0.28027344 40 230 120 2
0.07324219 -0.12011719 -0.28222656 40 230 120 2
0.06347656 -0.10644531 -0.32128906 40 230 120 2
0.06152344 -0.10644531 -0.32324219 40 230 120 2
0.06152344 -0.10839844 -0.32128906 40 230 120 2
0.06152344 -0.10644531 -0.32128906 40 230 120 2
0.10449219 -0.09082031 -0.30175781 40 230 120 2
0.10449219 -0.09277344 -0.30371094 40 230 120 2
0.10253906 -0.09277344 -0.30175781 40 230 120 2
0.10449219 -0.09277344 -0.30175781 40 230 120 2
0.12207031 -0.10644531 -0.26074219 40 230 120 2
0.12207031 -0.10644531 -0.25878906 40 230 120 2
0.12011719 -0.10644531 -0.25878906 40 230 120 2
0.12207031 -0.10839844 -0.25878906 40 230 120 2
0.11230469 -0.12792969 -0.23339844 40 230 120 2
0.11425781 -0.12792969 -0.23144531 40 230 120 2
0.07714844 -0.13574219 -0.25488281 255 40 40 1
0.11230469 -0.12792969 -0.23144531 40 230 120 2
0.11425781 -0.12792969 -0.23339844 40 230 120 2
0.15722656 -0.09667969 -0.23925781 255 40 40 1
0.16503906 -0.11035156 -0.20996094 40 230 120 2
0.16308594 -0.11035156 -0.20996094 40 230 120 2
0.16503906 -0.11035156 -0.20800781 40 230 120 2
0.16308594 -0.11035156 -0.20800781 40 230 120 2
0.07519531 -0.14550781 -0.22558594 40 230 120 2
0.07324219 -0.14550781 -0.22558594 40 230 120 2
0.07324219 -0.14746094 -0.22558594 40 230 120 2
0.07519531 -0.14550781 -0.22363281 40 230 120 2
-0.01464844 -0.13769531 -0.26269531 255 40 40 1
-0.01464844 -0.13964844 -0.26464844 255 40 40 1
0.02050781 -0.14550781 -0.24902344 40 230 120 2
0.02050781 -0.14550781 -0.24511719 40 230 120 2
0.01855469 -0.14550781 -0.24707031 40 230 120 2
0.02050781 -0.14550781 -0.24707031 40 230 120 2
-0.07128906 -0.11425781 -0.28613281 40 230 120 2
-0.07128906 -0.11425781 -0.28808594 40 230 120 2
-0.06933594 -0.11425781 -0.28808594 40 230 120 2
-0.06933594 -0.11425781 -0.28613281 40 230 120 2
-0.06933594 -0.10449219 -0.32714844 40 230 120 2
-0.07324219 -0.10449219 -0.32714844 40 230 120 2
-0.07128906 -0.10449219 -0.32714844 40 230 120 2
-0.07128906 -0.10449219 -0.32519531 40 230 120 2
-0.04394531 -0.11425781 -0.31542969 40 230 120 2
-0.04394531 -0.11425781 -0.31738281 40 230 120 2
-0.04589844 -0.11425781 -0.31738281 40 230 120 2
-0.04394531 -0.11425781 -0.31933594 40 230 120 2
-0.04394531 -0.12402344 -0.26269531 255 40 40 1
-0.04003906 -0.12402344 -0.27832031 40 230 120 2
-0.04003906 -0.12402344 -0.27636719 40 230 120 2
-0.04199219 -0.12402344 -0.27636719 40 230 120 2
-0.04003906 -0.12597656 -0.27636719 40 230 120 2
-0.04785156 -0.12792969 -0.24511719 40 230 120 2
-0.04980469 -0.12792969 -0.24707031 40 230 120 2
-0.04980469 -0.12792969 -0.24511719 40 230 120 2
-0.05175781 -0.12792969 -0.24511719 40 230 120 2
-0.03222656 -0.13769531 -0.21777344 255 40 40 1
-0.00097656 -0.15332031 -0.21972656 255 40 40 1
-0.01464844 -0.14355469 -0.23339844 40 230 120 2
-0.01660156 -0.14160156 -0.23339844 40 230 120 2
-0.01660156 -0.14355469 -0.23535156 40 230 120 2
-0.01660156 -0.14355469 -0.23339844 40 230 120 2
0.02441406 0.20996094 -0.23144531 40 230 120 2
0.02441406 0.20996094 -0.22949219 40 230 120 2
0.02636719 0.20996094 -0.23144531 40 230 120 2
0.02636719 0.20996094 -0.22949219 40 230 120 2
0.03027344 0.19238281 -0.26660156 40 230 120 2
0.03222656 0.19238281 -0.26855469 40 230 120 2
0.03222656 0.19238281 -0.26660156 40 230 120 2
0.03027344 0.19824219 -0.25488281 255 40 40 1
0.03222656 0.19042969 -0.26660156 40 230 120 2
-0.12792969 -0.12402344 -0.22363281 40 230 120 2
-0.12988281 -0.12402344 -0.22363281 40 230 120 2
-0.12792969 -0.12402344 -0.22558594 40 230 120 2
-0.12792969 -0.12597656 -0.22363281 40 230 120 2
-0.16699219 -0.11425781 -0.23535156 40 230 120 2
-0.16699219 -0.11621094 -0.23535156 40 230 120 2
-0.16699219 -0.11425781 -0.23730469 40 230 120 2
-0.16699219 -0.11621094 -0.23730469 40 230 120 2
-0.14160156 -0.11425781 -0.26660156 40 230 120 2
-0.14355469 -0.11425781 -0.26855469 40 230 120 2
-0.14355469 -0.11425781 -0.26660156 40 230 120 2
-0.14160156 -0.11425781 -0.26855469 40 230 120 2
-0.17871094 -0.10449219 -0.28027344 40 230 120 2
-0.18066406 -0.10253906 -0.28027344 40 230 120 2
-0.18066406 -0.10449219 -0.28027344 40 230 120 2
-0.18066406 -0.10449219 -0.28222656 40 230 120 2
-0.16503906 -0.10058594 -0.32128906 40 230 120 2
-0.16503906 -0.10058594 -0.32324219 40 230 120 2
-0.16503906 -0.10253906 -0.32128906 40 230 120 2
-0.16699219 -0.10058594 -0.32128906 40 230 120 2
-0.13574219 -0.10644531 -0.30957031 40 230 120 2
-0.13574219 -0.10839844 -0.30761719 40 230 120 2
-0.13378906 -0.10644531 -0.30957031 40 230 120 2
-0.13574219 -0.10644531 -0.30761719 40 230 120 2
-0.08691406 -0.09082031 -0.39550781 40 230 120 2
-0.08886719 -0.09082031 -0.39550781 40 230 120 2
-0.08886719 -0.09082031 -0.39355469 40 230 120 2
-0.08691406 -0.09082031 -0.39355469 40 230 120 2
-0.06542969 -0.09277344 -0.38378906 40 230 120 2
-0.06738281 -0.09277344 -0.38378906 40 230 120 2
-0.06738281 -0.09082031 -0.38378906 40 230 120 2
-0.06738281 -0.09082031 -0.38574219 40 230 120 2
-0.06347656 -0.10058594 -0.35253906 40 230 120 2
-0.06152344 -0.10058594 -0.35253906 40 230 120 2
-0.06347656 -0.10253906 -0.35253906 40 230 120 2
-0.06347656 -0.10058594 -0.35058594 40 230 120 2
-0.07714844 -0.09472656 -0.37207031 255 40 40 1
-0.08496094 -0.09667969 -0.36035156 40 230 120 2
-0.08496094 -0.09667969 -0.36230469 40 230 120 2
-0.08691406 -0.09667969 -0.36230469 40 230 120 2
-0.08691406 -0.09667969 -0.36035156 40 230 120 2
-0.13769531 -0.09277344 -0.37988281 40 230 120 2
-0.13769531 -0.09472656 -0.37988281 40 230 120 2
-0.13964844 -0.09472656 -0.37988281 40 230 120 2
-0.13769531 -0.09472656 -0.37792969 40 230 120 2
-0.14355469 -0.10058594 -0.34667969 40 230 120 2
-0.14550781 -0.10058594 -0.34863281 40 230 120 2
-0.14550781 -0.10058594 -0.34667969 40 230 120 2
-0.14550781 -0.10058594 -0.34472656 40 230 120 2
-0.17089844 -0.09082031 -0.35839844 40 230 120 2
-0.17089844 -0.09082031 -0.35644531 40 230 120 2
-0.17285156 -0.09082031 -0.35644531 40 230 120 2
-0.17285156 -0.09082031 -0.35839844 40 230 120 2
-0.15917969 -0.08691406 -0.38964844 40 230 120 2
-0.16113281 -0.08691406 -0.38769531 40 230 120 2
-0.16113281 -0.08691406 -0.38964844 40 230 120 2
-0.15917969 -0.08691406 -0.38769531 40 230 120 2
-0.13183594 -0.08886719 -0.39941406 255 40 40 1
-0.13183594 -0.09082031 -0.40136719 255 40 40 1
-0.14550781 -0.08496094 -0.40722656 40 230 120 2
-0.14550781 -0.08496094 -0.40527344 40 230 120 2
-0.14355469 -0.08496094 -0.40722656 40 230 120 2
-0.14355469 -0.08496094 -0.40527344 40 230 120 2
-0.16503906 -0.07519531 -0.41308594 40 230 120 2
-0.16308594 -0.07714844 -0.41308594 40 230 120 2
-0.16308594 -0.07519531 -0.41308594 40 230 120 2
-0.16308594 -0.07519531 -0.41113281 40 230 120 2
-0.15332031 -0.06933594 -0.43261719 40 230 120 2
-0.15332031 -0.07128906 -0.43261719 40 230 120 2
-0.15527344 -0.07128906 -0.43261719 40 230 120 2
-0.15527344 -0.06933594 -0.43261719 40 230 120 2
-0.13574219 -0.07128906 -0.44628906 255 40 40 1
-0.13964844 -0.07519531 -0.43066406 40 230 120 2
-0.13964844 -0.07714844 -0.43066406 40 230 120 2
-0.13964844 -0.07714844 -0.43261719 40 230 120 2
-0.13964844 -0.07519531 -0.43261719 40 230 120 2
-0.10058594 -0.08300781 -0.41894531 40 230 120 2
-0.10058594 -0.08300781 -0.42089844 40 230 120 2
-0.10058594 -0.08496094 -0.41894531 40 230 120 2
-0.09863281 -0.08300781 -0.42089844 40 230 120 2
-0.10253906 -0.07519531 -0.44628906 40 230 120 2
-0.10449219 -0.07519531 -0.44628906 40 230 120 2
-0.10253906 -0.07324219 -0.44628906 40 230 120 2
-0.10253906 -0.07519531 -0.44433594 40 230 120 2
-0.08691406 -0.07714844 -0.43847656 40 230 120 2
-0.08691406 -0.07519531 -0.43847656 40 230 120 2
-0.08496094 -0.07714844 -0.43847656 40 230 120 2
-0.08496094 -0.07519531 -0.43847656 40 230 120 2
-0.08105469 -0.08496094 -0.41308594 40 230 120 2
-0.08300781 -0.08496094 -0.41113281 40 230 120 2
-0.08300781 -0.08300781 -0.41308594 40 230 120 2
-0.08300781 -0.08496094 -0.41308594 40 230 120 2
0.08496094 0.05957031 -0.37402344 40 230 120 2
0.08691406 0.05761719 -0.37402344 40 230 120 2
0.08691406 0.05957031 -0.37402344 40 230 120 2
0.08691406 0.05957031 -0.37207031 40 230 120 2
0.12402344 0.06933594 -0.33691406 40 230 120 2
0.12402344 0.06738281 -0.33496094 40 230 120 2
0.12207031 0.06738281 -0.33691406 40 230 120 2
0.12402344 0.06738281 -0.33691406 40 230 120 2
0.10253906 0.04589844 -0.36230469 255 40 40 1
0.11816406 0.03222656 -0.34863281 40 230 120 2
0.11816406 0.03222656 -0.35058594 40 230 120 2
0.11816406 0.03417969 -0.35058594 40 230 120 2
0.11816406 0.03417969 -0.34863281 40 230 120 2
0.07910156 0.03027344 -0.38574219 40 230 120 2
0.07910156 0.03222656 -0.38574219 40 230 120 2
0.08105469 0.03027344 -0.38574219 40 230 120 2
0.08105469 0.03222656 -0.38574219 40 230 120 2
0.05371094 0.03613281 -0.40527344 40 230 120 2
0.05371094 0.03808594 -0.40722656 40 230 120 2
0.05371094 0.03613281 -0.40722656 40 230 120 2
0.05371094 0.03808594 -0.40527344 40 230 120 2
0.03613281 0.02246094 -0.42675781 255 40 40 1
0.04785156 0.01269531 -0.41699219 40 230 120 2
0.04785156 0.01269531 -0.41894531 40 230 120 2
0.04589844 0.01269531 -0.41894531 40 230 120 2
0.04589844 0.01269531 -0.41699219 40 230 120 2
0.01269531 0.00878906 -0.44238281 40 230 120 2
0.01464844 0.01074219 -0.44238281 40 230 120 2
0.01269531 0.01074219 -0.44238281 40 230 120 2
0.01269531 0.01074219 -0.44042969 40 230 120 2
0.02050781 0.03027344 -0.42871094 40 230 120 2
0.02050781 0.02832031 -0.42871094 40 230 120 2
0.02050781 0.03027344 -0.43066406 40 230 120 2
0.02246094 0.03027344 -0.42871094 40 230 120 2
0.03613281 0.04980469 -0.40917969 40 230 120 2
0.03613281 0.05175781 -0.41113281 40 230 120 2
0.03808594 0.05175781 -0.40917969 40 230 120 2
0.03613281 0.05175781 -0.40917969 40 230 120 2
0.00488281 0.04394531 -0.43066406 40 230 120 2
0.00683594 0.04199219 -0.43066406 40 230 120 2
0.00488281 0.04199219 -0.43066406 40 230 120 2
0.00683594 0.04394531 -0.43066406 40 230 120 2
0.00683594 0.06152344 -0.41894531 40 230 120 2
0.00878906 0.05957031 -0.41894531 40 230 120 2
0.00878906 0.06152344 -0.41894531 40 230 120 2
0.00878906 0.06152344 -0.41699219 40 230 120 2
0.03222656 0.07324219 -0.39746094 40 230 120 2
0.03222656 0.07519531 -0.39746094 40 230 120 2
0.03417969 0.07519531 -0.39746094 40 230 120 2
0.03417969 0.07324219 -0.39746094 40 230 120 2
0.06347656 0.07714844 -0.38183594 40 230 120 2
0.04980469 0.07519531 -0.38964844 255 40 40 1
0.06152344 0.07519531 -0.38183594 40 230 120 2
0.06347656 0.07519531 -0.38183594 40 230 120 2
0.06152344 0.07714844 -0.38183594 40 230 120 2
0.05566406 0.10058594 -0.37011719 40 230 120 2
0.05566406 0.09863281 -0.37011719 40 230 120 2
0.05566406 0.09863281 -0.36816406 40 230 120 2
0.05566406 0.10058594 -0.36816406 40 230 120 2
0.09082031 0.12011719 -0.33886719 40 230 120 2
0.09277344 0.11816406 -0.33886719 40 230 120 2
0.09082031 0.11816406 -0.33886719 40 230 120 2
0.09277344 0.12011719 -0.33886719 40 230 120 2
0.10253906 0.08886719 -0.35058594 40 230 120 2
0.10058594 0.08886719 -0.35058594 40 230 120 2
0.10058594 0.08691406 -0.35058594 40 230 120 2
0.10058594 0.08886719 -0.34863281 40 230 120 2
0.20605469 0.09863281 -0.24707031 40 230 120 2
0.20605469 0.09863281 -0.24511719 40 230 120 2
0.20605469 0.10058594 -0.24707031 40 230 120 2
0.20800781 0.09863281 -0.24707031 40 230 120 2
0.20605469 0.05371094 -0.25878906 40 230 120 2
0.20605469 0.05371094 -0.26074219 40 230 120 2
0.20800781 0.05371094 -0.26074219 40 230 120 2
0.20605469 0.05566406 -0.26074219 40 230 120 2
0.15722656 0.05566406 -0.30761719 40 230 120 2
0.15722656 0.05761719 -0.30761719 40 230 120 2
0.14160156 0.06152344 -0.32324219 255 40 40 1
0.15722656 0.05566406 -0.30957031 40 230 120 2
0.15722656 0.05761719 -0.30957031 40 230 120 2
0.15917969 0.09472656 -0.29394531 40 230 120 2
0.16113281 0.09472656 -0.29394531 40 230 120 2
0.16113281 0.09472656 -0.29589844 40 230 120 2
0.16113281 0.09667969 -0.29394531 40 230 120 2
0.17480469 0.12988281 -0.26464844 40 230 120 2
0.17285156 0.12988281 -0.26464844 40 230 120 2
0.17285156 0.12988281 -0.26660156 40 230 120 2
0.17480469 0.12988281 -0.26660156 40 230 120 2
0.12792969 0.12011719 -0.31347656 40 230 120 2
0.12988281 0.12011719 -0.31152344 40 230 120 2
0.12792969 0.11816406 -0.31152344 40 230 120 2
0.12792969 0.12011719 -0.31152344 40 230 120 2
0.11425781 0.16503906 -0.28808594 255 40 40 1
0.11621094 0.15136719 -0.29980469 40 230 120 2
0.11425781 0.14941406 -0.29980469 40 230 120 2
0.11621094 0.14941406 -0.29980469 40 230 120 2
0.11425781 0.15136719 -0.29980469 40 230 120 2
0.15527344 0.16503906 -0.25488281 40 230 120 2
0.15722656 0.16503906 -0.25488281 40 230 120 2
0.15527344 0.16503906 -0.25683594 40 230 120 2
0.15722656 0.16503906 -0.25683594 40 230 120 2
0.20410156 0.17480469 -0.19042969 255 40 40 1
0.19824219 0.15722656 -0.22167969 40 230 120 2
0.19628906 0.15722656 -0.22167969 40 230 120 2
0.19824219 0.15722656 -0.21972656 40 230 120 2
0.19628906 0.15722656 -0.21972656 40 230 120 2
0.17089844 0.18847656 -0.20996094 40 230 120 2
0.17089844 0.18847656 -0.20800781 40 230 120 2
0.17285156 0.18847656 -0.20996094 40 230 120 2
0.17285156 0.18847656 -0.20800781 40 230 120 2
0.16894531 0.20214844 -0.19824219 255 40 40 1
0.14160156 0.18652344 -0.24121094 255 40 40 1
0.23535156 0.12207031 -0.19824219 40 230 120 2
0.23535156 0.12207031 -0.19628906 40 230 120 2
0.23535156 0.12402344 -0.19628906 40 230 120 2
0.23730469 0.12207031 -0.19628906 40 230 120 2
0.24316406 0.07714844 -0.20996094 40 230 120 2
0.24121094 0.07714844 -0.20996094 40 230 120 2
0.24316406 0.07910156 -0.20996094 40 230 120 2
0.24121094 0.07910156 -0.20996094 40 230 120 2
0.19433594 -0.02050781 -0.26269531 40 230 120 2
0.19238281 -0.02050781 -0.26269531 40 230 120 2
0.19433594 -0.02050781 -0.26464844 40 230 120 2
0.19433594 -0.02246094 -0.26269531 40 230 120 2
0.17480469 -0.03027344 -0.27832031 255 40 40 1
0.15722656 -0.01074219 -0.30957031 40 230 120 2
0.14355469 -0.00292969 -0.32324219 255 40 40 1
0.15527344 -0.00878906 -0.30957031 40 230 120 2
0.15527344 -0.01074219 -0.30761719 40 230 120 2
0.15527344 -0.01074219 -0.30957031 40 230 120 2
0.17675781 0.02246094 -0.29199219 40 230 120 2
0.17675781 0.02441406 -0.29199219 40 230 120 2
0.17675781 0.02246094 -0.29394531 40 230 120 2
0.17675781 0.02441406 -0.29394531 40 230 120 2
0.22167969 0.01855469 -0.24316406 40 230 120 2
0.22167969 0.01660156 -0.24316406 40 230 120 2
0.22167969 0.01855469 -0.24511719 40 230 120 2
0.21972656 0.01855469 -0.24511719 40 230 120 2
0.23925781 -0.00683594 -0.20996094 40 230 120 2
0.23925781 -0.00683594 -0.20800781 40 230 120 2
0.23925781 -0.00878906 -0.20996094 40 230 120 2
0.23925781 -0.00683594 -0.21191406 40 230 120 2
0.27246094 0.04980469 -0.17480469 255 40 40 1
0.25878906 0.03417969 -0.19042969 40 230 120 2
0.25878906 0.03613281 -0.19042969 40 230 120 2
0.26074219 0.03417969 -0.19042969 40 230 120 2
0.26074219 0.03613281 -0.19042969 40 230 120 2
0.22949219 -0.04785156 -0.19628906 40 230 120 2
0.24902344 -0.03613281 -0.17871094 255 40 40 1
0.22753906 -0.04785156 -0.19628906 40 230 120 2
0.22949219 -0.04785156 -0.19824219 40 230 120 2
0.22949219 -0.04589844 -0.19628906 40 230 120 2
0.19042969 -0.07910156 -0.21972656 40 230 120 2
0.18847656 -0.06738281 -0.23339844 255 40 40 1
0.18847656 -0.07910156 -0.21972656 40 230 120 2
0.18847656 -0.07910156 -0.21777344 40 230 120 2
0.19042969 -0.07910156 -0.21777344 40 230 120 2
0.18457031 -0.05371094 -0.24902344 40 230 120 2
0.18652344 -0.05566406 -0.24902344 40 230 120 2
0.18652344 -0.05371094 -0.24902344 40 230 120 2
0.18652344 -0.05371094 -0.25097656 40 230 120 2
0.14550781 -0.08105469 -0.26855469 40 230 120 2
0.14550781 -0.08300781 -0.26855469 40 230 120 2
0.14550781 -0.08300781 -0.27050781 40 230 120 2
0.14550781 -0.08105469 -0.27050781 40 230 120 2
0.12207031 -0.06933594 -0.31347656 40 230 120 2
0.12402344 -0.06738281 -0.31347656 40 230 120 2
0.12207031 -0.06738281 -0.31152344 40 230 120 2
0.12207031 -0.06738281 -0.31347656 40 230 120 2
0.15332031 -0.04003906 -0.29589844 40 230 120 2
0.15332031 -0.04199219 -0.29394531 40 230 120 2
0.15332031 -0.04199219 -0.29589844 40 230 120 2
0.15527344 -0.04199219 -0.29589844 40 230 120 2
0.07910156 -0.01660156 -0.38574219 40 230 120 2
0.08886719 -0.01269531 -0.37792969 40 230 120 2
0.07910156 -0.01855469 -0.38574219 40 230 120 2
0.08105469 -0.01855469 -0.38574219 40 230 120 2
0.08105469 -0.01660156 -0.38574219 40 230 120 2
0.08691406 -0.01269531 -0.37792969 40 230 120 2
0.06933594 -0.01269531 -0.39550781 255 40 40 1
0.08886719 -0.01269531 -0.37597656 40 230 120 2
0.09277344 0.00878906 -0.37402344 40 230 120 2
0.09277344 0.00878906 -0.37597656 40 230 120 2
0.09472656 0.00878906 -0.37402344 40 230 120 2
0.09277344 0.00683594 -0.37402344 40 230 120 2
0.12988281 0.00683594 -0.33691406 40 230 120 2
0.10644531 -0.00683594 -0.36230469 255 40 40 1
0.13183594 0.00683594 -0.33691406 40 230 120 2
0.13183594 0.00878906 -0.33691406 40 230 120 2
0.12988281 0.00878906 -0.33691406 40 230 120 2
0.11230469 -0.02246094 -0.34863281 40 230 120 2
0.11230469 -0.02246094 -0.35058594 40 230 120 2
0.11230469 -0.02441406 -0.35058594 40 230 120 2
0.11230469 -0.02441406 -0.34863281 40 230 120 2
0.08300781 -0.04003906 -0.37402344 40 230 120 2
0.08496094 -0.04199219 -0.37402344 40 230 120 2
0.08496094 -0.04003906 -0.37402344 40 230 120 2
0.08300781 -0.04199219 -0.37402344 40 230 120 2
0.13378906 -0.03222656 -0.32519531 255 40 40 1
0.11230469 -0.04980469 -0.33886719 40 230 120 2
0.11230469 -0.04785156 -0.33886719 40 230 120 2
0.11230469 -0.04980469 -0.33691406 40 230 120 2
0.11230469 -0.04785156 -0.33691406 40 230 120 2
0.08496094 -0.07128906 -0.35253906 40 230 120 2
0.08300781 -0.07324219 -0.35253906 40 230 120 2
0.08300781 -0.07128906 -0.35253906 40 230 120 2
0.08300781 -0.07128906 -0.35058594 40 230 120 2
0.06347656 -0.06152344 -0.38378906 40 230 120 2
0.06152344 -0.05957031 -0.38378906 40 230 120 2
0.06152344 -0.06152344 -0.38378906 40 230 120 2
0.06347656 -0.05957031 -0.38378906 40 230 120 2
0.05175781 -0.04589844 -0.40332031 40 230 120 2
0.04980469 -0.04785156 -0.40332031 40 230 120 2
0.04980469 -0.04589844 -0.40332031 40 230 120 2
0.05175781 -0.04785156 -0.40332031 40 230 120 2
0.02050781 -0.06542969 -0.41894531 255 40 40 1
0.02832031 -0.06347656 -0.41113281 40 230 120 2
0.03027344 -0.06152344 -0.41113281 40 230 120 2
0.03027344 -0.06347656 -0.41113281 40 230 120 2
0.03027344 -0.06347656 -0.40917969 40 230 120 2
0.01269531 -0.05371094 -0.43066406 40 230 120 2
0.00292969 -0.05957031 -0.43261719 255 40 40 1
0.01074219 -0.05371094 -0.43066406 40 230 120 2
0.01074219 -0.05371094 -0.42871094 40 230 120 2
0.01269531 -0.05371094 -0.42871094 40 230 120 2
0.02246094 -0.04003906 -0.42871094 40 230 120 2
0.02246094 -0.04003906 -0.43066406 40 230 120 2
0.02246094 -0.04199219 -0.42871094 40 230 120 2
0.02246094 -0.04199219 -0.43066406 40 230 120 2
0.04785156 -0.02832031 -0.41503906 40 230 120 2
0.04589844 -0.03027344 -0.41503906 40 230 120 2
0.04589844 -0.02832031 -0.41699219 40 230 120 2
0.04589844 -0.02832031 -0.41503906 40 230 120 2
0.01660156 -0.02441406 -0.44042969 40 230 120 2
0.01464844 -0.02441406 -0.44042969 40 230 120 2
0.01464844 -0.02246094 -0.44042969 40 230 120 2
0.01464844 -0.02441406 -0.44238281 40 230 120 2
0.02441406 -0.00683594 -0.43652344 40 230 120 2
0.02636719 -0.00488281 -0.43457031 40 230 120 2
0.02636719 -0.00488281 -0.43652344 40 230 120 2
0.02441406 -0.00488281 -0.43652344 40 230 120 2
0.05761719 -0.00488281 -0.40722656 40 230 120 2
0.05761719 -0.00683594 -0.40722656 40 230 120 2
0.05957031 -0.00683594 -0.40722656 40 230 120 2
0.05957031 -0.00488281 -0.40722656 40 230 120 2
0.26269531 0.11425781 0.12011719 40 230 120 2
0.26074219 0.11425781 0.12011719 40 230 120 2
0.26074219 0.11230469 0.12011719 40 230 120 2
0.26269531 0.11230469 0.12011719 40 230 120 2
0.28027344 0.06933594 0.11816406 40 230 120 2
0.28027344 0.06738281 0.11816406 40 230 120 2
0.28027344 0.06933594 0.11621094 40 230 120 2
0.28222656 0.06933594 0.11621094 40 230 120 2
0.28613281 0.08691406 0.08691406 40 230 120 2
0.28613281 0.08691406 0.08886719 40 230 120 2
0.28808594 0.08691406 0.08691406 40 230 120 2
0.28613281 0.08886719 0.08691406 40 230 120 2
0.26464844 0.15332031 0.10058594 255 40 40 1
0.26855469 0.13574219 0.09277344 40 230 120 2
0.27050781 0.13378906 0.09082031 40 230 120 2
0.27050781 0.13574219 0.09082031 40 230 120 2
0.27050781 0.13574219 0.09277344 40 230 120 2
0.24902344 0.16503906 0.10449219 40 230 120 2
0.24902344 0.16503906 0.10253906 40 230 120 2
0.24707031 0.16503906 0.10449219 40 230 120 2
0.24902344 0.16308594 0.10449219 40 230 120 2
0.24902344 0.18066406 0.07128906 40 230 120 2
0.24902344 0.18261719 0.07128906 40 230 120 2
0.24902344 0.17871094 0.07128906 40 230 120 2
0.24902344 0.18066406 0.07324219 40 230 120 2
0.21191406 0.21582031 0.06933594 40 230 120 2
0.21191406 0.21386719 0.06738281 40 230 120 2
0.21191406 0.21386719 0.06933594 40 230 120 2
0.21386719 0.21386719 0.06933594 40 230 120 2
0.21386719 0.19824219 0.09667969 40 230 120 2
0.21386719 0.19628906 0.09667969 40 230 120 2
0.21386719 0.19824219 0.09863281 40 230 120 2
0.21386719 0.19628906 0.09863281 40 230 120 2
0.22363281 0.16699219 0.12011719 40 230 120 2
0.22167969 0.16699219 0.12011719 40 230 120 2
0.22363281 0.16894531 0.12011719 40 230 120 2
0.22167969 0.16894531 0.12011719 40 230 120 2
0.17285156 0.19628906 0.11230469 255 40 40 1
0.18652344 0.19238281 0.11230469 40 230 120 2
0.18652344 0.19238281 0.11035156 40 230 120 2
0.18652344 0.19433594 0.11035156 40 230 120 2
0.18847656 0.19238281 0.11035156 40 230 120 2
0.17871094 0.16894531 0.12988281 40 230 120 2
0.17675781 0.17089844 0.12988281 40 230 120 2
0.17871094 0.17089844 0.12792969 40 230 120 2
0.17871094 0.17089844 0.12988281 40 230 120 2
0.20410156 0.13964844 0.13964844 40 230 120 2
0.20410156 0.14160156 0.13769531 40 230 120 2
0.20214844 0.14160156 0.13964844 40 230 120 2
0.20410156 0.14160156 0.13964844 40 230 120 2
0.23535156 0.12207031 0.13574219 40 230 120 2
0.23535156 0.12207031 0.13769531 40 230 120 2
0.23535156 0.12011719 0.13574219 40 230 120 2
0.23535156 0.12011719 0.13769531 40 230 120 2
0.20996094 0.09472656 0.15136719 40 230 120 2
0.20996094 0.09277344 0.15136719 40 230 120 2
0.20996094 0.09277344 0.14941406 40 230 120 2
0.20800781 0.09277344 0.15136719 40 230 120 2
0.23144531 0.05175781 0.15527344 40 230 120 2
0.23144531 0.05371094 0.15527344 40 230 120 2
0.22949219 0.05371094 0.15527344 40 230 120 2
0.22949219 0.05175781 0.15527344 40 230 120 2
0.25683594 0.07519531 0.13378906 40 230 120 2
0.25683594 0.07519531 0.13574219 40 230 120 2
0.25488281 0.07519531 0.13574219 40 230 120 2
0.25683594 0.07324219 0.13574219 40 230 120 2
0.28613281 -0.03808594 0.11035156 40 230 120 2
0.28613281 -0.04003906 0.10839844 40 230 120 2
0.28808594 -0.03808594 0.10839844 40 230 120 2
0.27246094 -0.05761719 0.12988281 255 40 40 1
0.28613281 -0.03808594 0.10839844 40 230 120 2
0.30175781 -0.02050781 0.07714844 40 230 120 2
0.29980469 -0.01855469 0.07714844 40 230 120 2
0.30175781 -0.01855469 0.07519531 40 230 120 2
0.30175781 -0.01855469 0.07714844 40 230 120 2
0.29394531 0.03808594 0.09472656 40 230 120 2
0.29394531 0.03808594 0.09667969 40 230 120 2
0.29394531 0.03613281 0.09472656 40 230 120 2
0.29394531 0.03613281 0.09667969 40 230 120 2
0.28222656 0.01464844 0.12597656 40 230 120 2
0.28417969 0.01269531 0.12402344 40 230 120 2
0.28417969 0.01464844 0.12402344 40 230 120 2
0.28222656 0.01464844 0.12402344 40 230 120 2
0.26660156 -0.02636719 0.13964844 40 230 120 2
0.26660156 -0.02441406 0.13964844 40 230 120 2
0.26660156 -0.02441406 0.14160156 40 230 120 2
0.26660156 -0.02636719 0.14160156 40 230 120 2
0.25488281 0.02636719 0.14941406 40 230 120 2
0.25683594 0.02636719 0.14941406 40 230 120 2
0.25683594 0.02832031 0.14941406 40 230 120 2
0.25488281 0.02832031 0.14941406 40 230 120 2
0.22167969 0.00292969 0.16503906 40 230 120 2
0.22363281 0.00292969 0.16503906 40 230 120 2
0.22363281 0.00292969 0.16308594 40 230 120 2
0.22363281 0.00488281 0.16503906 40 230 120 2
0.23144531 -0.04199219 0.15722656 40 230 120 2
0.23144531 -0.04394531 0.15722656 40 230 120 2
0.23144531 -0.04394531 0.15917969 40 230 120 2
0.24121094 -0.05761719 0.15332031 255 40 40 1
0.23144531 -0.04199219 0.15917969 40 230 120 2
0.24511719 -0.07128906 0.14355469 40 230 120 2
0.24511719 -0.07324219 0.14355469 40 230 120 2
0.24511719 -0.07324219 0.14160156 40 230 120 2
0.24707031 -0.07324219 0.14355469 40 230 120 2
0.20605469 -0.08886719 0.15527344 40 230 120 2
0.20800781 -0.08691406 0.15527344 40 230 120 2
0.20605469 -0.08496094 0.15527344 40 230 120 2
0.20605469 -0.08691406 0.15527344 40 230 120 2
0.20214844 -0.11816406 0.14160156 40 230 120 2
0.20214844 -0.11816406 0.14355469 40 230 120 2
0.20019531 -0.12988281 0.13769531 255 40 40 1
0.20019531 -0.11816406 0.14355469 40 230 120 2
0.20214844 -0.11621094 0.14355469 40 230 120 2
0.23144531 -0.11425781 0.12402344 40 230 120 2
0.23144531 -0.11621094 0.12597656 40 230 120 2
0.23339844 -0.11425781 0.12597656 40 230 120 2
0.23144531 -0.11425781 0.12597656 40 230 120 2
0.25097656 -0.10058594 0.11816406 255 40 40 1
0.26269531 -0.08886719 0.11035156 40 230 120 2
0.27050781 -0.05761719 0.12792969 255 40 40 1
0.26464844 -0.08691406 0.11035156 40 230 120 2
0.26464844 -0.08886719 0.11035156 40 230 120 2
0.26269531 -0.08691406 0.11035156 40 230 120 2
0.24121094 -0.12597656 0.08886719 40 230 120 2
0.24121094 -0.12792969 0.08691406 40 230 120 2
0.24121094 -0.12792969 0.08886719 40 230 120 2
0.24316406 -0.12792969 0.08886719 40 230 120 2
0.26464844 -0.11621094 0.05566406 40 230 120 2
0.26464844 -0.11425781 0.05371094 40 230 120 2
0.26464844 -0.11621094 0.05371094 40 230 120 2
0.26464844 -0.11425781 0.05566406 40 230 120 2
0.28808594 -0.07324219 0.07714844 40 230 120 2
0.28613281 -0.07128906 0.07714844 40 230 120 2
0.28808594 -0.07128906 0.07714844 40 230 120 2
0.28613281 -0.07324219 0.07714844 40 230 120 2
0.11230469 -0.20019531 0.07128906 40 230 120 2
0.11230469 -0.20019531 0.07324219 40 230 120 2
0.11425781 -0.20019531 0.07128906 40 230 120 2
0.11230469 -0.20214844 0.07128906 40 230 120 2
0.07519531 -0.20019531 0.04394531 40 230 120 2
0.07324219 -0.20019531 0.04394531 40 230 120 2
0.07324219 -0.20019531 0.04589844 40 230 120 2
0.07519531 -0.20019531 0.04589844 40 230 120 2
0.10058594 -0.18847656 0.02246094 40 230 120 2
0.10058594 -0.18652344 0.02246094 40 230 120 2
0.08691406 -0.19042969 0.00878906 255 40 40 1
0.10058594 -0.18652344 0.02050781 40 230 120 2
0.09863281 -0.18652344 0.02246094 40 230 120 2
0.13574219 -0.19042969 0.04003906 40 230 120 2
0.13574219 -0.19042969 0.03613281 40 230 120 2
0.13769531 -0.19042969 0.03808594 40 230 120 2
0.13574219 -0.19042969 0.03808594 40 230 120 2
0.15917969 -0.18457031 0.06933594 40 230 120 2
0.15917969 -0.18261719 0.06933594 40 230 120 2
0.15917969 -0.18457031 0.07128906 40 230 120 2
0.15917969 -0.18261719 0.07128906 40 230 120 2
0.18457031 -0.17675781 0.03613281 40 230 120 2
0.18652344 -0.17675781 0.03808594 40 230 120 2
0.18457031 -0.17675781 0.03808594 40 230 120 2
0.18457031 -0.17480469 0.03808594 40 230 120 2
0.22558594 -0.14941406 0.05957031 40 230 120 2
0.22558594 -0.14941406 0.05761719 40 230 120 2
0.22363281 -0.14941406 0.05761719 40 230 120 2
0.22558594 -0.15136719 0.05761719 40 230 120 2
0.19824219 -0.15722656 0.09082031 40 230 120 2
0.19824219 -0.15917969 0.09277344 40 230 120 2
0.19824219 -0.15722656 0.09277344 40 230 120 2
0.20019531 -0.15722656 0.09277344 40 230 120 2
0.16113281 -0.17089844 0.11035156 40 230 120 2
0.16308594 -0.17089844 0.11035156 40 230 120 2
0.16113281 -0.17089844 0.10839844 40 230 120 2
0.16113281 -0.16894531 0.11035156 40 230 120 2
0.19628906 -0.13964844 0.12402344 40 230 120 2
0.19628906 -0.13964844 0.12597656 40 230 120 2
0.19433594 -0.13964844 0.12597656 40 230 120 2
0.19628906 -0.14160156 0.12597656 40 230 120 2
0.16894531 -0.13378906 0.14550781 40 230 120 2
0.16894531 -0.13378906 0.14355469 40 230 120 2
0.16894531 -0.13574219 0.14355469 40 230 120 2
0.16699219 -0.13378906 0.14355469 40 230 120 2
0.14355469 -0.16113281 0.14160156 40 230 120 2
0.14355469 -0.16308594 0.14355469 40 230 120 2
0.14355469 -0.16113281 0.14355469 40 230 120 2
0.14550781 -0.16113281 0.14355469 40 230 120 2
0.13574219 -0.19824219 0.12988281 40 230 120 2
0.13574219 -0.19824219 0.12597656 40 230 120 2
0.13574219 -0.20019531 0.12792969 40 230 120 2
0.13574219 -0.19824219 0.12792969 40 230 120 2
0.12402344 -0.19433594 0.16699219 40 230 120 2
0.12402344 -0.19433594 0.16503906 40 230 120 2
0.12402344 -0.19628906 0.16699219 40 230 120 2
0.12402344 -0.19628906 0.16503906 40 230 120 2
0.12597656 -0.27246094 0.18066406 255 40 40 1
0.12207031 -0.25488281 0.18066406 40 230 120 2
0.12207031 -0.25292969 0.18261719 40 230 120 2
0.12402344 -0.25292969 0.18066406 40 230 120 2
0.12207031 -0.25292969 0.18066406 40 230 120 2
0.12011719 -0.28613281 0.14746094 255 40 40 1
0.12597656 -0.25097656 0.14160156 40 230 120 2
0.12597656 -0.24902344 0.14160156 40 230 120 2
0.12597656 -0.25097656 0.14355469 40 230 120 2
0.12597656 -0.24902344 0.14355469 40 230 120 2
0.10058594 0.23730469 0.05175781 40 230 120 2
0.10058594 0.23730469 0.04980469 40 230 120 2
0.10058594 0.23535156 0.05175781 40 230 120 2
0.10253906 0.23730469 0.05175781 40 230 120 2
0.11621094 0.23925781 0.04589844 255 40 40 1
0.09082031 0.24121094 0.02246094 40 230 120 2
0.09082031 0.24121094 0.02050781 40 230 120 2
0.09277344 0.24121094 0.02246094 40 230 120 2
0.09277344 0.24121094 0.02050781 40 230 120 2
0.06152344 0.22949219 0.03027344 40 230 120 2
0.06152344 0.23144531 0.02832031 40 230 120 2
0.06152344 0.22558594 0.01855469 255 40 40 1
0.06152344 0.22949219 0.02832031 40 230 120 2
0.06152344 0.23144531 0.03027344 40 230 120 2
0.06152344 0.22753906 0.05371094 40 230 120 2
0.06347656 0.22558594 0.05371094 40 230 120 2
0.06152344 0.22558594 0.05371094 40 230 120 2
0.06152344 0.22558594 0.05566406 40 230 120 2
0.08105469 0.21972656 0.07519531 40 230 120 2
0.08105469 0.21972656 0.07714844 40 230 120 2
0.08300781 0.21972656 0.07519531 40 230 120 2
0.08300781 0.21972656 0.07714844 40 230 120 2
0.04394531 0.20214844 0.08105469 40 230 120 2
0.04394531 0.20019531 0.07910156 40 230 120 2
0.04394531 0.20019531 0.08105469 40 230 120 2
0.04394531 0.20214844 0.07910156 40 230 120 2
0.04394531 0.18847656 0.11621094 40 230 120 2
0.04394531 0.18847656 0.11425781 40 230 120 2
0.04589844 0.18847656 0.11425781 40 230 120 2
0.04589844 0.18847656 0.11621094 40 230 120 2
0.10253906 0.19628906 0.13378906 255 40 40 1
0.09082031 0.20410156 0.10644531 40 230 120 2
0.08886719 0.20410156 0.10644531 40 230 120 2
0.08886719 0.20410156 0.10839844 40 230 120 2
0.09082031 0.20410156 0.10839844 40 230 120 2
0.13964844 0.21191406 0.10253906 255 40 40 1
0.11621094 0.21582031 0.08886719 40 230 120 2
0.11816406 0.21777344 0.09082031 40 230 120 2
0.11816406 0.21777344 0.08886719 40 230 120 2
0.11621094 0.21777344 0.08886719 40 230 120 2
0.12597656 0.19824219 0.12011719 40 230 120 2
0.12792969 0.19824219 0.12011719 40 230 120 2
0.12597656 0.19824219 0.12207031 40 230 120 2
0.12597656 0.20019531 0.12011719 40 230 120 2
0.15917969 0.19628906 0.11230469 40 230 120 2
0.15722656 0.19628906 0.11230469 40 230 120 2
0.17089844 0.19628906 0.11230469 255 40 40 1
0.15722656 0.19433594 0.11230469 40 230 120 2
0.15722656 0.19824219 0.11230469 40 230 120 2
0.15917969 0.21777344 0.09082031 40 230 120 2
0.15722656 0.21777344 0.09082031 40 230 120 2
0.15722656 0.21777344 0.09277344 40 230 120 2
0.15917969 0.21777344 0.09277344 40 230 120 2
0.13964844 0.23144531 0.06933594 40 230 120 2
0.13769531 0.23144531 0.07128906 40 230 120 2
0.13769531 0.23144531 0.06933594 40 230 120 2
0.13769531 0.23339844 0.06933594 40 230 120 2
0.18066406 0.22363281 0.07324219 40 230 120 2
0.17871094 0.22363281 0.07519531 40 230 120 2
0.18066406 0.22363281 0.07519531 40 230 120 2
0.18066406 0.22558594 0.07519531 40 230 120 2
0.17675781 0.23730469 0.04785156 40 230 120 2
0.17480469 0.23535156 0.04785156 40 230 120 2
0.16308594 0.24121094 0.03613281 255 40 40 1
0.17480469 0.23730469 0.04785156 40 230 120 2
0.17480469 0.23730469 0.04589844 40 230 120 2
0.12988281 0.24121094 0.04003906 40 230 120 2
0.12988281 0.24121094 0.04199219 40 230 120 2
0.13183594 0.24121094 0.04199219 40 230 120 2
0.12988281 0.24316406 0.04003906 40 230 120 2
0.14550781 0.06152344 0.34082031 40 230 120 2
0.14550781 0.06347656 0.34082031 40 230 120 2
0.14550781 0.06152344 0.33886719 40 230 120 2
0.14550781 0.06347656 0.33886719 40 230 120 2
0.17675781 0.07714844 0.36035156 40 230 120 2
0.17675781 0.07519531 0.36035156 40 230 120 2
0.17675781 0.07519531 0.35839844 40 230 120 2
0.17675781 0.07714844 0.35839844 40 230 120 2
0.17089844 0.11035156 0.41894531 40 230 120 2
0.16894531 0.11035156 0.42089844 40 230 120 2
0.16894531 0.11035156 0.41894531 40 230 120 2
0.17089844 0.11035156 0.42089844 40 230 120 2
0.14355469 0.10449219 0.39941406 40 230 120 2
0.14355469 0.10449219 0.39746094 40 230 120 2
0.14355469 0.10644531 0.39941406 40 230 120 2
0.14160156 0.10449219 0.39941406 40 230 120 2
0.11425781 -0.06738281 0.18847656 40 230 120 2
0.11425781 -0.06738281 0.18652344 40 230 120 2
0.11230469 -0.06738281 0.18652344 40 230 120 2
0.11230469 -0.06738281 0.18847656 40 230 120 2
0.08300781 -0.07714844 0.17871094 40 230 120 2
0.08300781 -0.07714844 0.17675781 40 230 120 2
0.08105469 -0.07714844 0.17675781 40 230 120 2
0.08105469 -0.07714844 0.17871094 40 230 120 2
0.08105469 -0.12988281 0.16308594 40 230 120 2
0.07910156 -0.12988281 0.16308594 40 230 120 2
0.08300781 -0.12988281 0.16308594 40 230 120 2
0.08105469 -0.12792969 0.16308594 40 230 120 2
0.11816406 -0.11816406 0.16894531 40 230 120 2
0.11621094 -0.11816406 0.16894531 40 230 120 2
0.11621094 -0.12011719 0.16894531 40 230 120 2
0.11816406 -0.12011719 0.16894531 40 230 120 2
0.14160156 -0.08496094 0.17480469 40 230 120 2
0.13964844 -0.08496094 0.17480469 40 230 120 2
0.13964844 -0.08496094 0.17675781 40 230 120 2
0.14160156 -0.08496094 0.17675781 40 230 120 2
0.14746094 -0.12792969 0.15917969 40 230 120 2
0.14746094 -0.12988281 0.15917969 40 230 120 2
0.14746094 -0.12988281 0.16113281 40 230 120 2
0.14746094 -0.12792969 0.16113281 40 230 120 2
0.17675781 -0.10644531 0.15527344 40 230 120 2
0.17675781 -0.10644531 0.15722656 40 230 120 2
0.17871094 -0.10644531 0.15527344 40 230 120 2
0.17871094 -0.10644531 0.15722656 40 230 120 2
0.17480469 -0.07519531 0.16699219 40 230 120 2
0.17480469 -0.07324219 0.16699219 40 230 120 2
0.17675781 -0.07519531 0.16699219 40 230 120 2
0.17675781 -0.07324219 0.16699219 40 230 120 2
0.15527344 -0.04003906 0.17871094 40 230 120 2
0.15722656 -0.04199219 0.17871094 40 230 120 2
0.15722656 -0.04003906 0.17871094 40 230 120 2
0.15722656 -0.04003906 0.17675781 40 230 120 2
0.19433594 -0.02832031 0.16894531 40 230 120 2
0.19628906 -0.02832031 0.16894531 40 230 120 2
0.19628906 -0.03027344 0.16894531 40 230 120 2
0.19433594 -0.03027344 0.16894531 40 230 120 2
0.18261719 0.02050781 0.17089844 40 230 120 2
0.18261719 0.02050781 0.16894531 40 230 120 2
0.18261719 0.02246094 0.17089844 40 230 120 2
0.18261719 0.02246094 0.16894531 40 230 120 2
0.14746094 0.01660156 0.18066406 40 230 120 2
0.14746094 0.01464844 0.18066406 40 230 120 2
0.14746094 0.01464844 0.18261719 40 230 120 2
0.14746094 0.01660156 0.18261719 40 230 120 2
0.08300781 0.08691406 0.17285156 40 230 120 2
0.08300781 0.08886719 0.17089844 40 230 120 2
0.08300781 0.08886719 0.17285156 40 230 120 2
0.08300781 0.08691406 0.17089844 40 230 120 2
0.03808594 0.06933594 0.16113281 40 230 120 2
0.04003906 0.06933594 0.16113281 40 230 120 2
0.04003906 0.06738281 0.16113281 40 230 120 2
0.03808594 0.06738281 0.16113281 40 230 120 2
0.06933594 0.05957031 0.17285156 40 230 120 2
0.06933594 0.06152344 0.17285156 40 230 120 2
0.06738281 0.06152344 0.17285156 40 230 120 2
0.06738281 0.05957031 0.17285156 40 230 120 2
0.10449219 0.06542969 0.17285156 40 230 120 2
0.10644531 0.06542969 0.17089844 40 230 120 2
0.10644531 0.06542969 0.17285156 40 230 120 2
0.10644531 0.06347656 0.17285156 40 230 120 2
0.12988281 0.08691406 0.17089844 40 230 120 2
0.13183594 0.08691406 0.17089844 40 230 120 2
0.12988281 0.08886719 0.17089844 40 230 120 2
0.13183594 0.08886719 0.17089844 40 230 120 2
0.15332031 0.05761719 0.17285156 40 230 120 2
0.15527344 0.05566406 0.17285156 40 230 120 2
0.15332031 0.05566406 0.17285156 40 230 120 2
0.15332031 0.05371094 0.17285156 40 230 120 2
0.19238281 0.06347656 0.16503906 40 230 120 2
0.19042969 0.06347656 0.16503906 40 230 120 2
0.20214844 0.07519531 0.15917969 255 40 40 1
0.19042969 0.06347656 0.16308594 40 230 120 2
0.19238281 0.06347656 0.16308594 40 230 120 2
0.16699219 0.10449219 0.15917969 40 230 120 2
0.16699219 0.10449219 0.15722656 40 230 120 2
0.16699219 0.10253906 0.15722656 40 230 120 2
0.16699219 0.10253906 0.15917969 40 230 120 2
0.13769531 0.12402344 0.15917969 40 230 120 2
0.13574219 0.12597656 0.15917969 40 230 120 2
0.13574219 0.12402344 0.15917969 40 230 120 2
0.13574219 0.12402344 0.16113281 40 230 120 2
0.16894531 0.14160156 0.14355469 40 230 120 2
0.16894531 0.14355469 0.14355469 40 230 120 2
0.17089844 0.14355469 0.14355469 40 230 120 2
0.16699219 0.14355469 0.14355469 40 230 120 2
0.14746094 0.17285156 0.13183594 40 230 120 2
0.14746094 0.17285156 0.12988281 40 230 120 2
0.14746094 0.17480469 0.12988281 40 230 120 2
0.14550781 0.17285156 0.12988281 40 230 120 2
0.12011719 0.16894531 0.14550781 40 230 120 2
0.12207031 0.16894531 0.14550781 40 230 120 2
0.12011719 0.16699219 0.14746094 40 230 120 2
0.12011719 0.16894531 0.14746094 40 230 120 2
0.04980469 0.08886719 0.18066406 40 230 120 2
0.04785156 0.08886719 0.18261719 40 230 120 2
0.04980469 0.08886719 0.18261719 40 230 120 2
0.04980469 0.09082031 0.18261719 40 230 120 2
0.09277344 0.10839844 0.20019531 40 230 120 2
0.09277344 0.11035156 0.20019531 40 230 120 2
0.09472656 0.11035156 0.20019531 40 230 120 2
0.09277344 0.11035156 0.20214844 40 230 120 2
0.07128906 0.11425781 0.24121094 40 230 120 2
0.07324219 0.11425781 0.24121094 40 230 120 2
0.07128906 0.11425781 0.23925781 40 230 120 2
0.07324219 0.11425781 0.23925781 40 230 120 2
0.04003906 0.10644531 0.21777344 40 230 120 2
0.03808594 0.10644531 0.21777344 40 230 120 2
0.03808594 0.10644531 0.21582031 40 230 120 2
0.04003906 0.10644531 0.21582031 40 230 120 2
-0.08496094 -0.16308594 0.08691406 40 230 120 2
-0.08300781 -0.16113281 0.08886719 40 230 120 2
-0.08496094 -0.16113281 0.08691406 40 230 120 2
-0.08496094 -0.16113281 0.08886719 40 230 120 2
-0.09082031 -0.14941406 0.12011719 40 230 120 2
-0.09082031 -0.15136719 0.12011719 40 230 120 2
-0.11230469 -0.15136719 0.09863281 255 40 40 1
-0.11230469 -0.15332031 0.10058594 255 40 40 1
-0.09277344 -0.14941406 0.12011719 40 230 120 2
-0.10839844 -0.14160156 0.12207031 255 40 40 1
-0.09082031 -0.14941406 0.12207031 40 230 120 2
-0.13574219 -0.14160156 0.10644531 40 230 120 2
-0.13574219 -0.14160156 0.10839844 40 230 120 2
-0.13378906 -0.14160156 0.10644531 40 230 120 2
-0.13769531 -0.14160156 0.10644531 40 230 120 2
-0.13183594 -0.14941406 0.08300781 40 230 120 2
-0.13183594 -0.15136719 0.08300781 40 230 120 2
-0.13183594 -0.15136719 0.08105469 40 230 120 2
-0.12988281 -0.15136719 0.08300781 40 230 120 2
-0.12011719 -0.15917969 0.07128906 255 40 40 1
-0.10839844 -0.16113281 0.06152344 40 230 120 2
-0.10839844 -0.16308594 0.06152344 40 230 120 2
-0.11035156 -0.16308594 0.06152344 40 230 120 2
-0.10839844 -0.16308594 0.05957031 40 230 120 2
-0.15332031 -0.14746094 0.05761719 40 230 120 2
-0.15527344 -0.14550781 0.05761719 40 230 120 2
-0.15527344 -0.14746094 0.05761719 40 230 120 2
-0.15527344 -0.14746094 0.05566406 40 230 120 2
-0.13769531 -0.14550781 0.01464844 255 40 40 1
-0.14550781 -0.14355469 0.02636719 40 230 120 2
-0.14550781 -0.14160156 0.02636719 40 230 120 2
-0.14550781 -0.14355469 0.02832031 40 230 120 2
-0.14355469 -0.14355469 0.02636719 40 230 120 2
-0.10839844 -0.15722656 0.03417969 40 230 120 2
-0.10839844 -0.15722656 0.03222656 40 230 120 2
-0.10839844 -0.15722656 0.03027344 40 230 120 2
-0.11035156 -0.15722656 0.03222656 40 230 120 2
-0.10644531 -0.15136719 0.01660156 255 40 40 1
-0.25488281 0.01074219 0.18261719 40 230 120 2
-0.24316406 0.00488281 0.17675781 255 40 40 1
-0.25488281 0.01269531 0.18261719 40 230 120 2
-0.25683594 0.01074219 0.18261719 40 230 120 2
-0.25488281 0.01074219 0.18066406 40 230 120 2
-0.28808594 0.02441406 0.20410156 255 40 40 1
-0.27441406 0.02050781 0.20410156 40 230 120 2
-0.27636719 0.02050781 0.20410156 40 230 120 2
-0.27441406 0.02050781 0.20214844 40 230 120 2
-0.28808594 0.02246094 0.20410156 255 40 40 1
-0.27636719 0.02050781 0.20214844 40 230 120 2
-0.28417969 0.02441406 0.16308594 40 230 120 2
-0.28613281 0.02441406 0.16503906 40 230 120 2
-0.28613281 0.02441406 0.16308594 40 230 120 2
-0.28417969 0.02441406 0.16503906 40 230 120 2
-0.27050781 0.00878906 0.15136719 40 230 120 2
-0.27050781 0.00683594 0.15136719 40 230 120 2
-0.26855469 0.00683594 0.15136719 40 230 120 2
-0.27050781 0.00683594 0.15332031 40 230 120 2
-0.22363281 -0.09863281 0.07324219 40 230 120 2
-0.22167969 -0.09863281 0.07128906 40 230 120 2
-0.22167969 -0.09863281 0.07324219 40 230 120 2
-0.22363281 -0.09863281 0.07128906 40 230 120 2
-0.20996094 -0.09863281 0.04003906 40 230 120 2
-0.21191406 -0.10058594 0.04003906 40 230 120 2
-0.20996094 -0.10058594 0.04003906 40 230 120 2
-0.20996094 -0.10058594 0.04199219 40 230 120 2
-0.20214844 -0.11621094 0.05761719 255 40 40 1
-0.18066406 -0.12597656 0.04199219 40 230 120 2
-0.18066406 -0.12792969 0.04199219 40 230 120 2
-0.18261719 -0.12792969 0.04199219 40 230 120 2
-0.18066406 -0.12792969 0.04394531 40 230 120 2
-0.19042969 -0.12597656 0.07324219 40 230 120 2
-0.18652344 -0.12597656 0.07324219 40 230 120 2
-0.18847656 -0.12597656 0.07128906 40 230 120 2
-0.18847656 -0.12597656 0.07324219 40 230 120 2
-0.18652344 -0.12207031 0.11230469 255 40 40 1
-0.20605469 -0.11230469 0.09863281 40 230 120 2
-0.20605469 -0.11230469 0.09667969 40 230 120 2
-0.20605469 -0.11035156 0.09667969 40 230 120 2
-0.20605469 -0.11035156 0.09863281 40 230 120 2
-0.16503906 -0.13378906 0.09667969 40 230 120 2
-0.16699219 -0.13378906 0.09863281 40 230 120 2
-0.16699219 -0.13378906 0.09667969 40 230 120 2
-0.16894531 -0.13378906 0.09667969 40 230 120 2
-0.16308594 -0.12597656 0.12207031 40 230 120 2
-0.16308594 -0.12597656 0.12011719 40 230 120 2
-0.16503906 -0.12597656 0.12207031 40 230 120 2
-0.16113281 -0.12597656 0.12207031 40 230 120 2
-0.16113281 -0.12402344 0.13378906 255 40 40 1
-0.19628906 -0.11035156 0.13183594 40 230 120 2
-0.19628906 -0.10839844 0.13183594 40 230 120 2
-0.19433594 -0.11035156 0.13183594 40 230 120 2
-0.19433594 -0.10839844 0.13183594 40 230 120 2
-0.24511719 -0.06542969 0.08691406 40 230 120 2
-0.24707031 -0.05566406 0.09277344 255 40 40 1
-0.24316406 -0.06542969 0.08496094 40 230 120 2
-0.24316406 -0.06542969 0.08691406 40 230 120 2
-0.24316406 -0.06347656 0.08691406 40 230 120 2
-0.25097656 -0.03222656 0.08105469 40 230 120 2
-0.25097656 -0.03417969 0.08105469 40 230 120 2
-0.25097656 -0.03417969 0.07910156 40 230 120 2
-0.25097656 -0.03222656 0.07910156 40 230 120 2
-0.25292969 -0.00292969 0.07324219 255 40 40 1
-0.25097656 -0.01660156 0.06738281 40 230 120 2
-0.25097656 -0.01464844 0.06738281 40 230 120 2
-0.25292969 -0.01464844 0.06738281 40 230 120 2
-0.25292969 -0.01660156 0.06738281 40 230 120 2
-0.24902344 -0.02832031 0.05175781 40 230 120 2
-0.24902344 -0.03027344 0.04980469 40 230 120 2
-0.24902344 -0.02832031 0.04980469 40 230 120 2
-0.24902344 -0.02636719 0.04980469 40 230 120 2
-0.24707031 -0.04589844 0.06738281 255 40 40 1
-0.22753906 -0.07714844 0.03613281 255 40 40 1
-0.23535156 -0.06933594 0.05761719 40 230 120 2
-0.23339844 -0.06933594 0.05566406 40 230 120 2
-0.23535156 -0.06933594 0.05566406 40 230 120 2
-0.23535156 -0.06738281 0.05566406 40 230 120 2
-0.21582031 0.10253906 0.09863281 40 230 120 2
-0.21386719 0.10058594 0.09863281 40 230 120 2
-0.21582031 0.10058594 0.09863281 40 230 120 2
-0.21582031 0.10058594 0.10058594 40 230 120 2
-0.18066406 0.10058594 0.12011719 40 230 120 2
-0.18066406 0.10058594 0.11816406 40 230 120 2
-0.18261719 0.10058594 0.11816406 40 230 120 2
-0.18261719 0.10058594 0.12011719 40 230 120 2
-0.17285156 0.13574219 0.09277344 40 230 120 2
-0.17285156 0.13574219 0.09082031 40 230 120 2
-0.17285156 0.13378906 0.09082031 40 230 120 2
-0.17480469 0.13574219 0.09082031 40 230 120 2
-0.19433594 0.14550781 0.06542969 40 230 120 2
-0.19628906 0.14550781 0.06738281 40 230 120 2
-0.19433594 0.14550781 0.06738281 40 230 120 2
-0.19433594 0.14355469 0.06738281 40 230 120 2
-0.21191406 0.13769531 0.06152344 255 40 40 1
-0.22167969 0.12402344 0.05957031 40 230 120 2
-0.22167969 0.12597656 0.05957031 40 230 120 2
-0.22167969 0.12597656 0.06152344 40 230 120 2
-0.21972656 0.12597656 0.05957031 40 230 120 2
-0.21386719 0.14746094 0.03027344 255 40 40 1
-0.19433594 0.17089844 0.03222656 40 230 120 2
-0.19238281 0.17089844 0.03222656 40 230 120 2
-0.19433594 0.17089844 0.03027344 40 230 120 2
-0.19238281 0.17089844 0.03027344 40 230 120 2
-0.20214844 0.16308594 0.00878906 40 230 120 2
-0.20214844 0.16308594 0.00683594 40 230 120 2
-0.20214844 0.16113281 0.00878906 40 230 120 2
-0.20019531 0.16308594 0.00878906 40 230 120 2
-0.23144531 0.11230469 0.03417969 40 230 120 2
-0.23144531 0.11425781 0.03613281 40 230 120 2
-0.23144531 0.11230469 0.03613281 40 230 120 2
-0.23144531 0.11230469 0.03808594 40 230 120 2
-0.12597656 0.19628906 0.02050781 40 230 120 2
-0.12402344 0.19628906 0.01855469 40 230 120 2
-0.11621094 0.19238281 0.00683594 255 40 40 1
-0.12597656 0.19433594 0.01855469 40 230 120 2
-0.12597656 0.19628906 0.01855469 40 230 120 2
-0.12988281 0.20214844 -0.01074219 40 230 120 2
-0.12988281 0.20214844 -0.00878906 40 230 120 2
-0.12988281 0.20410156 -0.01074219 40 230 120 2
-0.12988281 0.20410156 -0.00878906 40 230 120 2
-0.16699219 0.19824219 0.00292969 40 230 120 2
-0.16894531 0.19824219 0.00292969 40 230 120 2
-0.16894531 0.19824219 0.00488281 40 230 120 2
-0.16894531 0.19628906 0.00292969 40 230 120 2
-0.15722656 0.19238281 0.03222656 40 230 120 2
-0.15722656 0.19042969 0.03222656 40 230 120 2
-0.15917969 0.19042969 0.03222656 40 230 120 2
-0.15917969 0.19238281 0.03222656 40 230 120 2
-0.13964844 0.17871094 0.05175781 40 230 120 2
-0.13769531 0.18066406 0.05175781 40 230 120 2
-0.13769531 0.17871094 0.05175781 40 230 120 2
-0.13769531 0.17871094 0.05371094 40 230 120 2
-0.16503906 0.16503906 0.06542969 40 230 120 2
-0.16699219 0.16503906 0.06542969 40 230 120 2
-0.16699219 0.16308594 0.06542969 40 230 120 2
-0.16503906 0.16308594 0.06542969 40 230 120 2
-0.14746094 0.14550781 0.09277344 40 230 120 2
-0.14941406 0.14550781 0.09277344 40 230 120 2
-0.14746094 0.14355469 0.09277344 40 230 120 2
-0.14746094 0.14550781 0.09472656 40 230 120 2
-0.12597656 0.15722656 0.08496094 40 230 120 2
-0.12792969 0.15722656 0.08496094 40 230 120 2
-0.12792969 0.15527344 0.08496094 40 230 120 2
-0.12792969 0.15527344 0.08691406 40 230 120 2
-0.22167969 0.07324219 0.17871094 255 40 40 1
-0.20996094 0.06152344 0.17285156 40 230 120 2
-0.20996094 0.06347656 0.17285156 40 230 120 2
-0.21191406 0.06152344 0.17285156 40 230 120 2
-0.21191406 0.06347656 0.17285156 40 230 120 2
-0.23535156 0.06347656 0.21582031 40 230 120 2
-0.23535156 0.06152344 0.21582031 40 230 120 2
-0.23535156 0.06152344 0.21777344 40 230 120 2
-0.23535156 0.06347656 0.21777344 40 230 120 2
-0.24902344 0.01660156 0.19824219 255 40 40 1
-0.24707031 0.02832031 0.20800781 40 230 120 2
-0.24511719 0.02832031 0.20800781 40 230 120 2
-0.24707031 0.02832031 0.20605469 40 230 120 2
-0.24707031 0.02636719 0.20800781 40 230 120 2
-0.22753906 0.02050781 0.17871094 40 230 120 2
-0.22753906 0.02050781 0.18066406 40 230 120 2
-0.24316406 0.00683594 0.17480469 255 40 40 1
-0.22949219 0.02050781 0.17871094 40 230 120 2
-0.22949219 0.02050781 0.18066406 40 230 120 2
-0.20605469 0.03417969 0.17480469 40 230 120 2
-0.20605469 0.03417969 0.17285156 40 230 120 2
-0.20410156 0.03417969 0.17480469 40 230 120 2
-0.20410156 0.03417969 0.17285156 40 230 120 2
-0.01660156 -0.16503906 0.17871094 40 230 120 2
-0.01464844 -0.16503906 0.18066406 40 230 120 2
-0.01660156 -0.16503906 0.18066406 40 230 120 2
-0.01660156 -0.16308594 0.18066406 40 230 120 2
0.03417969 -0.19628906 0.24316406 40 230 120 2
0.03417969 -0.19628906 0.24121094 40 230 120 2
0.03222656 -0.19628906 0.24121094 40 230 120 2
0.03222656 -0.19628906 0.24316406 40 230 120 2
0.02832031 -0.16308594 0.24902344 40 230 120 2
0.02832031 -0.16113281 0.25097656 40 230 120 2
0.02832031 -0.16308594 0.25097656 40 230 120 2
0.02832031 -0.16113281 0.24902344 40 230 120 2
-0.00878906 -0.13378906 0.21191406 40 230 120 2
-0.00878906 -0.13183594 0.20996094 40 230 120 2
-0.01074219 -0.13183594 0.21191406 40 230 120 2
-0.00878906 -0.13183594 0.21191406 40 230 120 2
-0.03808594 -0.14355469 0.17871094 40 230 120 2
-0.02636719 -0.14746094 0.18847656 40 230 120 2
-0.02636719 -0.14746094 0.18652344 40 230 120 2
-0.03808594 -0.14160156 0.17675781 40 230 120 2
-0.02832031 -0.14746094 0.18652344 40 230 120 2
-0.03808594 -0.14160156 0.17871094 40 230 120 2
-0.03808594 -0.14355469 0.17675781 40 230 120 2
-0.11816406 0.09472656 0.13964844 40 230 120 2
-0.11621094 0.09472656 0.13964844 40 230 120 2
-0.11621094 0.09472656 0.13769531 40 230 120 2
-0.11816406 0.09472656 0.13769531 40 230 120 2
-0.12988281 0.12792969 0.11425781 40 230 120 2
-0.11816406 0.13964844 0.10839844 255 40 40 1
-0.13183594 0.12792969 0.11425781 40 230 120 2
-0.13183594 0.12597656 0.11425781 40 230 120 2
-0.13378906 0.12792969 0.11425781 40 230 120 2
-0.15527344 0.11621094 0.11621094 40 230 120 2
-0.15527344 0.11425781 0.11621094 40 230 120 2
-0.15527344 0.11621094 0.11816406 40 230 120 2
-0.15527344 0.11425781 0.11816406 40 230 120 2
-0.15722656 0.08300781 0.14160156 40 230 120 2
-0.15527344 0.08105469 0.14160156 40 230 120 2
-0.15722656 0.08105469 0.14160156 40 230 120 2
-0.15722656 0.08105469 0.14355469 40 230 120 2
-0.08691406 -0.12207031 0.15527344 40 230 120 2
-0.08496094 -0.12207031 0.15722656 40 230 120 2
-0.08496094 -0.12207031 0.15527344 40 230 120 2
-0.08691406 -0.12207031 0.15722656 40 230 120 2
-0.11230469 -0.09667969 0.16308594 255 40 40 1
-0.12402344 -0.10839844 0.15527344 40 230 120 2
-0.12207031 -0.10839844 0.15527344 40 230 120 2
-0.12207031 -0.10644531 0.15527344 40 230 120 2
-0.12402344 -0.10644531 0.15527344 40 230 120 2
-0.15527344 -0.11621094 0.14355469 40 230 120 2
-0.15332031 -0.11621094 0.14355469 40 230 120 2
-0.15527344 -0.11621094 0.14550781 40 230 120 2
-0.15332031 -0.11621094 0.14550781 40 230 120 2
-0.12402344 -0.13378906 0.12988281 40 230 120 2
-0.12207031 -0.13574219 0.12988281 40 230 120 2
-0.12207031 -0.13378906 0.12988281 40 230 120 2
-0.12207031 -0.13378906 0.12792969 40 230 120 2
-0.07324219 -0.14160156 0.14550781 40 230 120 2
-0.07324219 -0.14160156 0.14746094 40 230 120 2
-0.07324219 -0.13964844 0.14746094 40 230 120 2
-0.07519531 -0.14160156 0.14746094 40 230 120 2
-0.21386719 0.07519531 0.23730469 255 40 40 1
-0.20800781 0.07714844 0.25097656 40 230 120 2
-0.20996094 0.07714844 0.25097656 40 230 120 2
-0.21386719 0.07519531 0.23925781 255 40 40 1
-0.20996094 0.07910156 0.25097656 40 230 120 2
-0.20996094 0.07714844 0.25292969 40 230 120 2
-0.25292969 0.09277344 0.20410156 40 230 120 2
-0.25292969 0.09472656 0.20605469 40 230 120 2
-0.25292969 0.09277344 0.20605469 40 230 120 2
-0.25292969 0.09472656 0.20410156 40 230 120 2
-0.21777344 -0.09863281 0.16308594 40 230 120 2
-0.21972656 -0.09863281 0.16308594 40 230 120 2
-0.21972656 -0.09863281 0.16503906 40 230 120 2
-0.21777344 -0.09863281 0.16503906 40 230 120 2
-0.25683594 -0.10449219 0.18847656 40 230 120 2
-0.25488281 -0.10449219 0.18847656 40 230 120 2
-0.25488281 -0.10644531 0.18847656 40 230 120 2
-0.25683594 -0.10644531 0.18847656 40 230 120 2
-0.26464844 -0.09472656 0.14746094 40 230 120 2
-0.26464844 -0.09472656 0.14941406 40 230 120 2
-0.26464844 -0.09667969 0.14941406 40 230 120 2
-0.26660156 -0.09472656 0.14941406 40 230 120 2
-0.22949219 -0.10058594 0.12597656 40 230 120 2
-0.22949219 -0.10253906 0.12792969 40 230 120 2
-0.22949219 -0.10058594 0.12792969 40 230 120 2
-0.23144531 -0.10058594 0.12792969 40 230 120 2
0.13769531 -0.04003906 0.31738281 40 230 120 2
0.13769531 -0.03808594 0.31542969 40 230 120 2
0.13769531 -0.03808594 0.31738281 40 230 120 2
0.13574219 -0.03808594 0.31738281 40 230 120 2
-0.22949219 0.09082031 0.22949219 40 230 120 2
-0.22753906 0.09082031 0.22949219 40 230 120 2
-0.22753906 0.09277344 0.22949219 40 230 120 2
-0.22753906 0.09082031 0.23144531 40 230 120 2
-0.26464844 0.03613281 0.10449219 40 230 120 2
-0.26660156 0.03417969 0.10449219 40 230 120 2
-0.26464844 0.03417969 0.10253906 40 230 120 2
-0.26464844 0.02246094 0.10449219 255 40 40 1
-0.26464844 0.03417969 0.10449219 40 230 120 2
-0.27832031 0.02832031 0.12988281 40 230 120 2
-0.27636719 0.02832031 0.12792969 40 230 120 2
-0.27636719 0.02636719 0.12988281 40 230 120 2
-0.27636719 0.02832031 0.12988281 40 230 120 2
-0.30175781 0.03808594 0.17285156 255 40 40 1
-0.29199219 0.05371094 0.14941406 40 230 120 2
-0.29199219 0.05371094 0.14746094 40 230 120 2
-0.29394531 0.05371094 0.14746094 40 230 120 2
-0.29394531 0.05371094 0.14941406 40 230 120 2
-0.27832031 0.08300781 0.13378906 40 230 120 2
-0.27636719 0.08300781 0.13574219 40 230 120 2
-0.27636719 0.08300781 0.13378906 40 230 120 2
-0.26464844 0.08886719 0.12402344 255 40 40 1
-0.27636719 0.08105469 0.13378906 40 230 120 2
-0.25683594 0.06738281 0.09863281 40 230 120 2
-0.25488281 0.05566406 0.08886719 255 40 40 1
-0.25488281 0.06738281 0.09863281 40 230 120 2
-0.25683594 0.06542969 0.09863281 40 230 120 2
-0.25488281 0.06542969 0.09863281 40 230 120 2
-0.25292969 0.04589844 0.06347656 255 40 40 1
-0.24511719 0.07714844 0.06738281 40 230 120 2
-0.24511719 0.07714844 0.06542969 40 230 120 2
-0.24511719 0.07910156 0.06542969 40 230 120 2
-0.24511719 0.07910156 0.06738281 40 230 120 2
-0.24902344 0.05957031 0.04199219 40 230 120 2
-0.24902344 0.06152344 0.04003906 40 230 120 2
-0.24902344 0.06347656 0.04199219 40 230 120 2
-0.24902344 0.06152344 0.04199219 40 230 120 2
-0.25292969 0.01269531 0.05566406 40 230 120 2
-0.25292969 0.01464844 0.05566406 40 230 120 2
-0.25292969 0.01660156 0.05566406 40 230 120 2
-0.25292969 0.01464844 0.05761719 40 230 120 2
-0.25488281 0.01855469 0.07324219 40 230 120 2
-0.25488281 0.02050781 0.07128906 40 230 120 2
-0.25488281 0.02050781 0.07324219 40 230 120 2
-0.25488281 0.01855469 0.07128906 40 230 120 2
-0.25488281 0.04394531 0.08105469 40 230 120 2
-0.25488281 0.04199219 0.07910156 40 230 120 2
-0.25488281 0.04394531 0.07910156 40 230 120 2
-0.25488281 0.04199219 0.08105469 40 230 120 2
-0.14160156 -0.08496094 0.45996094 40 230 120 2
-0.14355469 -0.08496094 0.45996094 40 230 120 2
-0.14160156 -0.08691406 0.45996094 40 230 120 2
-0.14355469 -0.08691406 0.45996094 40 230 120 2
0.12988281 -0.07128906 0.31347656 255 40 40 1
0.12988281 -0.07324219 0.31347656 255 40 40 1
0.13769531 -0.06542969 0.30957031 40 230 120 2
0.13769531 -0.06542969 0.30761719 40 230 120 2
0.13964844 -0.06542969 0.30761719 40 230 120 2
0.13769531 -0.06347656 0.30761719 40 230 120 2
-0.13183594 0.05566406 0.15527344 40 230 120 2
-0.13378906 0.05566406 0.15527344 40 230 120 2
-0.13378906 0.05371094 0.15527344 40 230 120 2
-0.13183594 0.05371094 0.15527344 40 230 120 2
-0.17675781 0.04589844 0.15722656 40 230 120 2
-0.17675781 0.04785156 0.15722656 40 230 120 2
-0.17675781 0.04589844 0.15917969 40 230 120 2
-0.17480469 0.04589844 0.15722656 40 230 120 2
-0.17871094 0.01855469 0.16503906 40 230 120 2
-0.17871094 0.01855469 0.16308594 40 230 120 2
-0.17675781 0.01855469 0.16308594 40 230 120 2
-0.17675781 0.01855469 0.16503906 40 230 120 2
-0.15332031 0.00097656 0.16699219 40 230 120 2
-0.15527344 0.00097656 0.16699219 40 230 120 2
-0.15527344 -0.00097656 0.16699219 40 230 120 2
-0.15332031 -0.00097656 0.16699219 40 230 120 2
-0.11425781 0.01660156 0.17089844 40 230 120 2
-0.11230469 0.01660156 0.17089844 40 230 120 2
-0.11425781 0.01464844 0.17089844 40 230 120 2
-0.11230469 0.01464844 0.17089844 40 230 120 2
-0.27832031 -0.01660156 0.14355469 40 230 120 2
-0.27832031 -0.01855469 0.14550781 40 230 120 2
-0.27636719 -0.01660156 0.14550781 40 230 120 2
-0.27832031 -0.01660156 0.14550781 40 230 120 2
-0.29003906 -0.01660156 0.17871094 40 230 120 2
-0.29003906 -0.01464844 0.17871094 40 230 120 2
-0.29003906 -0.01660156 0.17675781 40 230 120 2
-0.29199219 -0.01660156 0.17871094 40 230 120 2
-0.30566406 -0.02636719 0.16894531 255 40 40 1
-0.26464844 -0.01855469 0.19628906 40 230 120 2
-0.26269531 -0.01855469 0.19824219 40 230 120 2
-0.26269531 -0.01855469 0.19628906 40 230 120 2
-0.26464844 -0.01855469 0.19824219 40 230 120 2
-0.25878906 -0.01464844 0.16503906 40 230 120 2
-0.26269531 -0.01464844 0.15332031 255 40 40 1
-0.26074219 -0.01464844 0.16503906 40 230 120 2
-0.25878906 -0.01464844 0.16308594 40 230 120 2
-0.26074219 -0.01464844 0.16308594 40 230 120 2
-0.21582031 -0.04199219 0.17675781 40 230 120 2
-0.21582031 -0.04394531 0.17480469 40 230 120 2
-0.21582031 -0.04394531 0.17675781 40 230 120 2
-0.21777344 -0.04394531 0.17675781 40 230 120 2
-0.24511719 -0.02050781 0.17285156 255 40 40 1
-0.24121094 -0.03417969 0.18457031 40 230 120 2
-0.24121094 -0.03222656 0.18457031 40 230 120 2
-0.24121094 -0.03222656 0.18652344 40 230 120 2
-0.24316406 -0.03222656 0.18457031 40 230 120 2
-0.24902344 -0.04394531 0.21972656 40 230 120 2
-0.24707031 -0.04589844 0.21972656 40 230 120 2
-0.24902344 -0.04589844 0.21972656 40 230 120 2
-0.24902344 -0.04589844 0.21777344 40 230 120 2
-0.22558594 -0.09277344 0.18457031 255 40 40 1
-0.23730469 -0.08300781 0.19824219 40 230 120 2
-0.23730469 -0.08496094 0.19824219 40 230 120 2
-0.23535156 -0.08496094 0.19824219 40 230 120 2
-0.23535156 -0.08300781 0.19824219 40 230 120 2
-0.20410156 -0.07324219 0.17089844 40 230 120 2
-0.20410156 -0.07324219 0.17285156 40 230 120 2
-0.20410156 -0.07128906 0.17089844 40 230 120 2
-0.20214844 -0.07324219 0.17089844 40 230 120 2
-0.24511719 0.09082031 0.12011719 40 230 120 2
-0.24707031 0.09082031 0.12011719 40 230 120 2
-0.24707031 0.09082031 0.12207031 40 230 120 2
-0.24902344 0.09082031 0.12011719 40 230 120 2
-0.26660156 0.10253906 0.16503906 40 230 120 2
-0.26464844 0.10058594 0.16503906 40 230 120 2
-0.26464844 0.10253906 0.16503906 40 230 120 2
-0.26464844 0.10253906 0.16699219 40 230 120 2
-0.23339844 0.08496094 0.18457031 40 230 120 2
-0.23339844 0.08496094 0.18261719 40 230 120 2
-0.23339844 0.08691406 0.18457031 40 230 120 2
-0.23339844 0.08691406 0.18261719 40 230 120 2
-0.21386719 0.08496094 0.13964844 40 230 120 2
-0.21386719 0.08496094 0.13769531 40 230 120 2
-0.21386719 0.08300781 0.13964844 40 230 120 2
-0.21386719 0.08300781 0.13769531 40 230 120 2
-0.26855469 -0.00878906 0.11230469 40 230 120 2
-0.27050781 -0.00878906 0.11230469 40 230 120 2
-0.27050781 -0.00878906 0.11425781 40 230 120 2
-0.26855469 -0.00878906 0.11425781 40 230 120 2
-0.26855469 0.00878906 0.10839844 40 230 120 2
-0.26660156 0.00878906 0.10839844 40 230 120 2
-0.26660156 0.00878906 0.10644531 40 230 120 2
-0.26660156 0.00683594 0.10839844 40 230 120 2
-0.25683594 0.01464844 0.08886719 40 230 120 2
-0.25683594 0.01269531 0.08691406 40 230 120 2
-0.25683594 0.01269531 0.08886719 40 230 120 2
-0.25683594 0.01464844 0.08691406 40 230 120 2
-0.25683594 -0.01074219 0.08300781 40 230 120 2
-0.25488281 -0.01074219 0.08300781 40 230 120 2
-0.25683594 -0.00878906 0.08300781 40 230 120 2
-0.25488281 -0.00878906 0.08300781 40 230 120 2
-0.25878906 -0.02246094 0.09667969 40 230 120 2
-0.25878906 -0.02246094 0.09863281 40 230 120 2
-0.26074219 -0.02246094 0.09667969 40 230 120 2
-0.25878906 -0.02441406 0.09667969 40 230 120 2
-0.23144531 -0.00292969 0.17089844 40 230 120 2
-0.23144531 -0.00488281 0.17089844 40 230 120 2
-0.23339844 -0.00488281 0.17089844 40 230 120 2
-0.23144531 -0.00488281 0.16894531 40 230 120 2
-0.22558594 -0.01855469 0.17089844 40 230 120 2
-0.22753906 -0.02050781 0.17089844 40 230 120 2
-0.22363281 -0.02050781 0.17089844 40 230 120 2
-0.22558594 -0.02050781 0.17089844 40 230 120 2
-0.19824219 -0.02636719 0.16503906 40 230 120 2
-0.20019531 -0.02832031 0.16503906 40 230 120 2
-0.20019531 -0.02636719 0.16503906 40 230 120 2
-0.19824219 -0.02832031 0.16503906 40 230 120 2
-0.18847656 -0.00488281 0.16503906 40 230 120 2
-0.18847656 -0.00488281 0.16699219 40 230 120 2
-0.18652344 -0.00488281 0.16699219 40 230 120 2
-0.18847656 -0.00683594 0.16699219 40 230 120 2
-0.20996094 0.00683594 0.16699219 40 230 120 2
-0.20996094 0.00878906 0.16894531 40 230 120 2
-0.20996094 0.00878906 0.16699219 40 230 120 2
-0.20800781 0.00878906 0.16699219 40 230 120 2
-0.26660156 -0.01074219 0.13964844 40 230 120 2
-0.26660156 -0.01074219 0.14160156 40 230 120 2
-0.26660156 -0.01269531 0.13964844 40 230 120 2
-0.26660156 -0.01269531 0.14160156 40 230 120 2
-0.24902344 -0.01074219 0.16308594 40 230 120 2
-0.24707031 -0.01074219 0.16308594 40 230 120 2
-0.24902344 -0.01074219 0.16113281 40 230 120 2
-0.24707031 -0.01074219 0.16113281 40 230 120 2
-0.26269531 0.00292969 0.15332031 255 40 40 1
-0.25488281 0.00097656 0.15722656 40 230 120 2
-0.25488281 -0.00097656 0.15722656 40 230 120 2
-0.25488281 0.00097656 0.15917969 40 230 120 2
-0.25488281 -0.00097656 0.15917969 40 230 120 2
-0.26855469 -0.00097656 0.13183594 40 230 120 2
-0.26855469 -0.00292969 0.12988281 40 230 120 2
-0.26855469 -0.00097656 0.12792969 40 230 120 2
-0.26855469 -0.00097656 0.12988281 40 230 120 2
-0.26074219 -0.08886719 0.12792969 255 40 40 1
-0.25488281 -0.07714844 0.11621094 40 230 120 2
-0.25488281 -0.07714844 0.11425781 40 230 120 2
-0.25488281 -0.07910156 0.11621094 40 230 120 2
-0.25488281 -0.07910156 0.11425781 40 230 120 2
-0.29003906 -0.06738281 0.14550781 40 230 120 2
-0.28808594 -0.06738281 0.14550781 40 230 120 2
-0.29003906 -0.06933594 0.14550781 40 230 120 2
-0.29003906 -0.06738281 0.14355469 40 230 120 2
-0.28808594 -0.03417969 0.14160156 40 230 120 2
-0.28808594 -0.03222656 0.14160156 40 230 120 2
-0.28808594 -0.03417969 0.14355469 40 230 120 2
-0.28808594 -0.03222656 0.14355469 40 230 120 2
-0.27050781 -0.03222656 0.11621094 40 230 120 2
-0.27050781 -0.03222656 0.11816406 40 230 120 2
-0.27050781 -0.03417969 0.11621094 40 230 120 2
-0.27050781 -0.03027344 0.11621094 40 230 120 2
-0.25878906 -0.04785156 0.10253906 40 230 120 2
-0.25683594 -0.04785156 0.10253906 40 230 120 2
-0.25683594 -0.04980469 0.10253906 40 230 120 2
-0.25683594 -0.04785156 0.10058594 40 230 120 2
0.07910156 -0.06542969 0.25488281 40 230 120 2
0.07910156 -0.06542969 0.25683594 40 230 120 2
0.07910156 -0.06542969 0.25878906 40 230 120 2
0.08105469 -0.06542969 0.25683594 40 230 120 2
0.10839844 -0.08691406 0.29394531 40 230 120 2
0.11621094 -0.10058594 0.30957031 255 40 40 1
0.11035156 -0.08691406 0.29394531 40 230 120 2
0.11035156 -0.08691406 0.29589844 40 230 120 2
0.10839844 -0.08691406 0.29589844 40 230 120 2
0.06738281 -0.08886719 0.29785156 40 230 120 2
0.06738281 -0.08691406 0.29785156 40 230 120 2
0.06738281 -0.08886719 0.29589844 40 230 120 2
0.06738281 -0.08691406 0.29589844 40 230 120 2
0.03417969 -0.07714844 0.25097656 40 230 120 2
0.03417969 -0.07519531 0.25292969 40 230 120 2
0.03417969 -0.07714844 0.25292969 40 230 120 2
0.03417969 -0.07519531 0.25097656 40 230 120 2
0.05761719 -0.10839844 0.19042969 40 230 120 2
0.05761719 -0.10644531 0.19238281 40 230 120 2
0.05761719 -0.10839844 0.19238281 40 230 120 2
0.05761719 -0.10644531 0.19042969 40 230 120 2
0.06933594 -0.11230469 0.21777344 40 230 120 2
0.06933594 -0.11230469 0.21972656 40 230 120 2
0.06933594 -0.11425781 0.21972656 40 230 120 2
0.06933594 -0.11425781 0.21777344 40 230 120 2
0.09472656 -0.15332031 0.23144531 40 230 120 2
0.09277344 -0.15332031 0.23144531 40 230 120 2
0.09472656 -0.15332031 0.23339844 40 230 120 2
0.09277344 -0.15332031 0.23339844 40 230 120 2
0.06933594 -0.16308594 0.20214844 40 230 120 2
0.07128906 -0.16308594 0.20214844 40 230 120 2
0.07128906 -0.16503906 0.20214844 40 230 120 2
0.07128906 -0.16308594 0.20410156 40 230 120 2
0.04003906 -0.11816406 0.16699219 255 40 40 1
0.04199219 -0.13183594 0.16894531 40 230 120 2
0.04003906 -0.11621094 0.16699219 255 40 40 1
0.04199219 -0.12988281 0.16894531 40 230 120 2
0.04394531 -0.13183594 0.16894531 40 230 120 2
0.04394531 -0.12988281 0.16894531 40 230 120 2
-0.01855469 0.08300781 0.49511719 40 230 120 2
-0.01855469 0.08300781 0.49707031 40 230 120 2
-0.02050781 0.08300781 0.49511719 40 230 120 2
-0.01855469 0.08105469 0.49511719 40 230 120 2
-0.15136719 -0.10253906 0.44824219 40 230 120 2
-0.15917969 -0.09863281 0.44628906 255 40 40 1
-0.15136719 -0.10058594 0.44824219 40 230 120 2
-0.15917969 -0.10058594 0.44628906 255 40 40 1
-0.14941406 -0.10058594 0.44824219 40 230 120 2
-0.14941406 -0.10058594 0.45019531 40 230 120 2
0.02636719 -0.17871094 0.18261719 255 40 40 1
0.03417969 -0.16308594 0.16894531 40 230 120 2
0.03222656 -0.16308594 0.16699219 40 230 120 2
0.03222656 -0.16113281 0.16894531 40 230 120 2
0.03222656 -0.16308594 0.16894531 40 230 120 2
0.06542969 -0.20019531 0.20996094 40 230 120 2
0.06542969 -0.19824219 0.20800781 40 230 120 2
0.06347656 -0.19824219 0.20996094 40 230 120 2
0.06542969 -0.19824219 0.20996094 40 230 120 2
0.07324219 -0.21582031 0.22363281 255 40 40 1
0.02832031 -0.19628906 0.20605469 40 230 120 2
0.02636719 -0.19628906 0.20605469 40 230 120 2
0.02636719 -0.19433594 0.20605469 40 230 120 2
0.02832031 -0.19433594 0.20605469 40 230 120 2
-0.01074219 -0.16503906 0.15332031 40 230 120 2
-0.01074219 -0.16308594 0.15136719 40 230 120 2
-0.01074219 -0.16308594 0.15332031 40 230 120 2
-0.01269531 -0.16308594 0.15332031 40 230 120 2
0.17285156 0.12402344 0.43652344 40 230 120 2
0.17089844 0.12402344 0.43847656 40 230 120 2
0.17089844 0.12597656 0.43652344 40 230 120 2
0.17089844 0.12402344 0.43652344 40 230 120 2
-0.00292969 0.10449219 0.49511719 40 230 120 2
-0.00292969 0.10644531 0.49511719 40 230 120 2
-0.00292969 0.10449219 0.49316406 40 230 120 2
-0.00488281 0.10449219 0.49511719 40 230 120 2
0.04199219 -0.08105469 0.16308594 40 230 120 2
0.04199219 -0.08105469 0.16503906 40 230 120 2
0.04199219 -0.08300781 0.16503906 40 230 120 2
0.04003906 -0.08105469 0.16503906 40 230 120 2
0.04199219 -0.10449219 0.16503906 40 230 120 2
0.04003906 -0.10449219 0.16308594 40 230 120 2
0.04199219 -0.10449219 0.16308594 40 230 120 2
0.04199219 -0.10253906 0.16308594 40 230 120 2
0.02832031 -0.12207031 0.13378906 40 230 120 2
0.02832031 -0.12207031 0.13183594 40 230 120 2
0.02832031 -0.12011719 0.13378906 40 230 120 2
0.02832031 -0.12207031 0.13574219 40 230 120 2
0.03417969 -0.11621094 0.12207031 40 230 120 2
0.03222656 -0.11621094 0.12207031 40 230 120 2
0.03417969 -0.11621094 0.12402344 40 230 120 2
0.04589844 -0.11035156 0.15332031 40 230 120 2
0.04589844 -0.11035156 0.15136719 40 230 120 2
0.04589844 -0.11230469 0.15332031 40 230 120 2
0.04589844 -0.11230469 0.15136719 40 230 120 2
0.03027344 -0.01855469 0.29199219 40 230 120 2
0.03222656 -0.01855469 0.29003906 40 230 120 2
0.03222656 -0.01855469 0.29199219 40 230 120 2
0.03027344 -0.01855469 0.29003906 40 230 120 2
0.10253906 -0.01855469 0.34667969 255 40 40 1
0.10449219 -0.01855469 0.34667969 255 40 40 1
0.08300781 -0.02246094 0.33496094 40 230 120 2
0.08496094 -0.02441406 0.33496094 40 230 120 2
0.08496094 -0.02246094 0.33496094 40 230 120 2
0.08300781 -0.02441406 0.33496094 40 230 120 2
0.09863281 -0.01269531 0.30371094 40 230 120 2
0.09667969 -0.01269531 0.30371094 40 230 120 2
0.09863281 -0.01269531 0.30175781 40 230 120 2
0.09863281 -0.01269531 0.30566406 40 230 120 2
0.05957031 0.00488281 0.24316406 255 40 40 1
0.04980469 -0.00097656 0.26660156 40 230 120 2
0.04785156 -0.00097656 0.26660156 40 230 120 2
0.04785156 -0.00097656 0.26464844 40 230 120 2
0.04980469 -0.00097656 0.26464844 40 230 120 2
-0.12011719 -0.07910156 0.16894531 40 230 120 2
-0.12207031 -0.07714844 0.16894531 40 230 120 2
-0.12011719 -0.07714844 0.16894531 40 230 120 2
-0.12011719 -0.07714844 0.17089844 40 230 120 2
-0.11035156 -0.05371094 0.18066406 40 230 120 2
-0.11035156 -0.05371094 0.18261719 40 230 120 2
-0.10839844 -0.05371094 0.18066406 40 230 120 2
-0.11035156 -0.05566406 0.18066406 40 230 120 2
-0.12597656 -0.02832031 0.17480469 40 230 120 2
-0.12597656 -0.02636719 0.17480469 40 230 120 2
-0.12597656 -0.02441406 0.17480469 40 230 120 2
-0.12402344 -0.02636719 0.17480469 40 230 120 2
-0.16894531 -0.03222656 0.16699219 40 230 120 2
-0.16699219 -0.03417969 0.16699219 40 230 120 2
-0.16699219 -0.03222656 0.16699219 40 230 120 2
-0.16503906 -0.03222656 0.16699219 40 230 120 2
-0.18066406 -0.05371094 0.16699219 40 230 120 2
-0.17871094 -0.05371094 0.16699219 40 230 120 2
-0.18066406 -0.05566406 0.16699219 40 230 120 2
-0.17871094 -0.05566406 0.16699219 40 230 120 2
-0.15722656 -0.08300781 0.16113281 40 230 120 2
-0.15917969 -0.08300781 0.16113281 40 230 120 2
-0.15917969 -0.08496094 0.16113281 40 230 120 2
-0.15917969 -0.08496094 0.15917969 40 230 120 2
-0.06738281 -0.05761719 0.20410156 40 230 120 2
-0.06738281 -0.05957031 0.20410156 40 230 120 2
-0.06738281 -0.05761719 0.20214844 40 230 120 2
-0.06542969 -0.05761719 0.20410156 40 230 120 2
-0.02832031 -0.05761719 0.23925781 40 230 120 2
-0.03027344 -0.05566406 0.23925781 40 230 120 2
-0.02832031 -0.05566406 0.23730469 40 230 120 2
-0.02832031 -0.05566406 0.23925781 40 230 120 2
-0.04003906 -0.02441406 0.23339844 40 230 120 2
-0.03808594 -0.02441406 0.23339844 40 230 120 2
-0.04003906 -0.02636719 0.23339844 40 230 120 2
-0.04003906 -0.02441406 0.23144531 40 230 120 2
-0.08300781 -0.03222656 0.19628906 40 230 120 2
-0.08105469 -0.03222656 0.19628906 40 230 120 2
-0.08105469 -0.03222656 0.19824219 40 230 120 2
-0.08105469 -0.03027344 0.19628906 40 230 120 2
0.05761719 -0.06542969 0.21386719 40 230 120 2
0.05761719 -0.06347656 0.21386719 40 230 120 2
0.05566406 -0.06347656 0.21386719 40 230 120 2
0.05761719 -0.06347656 0.21191406 40 230 120 2
0.06152344 -0.08886719 0.21972656 255 40 40 1
0.05761719 -0.08300781 0.20410156 40 230 120 2
0.05761719 -0.08105469 0.20410156 40 230 120 2
0.05761719 -0.08300781 0.20605469 40 230 120 2
0.05761719 -0.08105469 0.20605469 40 230 120 2
0.04785156 -0.08105469 0.18261719 40 230 120 2
0.04785156 -0.08300781 0.18066406 40 230 120 2
0.04785156 -0.08300781 0.18261719 40 230 120 2
0.04785156 -0.08105469 0.18066406 40 230 120 2
0.04785156 -0.06152344 0.18457031 40 230 120 2
0.04785156 -0.05957031 0.18457031 40 230 120 2
0.04589844 -0.06152344 0.18457031 40 230 120 2
0.04589844 -0.05957031 0.18457031 40 230 120 2
0.05175781 -0.04589844 0.19628906 40 230 120 2
0.05175781 -0.04785156 0.19824219 40 230 120 2
0.05175781 -0.04785156 0.19628906 40 230 120 2
0.04980469 -0.04785156 0.19628906 40 230 120 2
-0.02246094 -0.10058594 0.21386719 40 230 120 2
-0.02246094 -0.10058594 0.21582031 40 230 120 2
-0.02246094 -0.09863281 0.21386719 40 230 120 2
-0.02246094 -0.09863281 0.21582031 40 230 120 2
-0.04003906 -0.07910156 0.21191406 40 230 120 2
-0.05761719 -0.09667969 0.19238281 255 40 40 1
-0.04003906 -0.07910156 0.21386719 40 230 120 2
-0.04003906 -0.08105469 0.21386719 40 230 120 2
-0.04003906 -0.08105469 0.21191406 40 230 120 2
-0.08105469 -0.07910156 0.18457031 40 230 120 2
-0.08105469 -0.08105469 0.18457031 40 230 120 2
-0.08300781 -0.07910156 0.18457031 40 230 120 2
-0.08300781 -0.08105469 0.18457031 40 230 120 2
-0.08496094 -0.10253906 0.17089844 40 230 120 2
-0.08691406 -0.10253906 0.17089844 40 230 120 2
-0.08691406 -0.10253906 0.17285156 40 230 120 2
-0.11230469 -0.09863281 0.16503906 255 40 40 1
-0.08691406 -0.11230469 0.16113281 255 40 40 1
-0.08496094 -0.10253906 0.17285156 40 230 120 2
-0.04785156 -0.11621094 0.18261719 40 230 120 2
-0.05566406 -0.12597656 0.16699219 255 40 40 1
-0.04589844 -0.11621094 0.18457031 40 230 120 2
-0.04785156 -0.11621094 0.18457031 40 230 120 2
-0.04785156 -0.11425781 0.18457031 40 230 120 2
0.02050781 -0.09667969 0.22949219 40 230 120 2
0.02246094 -0.09667969 0.22949219 40 230 120 2
0.02246094 -0.09667969 0.23144531 40 230 120 2
0.02246094 -0.09863281 0.22949219 40 230 120 2
0.04785156 -0.08105469 0.21972656 40 230 120 2
0.04980469 -0.07324219 0.21191406 255 40 40 1
0.04589844 -0.07910156 0.21972656 40 230 120 2
0.04589844 -0.08105469 0.21972656 40 230 120 2
0.04785156 -0.07910156 0.21972656 40 230 120 2
0.04589844 -0.06738281 0.23339844 40 230 120 2
0.04589844 -0.06738281 0.23144531 40 230 120 2
0.04394531 -0.06738281 0.23144531 40 230 120 2
0.04394531 -0.06738281 0.23339844 40 230 120 2
0.00292969 -0.08105469 0.23144531 40 230 120 2
0.00292969 -0.08105469 0.22949219 40 230 120 2
0.00292969 -0.08300781 0.22949219 40 230 120 2
0.00097656 -0.08105469 0.22949219 40 230 120 2
0.02832031 0.00097656 0.19628906 40 230 120 2
0.03027344 0.00097656 0.19824219 40 230 120 2
0.03027344 0.00097656 0.19628906 40 230 120 2
0.02832031 0.00097656 0.19824219 40 230 120 2
0.06347656 -0.01074219 0.22753906 40 230 120 2
0.06152344 -0.00878906 0.22753906 40 230 120 2
0.06347656 -0.00878906 0.22753906 40 230 120 2
0.06347656 -0.00878906 0.22949219 40 230 120 2
0.05957031 -0.03613281 0.21191406 40 230 120 2
0.05957031 -0.03808594 0.21191406 40 230 120 2
0.05957031 -0.03808594 0.21386719 40 230 120 2
0.05957031 -0.03613281 0.21386719 40 230 120 2
0.04394531 -0.02246094 0.19433594 40 230 120 2
0.04589844 -0.02246094 0.19433594 40 230 120 2
0.04589844 -0.02246094 0.19238281 40 230 120 2
0.04394531 -0.02246094 0.19238281 40 230 120 2
0.08105469 -0.22167969 0.08105469 40 230 120 2
0.07910156 -0.22167969 0.08300781 40 230 120 2
0.08105469 -0.22167969 0.08300781 40 230 120 2
0.07910156 -0.22167969 0.08105469 40 230 120 2
0.12011719 -0.22753906 0.10839844 40 230 120 2
0.12011719 -0.22558594 0.10839844 40 230 120 2
0.11816406 -0.22753906 0.10839844 40 230 120 2
0.11816406 -0.22558594 0.10839844 40 230 120 2
0.10253906 -0.27636719 0.12988281 40 230 120 2
0.10253906 -0.27441406 0.12988281 40 230 120 2
0.10058594 -0.27636719 0.12988281 40 230 120 2
0.10058594 -0.27441406 0.12988281 40 230 120 2
0.05371094 -0.28417969 0.13574219 255 40 40 1
0.06933594 -0.25878906 0.11621094 40 230 120 2
0.06933594 -0.25683594 0.11621094 40 230 120 2
0.06738281 -0.25878906 0.11621094 40 230 120 2
0.06738281 -0.25683594 0.11621094 40 230 120 2
0.04980469 -0.18066406 0.13183594 40 230 120 2
0.04980469 -0.18066406 0.12988281 40 230 120 2
0.04980469 -0.18261719 0.13183594 40 230 120 2
0.04785156 -0.18066406 0.12988281 40 230 120 2
0.04980469 -0.22558594 0.10058594 40 230 120 2
0.04980469 -0.22363281 0.10058594 40 230 120 2
0.04980469 -0.22558594 0.10253906 40 230 120 2
0.04980469 -0.22363281 0.10253906 40 230 120 2
0.04394531 -0.25878906 0.14355469 40 230 120 2
0.03417969 -0.27246094 0.15722656 255 40 40 1
0.04589844 -0.26074219 0.14160156 40 230 120 2
0.04394531 -0.26074219 0.14355469 40 230 120 2
0.04394531 -0.26074219 0.14160156 40 230 120 2
0.04394531 -0.22949219 0.16308594 40 230 120 2
0.04394531 -0.22949219 0.16503906 40 230 120 2
0.04589844 -0.22949219 0.16503906 40 230 120 2
0.04589844 -0.22949219 0.16308594 40 230 120 2
0.10058594 -0.16699219 0.17089844 40 230 120 2
0.09863281 -0.16699219 0.17285156 40 230 120 2
0.09863281 -0.16699219 0.17089844 40 230 120 2
0.10058594 -0.16894531 0.17089844 40 230 120 2
0.06347656 -0.18066406 0.16699219 40 230 120 2
0.06347656 -0.18261719 0.16699219 40 230 120 2
0.06347656 -0.18261719 0.16894531 40 230 120 2
0.06542969 -0.18066406 0.16699219 40 230 120 2
0.06542969 -0.23730469 0.19628906 40 230 120 2
0.06347656 -0.23730469 0.19628906 40 230 120 2
0.03808594 -0.25683594 0.19433594 255 40 40 1
0.06347656 -0.23925781 0.19628906 40 230 120 2
0.06542969 -0.23925781 0.19628906 40 230 120 2
0.10253906 -0.22363281 0.19042969 40 230 120 2
0.10253906 -0.22558594 0.19042969 40 230 120 2
0.10253906 -0.22363281 0.19238281 40 230 120 2
0.10644531 -0.25878906 0.20605469 255 40 40 1
0.10058594 -0.22363281 0.19042969 40 230 120 2
0.04589844 0.11425781 0.25878906 40 230 120 2
0.04589844 0.11230469 0.25878906 40 230 120 2
0.04394531 0.11230469 0.25878906 40 230 120 2
0.04394531 0.11425781 0.25878906 40 230 120 2
0.07128906 0.12792969 0.28417969 40 230 120 2
0.06933594 0.12597656 0.28417969 40 230 120 2
0.07128906 0.12597656 0.28417969 40 230 120 2
0.07128906 0.12597656 0.28613281 40 230 120 2
0.04199219 0.11425781 0.31542969 40 230 120 2
0.04199219 0.11621094 0.31542969 40 230 120 2
0.03027344 0.11035156 0.31542969 255 40 40 1
0.04003906 0.11621094 0.31542969 40 230 120 2
0.04199219 0.11621094 0.31738281 40 230 120 2
0.02246094 0.11230469 0.28222656 40 230 120 2
0.02050781 0.11230469 0.28222656 40 230 120 2
0.02050781 0.11230469 0.28027344 40 230 120 2
0.02246094 0.11230469 0.28027344 40 230 120 2
0.00878906 0.14160156 0.15136719 40 230 120 2
0.00878906 0.14160156 0.15332031 40 230 120 2
0.00878906 0.14355469 0.15332031 40 230 120 2
0.00878906 0.14160156 0.15527344 40 230 120 2
0.01660156 0.10839844 0.18261719 40 230 120 2
0.01660156 0.10644531 0.18261719 40 230 120 2
0.01660156 0.08300781 0.16113281 255 40 40 1
0.01464844 0.10839844 0.18261719 40 230 120 2
0.01660156 0.10839844 0.18457031 40 230 120 2
0.01269531 0.13378906 0.21582031 40 230 120 2
0.01269531 0.13378906 0.21777344 40 230 120 2
0.01269531 0.13574219 0.21777344 40 230 120 2
0.01269531 0.13574219 0.21582031 40 230 120 2
0.00878906 0.16894531 0.19238281 40 230 120 2
0.00878906 0.16894531 0.19042969 40 230 120 2
0.00878906 0.17089844 0.19238281 40 230 120 2
0.00878906 0.16894531 0.19433594 40 230 120 2
0.11230469 0.14355469 0.18066406 40 230 120 2
0.11425781 0.14355469 0.18066406 40 230 120 2
0.11230469 0.14355469 0.18261719 40 230 120 2
0.11230469 0.14550781 0.18066406 40 230 120 2
0.10058594 0.19042969 0.17480469 40 230 120 2
0.10253906 0.19042969 0.17675781 40 230 120 2
0.10253906 0.19042969 0.17480469 40 230 120 2
0.10058594 0.19042969 0.17675781 40 230 120 2
0.09667969 0.18847656 0.23730469 40 230 120 2
0.09863281 0.18652344 0.23730469 40 230 120 2
0.09667969 0.18847656 0.23535156 40 230 120 2
0.09667969 0.18652344 0.23730469 40 230 120 2
0.10058594 0.14160156 0.22753906 40 230 120 2
0.10058594 0.13964844 0.22558594 40 230 120 2
0.10058594 0.14160156 0.22558594 40 230 120 2
0.10253906 0.14160156 0.22558594 40 230 120 2
0.06933594 0.20019531 0.14355469 40 230 120 2
0.06933594 0.20019531 0.14550781 40 230 120 2
0.07128906 0.20019531 0.14355469 40 230 120 2
0.07128906 0.20019531 0.14550781 40 230 120 2
0.02636719 0.18457031 0.15527344 40 230 120 2
0.02441406 0.18457031 0.15722656 40 230 120 2
0.02636719 0.18457031 0.15722656 40 230 120 2
0.02636719 0.18652344 0.15722656 40 230 120 2
0.03222656 0.20605469 0.20605469 40 230 120 2
0.03027344 0.20605469 0.20605469 40 230 120 2
0.03027344 0.20410156 0.20605469 40 230 120 2
0.03808594 0.21777344 0.22753906 255 40 40 1
0.03027344 0.20605469 0.20800781 40 230 120 2
0.07519531 0.21191406 0.20410156 40 230 120 2
0.07519531 0.21191406 0.20214844 40 230 120 2
0.07324219 0.21191406 0.20214844 40 230 120 2
0.07324219 0.21191406 0.20410156 40 230 120 2
-0.05566406 0.03613281 0.36425781 255 40 40 1
-0.05957031 0.03222656 0.35058594 40 230 120 2
-0.05957031 0.03222656 0.35253906 40 230 120 2
-0.05957031 0.03417969 0.35253906 40 230 120 2
-0.05957031 0.03417969 0.35058594 40 230 120 2
-0.06347656 0.02441406 0.39355469 40 230 120 2
-0.06347656 0.02636719 0.39355469 40 230 120 2
-0.06347656 0.02636719 0.39550781 40 230 120 2
-0.06347656 0.02441406 0.39550781 40 230 120 2
-0.07128906 0.01269531 0.37402344 40 230 120 2
-0.07324219 0.01074219 0.37402344 40 230 120 2
-0.07128906 0.01074219 0.37402344 40 230 120 2
-0.07128906 0.01074219 0.37597656 40 230 120 2
-0.06738281 0.02441406 0.33496094 40 230 120 2
-0.06933594 0.02441406 0.33496094 40 230 120 2
-0.06738281 0.02246094 0.33496094 40 230 120 2
-0.06933594 0.02246094 0.33496094 40 230 120 2
-0.06933594 0.03027344 0.32519531 255 40 40 1
0.00097656 0.16113281 0.23535156 40 230 120 2
0.00097656 0.16113281 0.23144531 40 230 120 2
0.00292969 0.19042969 0.21777344 255 40 40 1
0.00097656 0.15917969 0.23339844 40 230 120 2
0.00097656 0.16113281 0.23339844 40 230 120 2
0.01464844 0.11621094 0.26660156 255 40 40 1
0.01269531 0.12597656 0.25292969 40 230 120 2
0.01074219 0.12597656 0.25292969 40 230 120 2
0.01269531 0.12597656 0.25488281 40 230 120 2
0.01074219 0.12597656 0.25488281 40 230 120 2
-0.00878906 0.12988281 0.27636719 40 230 120 2
-0.00878906 0.12792969 0.27636719 40 230 120 2
-0.00683594 0.12792969 0.27636719 40 230 120 2
-0.00878906 0.12988281 0.27441406 40 230 120 2
-0.01660156 0.16503906 0.26660156 40 230 120 2
-0.01660156 0.16503906 0.26855469 40 230 120 2
-0.01660156 0.16699219 0.26855469 40 230 120 2
-0.01855469 0.16503906 0.26855469 40 230 120 2
0.04394531 0.21582031 0.25292969 40 230 120 2
0.04394531 0.21582031 0.25097656 40 230 120 2
0.04199219 0.21582031 0.25097656 40 230 120 2
0.04589844 0.21582031 0.25097656 40 230 120 2
0.00292969 0.19433594 0.25097656 40 230 120 2
0.00097656 0.19433594 0.25097656 40 230 120 2
0.00292969 0.19433594 0.25292969 40 230 120 2
0.00097656 0.19433594 0.25292969 40 230 120 2
-0.01269531 0.18847656 0.29394531 40 230 120 2
-0.01074219 0.18652344 0.29394531 40 230 120 2
-0.03222656 0.16894531 0.28808594 255 40 40 1
-0.01074219 0.18847656 0.29394531 40 230 120 2
-0.01074219 0.18847656 0.29589844 40 230 120 2
0.02832031 0.20214844 0.31152344 40 230 120 2
0.02832031 0.20214844 0.30957031 40 230 120 2
0.02636719 0.20214844 0.30957031 40 230 120 2
0.02636719 0.20214844 0.31152344 40 230 120 2
0.01464844 0.20800781 0.28027344 255 40 40 1
0.09082031 0.16113281 0.27636719 40 230 120 2
0.08886719 0.16113281 0.27832031 40 230 120 2
0.08886719 0.15917969 0.27832031 40 230 120 2
0.08886719 0.16113281 0.27636719 40 230 120 2
0.06933594 0.20019531 0.29003906 40 230 120 2
0.06933594 0.20019531 0.28808594 40 230 120 2
0.06933594 0.19824219 0.28808594 40 230 120 2
0.06738281 0.20019531 0.28808594 40 230 120 2
0.04394531 0.17480469 0.33886719 40 230 120 2
0.04589844 0.17480469 0.33886719 40 230 120 2
0.04589844 0.17480469 0.34082031 40 230 120 2
0.04589844 0.17285156 0.33886719 40 230 120 2
0.06542969 0.14550781 0.32128906 40 230 120 2
0.06542969 0.14355469 0.31933594 40 230 120 2
0.06542969 0.14355469 0.32128906 40 230 120 2
0.06738281 0.14550781 0.32128906 40 230 120 2
-0.12597656 -0.02832031 0.40332031 40 230 120 2
-0.12597656 -0.02636719 0.40332031 40 230 120 2
-0.12597656 -0.02832031 0.40527344 40 230 120 2
-0.12597656 -0.02636719 0.40527344 40 230 120 2
-0.14746094 -0.02636719 0.41308594 40 230 120 2
-0.14941406 -0.02636719 0.41308594 40 230 120 2
-0.14941406 -0.02636719 0.41113281 40 230 120 2
-0.14746094 -0.02636719 0.41113281 40 230 120 2
-0.15722656 -0.05566406 0.45410156 40 230 120 2
-0.15917969 -0.05566406 0.45214844 40 230 120 2
-0.15722656 -0.05566406 0.45214844 40 230 120 2
-0.15917969 -0.05566406 0.45410156 40 230 120 2
-0.13378906 -0.05761719 0.44238281 40 230 120 2
-0.13378906 -0.05566406 0.44042969 40 230 120 2
-0.13574219 -0.05566406 0.44238281 40 230 120 2
-0.13378906 -0.05566406 0.44238281 40 230 120 2
-0.04980469 0.08496094 0.42285156 40 230 120 2
-0.04980469 0.08300781 0.42480469 40 230 120 2
-0.04980469 0.08300781 0.42285156 40 230 120 2
-0.04785156 0.08300781 0.42285156 40 230 120 2
-0.02441406 0.06933594 0.42871094 40 230 120 2
-0.02636719 0.06933594 0.42871094 40 230 120 2
-0.02636719 0.07128906 0.42871094 40 230 120 2
-0.02636719 0.06933594 0.43066406 40 230 120 2
-0.01269531 0.05761719 0.46777344 40 230 120 2
-0.01074219 0.05957031 0.46777344 40 230 120 2
-0.01269531 0.05957031 0.46972656 40 230 120 2
-0.01269531 0.05957031 0.46777344 40 230 120 2
-0.00488281 0.05371094 0.48144531 40 230 120 2
-0.03222656 0.07910156 0.46386719 40 230 120 2
-0.03222656 0.07714844 0.46582031 40 230 120 2
-0.03222656 0.07910156 0.46582031 40 230 120 2
-0.03417969 0.07910156 0.46582031 40 230 120 2
-0.00097656 0.11035156 0.40527344 40 230 120 2
-0.00097656 0.11230469 0.40722656 40 230 120 2
-0.00292969 0.11230469 0.40722656 40 230 120 2
-0.00097656 0.11035156 0.40722656 40 230 120 2
-0.01660156 0.12402344 0.42675781 40 230 120 2
-0.01464844 0.12402344 0.42675781 40 230 120 2
-0.01660156 0.12402344 0.42480469 40 230 120 2
-0.01660156 0.12597656 0.42675781 40 230 120 2
0.00878906 0.10839844 0.46972656 40 230 120 2
0.00878906 0.10839844 0.47167969 40 230 120 2
0.00878906 0.11035156 0.46972656 40 230 120 2
0.00878906 0.11035156 0.47167969 40 230 120 2
0.01464844 0.09667969 0.44628906 40 230 120 2
0.01660156 0.09667969 0.44628906 40 230 120 2
0.01464844 0.09277344 0.43066406 255 40 40 1
0.01660156 0.09667969 0.44433594 40 230 120 2
0.01660156 0.09472656 0.44628906 40 230 120 2
-0.11621094 0.07128906 0.37988281 40 230 120 2
-0.11621094 0.07128906 0.37792969 40 230 120 2
-0.11621094 0.07324219 0.37988281 40 230 120 2
-0.11621094 0.07324219 0.37792969 40 230 120 2
-0.12011719 0.06933594 0.33300781 40 230 120 2
-0.12011719 0.06933594 0.33496094 40 230 120 2
-0.12011719 0.06738281 0.33496094 40 230 120 2
-0.11816406 0.06933594 0.33496094 40 230 120 2
-0.12988281 0.05371094 0.34472656 40 230 120 2
-0.12988281 0.05371094 0.34277344 40 230 120 2
-0.12988281 0.05175781 0.34277344 40 230 120 2
-0.13183594 0.05175781 0.34277344 40 230 120 2
-0.12402344 0.04980469 0.38769531 40 230 120 2
-0.12597656 0.04980469 0.38769531 40 230 120 2
-0.12597656 0.04980469 0.38574219 40 230 120 2
-0.12597656 0.04785156 0.38574219 40 230 120 2
0.01464844 0.10449219 0.31347656 40 230 120 2
0.01660156 0.10449219 0.31347656 40 230 120 2
0.01464844 0.10449219 0.31152344 40 230 120 2
0.01464844 0.10449219 0.31542969 40 230 120 2
0.02832031 0.11230469 0.34863281 40 230 120 2
0.02832031 0.11425781 0.34667969 40 230 120 2
0.02832031 0.11425781 0.34863281 40 230 120 2
0.02832031 0.11230469 0.34667969 40 230 120 2
0.00292969 0.09277344 0.35644531 40 230 120 2
0.00097656 0.09277344 0.35644531 40 230 120 2
0.00292969 0.09472656 0.35644531 40 230 120 2
0.00292969 0.09277344 0.35449219 40 230 120 2
-0.00878906 0.09082031 0.31738281 40 230 120 2
-0.00878906 0.09277344 0.31738281 40 230 120 2
-0.00683594 0.09082031 0.31738281 40 230 120 2
-0.00683594 0.09277344 0.31738281 40 230 120 2
0.03613281 0.14550781 0.36035156 40 230 120 2
0.03613281 0.14355469 0.36230469 40 230 120 2
0.03613281 0.14355469 0.36035156 40 230 120 2
0.03613281 0.14550781 0.36230469 40 230 120 2
0.00683594 0.16894531 0.36621094 40 230 120 2
0.00683594 0.16699219 0.36816406 40 230 120 2
0.00488281 0.16699219 0.36621094 40 230 120 2
0.00683594 0.16699219 0.36621094 40 230 120 2
-0.00878906 0.13574219 0.39160156 40 230 120 2
-0.01074219 0.13574219 0.39160156 40 230 120 2
-0.00878906 0.13378906 0.39160156 40 230 120 2
-0.01074219 0.13378906 0.39160156 40 230 120 2
0.01464844 0.12011719 0.37792969 40 230 120 2
0.02441406 0.11425781 0.36816406 255 40 40 1
0.01269531 0.11816406 0.37792969 40 230 120 2
0.01269531 0.12011719 0.37792969 40 230 120 2
0.01269531 0.12011719 0.37988281 40 230 120 2
-0.01074219 0.18261719 0.33300781 40 230 120 2
-0.01269531 0.18261719 0.33496094 40 230 120 2
-0.01269531 0.18261719 0.33300781 40 230 120 2
-0.01074219 0.18261719 0.33496094 40 230 120 2
-0.03808594 0.16894531 0.33886719 255 40 40 1
-0.04003906 0.16113281 0.31152344 40 230 120 2
-0.04003906 0.16113281 0.30957031 40 230 120 2
-0.04003906 0.16308594 0.30957031 40 230 120 2
-0.04003906 0.16308594 0.31152344 40 230 120 2
-0.05371094 0.14941406 0.33496094 40 230 120 2
-0.05371094 0.14746094 0.33496094 40 230 120 2
-0.05175781 0.14941406 0.33496094 40 230 120 2
-0.05371094 0.14941406 0.33691406 40 230 120 2
-0.02832031 0.15722656 0.36816406 40 230 120 2
-0.02636719 0.15917969 0.36816406 40 230 120 2
-0.03613281 0.16699219 0.33886719 255 40 40 1
-0.02636719 0.15722656 0.36816406 40 230 120 2
-0.02832031 0.15917969 0.36816406 40 230 120 2
-0.01269531 0.16699219 0.37011719 255 40 40 1
-0.02832031 0.13964844 0.28613281 40 230 120 2
-0.03027344 0.13769531 0.28613281 40 230 120 2
-0.03027344 0.13964844 0.28613281 40 230 120 2
-0.03027344 0.13964844 0.28808594 40 230 120 2
-0.03808594 0.10058594 0.30175781 40 230 120 2
-0.03613281 0.10058594 0.30371094 40 230 120 2
-0.03808594 0.10058594 0.30371094 40 230 120 2
-0.03613281 0.10058594 0.30175781 40 230 120 2
-0.05175781 0.13378906 0.30566406 40 230 120 2
-0.05175781 0.13183594 0.30566406 40 230 120 2
-0.04980469 0.13183594 0.30566406 40 230 120 2
-0.04980469 0.13378906 0.30566406 40 230 120 2
-0.17285156 -0.04003906 0.32128906 40 230 120 2
-0.17285156 -0.02441406 0.31542969 255 40 40 1
-0.17285156 -0.03808594 0.32128906 40 230 120 2
-0.17285156 -0.04003906 0.31933594 40 230 120 2
-0.17089844 -0.04003906 0.32128906 40 230 120 2
-0.16894531 -0.03613281 0.28222656 40 230 120 2
-0.16699219 -0.03613281 0.28027344 40 230 120 2
-0.16894531 -0.03613281 0.28027344 40 230 120 2
-0.16699219 -0.03613281 0.28222656 40 230 120 2
-0.18847656 -0.07128906 0.26464844 40 230 120 2
-0.18847656 -0.07324219 0.26464844 40 230 120 2
-0.18847656 -0.07128906 0.26660156 40 230 120 2
-0.18847656 -0.07324219 0.26660156 40 230 120 2
-0.20410156 -0.10644531 0.29785156 255 40 40 1
-0.18847656 -0.07519531 0.30371094 40 230 120 2
-0.19042969 -0.07519531 0.30371094 40 230 120 2
-0.19042969 -0.07714844 0.30371094 40 230 120 2
-0.19042969 -0.07714844 0.30566406 40 230 120 2
-0.11425781 0.01660156 0.41503906 40 230 120 2
-0.10839844 0.01269531 0.40917969 255 40 40 1
-0.11425781 0.01660156 0.41308594 40 230 120 2
-0.11230469 0.01660156 0.41503906 40 230 120 2
-0.11425781 0.01464844 0.41503906 40 230 120 2
-0.09082031 0.00292969 0.43066406 40 230 120 2
-0.09082031 0.00292969 0.42871094 40 230 120 2
-0.09277344 0.00292969 0.43066406 40 230 120 2
-0.09277344 0.00292969 0.42871094 40 230 120 2
-0.09863281 -0.00488281 0.46777344 40 230 120 2
-0.10253906 -0.00683594 0.48339844 40 230 120 2
-0.10644531 -0.00683594 0.47949219 255 40 40 1
-0.10058594 -0.00488281 0.46972656 40 230 120 2
-0.09863281 -0.00488281 0.46972656 40 230 120 2
-0.10058594 -0.00488281 0.46777344 40 230 120 2
-0.11621094 0.01269531 0.45605469 40 230 120 2
-0.11621094 0.01074219 0.45605469 40 230 120 2
-0.11621094 0.01074219 0.45410156 40 230 120 2
-0.11621094 0.01269531 0.45410156 40 230 120 2
-0.15136719 0.00292969 0.35058594 40 230 120 2
-0.15136719 0.00097656 0.35253906 40 230 120 2
-0.15136719 0.00097656 0.35058594 40 230 120 2
-0.15136719 0.00292969 0.35253906 40 230 120 2
-0.14746094 0.00878906 0.31347656 40 230 120 2
-0.14941406 0.00878906 0.31347656 40 230 120 2
-0.14746094 0.01074219 0.31347656 40 230 120 2
-0.14941406 0.01074219 0.31347656 40 230 120 2
-0.16113281 -0.01269531 0.31152344 40 230 120 2
-0.16308594 -0.01269531 0.31152344 40 230 120 2
-0.16308594 -0.01269531 0.30957031 40 230 120 2
-0.16113281 -0.01269531 0.30957031 40 230 120 2
-0.15917969 -0.02441406 0.35253906 40 230 120 2
-0.15917969 -0.02441406 0.35058594 40 230 120 2
-0.15917969 -0.02246094 0.35058594 40 230 120 2
-0.15917969 -0.02246094 0.35253906 40 230 120 2
-0.08691406 -0.02050781 0.33496094 40 230 120 2
-0.08691406 -0.01855469 0.33300781 40 230 120 2
-0.08691406 -0.02050781 0.33300781 40 230 120 2
-0.08691406 -0.01855469 0.33496094 40 230 120 2
-0.10644531 -0.03417969 0.36621094 40 230 120 2
-0.10644531 -0.03613281 0.36816406 40 230 120 2
-0.10449219 -0.03417969 0.36816406 40 230 120 2
-0.10644531 -0.03417969 0.36816406 40 230 120 2
-0.10839844 -0.05175781 0.33886719 40 230 120 2
-0.10644531 -0.05371094 0.33886719 40 230 120 2
-0.10839844 -0.05371094 0.33886719 40 230 120 2
-0.10839844 -0.05371094 0.34082031 40 230 120 2
-0.09277344 -0.03613281 0.30957031 40 230 120 2
-0.09472656 -0.03613281 0.31152344 40 230 120 2
-0.09277344 -0.03613281 0.31152344 40 230 120 2
-0.09277344 -0.03417969 0.31152344 40 230 120 2
-0.24707031 0.06933594 0.22753906 40 230 120 2
-0.24707031 0.06933594 0.22558594 40 230 120 2
-0.24707031 0.06738281 0.22558594 40 230 120 2
-0.24511719 0.06933594 0.22558594 40 230 120 2
0.14550781 0.12988281 0.43652344 40 230 120 2
0.14746094 0.12792969 0.43652344 40 230 120 2
0.14550781 0.12792969 0.43652344 40 230 120 2
0.14746094 0.12988281 0.43652344 40 230 120 2
-0.14550781 -0.06933594 0.34863281 40 230 120 2
-0.14746094 -0.06738281 0.34863281 40 230 120 2
-0.14550781 -0.06738281 0.34863281 40 230 120 2
-0.14550781 -0.06738281 0.35058594 40 230 120 2
-0.16894531 -0.06738281 0.33496094 40 230 120 2
-0.16894531 -0.06738281 0.33691406 40 230 120 2
-0.16894531 -0.06542969 0.33496094 40 230 120 2
-0.16699219 -0.06738281 0.33496094 40 230 120 2
-0.18066406 -0.10644531 0.31347656 40 230 120 2
-0.18261719 -0.10644531 0.31347656 40 230 120 2
-0.18261719 -0.10839844 0.31347656 40 230 120 2
-0.18066406 -0.10839844 0.31347656 40 230 120 2
-0.14746094 -0.10449219 0.32128906 40 230 120 2
-0.14746094 -0.10839844 0.32128906 40 230 120 2
-0.14746094 -0.10644531 0.32128906 40 230 120 2
-0.14941406 -0.10644531 0.32128906 40 230 120 2
-0.10449219 -0.06738281 0.30371094 40 230 120 2
-0.10449219 -0.06542969 0.30371094 40 230 120 2
-0.10449219 -0.06738281 0.30566406 40 230 120 2
-0.10449219 -0.06542969 0.30566406 40 230 120 2
-0.12597656 -0.08300781 0.32910156 40 230 120 2
-0.12792969 -0.08300781 0.32714844 40 230 120 2
-0.12597656 -0.08300781 0.32714844 40 230 120 2
-0.13378906 -0.09667969 0.32714844 255 40 40 1
-0.12792969 -0.08300781 0.32910156 40 230 120 2
-0.12988281 -0.12011719 0.29394531 40 230 120 2
-0.12597656 -0.12792969 0.27832031 255 40 40 1
-0.12988281 -0.11816406 0.29199219 40 230 120 2
-0.12988281 -0.11816406 0.29394531 40 230 120 2
-0.12792969 -0.11816406 0.29394531 40 230 120 2
-0.11621094 -0.09277344 0.27050781 40 230 120 2
-0.11621094 -0.09277344 0.27246094 40 230 120 2
-0.11425781 -0.09277344 0.27246094 40 230 120 2
-0.11425781 -0.09277344 0.27050781 40 230 120 2
-0.13574219 -0.03222656 0.27441406 40 230 120 2
-0.13769531 -0.03222656 0.27441406 40 230 120 2
-0.13769531 -0.03222656 0.27246094 40 230 120 2
-0.13574219 -0.03222656 0.27246094 40 230 120 2
-0.11425781 -0.05957031 0.27246094 40 230 120 2
-0.11425781 -0.05957031 0.27441406 40 230 120 2
-0.11425781 -0.05761719 0.27441406 40 230 120 2
-0.11425781 -0.05761719 0.27246094 40 230 120 2
-0.14746094 -0.08886719 0.22753906 255 40 40 1
-0.13378906 -0.08496094 0.24121094 40 230 120 2
-0.13378906 -0.08691406 0.24316406 40 230 120 2
-0.14550781 -0.08886719 0.22753906 255 40 40 1
-0.14550781 -0.08691406 0.22753906 255 40 40 1
-0.13378906 -0.08496094 0.24316406 40 230 120 2
-0.13574219 -0.08496094 0.24316406 40 230 120 2
-0.18066406 -0.07714844 0.23730469 255 40 40 1
-0.15917969 -0.05957031 0.25488281 40 230 120 2
-0.15917969 -0.05761719 0.25488281 40 230 120 2
-0.15917969 -0.05957031 0.25292969 40 230 120 2
-0.15917969 -0.05761719 0.25292969 40 230 120 2
-0.24316406 0.11816406 0.23339844 40 230 120 2
-0.24316406 0.11621094 0.23339844 40 230 120 2
-0.24316406 0.11621094 0.23144531 40 230 120 2
-0.24316406 0.11816406 0.23144531 40 230 120 2
-0.25878906 0.04199219 0.23144531 40 230 120 2
-0.25878906 0.04003906 0.23144531 40 230 120 2
-0.25878906 0.04199219 0.22949219 40 230 120 2
-0.25878906 0.04003906 0.22949219 40 230 120 2
0.00488281 0.07128906 0.43261719 255 40 40 1
-0.01464844 0.07519531 0.40917969 40 230 120 2
-0.01464844 0.07519531 0.41113281 40 230 120 2
-0.01660156 0.07519531 0.40917969 40 230 120 2
-0.01269531 0.07519531 0.40917969 40 230 120 2
0.00683594 0.08691406 0.41894531 40 230 120 2
0.00683594 0.08886719 0.41699219 40 230 120 2
0.00683594 0.08691406 0.41699219 40 230 120 2
0.00488281 0.08691406 0.41699219 40 230 120 2
0.02050781 0.06933594 0.45605469 40 230 120 2
0.02636719 0.06738281 0.46777344 40 230 120 2
0.02050781 0.07324219 0.45605469 40 230 120 2
0.02050781 0.07128906 0.45410156 40 230 120 2
0.02050781 0.07128906 0.45605469 40 230 120 2
0.00097656 0.06152344 0.44824219 40 230 120 2
-0.00097656 0.06152344 0.44824219 40 230 120 2
-0.00097656 0.05957031 0.44824219 40 230 120 2
-0.00097656 0.06152344 0.45019531 40 230 120 2
-0.15722656 -0.02441406 0.38769531 40 230 120 2
-0.15917969 -0.02636719 0.38769531 40 230 120 2
-0.15917969 -0.02441406 0.38964844 40 230 120 2
-0.15917969 -0.02441406 0.38769531 40 230 120 2
-0.16894531 -0.04980469 0.38769531 40 230 120 2
-0.17089844 -0.04980469 0.38964844 40 230 120 2
-0.16894531 -0.04980469 0.38964844 40 230 120 2
-0.16894531 -0.04785156 0.38964844 40 230 120 2
-0.18261719 -0.06738281 0.43457031 40 230 120 2
-0.18457031 -0.06738281 0.43457031 40 230 120 2
-0.18261719 -0.06738281 0.43261719 40 230 120 2
-0.18261719 -0.06542969 0.43457031 40 230 120 2
-0.16894531 -0.04589844 0.43261719 40 230 120 2
-0.17089844 -0.04589844 0.43066406 40 230 120 2
-0.17089844 -0.04394531 0.43261719 40 230 120 2
-0.17089844 -0.04589844 0.43261719 40 230 120 2
-0.11816406 -0.04394531 0.37597656 255 40 40 1
-0.12207031 -0.05761719 0.38378906 40 230 120 2
-0.12402344 -0.05761719 0.38183594 40 230 120 2
-0.12402344 -0.05761719 0.38378906 40 230 120 2
-0.12207031 -0.05761719 0.38183594 40 230 120 2
-0.11816406 -0.04785156 0.41113281 40 230 120 2
-0.11816406 -0.04589844 0.41113281 40 230 120 2
-0.11816406 -0.04785156 0.40917969 40 230 120 2
-0.12011719 -0.04785156 0.41113281 40 230 120 2
-0.13378906 -0.08105469 0.44628906 40 230 120 2
-0.13378906 -0.08105469 0.44433594 40 230 120 2
-0.13378906 -0.08300781 0.44628906 40 230 120 2
-0.13378906 -0.07910156 0.44628906 40 230 120 2
-0.13964844 -0.08300781 0.42285156 40 230 120 2
-0.13769531 -0.08496094 0.42285156 40 230 120 2
-0.13964844 -0.08496094 0.42285156 40 230 120 2
-0.13769531 -0.08300781 0.42285156 40 230 120 2
-0.18457031 -0.07910156 0.44824219 40 230 120 2
-0.18457031 -0.07714844 0.44824219 40 230 120 2
-0.18652344 -0.07714844 0.44824219 40 230 120 2
-0.18457031 -0.07714844 0.45019531 40 230 120 2
-0.24902344 0.13964844 0.25488281 40 230 120 2
-0.24707031 0.13964844 0.25683594 40 230 120 2
-0.24707031 0.13964844 0.25488281 40 230 120 2
-0.24707031 0.14160156 0.25488281 40 230 120 2
-0.07324219 0.00878906 0.42089844 40 230 120 2
-0.07519531 0.00878906 0.41894531 40 230 120 2
-0.07324219 0.00878906 0.41894531 40 230 120 2
-0.07324219 0.01074219 0.41894531 40 230 120 2
-0.06542969 0.02246094 0.43847656 40 230 120 2
-0.06542969 0.02246094 0.44042969 40 230 120 2
-0.06542969 0.02441406 0.43847656 40 230 120 2
-0.06542969 0.02441406 0.44042969 40 230 120 2
-0.06933594 0.00488281 0.47753906 40 230 120 2
-0.06933594 0.00488281 0.47558594 40 230 120 2
-0.06738281 0.00488281 0.47558594 40 230 120 2
-0.06738281 0.00488281 0.47753906 40 230 120 2
-0.08105469 -0.00292969 0.45996094 40 230 120 2
-0.08105469 -0.00292969 0.45800781 40 230 120 2
-0.08105469 -0.00097656 0.45996094 40 230 120 2
-0.08300781 -0.00292969 0.45996094 40 230 120 2
-0.07324219 0.04394531 0.43457031 40 230 120 2
-0.07324219 0.04394531 0.43261719 40 230 120 2
-0.07324219 0.04199219 0.43261719 40 230 120 2
-0.07714844 0.05371094 0.42871094 255 40 40 1
-0.07128906 0.04394531 0.43261719 40 230 120 2
-0.08105469 0.04199219 0.45800781 255 40 40 1
-0.09472656 0.05371094 0.44238281 40 230 120 2
-0.09472656 0.05566406 0.44238281 40 230 120 2
-0.09667969 0.05371094 0.44238281 40 230 120 2
-0.09472656 0.05371094 0.44433594 40 230 120 2
-0.09863281 0.03417969 0.49707031 255 40 40 1
-0.09863281 0.03417969 0.49511719 255 40 40 1
-0.08691406 0.03417969 0.48144531 40 230 120 2
-0.08496094 0.03222656 0.48339844 40 230 120 2
-0.08691406 0.03417969 0.48339844 40 230 120 2
-0.08496094 0.03417969 0.48339844 40 230 120 2
-0.09667969 0.03417969 0.49511719 255 40 40 1
-0.06933594 0.02636719 0.46777344 40 230 120 2
-0.07128906 0.02441406 0.46777344 40 230 120 2
-0.07128906 0.02636719 0.46777344 40 230 120 2
-0.07128906 0.02636719 0.46972656 40 230 120 2
-0.11425781 0.05566406 0.42285156 40 230 120 2
-0.11425781 0.05566406 0.42089844 40 230 120 2
-0.11425781 0.05371094 0.42089844 40 230 120 2
-0.11425781 0.05371094 0.42285156 40 230 120 2
-0.12207031 0.03222656 0.42871094 40 230 120 2
-0.12207031 0.03027344 0.42675781 40 230 120 2
-0.12207031 0.03222656 0.42675781 40 230 120 2
-0.12207031 0.03027344 0.42871094 40 230 120 2
-0.12207031 0.00878906 0.48339844 255 40 40 1
-0.11816406 0.02636719 0.47363281 40 230 120 2
-0.12207031 0.00878906 0.48535156 255 40 40 1
-0.11816406 0.02246094 0.47363281 40 230 120 2
-0.11816406 0.02441406 0.47363281 40 230 120 2
-0.11816406 0.02441406 0.47558594 40 230 120 2
-0.10644531 0.04199219 0.46777344 40 230 120 2
-0.10449219 0.04199219 0.46582031 40 230 120 2
-0.10644531 0.04003906 0.46582031 40 230 120 2
-0.10644531 0.04199219 0.46582031 40 230 120 2
-0.05761719 0.10839844 0.30761719 40 230 120 2
-0.05957031 0.10839844 0.30761719 40 230 120 2
-0.05957031 0.11035156 0.30761719 40 230 120 2
-0.05957031 0.10839844 0.30957031 40 230 120 2
-0.04003906 0.08105469 0.31347656 40 230 120 2
-0.04003906 0.08300781 0.31347656 40 230 120 2
-0.04199219 0.08105469 0.31347656 40 230 120 2
-0.03808594 0.08105469 0.31347656 40 230 120 2
-0.05761719 0.08105469 0.31347656 40 230 120 2
-0.05761719 0.07910156 0.31347656 40 230 120 2
-0.05761719 0.07714844 0.31347656 40 230 120 2
-0.05957031 0.07910156 0.31347656 40 230 120 2
-0.07519531 0.10449219 0.31933594 40 230 120 2
-0.07910156 0.10449219 0.31933594 40 230 120 2
-0.07714844 0.10449219 0.31933594 40 230 120 2
-0.07714844 0.10644531 0.31933594 40 230 120 2
-0.09082031 0.10449219 0.32519531 255 40 40 1
-0.00683594 0.08496094 0.34667969 255 40 40 1
-0.01660156 0.07910156 0.33886719 40 230 120 2
-0.01660156 0.08105469 0.33691406 40 230 120 2
-0.01660156 0.07910156 0.33691406 40 230 120 2
-0.01660156 0.08105469 0.33886719 40 230 120 2
-0.01269531 0.08105469 0.39355469 255 40 40 1
-0.01074219 0.08496094 0.37792969 40 230 120 2
-0.01074219 0.08300781 0.37792969 40 230 120 2
-0.01074219 0.08496094 0.37988281 40 230 120 2
-0.01074219 0.08300781 0.37988281 40 230 120 2
-0.03027344 0.06738281 0.37207031 40 230 120 2
-0.03027344 0.06933594 0.37207031 40 230 120 2
-0.02832031 0.06933594 0.37207031 40 230 120 2
-0.03027344 0.06933594 0.37402344 40 230 120 2
-0.03417969 0.06738281 0.33105469 40 230 120 2
-0.03417969 0.06933594 0.33105469 40 230 120 2
-0.03417969 0.06933594 0.33300781 40 230 120 2
-0.03417969 0.06738281 0.33300781 40 230 120 2
-0.05566406 0.13769531 0.37011719 40 230 120 2
-0.05566406 0.13964844 0.36816406 40 230 120 2
-0.05371094 0.13769531 0.36816406 40 230 120 2
-0.05566406 0.13769531 0.36816406 40 230 120 2
-0.07324219 0.12597656 0.33496094 40 230 120 2
-0.07324219 0.12597656 0.33300781 40 230 120 2
-0.07324219 0.12402344 0.33300781 40 230 120 2
-0.07324219 0.12792969 0.33300781 40 230 120 2
-0.08496094 0.11230469 0.35058594 40 230 120 2
-0.08496094 0.11425781 0.35058594 40 230 120 2
-0.08300781 0.11425781 0.35058594 40 230 120 2
-0.08496094 0.11425781 0.35253906 40 230 120 2
-0.06542969 0.11425781 0.39160156 40 230 120 2
-0.06738281 0.11425781 0.39160156 40 230 120 2
-0.06542969 0.11621094 0.39160156 40 230 120 2
-0.06738281 0.11621094 0.39160156 40 230 120 2
-0.00292969 0.05371094 0.47949219 40 230 120 2
-0.00488281 0.05566406 0.48144531 40 230 120 2
-0.00292969 0.05371094 0.48144531 40 230 120 2
-0.17871094 -0.06542969 0.45800781 40 230 120 2
-0.17675781 -0.06738281 0.45800781 40 230 120 2
-0.17871094 -0.06738281 0.45800781 40 230 120 2
-0.17871094 -0.06738281 0.45605469 40 230 120 2
-0.15332031 -0.05761719 0.37207031 40 230 120 2
-0.15527344 -0.05761719 0.37011719 40 230 120 2
-0.15527344 -0.05566406 0.37207031 40 230 120 2
-0.15527344 -0.05761719 0.37207031 40 230 120 2
-0.14160156 -0.07128906 0.38964844 40 230 120 2
-0.14160156 -0.07128906 0.38769531 40 230 120 2
-0.14355469 -0.07128906 0.38964844 40 230 120 2
-0.14160156 -0.06933594 0.38769531 40 230 120 2
-0.15722656 -0.07324219 0.40136719 255 40 40 1
-0.15332031 -0.10644531 0.44433594 255 40 40 1
-0.15917969 -0.07324219 0.40332031 255 40 40 1
-0.16113281 -0.09472656 0.43066406 40 230 120 2
-0.16113281 -0.10253906 0.44238281 40 230 120 2
-0.16113281 -0.09277344 0.43066406 40 230 120 2
-0.16113281 -0.09277344 0.42871094 40 230 120 2
-0.16308594 -0.09277344 0.43066406 40 230 120 2
-0.17285156 -0.07324219 0.41503906 40 230 120 2
-0.15722656 -0.07128906 0.40332031 255 40 40 1
-0.17089844 -0.07324219 0.41503906 40 230 120 2
-0.17285156 -0.07519531 0.41503906 40 230 120 2
-0.17285156 -0.07324219 0.41699219 40 230 120 2
-0.04199219 0.12402344 0.41699219 40 230 120 2
-0.04199219 0.12402344 0.41503906 40 230 120 2
-0.04394531 0.12207031 0.41699219 40 230 120 2
-0.04394531 0.12402344 0.41699219 40 230 120 2
-0.04980469 0.09863281 0.43847656 40 230 120 2
-0.04980469 0.09863281 0.43652344 40 230 120 2
-0.04980469 0.10058594 0.43847656 40 230 120 2
-0.04785156 0.09863281 0.43847656 40 230 120 2
-0.02636719 0.09667969 0.48144531 40 230 120 2
-0.02636719 0.09472656 0.48144531 40 230 120 2
-0.02636719 0.09472656 0.48339844 40 230 120 2
-0.02636719 0.09667969 0.48339844 40 230 120 2
-0.01660156 0.11621094 0.46386719 40 230 120 2
-0.01855469 0.11621094 0.46386719 40 230 120 2
-0.01855469 0.11621094 0.46582031 40 230 120 2
-0.01660156 0.11621094 0.46582031 40 230 120 2
-0.09863281 0.00878906 0.30371094 40 230 120 2
-0.09863281 0.00878906 0.30566406 40 230 120 2
-0.09863281 0.01074219 0.30371094 40 230 120 2
-0.09863281 0.01074219 0.30566406 40 230 120 2
-0.12597656 0.02832031 0.30957031 40 230 120 2
-0.12597656 0.02636719 0.30761719 40 230 120 2
-0.12597656 0.02636719 0.30957031 40 230 120 2
-0.12597656 0.02832031 0.30761719 40 230 120 2
-0.11035156 0.03613281 0.30957031 40 230 120 2
-0.11035156 0.03417969 0.30761719 40 230 120 2
-0.11035156 0.03613281 0.30761719 40 230 120 2
-0.11035156 0.03417969 0.30957031 40 230 120 2
-0.08691406 0.01660156 0.31347656 40 230 120 2
-0.08496094 0.01464844 0.31347656 40 230 120 2
-0.08496094 0.01660156 0.31542969 40 230 120 2
-0.08496094 0.01660156 0.31347656 40 230 120 2
-0.10253906 0.00683594 0.40136719 40 230 120 2
-0.10253906 0.00488281 0.40136719 40 230 120 2
-0.10449219 0.00488281 0.40136719 40 230 120 2
-0.10449219 0.00683594 0.40136719 40 230 120 2
-0.12597656 0.01660156 0.39160156 40 230 120 2
-0.12792969 0.01660156 0.38964844 40 230 120 2
-0.12792969 0.01660156 0.39160156 40 230 120 2
-0.12792969 0.01464844 0.39160156 40 230 120 2
-0.12988281 -0.00683594 0.38964844 40 230 120 2
-0.12988281 -0.00878906 0.38964844 40 230 120 2
-0.12988281 -0.00878906 0.39160156 40 230 120 2
-0.12792969 -0.00878906 0.38964844 40 230 120 2
-0.10839844 -0.01074219 0.38964844 40 230 120 2
-0.10644531 -0.01074219 0.38964844 40 230 120 2
-0.10644531 -0.00878906 0.38964844 40 230 120 2
-0.10839844 -0.00878906 0.38964844 40 230 120 2
-0.09082031 -0.01464844 0.36425781 40 230 120 2
-0.09082031 -0.01660156 0.36425781 40 230 120 2
-0.09082031 -0.01464844 0.36230469 40 230 120 2
-0.08886719 -0.01464844 0.36425781 40 230 120 2
-0.08105469 -0.00097656 0.32714844 40 230 120 2
-0.07910156 -0.00097656 0.32910156 40 230 120 2
-0.07910156 -0.00097656 0.32714844 40 230 120 2
-0.07910156 -0.00292969 0.32714844 40 230 120 2
-0.07519531 0.01855469 0.32324219 255 40 40 1
-0.07519531 0.00683594 0.34472656 40 230 120 2
-0.07324219 0.00683594 0.34277344 40 230 120 2
-0.07324219 0.00683594 0.34472656 40 230 120 2
-0.07324219 0.00878906 0.34472656 40 230 120 2
-0.08496094 -0.00292969 0.38183594 40 230 120 2
-0.08496094 -0.00097656 0.38183594 40 230 120 2
-0.08691406 -0.00292969 0.38183594 40 230 120 2
-0.08496094 -0.00292969 0.38378906 40 230 120 2
-0.14550781 0.02441406 0.33300781 40 230 120 2
-0.14550781 0.02246094 0.33300781 40 230 120 2
-0.14355469 0.02441406 0.33300781 40 230 120 2
-0.14355469 0.02246094 0.33300781 40 230 120 2
-0.14160156 0.01464844 0.37011719 40 230 120 2
-0.14160156 0.01269531 0.37011719 40 230 120 2
-0.14160156 0.01269531 0.37207031 40 230 120 2
-0.14160156 0.01464844 0.37207031 40 230 120 2
-0.13574219 0.03417969 0.36621094 40 230 120 2
-0.13574219 0.03613281 0.36425781 40 230 120 2
-0.13769531 0.03613281 0.36621094 40 230 120 2
-0.13574219 0.03613281 0.36621094 40 230 120 2
-0.13574219 0.03808594 0.32519531 40 230 120 2
-0.13574219 0.04003906 0.32714844 40 230 120 2
-0.13574219 0.03808594 0.32714844 40 230 120 2
-0.13574219 0.04003906 0.32519531 40 230 120 2
-0.12011719 0.01074219 0.29980469 40 230 120 2
-0.12207031 0.00878906 0.29980469 40 230 120 2
-0.12011719 0.00878906 0.29980469 40 230 120 2
-0.12011719 0.00878906 0.29785156 40 230 120 2
-0.09472656 -0.01269531 0.30371094 40 230 120 2
-0.09472656 -0.01269531 0.30175781 40 230 120 2
-0.09472656 -0.01074219 0.30175781 40 230 120 2
-0.09472656 -0.01074219 0.30371094 40 230 120 2
-0.11230469 -0.02636719 0.28417969 40 230 120 2
-0.11230469 -0.02636719 0.28613281 40 230 120 2
-0.11230469 -0.02441406 0.28613281 40 230 120 2
-0.11035156 -0.02636719 0.28613281 40 230 120 2
-0.13769531 -0.00292969 0.29199219 40 230 120 2
-0.13964844 -0.00488281 0.29199219 40 230 120 2
-0.13769531 -0.00488281 0.29199219 40 230 120 2
-0.13769531 -0.00488281 0.29003906 40 230 120 2
-0.07519531 0.05566406 0.31542969 40 230 120 2
-0.07519531 0.05957031 0.31542969 40 230 120 2
-0.07714844 0.05761719 0.31542969 40 230 120 2
-0.07519531 0.05761719 0.31542969 40 230 120 2
-0.09863281 0.08105469 0.32128906 40 230 120 2
-0.09667969 0.08105469 0.31933594 40 230 120 2
-0.09667969 0.07910156 0.32128906 40 230 120 2
-0.11035156 0.07714844 0.32519531 255 40 40 1
-0.09667969 0.08105469 0.32128906 40 230 120 2
-0.07910156 0.08496094 0.31542969 40 230 120 2
-0.07910156 0.08496094 0.31347656 40 230 120 2
-0.07128906 0.08300781 0.30957031 255 40 40 1
-0.08105469 0.08496094 0.31542969 40 230 120 2
-0.07910156 0.08691406 0.31542969 40 230 120 2
-0.05957031 0.06152344 0.31933594 40 230 120 2
-0.05761719 0.06152344 0.32128906 40 230 120 2
-0.05761719 0.06152344 0.31933594 40 230 120 2
-0.05957031 0.06347656 0.31933594 40 230 120 2
-0.04980469 0.07324219 0.40917969 40 230 120 2
-0.04980469 0.07519531 0.41113281 40 230 120 2
-0.04980469 0.07324219 0.41113281 40 230 120 2
-0.05175781 0.07324219 0.41113281 40 230 120 2
-0.07519531 0.08300781 0.41113281 40 230 120 2
-0.07519531 0.08300781 0.40917969 40 230 120 2
-0.07519531 0.08496094 0.41113281 40 230 120 2
-0.07519531 0.08496094 0.40917969 40 230 120 2
-0.08496094 0.06347656 0.41894531 40 230 120 2
-0.08300781 0.06542969 0.41894531 40 230 120 2
-0.08300781 0.06347656 0.41894531 40 230 120 2
-0.08300781 0.06347656 0.42089844 40 230 120 2
-0.05957031 0.05175781 0.41113281 40 230 120 2
-0.05957031 0.05371094 0.40917969 40 230 120 2
-0.05957031 0.05371094 0.41113281 40 230 120 2
-0.05957031 0.05175781 0.40917969 40 230 120 2
-0.05371094 0.04003906 0.38183594 40 230 120 2
-0.05371094 0.04003906 0.37988281 40 230 120 2
-0.05371094 0.04199219 0.38183594 40 230 120 2
-0.05371094 0.04199219 0.37988281 40 230 120 2
-0.05371094 0.04785156 0.33691406 40 230 120 2
-0.05175781 0.04785156 0.33691406 40 230 120 2
-0.05371094 0.04785156 0.33886719 40 230 120 2
-0.05175781 0.04785156 0.33886719 40 230 120 2
-0.04199219 0.05761719 0.34863281 40 230 120 2
-0.04003906 0.05957031 0.34863281 40 230 120 2
-0.04003906 0.05761719 0.34863281 40 230 120 2
-0.04199219 0.05761719 0.35058594 40 230 120 2
-0.04199219 0.05957031 0.38769531 40 230 120 2
-0.04199219 0.05957031 0.38964844 40 230 120 2
-0.04394531 0.05957031 0.38964844 40 230 120 2
-0.04394531 0.05957031 0.38769531 40 230 120 2
-0.11035156 0.08496094 0.35058594 40 230 120 2
-0.11035156 0.08496094 0.35253906 40 230 120 2
-0.11035156 0.08691406 0.35253906 40 230 120 2
-0.11230469 0.08496094 0.35253906 40 230 120 2
-0.10058594 0.08496094 0.39550781 40 230 120 2
-0.10058594 0.08300781 0.39550781 40 230 120 2
-0.09863281 0.08300781 0.39550781 40 230 120 2
-0.09863281 0.08496094 0.39550781 40 230 120 2
-0.08691406 0.10058594 0.37988281 40 230 120 2
-0.08691406 0.10253906 0.37988281 40 230 120 2
-0.08691406 0.10058594 0.38183594 40 230 120 2
-0.08496094 0.10058594 0.37988281 40 230 120 2
-0.09863281 0.09667969 0.33886719 40 230 120 2
-0.09863281 0.09863281 0.33886719 40 230 120 2
-0.09863281 0.09863281 0.34082031 40 230 120 2
-0.09863281 0.09667969 0.34082031 40 230 120 2
-0.09863281 0.06152344 0.31542969 40 230 120 2
-0.09863281 0.06152344 0.31347656 40 230 120 2
-0.09667969 0.06152344 0.31542969 40 230 120 2
-0.09667969 0.06152344 0.31347656 40 230 120 2
-0.08105469 0.04199219 0.31542969 40 230 120 2
-0.07910156 0.04199219 0.31542969 40 230 120 2
-0.07324219 0.03808594 0.31933594 40 230 120 2
-0.07324219 0.04003906 0.31933594 40 230 120 2
-0.07910156 0.04199219 0.31738281 40 230 120 2
-0.07519531 0.04003906 0.31933594 40 230 120 2
-0.07324219 0.04003906 0.32128906 40 230 120 2
-0.08886719 0.03417969 0.31152344 40 230 120 2
-0.09082031 0.03222656 0.31152344 40 230 120 2
-0.08886719 0.03222656 0.31152344 40 230 120 2
-0.09082031 0.03417969 0.31152344 40 230 120 2
-0.11425781 0.05371094 0.31738281 40 230 120 2
-0.11425781 0.05371094 0.31542969 40 230 120 2
-0.11230469 0.05371094 0.31542969 40 230 120 2
-0.11425781 0.05175781 0.31542969 40 230 120 2
-0.04980469 -0.00683594 0.20800781 40 230 120 2
-0.04785156 -0.00683594 0.20605469 40 230 120 2
-0.04980469 -0.00878906 0.20605469 40 230 120 2
-0.04980469 -0.00683594 0.20605469 40 230 120 2
0.00097656 -0.00292969 0.24316406 40 230 120 2
-0.00097656 -0.00488281 0.24316406 40 230 120 2
-0.00097656 -0.00292969 0.24316406 40 230 120 2
-0.00097656 -0.00292969 0.24511719 40 230 120 2
0.02441406 0.00488281 0.22167969 40 230 120 2
0.02636719 0.00488281 0.22167969 40 230 120 2
0.02636719 0.00488281 0.21972656 40 230 120 2
0.02636719 0.00488281 0.22363281 40 230 120 2
-0.01269531 0.00683594 0.18847656 40 230 120 2
-0.01464844 0.00683594 0.19042969 40 230 120 2
-0.01464844 0.00683594 0.18847656 40 230 120 2
-0.01269531 0.00683594 0.19042969 40 230 120 2
0.08300781 -0.03417969 0.24511719 40 230 120 2
0.08496094 -0.03417969 0.24511719 40 230 120 2
0.08496094 -0.03417969 0.24707031 40 230 120 2
0.08496094 -0.03613281 0.24511719 40 230 120 2
0.08886719 -0.01074219 0.26660156 40 230 120 2
0.08691406 -0.01074219 0.26660156 40 230 120 2
0.08691406 -0.01074219 0.26464844 40 230 120 2
0.08886719 -0.01074219 0.26464844 40 230 120 2
0.12988281 -0.03027344 0.30175781 40 230 120 2
0.12988281 -0.03222656 0.30175781 40 230 120 2
0.12792969 -0.03222656 0.30175781 40 230 120 2
0.12792969 -0.03027344 0.30175781 40 230 120 2
0.11621094 -0.05761719 0.28027344 40 230 120 2
0.11425781 -0.05761719 0.27832031 40 230 120 2
0.11425781 -0.05761719 0.28027344 40 230 120 2
0.11621094 -0.05566406 0.28027344 40 230 120 2
-0.00097656 -0.04003906 0.27441406 40 230 120 2
-0.00097656 -0.04199219 0.27246094 40 230 120 2
-0.00097656 -0.04199219 0.27441406 40 230 120 2
-0.00097656 -0.04003906 0.27246094 40 230 120 2
0.02246094 -0.07324219 0.27636719 40 230 120 2
0.02050781 -0.07324219 0.27636719 40 230 120 2
0.02050781 -0.07324219 0.27832031 40 230 120 2
0.04199219 -0.08105469 0.28613281 255 40 40 1
0.02050781 -0.07128906 0.27636719 40 230 120 2
0.06347656 -0.07714844 0.32519531 40 230 120 2
0.06347656 -0.07910156 0.32714844 40 230 120 2
0.06347656 -0.07714844 0.32714844 40 230 120 2
0.06542969 -0.07714844 0.32714844 40 230 120 2
0.04980469 -0.04199219 0.32324219 40 230 120 2
0.04785156 -0.04199219 0.32324219 40 230 120 2
0.04980469 -0.04394531 0.32324219 40 230 120 2
0.04785156 -0.04394531 0.32324219 40 230 120 2
-0.28027344 0.02832031 0.21191406 40 230 120 2
-0.28027344 0.02832031 0.21386719 40 230 120 2
-0.27832031 0.02832031 0.21191406 40 230 120 2
-0.27832031 0.02832031 0.21386719 40 230 120 2
-0.01855469 0.06933594 0.49121094 40 230 120 2
-0.01660156 0.06738281 0.49121094 40 230 120 2
-0.01660156 0.06738281 0.48925781 40 230 120 2
-0.01660156 0.06933594 0.49121094 40 230 120 2
-0.01464844 0.07324219 0.49121094 255 40 40 1
0.12011719 0.10644531 0.31933594 40 230 120 2
0.12011719 0.10644531 0.31542969 40 230 120 2
0.12011719 0.10644531 0.31738281 40 230 120 2
0.12011719 0.10839844 0.31738281 40 230 120 2
0.12792969 0.09472656 0.35253906 40 230 120 2
0.12988281 0.09277344 0.35253906 40 230 120 2
0.12792969 0.09277344 0.35253906 40 230 120 2
0.12988281 0.09472656 0.35253906 40 230 120 2
0.12597656 0.13769531 0.40722656 40 230 120 2
0.12597656 0.13769531 0.40527344 40 230 120 2
0.12792969 0.13769531 0.40527344 40 230 120 2
0.12792969 0.13769531 0.40722656 40 230 120 2
0.12792969 0.15332031 0.37207031 40 230 120 2
0.12792969 0.15332031 0.37402344 40 230 120 2
0.12988281 0.15332031 0.37207031 40 230 120 2
0.12792969 0.15527344 0.37207031 40 230 120 2
0.19042969 0.08300781 0.32519531 40 230 120 2
0.19238281 0.08300781 0.32519531 40 230 120 2
0.19238281 0.08496094 0.32519531 40 230 120 2
0.19238281 0.08300781 0.32714844 40 230 120 2
0.19433594 0.14941406 0.34277344 255 40 40 1
0.19433594 0.12792969 0.33105469 40 230 120 2
0.19433594 0.12597656 0.32910156 40 230 120 2
0.19238281 0.12792969 0.32910156 40 230 120 2
0.19433594 0.12792969 0.32910156 40 230 120 2
0.19824219 0.15332031 0.39160156 40 230 120 2
0.19628906 0.15332031 0.39355469 40 230 120 2
0.19824219 0.15332031 0.39355469 40 230 120 2
0.19824219 0.15136719 0.39355469 40 230 120 2
0.19238281 0.11230469 0.39160156 40 230 120 2
0.19238281 0.11230469 0.38964844 40 230 120 2
0.19433594 0.11230469 0.39160156 40 230 120 2
0.19433594 0.11230469 0.38964844 40 230 120 2
0.16503906 0.13183594 0.30175781 40 230 120 2
0.16503906 0.13183594 0.29980469 40 230 120 2
0.16699219 0.13183594 0.29980469 40 230 120 2
0.16699219 0.13183594 0.30175781 40 230 120 2
0.13769531 0.13964844 0.32519531 40 230 120 2
0.13574219 0.14160156 0.32519531 40 230 120 2
0.13769531 0.14160156 0.32519531 40 230 120 2
0.13574219 0.13964844 0.32519531 40 230 120 2
0.14941406 0.18066406 0.37988281 40 230 120 2
0.15136719 0.18066406 0.38183594 40 230 120 2
0.15136719 0.18066406 0.37988281 40 230 120 2
0.14941406 0.18066406 0.38183594 40 230 120 2
0.15917969 0.19628906 0.39550781 255 40 40 1
0.18261719 0.16503906 0.36230469 40 230 120 2
0.18066406 0.16503906 0.36230469 40 230 120 2
0.18261719 0.16503906 0.36035156 40 230 120 2
0.18261719 0.16308594 0.36230469 40 230 120 2
0.11621094 0.06738281 0.19433594 40 230 120 2
0.11425781 0.06933594 0.19628906 40 230 120 2
0.11425781 0.06738281 0.19433594 40 230 120 2
0.11425781 0.06933594 0.19433594 40 230 120 2
0.08691406 0.06933594 0.20996094 40 230 120 2
0.08691406 0.06933594 0.20800781 40 230 120 2
0.08886719 0.06933594 0.20996094 40 230 120 2
0.08886719 0.06933594 0.20800781 40 230 120 2
0.13378906 0.10839844 0.26269531 40 230 120 2
0.13378906 0.10644531 0.26269531 40 230 120 2
0.13183594 0.10839844 0.26269531 40 230 120 2
0.13183594 0.10644531 0.26269531 40 230 120 2
0.12207031 0.11035156 0.28613281 255 40 40 1
0.15527344 0.09277344 0.24316406 40 230 120 2
0.15527344 0.09277344 0.24511719 40 230 120 2
0.15722656 0.09277344 0.24511719 40 230 120 2
0.15722656 0.09277344 0.24316406 40 230 120 2
0.14746094 -0.00097656 0.20800781 40 230 120 2
0.14941406 -0.00097656 0.20605469 40 230 120 2
0.14746094 -0.00292969 0.20605469 40 230 120 2
0.14746094 -0.00097656 0.20605469 40 230 120 2
0.14941406 0.05566406 0.21582031 40 230 120 2
0.15136719 0.05566406 0.21582031 40 230 120 2
0.14941406 0.05761719 0.21582031 40 230 120 2
0.15136719 0.05761719 0.21582031 40 230 120 2
0.19238281 0.08105469 0.29785156 255 40 40 1
0.18066406 0.07714844 0.27441406 40 230 120 2
0.18066406 0.07910156 0.27441406 40 230 120 2
0.18261719 0.07910156 0.27441406 40 230 120 2
0.18261719 0.07714844 0.27441406 40 230 120 2
0.16699219 0.03222656 0.26855469 40 230 120 2
0.16503906 0.03222656 0.26855469 40 230 120 2
0.16699219 0.03027344 0.26855469 40 230 120 2
0.16699219 0.03222656 0.27050781 40 230 120 2
0.06152344 0.03222656 0.20019531 40 230 120 2
0.06347656 0.03417969 0.20019531 40 230 120 2
0.06347656 0.03222656 0.20019531 40 230 120 2
0.06347656 0.03222656 0.20214844 40 230 120 2
0.08886719 0.00488281 0.22558594 40 230 120 2
0.08691406 0.00488281 0.22558594 40 230 120 2
0.08691406 0.00488281 0.22753906 40 230 120 2
0.08691406 0.00683594 0.22558594 40 230 120 2
0.12402344 0.05761719 0.31347656 255 40 40 1
0.10839844 0.06152344 0.28417969 40 230 120 2
0.10839844 0.06152344 0.28222656 40 230 120 2
0.10839844 0.06347656 0.28417969 40 230 120 2
0.11035156 0.06152344 0.28417969 40 230 120 2
0.09863281 0.07519531 0.24902344 40 230 120 2
0.09863281 0.07519531 0.25097656 40 230 120 2
0.09863281 0.07714844 0.25097656 40 230 120 2
0.10058594 0.07519531 0.25097656 40 230 120 2
0.10253906 -0.03222656 0.21582031 40 230 120 2
0.10253906 -0.03222656 0.21386719 40 230 120 2
0.10644531 -0.05371094 0.20019531 255 40 40 1
0.10449219 -0.03222656 0.21386719 40 230 120 2
0.10449219 -0.03222656 0.21582031 40 230 120 2
0.13964844 -0.01660156 0.23339844 40 230 120 2
0.13964844 -0.01660156 0.23144531 40 230 120 2
0.13769531 -0.01660156 0.23144531 40 230 120 2
0.13769531 -0.01660156 0.23339844 40 230 120 2
0.15332031 0.03027344 0.29785156 40 230 120 2
0.15332031 0.03027344 0.29589844 40 230 120 2
0.15136719 0.03027344 0.29589844 40 230 120 2
0.15136719 0.03027344 0.29785156 40 230 120 2
0.11816406 0.02246094 0.27441406 40 230 120 2
0.11816406 0.02050781 0.27246094 40 230 120 2
0.11816406 0.02246094 0.27246094 40 230 120 2
0.11621094 0.02246094 0.27246094 40 230 120 2
-0.12207031 0.23730469 0.12207031 40 230 120 2
-0.12402344 0.23730469 0.12207031 40 230 120 2
-0.12207031 0.23730469 0.12011719 40 230 120 2
-0.11425781 0.25878906 0.10839844 255 40 40 1
-0.12402344 0.23730469 0.12011719 40 230 120 2
-0.12402344 0.20214844 0.13574219 40 230 120 2
-0.13378906 0.22558594 0.14160156 255 40 40 1
-0.12402344 0.20410156 0.13378906 40 230 120 2
-0.12402344 0.20214844 0.13378906 40 230 120 2
-0.12402344 0.20410156 0.13574219 40 230 120 2
-0.14355469 0.20800781 0.15722656 40 230 120 2
-0.14160156 0.20605469 0.15722656 40 230 120 2
-0.14355469 0.20605469 0.15722656 40 230 120 2
-0.14160156 0.20605469 0.15527344 40 230 120 2
-0.13183594 0.23730469 0.16113281 40 230 120 2
-0.13183594 0.23925781 0.16308594 40 230 120 2
-0.13183594 0.22558594 0.14355469 255 40 40 1
-0.13183594 0.23730469 0.16308594 40 230 120 2
-0.13378906 0.23730469 0.16308594 40 230 120 2
-0.07324219 0.26855469 -0.00292969 40 230 120 2
-0.07324219 0.26855469 -0.00097656 40 230 120 2
-0.07519531 0.26855469 -0.00097656 40 230 120 2
-0.07324219 0.27050781 -0.00097656 40 230 120 2
-0.09667969 0.24902344 0.01855469 40 230 120 2
-0.09863281 0.24902344 0.01855469 40 230 120 2
-0.09863281 0.22949219 -0.02441406 255 40 40 1
-0.09667969 0.24707031 0.01855469 40 230 120 2
-0.09667969 0.24902344 0.02050781 40 230 120 2
-0.09667969 0.26464844 0.08886719 40 230 120 2
-0.09863281 0.26269531 0.08886719 40 230 120 2
-0.09863281 0.26464844 0.08886719 40 230 120 2
-0.09863281 0.26464844 0.08691406 40 230 120 2
-0.07324219 0.27050781 0.06542969 40 230 120 2
-0.07324219 0.27050781 0.06738281 40 230 120 2
-0.07519531 0.27050781 0.06738281 40 230 120 2
-0.07324219 0.27246094 0.06738281 40 230 120 2
-0.07519531 0.17089844 0.10644531 40 230 120 2
-0.07519531 0.17089844 0.10839844 40 230 120 2
-0.07324219 0.17089844 0.10644531 40 230 120 2
-0.07519531 0.17089844 0.10449219 40 230 120 2
-0.03027344 0.18066406 0.12597656 40 230 120 2
-0.03027344 0.18066406 0.12402344 40 230 120 2
-0.03027344 0.18066406 0.12207031 40 230 120 2
-0.03222656 0.18066406 0.12402344 40 230 120 2
-0.06542969 0.16894531 0.14160156 40 230 120 2
-0.06738281 0.16894531 0.14160156 40 230 120 2
-0.06738281 0.16894531 0.13964844 40 230 120 2
-0.06542969 0.16894531 0.13964844 40 230 120 2
-0.09472656 0.18652344 0.11425781 40 230 120 2
-0.09277344 0.18457031 0.11425781 40 230 120 2
-0.09472656 0.18457031 0.11425781 40 230 120 2
-0.09472656 0.18457031 0.11230469 40 230 120 2
-0.10644531 0.21582031 0.02246094 40 230 120 2
-0.10644531 0.21582031 0.02050781 40 230 120 2
-0.10644531 0.21386719 0.02246094 40 230 120 2
-0.10644531 0.21777344 0.02246094 40 230 120 2
-0.10839844 0.19042969 0.08300781 40 230 120 2
-0.10839844 0.19238281 0.08300781 40 230 120 2
-0.10839844 0.19042969 0.08105469 40 230 120 2
-0.10839844 0.19238281 0.08105469 40 230 120 2
-0.11621094 0.21386719 0.09863281 40 230 120 2
-0.11621094 0.21386719 0.10058594 40 230 120 2
-0.11425781 0.21386719 0.09863281 40 230 120 2
-0.11425781 0.21386719 0.10058594 40 230 120 2
-0.11035156 0.24121094 0.07324219 40 230 120 2
-0.11035156 0.24121094 0.07128906 40 230 120 2
-0.11035156 0.24316406 0.07128906 40 230 120 2
-0.11035156 0.24316406 0.07324219 40 230 120 2
-0.12011719 0.20605469 0.23730469 40 230 120 2
-0.12207031 0.20410156 0.23730469 40 230 120 2
-0.12207031 0.20605469 0.23730469 40 230 120 2
-0.12207031 0.20605469 0.23535156 40 230 120 2
-0.13964844 0.15527344 0.17871094 40 230 120 2
-0.14160156 0.15722656 0.17871094 40 230 120 2
-0.13964844 0.15722656 0.17871094 40 230 120 2
-0.13964844 0.15722656 0.17675781 40 230 120 2
-0.14550781 0.17871094 0.15917969 255 40 40 1
-0.14355469 0.13964844 0.27246094 40 230 120 2
-0.14355469 0.13769531 0.27246094 40 230 120 2
-0.14550781 0.13769531 0.27246094 40 230 120 2
-0.14550781 0.13964844 0.27246094 40 230 120 2
-0.13769531 0.12402344 0.24121094 40 230 120 2
-0.13769531 0.12402344 0.24316406 40 230 120 2
-0.13769531 0.12207031 0.24316406 40 230 120 2
-0.13574219 0.12402344 0.24316406 40 230 120 2
-0.09863281 0.15917969 0.23925781 40 230 120 2
-0.09863281 0.18847656 0.24316406 255 40 40 1
-0.09863281 0.15917969 0.24121094 40 230 120 2
-0.09863281 0.16113281 0.23925781 40 230 120 2
-0.09863281 0.16113281 0.24121094 40 230 120 2
-0.09472656 0.13378906 0.21972656 40 230 120 2
-0.09667969 0.13378906 0.21972656 40 230 120 2
-0.09667969 0.13183594 0.21972656 40 230 120 2
-0.09667969 0.13378906 0.22167969 40 230 120 2
-0.08300781 0.11816406 0.24121094 40 230 120 2
-0.08496094 0.11816406 0.24316406 40 230 120 2
-0.08496094 0.12011719 0.24121094 40 230 120 2
-0.08496094 0.11816406 0.24121094 40 230 120 2
-0.07714844 0.14941406 0.25683594 40 230 120 2
-0.07714844 0.14746094 0.25878906 40 230 120 2
-0.07910156 0.14746094 0.25683594 40 230 120 2
-0.07714844 0.14746094 0.25683594 40 230 120 2
-0.10449219 0.16503906 0.15722656 255 40 40 1
-0.09863281 0.17675781 0.13964844 40 230 120 2
-0.09863281 0.17871094 0.13964844 40 230 120 2
-0.10058594 0.17871094 0.13964844 40 230 120 2
-0.10058594 0.17675781 0.13964844 40 230 120 2
-0.07910156 0.15722656 0.16503906 40 230 120 2
-0.07714844 0.15722656 0.16503906 40 230 120 2
-0.07910156 0.15917969 0.16503906 40 230 120 2
-0.07910156 0.15722656 0.16699219 40 230 120 2
-0.11230469 0.15332031 0.18066406 40 230 120 2
-0.11230469 0.15332031 0.17871094 40 230 120 2
-0.11425781 0.15332031 0.18066406 40 230 120 2
-0.11230469 0.15136719 0.18066406 40 230 120 2
-0.12597656 0.17871094 0.15332031 40 230 120 2
-0.12402344 0.17871094 0.15332031 40 230 120 2
-0.12402344 0.17871094 0.15136719 40 230 120 2
-0.12597656 0.17871094 0.15136719 40 230 120 2
-0.09082031 0.25097656 0.17480469 255 40 40 1
-0.06347656 0.24511719 0.15917969 40 230 120 2
-0.06347656 0.24316406 0.16113281 40 230 120 2
-0.06542969 0.24316406 0.15917969 40 230 120 2
-0.06347656 0.24316406 0.15917969 40 230 120 2
-0.08496094 0.25878906 0.13378906 40 230 120 2
-0.08496094 0.26074219 0.13378906 40 230 120 2
-0.08496094 0.26074219 0.13183594 40 230 120 2
-0.08496094 0.25878906 0.13183594 40 230 120 2
-0.11035156 0.25488281 0.14550781 40 230 120 2
-0.11035156 0.25292969 0.14550781 40 230 120 2
-0.11035156 0.25292969 0.14746094 40 230 120 2
-0.10839844 0.25292969 0.14550781 40 230 120 2
-0.11816406 0.23730469 0.19433594 40 230 120 2
-0.11621094 0.23730469 0.19433594 40 230 120 2
-0.11621094 0.23730469 0.19238281 40 230 120 2
-0.11621094 0.23730469 0.19628906 40 230 120 2
-0.08691406 0.21972656 0.21191406 40 230 120 2
-0.08691406 0.21972656 0.20996094 40 230 120 2
-0.08886719 0.21972656 0.20996094 40 230 120 2
-0.08691406 0.21972656 0.20800781 40 230 120 2
-0.17871094 0.16503906 0.28222656 40 230 120 2
-0.18066406 0.16699219 0.28222656 40 230 120 2
-0.18066406 0.16308594 0.28222656 40 230 120 2
-0.18066406 0.16503906 0.28222656 40 230 120 2
-0.20800781 0.17285156 0.26074219 40 230 120 2
-0.20605469 0.17285156 0.26074219 40 230 120 2
-0.20605469 0.17480469 0.26074219 40 230 120 2
-0.20605469 0.17285156 0.26269531 40 230 120 2
-0.22753906 0.15136719 0.28222656 40 230 120 2
-0.22753906 0.15332031 0.28222656 40 230 120 2
-0.22949219 0.15136719 0.28222656 40 230 120 2
-0.22949219 0.15332031 0.28222656 40 230 120 2
-0.20019531 0.13964844 0.30175781 40 230 120 2
-0.19824219 0.13964844 0.30175781 40 230 120 2
-0.20996094 0.11816406 0.31347656 255 40 40 1
-0.20019531 0.13769531 0.30175781 40 230 120 2
-0.19824219 0.13769531 0.30175781 40 230 120 2
-0.15136719 0.21582031 0.21972656 40 230 120 2
-0.15136719 0.21777344 0.21972656 40 230 120 2
-0.15332031 0.21777344 0.21972656 40 230 120 2
-0.15332031 0.21582031 0.21972656 40 230 120 2
-0.15722656 0.11816406 0.21972656 40 230 120 2
-0.15722656 0.11816406 0.22167969 40 230 120 2
-0.15722656 0.12011719 0.21972656 40 230 120 2
-0.15917969 0.11816406 0.21972656 40 230 120 2
-0.16894531 0.14355469 0.19042969 40 230 120 2
-0.16894531 0.14355469 0.19238281 40 230 120 2
-0.16699219 0.14355469 0.19042969 40 230 120 2
-0.16699219 0.14355469 0.19238281 40 230 120 2
-0.12011719 0.16699219 0.25488281 40 230 120 2
-0.11816406 0.16699219 0.25292969 40 230 120 2
-0.11816406 0.16699219 0.25488281 40 230 120 2
-0.11816406 0.16894531 0.25488281 40 230 120 2
-0.10839844 0.15136719 0.23535156 255 40 40 1
-0.11230469 0.14160156 0.23144531 40 230 120 2
-0.11230469 0.14355469 0.23144531 40 230 120 2
-0.11425781 0.14355469 0.23144531 40 230 120 2
-0.11425781 0.14160156 0.23144531 40 230 120 2
-0.17285156 0.19042969 0.25292969 40 230 120 2
-0.17480469 0.19042969 0.25292969 40 230 120 2
-0.17480469 0.19042969 0.25488281 40 230 120 2
-0.17285156 0.19042969 0.25488281 40 230 120 2
-0.14746094 0.17675781 0.26855469 40 230 120 2
-0.14550781 0.17675781 0.26855469 40 230 120 2
-0.14550781 0.17675781 0.26660156 40 230 120 2
-0.14550781 0.17480469 0.26855469 40 230 120 2
-0.12988281 0.13183594 0.20800781 40 230 120 2
-0.12988281 0.12988281 0.20996094 40 230 120 2
-0.12988281 0.13183594 0.20996094 40 230 120 2
-0.12792969 0.13183594 0.20996094 40 230 120 2
-0.15527344 0.21386719 0.18261719 40 230 120 2
-0.15527344 0.21191406 0.18261719 40 230 120 2
-0.15332031 0.21386719 0.18261719 40 230 120 2
-0.15527344 0.21386719 0.18457031 40 230 120 2
-0.18652344 0.16503906 0.20019531 40 230 120 2
-0.18652344 0.16699219 0.20019531 40 230 120 2
-0.18847656 0.16503906 0.20019531 40 230 120 2
-0.18847656 0.16699219 0.20019531 40 230 120 2
-0.17675781 0.19824219 0.21582031 40 230 120 2
-0.17871094 0.19824219 0.21582031 40 230 120 2
-0.17675781 0.19824219 0.21777344 40 230 120 2
-0.17871094 0.19824219 0.21777344 40 230 120 2
-0.15917969 -0.07519531 0.46191406 255 40 40 1
-0.16503906 -0.06738281 0.46386719 40 230 120 2
-0.16308594 -0.06933594 0.46386719 40 230 120 2
-0.16308594 -0.06738281 0.46386719 40 230 120 2
-0.16308594 -0.06738281 0.46191406 40 230 120 2
-0.29394531 0.03613281 0.18652344 40 230 120 2
-0.29394531 0.03613281 0.18457031 40 230 120 2
-0.29589844 0.03613281 0.18457031 40 230 120 2
-0.29394531 0.03417969 0.18457031 40 230 120 2
-0.20410156 0.16894531 0.22558594 40 230 120 2
-0.20410156 0.16894531 0.22753906 40 230 120 2
-0.20410156 0.16699219 0.22558594 40 230 120 2
-0.20605469 0.16894531 0.22558594 40 230 120 2
-0.20800781 0.13378906 0.21191406 40 230 120 2
-0.20800781 0.13378906 0.20996094 40 230 120 2
-0.20605469 0.13378906 0.21191406 40 230 120 2
-0.20800781 0.13574219 0.21191406 40 230 120 2
-0.23535156 0.12597656 0.22558594 40 230 120 2
-0.23535156 0.12402344 0.22558594 40 230 120 2
-0.23730469 0.12402344 0.22558594 40 230 120 2
-0.23730469 0.12597656 0.22558594 40 230 120 2
-0.23144531 0.15527344 0.24902344 40 230 120 2
-0.23144531 0.15722656 0.24707031 40 230 120 2
-0.23144531 0.15722656 0.24902344 40 230 120 2
-0.23144531 0.15527344 0.24707031 40 230 120 2
-0.15917969 0.11230469 0.26855469 40 230 120 2
-0.15722656 0.11230469 0.27050781 40 230 120 2
-0.15917969 0.11425781 0.27050781 40 230 120 2
-0.15917969 0.11230469 0.27050781 40 230 120 2
-0.17089844 0.13378906 0.29394531 40 230 120 2
-0.17089844 0.13183594 0.29199219 40 230 120 2
-0.17089844 0.13183594 0.29394531 40 230 120 2
-0.17285156 0.13183594 0.29394531 40 230 120 2
-0.19238281 0.10449219 0.30175781 40 230 120 2
-0.19433594 0.10449219 0.30175781 40 230 120 2
-0.19433594 0.10644531 0.30175781 40 230 120 2
-0.19238281 0.10644531 0.30175781 40 230 120 2
-0.18066406 0.09082031 0.27246094 40 230 120 2
-0.18261719 0.08886719 0.27246094 40 230 120 2
-0.18261719 0.09082031 0.27246094 40 230 120 2
-0.17675781 0.09277344 0.26074219 255 40 40 1
-0.18261719 0.09082031 0.27441406 40 230 120 2
-0.18261719 0.11621094 0.21582031 40 230 120 2
-0.18261719 0.11621094 0.21386719 40 230 120 2
-0.18457031 0.11425781 0.21386719 40 230 120 2
-0.18457031 0.11621094 0.21386719 40 230 120 2
-0.17285156 0.09667969 0.24511719 40 230 120 2
-0.17285156 0.09863281 0.24511719 40 230 120 2
-0.17480469 0.09667969 0.24511719 40 230 120 2
-0.17480469 0.09863281 0.24511719 40 230 120 2
-0.17675781 0.09277344 0.25878906 255 40 40 1
-0.20214844 0.08300781 0.24511719 40 230 120 2
-0.20019531 0.08300781 0.24511719 40 230 120 2
-0.20214844 0.08105469 0.24511719 40 230 120 2
-0.20019531 0.08105469 0.24511719 40 230 120 2
-0.21386719 0.10449219 0.21972656 40 230 120 2
-0.21191406 0.10253906 0.21972656 40 230 120 2
-0.21191406 0.10449219 0.21972656 40 230 120 2
-0.21386719 0.10253906 0.21972656 40 230 120 2
-0.06738281 0.11230469 0.27050781 40 230 120 2
-0.06738281 0.11035156 0.27050781 40 230 120 2
-0.06738281 0.11035156 0.26855469 40 230 120 2
-0.06542969 0.11035156 0.27050781 40 230 120 2
-0.06542969 0.08105469 0.25097656 40 230 120 2
-0.06542969 0.08105469 0.24902344 40 230 120 2
-0.06542969 0.07910156 0.25097656 40 230 120 2
-0.06738281 0.08105469 0.25097656 40 230 120 2
-0.03808594 0.04785156 0.28417969 40 230 120 2
-0.03808594 0.04980469 0.28417969 40 230 120 2
-0.04003906 0.04980469 0.28417969 40 230 120 2
-0.03808594 0.04980469 0.28613281 40 230 120 2
-0.03417969 0.08300781 0.29785156 40 230 120 2
-0.03417969 0.08300781 0.29980469 40 230 120 2
-0.03613281 0.08300781 0.29785156 40 230 120 2
-0.03417969 0.08105469 0.29785156 40 230 120 2
-0.03808594 0.17285156 0.17089844 40 230 120 2
-0.03808594 0.17480469 0.17089844 40 230 120 2
-0.03613281 0.17480469 0.17089844 40 230 120 2
-0.03613281 0.17285156 0.17089844 40 230 120 2
-0.03417969 0.19628906 0.19042969 40 230 120 2
-0.03222656 0.19433594 0.19042969 40 230 120 2
-0.03417969 0.19433594 0.19042969 40 230 120 2
-0.03222656 0.19628906 0.19042969 40 230 120 2
-0.01660156 0.15332031 0.21582031 40 230 120 2
-0.01855469 0.15332031 0.21582031 40 230 120 2
-0.01269531 0.13574219 0.21386719 255 40 40 1
-0.01660156 0.15136719 0.21582031 40 230 120 2
-0.01855469 0.15136719 0.21582031 40 230 120 2
-0.03417969 0.14160156 0.19238281 40 230 120 2
-0.03613281 0.14160156 0.19238281 40 230 120 2
-0.03613281 0.13964844 0.19238281 40 230 120 2
-0.03417969 0.13964844 0.19238281 40 230 120 2
-0.05371094 0.20996094 0.20605469 40 230 120 2
-0.05566406 0.21191406 0.20605469 40 230 120 2
-0.05371094 0.21191406 0.20605469 40 230 120 2
-0.05371094 0.21191406 0.20800781 40 230 120 2
-0.07910156 0.18066406 0.24707031 40 230 120 2
-0.07714844 0.18261719 0.24707031 40 230 120 2
-0.07714844 0.18066406 0.24707031 40 230 120 2
-0.07519531 0.18066406 0.24707031 40 230 120 2
-0.03417969 0.15332031 0.26464844 255 40 40 1
-0.04980469 0.15917969 0.26269531 40 230 120 2
-0.04980469 0.15917969 0.26074219 40 230 120 2
-0.04980469 0.16113281 0.26074219 40 230 120 2
-0.04785156 0.15917969 0.26074219 40 230 120 2
-0.05175781 0.18652344 0.23925781 255 40 40 1
-0.03027344 0.17675781 0.22949219 40 230 120 2
-0.03027344 0.17675781 0.23144531 40 230 120 2
-0.03027344 0.17871094 0.23144531 40 230 120 2
-0.03222656 0.17675781 0.23144531 40 230 120 2
-0.08496094 0.13769531 0.19238281 40 230 120 2
-0.08496094 0.13574219 0.19238281 40 230 120 2
-0.08691406 0.13574219 0.19238281 40 230 120 2
-0.08691406 0.13769531 0.19238281 40 230 120 2
-0.05566406 0.14355469 0.17871094 40 230 120 2
-0.05371094 0.14355469 0.18066406 40 230 120 2
-0.05371094 0.14355469 0.17871094 40 230 120 2
-0.05371094 0.14160156 0.17871094 40 230 120 2
-0.05371094 0.11230469 0.19824219 40 230 120 2
-0.05175781 0.11230469 0.20019531 40 230 120 2
-0.05371094 0.11230469 0.20019531 40 230 120 2
-0.05175781 0.11230469 0.19824219 40 230 120 2
-0.08105469 0.11816406 0.21191406 40 230 120 2
-0.07910156 0.11621094 0.21191406 40 230 120 2
-0.07910156 0.11816406 0.21191406 40 230 120 2
-0.08105469 0.11621094 0.21191406 40 230 120 2
0.03808594 0.07714844 0.30957031 40 230 120 2
0.03613281 0.07714844 0.30761719 40 230 120 2
0.03613281 0.07714844 0.30957031 40 230 120 2
0.03613281 0.07519531 0.30957031 40 230 120 2
0.04589844 0.06347656 0.33105469 255 40 40 1
0.01855469 0.06152344 0.33300781 40 230 120 2
0.02050781 0.06152344 0.33105469 40 230 120 2
0.02050781 0.05175781 0.34277344 255 40 40 1
0.02050781 0.06152344 0.33300781 40 230 120 2
0.01855469 0.06152344 0.33105469 40 230 120 2
0.05566406 0.05566406 0.35253906 40 230 120 2
0.05761719 0.05371094 0.35253906 40 230 120 2
0.05566406 0.05371094 0.35253906 40 230 120 2
0.05761719 0.05566406 0.35253906 40 230 120 2
0.06933594 0.06347656 0.32519531 40 230 120 2
0.07128906 0.06152344 0.32519531 40 230 120 2
0.07128906 0.06347656 0.32714844 40 230 120 2
0.07128906 0.06347656 0.32519531 40 230 120 2
-0.01660156 0.14160156 0.26269531 40 230 120 2
-0.01660156 0.14160156 0.26464844 40 230 120 2
-0.01660156 0.14355469 0.26464844 40 230 120 2
-0.01855469 0.14160156 0.26464844 40 230 120 2
-0.03613281 0.11816406 0.28808594 40 230 120 2
-0.03613281 0.11621094 0.28808594 40 230 120 2
-0.03417969 0.11816406 0.28808594 40 230 120 2
-0.03613281 0.11816406 0.28613281 40 230 120 2
0.00292969 0.08886719 0.30566406 40 230 120 2
0.00097656 0.08886719 0.30761719 40 230 120 2
0.00292969 0.08886719 0.30761719 40 230 120 2
0.00097656 0.08886719 0.30566406 40 230 120 2
0.01660156 0.10449219 0.27832031 40 230 120 2
0.01464844 0.10449219 0.27832031 40 230 120 2
0.01660156 0.10644531 0.27832031 40 230 120 2
-0.00488281 0.11621094 0.28808594 255 40 40 1
0.01660156 0.10449219 0.28027344 40 230 120 2
-0.01074219 0.11621094 0.21582031 40 230 120 2
-0.01269531 0.13378906 0.21386719 255 40 40 1
-0.01074219 0.11425781 0.21582031 40 230 120 2
-0.01074219 0.11425781 0.21777344 40 230 120 2
-0.01074219 0.11621094 0.21777344 40 230 120 2
0.00488281 0.12207031 0.24707031 40 230 120 2
0.00488281 0.12402344 0.24707031 40 230 120 2
0.00488281 0.12207031 0.24511719 40 230 120 2
0.00488281 0.12402344 0.24511719 40 230 120 2
0.03027344 0.08105469 0.26269531 40 230 120 2
0.03027344 0.07910156 0.26269531 40 230 120 2
0.03027344 0.08105469 0.26074219 40 230 120 2
0.03027344 0.07910156 0.26074219 40 230 120 2
0.00878906 0.06738281 0.23339844 40 230 120 2
0.00878906 0.06933594 0.23339844 40 230 120 2
0.00683594 0.06738281 0.23339844 40 230 120 2
0.00683594 0.06933594 0.23339844 40 230 120 2
-0.05957031 0.08691406 0.21777344 40 230 120 2
-0.05957031 0.09863281 0.20410156 255 40 40 1
-0.05957031 0.09863281 0.20605469 255 40 40 1
-0.05761719 0.08691406 0.21777344 40 230 120 2
-0.05957031 0.08496094 0.21777344 40 230 120 2
-0.05957031 0.08691406 0.21972656 40 230 120 2
-0.02441406 0.08300781 0.21386719 40 230 120 2
-0.02636719 0.08300781 0.21386719 40 230 120 2
-0.02636719 0.08105469 0.21386719 40 230 120 2
-0.02441406 0.08105469 0.21386719 40 230 120 2
-0.00683594 0.03808594 0.23925781 40 230 120 2
-0.00878906 0.03808594 0.23925781 40 230 120 2
-0.00683594 0.03808594 0.23730469 40 230 120 2
-0.00878906 0.03808594 0.23730469 40 230 120 2
-0.04394531 0.04785156 0.24707031 40 230 120 2
-0.05761719 0.06152344 0.24707031 255 40 40 1
-0.04199219 0.04980469 0.24707031 40 230 120 2
-0.04199219 0.04785156 0.24707031 40 230 120 2
-0.04199219 0.04785156 0.24902344 40 230 120 2
0.07519531 -0.01464844 0.33886719 40 230 120 2
0.07324219 -0.01464844 0.33886719 40 230 120 2
0.07519531 -0.01660156 0.33886719 40 230 120 2
0.07519531 -0.01464844 0.34082031 40 230 120 2
0.11035156 -0.00488281 0.33886719 40 230 120 2
0.10839844 -0.00488281 0.33886719 40 230 120 2
0.11035156 -0.00683594 0.33886719 40 230 120 2
0.11035156 -0.00488281 0.34082031 40 230 120 2
0.13964844 -0.01269531 0.37792969 40 230 120 2
0.14550781 -0.02050781 0.38964844 255 40 40 1
0.14746094 -0.02050781 0.39160156 255 40 40 1
0.14160156 -0.01269531 0.37597656 40 230 120 2
0.13964844 -0.01464844 0.37597656 40 230 120 2
0.13964844 -0.01269531 0.37597656 40 230 120 2
0.10253906 -0.01855469 0.38183594 40 230 120 2
0.10253906 -0.01855469 0.37988281 40 230 120 2
0.10449219 -0.01855469 0.37988281 40 230 120 2
0.10449219 -0.01855469 0.38183594 40 230 120 2
0.04394531 0.04785156 0.26269531 40 230 120 2
0.04394531 0.04785156 0.26464844 40 230 120 2
0.04394531 0.04589844 0.26269531 40 230 120 2
0.04394531 0.04589844 0.26464844 40 230 120 2
0.06152344 0.06347656 0.29394531 40 230 120 2
0.05957031 0.06347656 0.29589844 40 230 120 2
0.05957031 0.06347656 0.29394531 40 230 120 2
0.06152344 0.06347656 0.29589844 40 230 120 2
0.09082031 0.04394531 0.31347656 40 230 120 2
0.09082031 0.04394531 0.31542969 40 230 120 2
0.08886719 0.04394531 0.31347656 40 230 120 2
0.09082031 0.04589844 0.31347656 40 230 120 2
0.07324219 0.01855469 0.29199219 40 230 120 2
0.07324219 0.02050781 0.29199219 40 230 120 2
0.07519531 0.01855469 0.29199219 40 230 120 2
0.07519531 0.02050781 0.29199219 40 230 120 2
-0.03027344 0.02246094 0.27441406 255 40 40 1
-0.00292969 0.01269531 0.26855469 40 230 120 2
-0.00292969 0.01269531 0.27050781 40 230 120 2
-0.00097656 0.01269531 0.26855469 40 230 120 2
-0.00488281 0.01269531 0.26855469 40 230 120 2
-0.02832031 0.02441406 0.27441406 255 40 40 1
0.03613281 0.01269531 0.26855469 40 230 120 2
0.03613281 0.01464844 0.26855469 40 230 120 2
0.03613281 0.01464844 0.26660156 40 230 120 2
0.03417969 0.01464844 0.26855469 40 230 120 2
0.06542969 -0.00683594 0.30566406 40 230 120 2
0.06347656 -0.00683594 0.30566406 40 230 120 2
0.06542969 -0.00488281 0.30566406 40 230 120 2
0.06347656 -0.00488281 0.30566406 40 230 120 2
0.02636719 -0.00488281 0.30957031 40 230 120 2
0.02636719 -0.00683594 0.30957031 40 230 120 2
0.02832031 -0.00683594 0.30957031 40 230 120 2
0.02832031 -0.00683594 0.31152344 40 230 120 2
-0.01074219 0.04394531 0.31738281 40 230 120 2
-0.01074219 0.04394531 0.31933594 40 230 120 2
-0.01074219 0.04589844 0.31933594 40 230 120 2
-0.01074219 0.04589844 0.31738281 40 230 120 2
-0.00488281 0.01464844 0.30371094 40 230 120 2
-0.00683594 0.01464844 0.30371094 40 230 120 2
-0.00683594 0.01660156 0.30371094 40 230 120 2
-0.00683594 0.01464844 0.30566406 40 230 120 2
0.03027344 0.00683594 0.34472656 40 230 120 2
0.02832031 0.00683594 0.34472656 40 230 120 2
0.03027344 0.00683594 0.34277344 40 230 120 2
0.03027344 0.00878906 0.34472656 40 230 120 2
0.02441406 0.03808594 0.34667969 40 230 120 2
0.02441406 0.03613281 0.34667969 40 230 120 2
0.02441406 0.03613281 0.34863281 40 230 120 2
0.02441406 0.03808594 0.34863281 40 230 120 2
0.19433594 0.16503906 0.41113281 40 230 120 2
0.19433594 0.16503906 0.41308594 40 230 120 2
0.19433594 0.16308594 0.41308594 40 230 120 2
0.19433594 0.16308594 0.41113281 40 230 120 2
-0.14746094 -0.07714844 0.46386719 40 230 120 2
-0.14941406 -0.07519531 0.46386719 40 230 120 2
-0.14941406 -0.07714844 0.46386719 40 230 120 2
-0.14746094 -0.07519531 0.46386719 40 230 120 2
0.05371094 0.02050781 0.37402344 40 230 120 2
0.05371094 0.02050781 0.37207031 40 230 120 2
0.05371094 0.01855469 0.37402344 40 230 120 2
0.05566406 0.02050781 0.37402344 40 230 120 2
0.06933594 -0.00683594 0.36816406 40 230 120 2
0.06738281 -0.00683594 0.36816406 40 230 120 2
0.06933594 -0.00683594 0.37011719 40 230 120 2
0.06738281 -0.00683594 0.37011719 40 230 120 2
0.10839844 0.00292969 0.42675781 255 40 40 1
0.10253906 -0.00292969 0.41113281 40 230 120 2
0.10058594 -0.00292969 0.41113281 40 230 120 2
0.10058594 -0.00292969 0.40917969 40 230 120 2
0.11816406 -0.01855469 0.41113281 255 40 40 1
0.10253906 -0.00292969 0.40917969 40 230 120 2
0.08886719 0.02832031 0.40917969 40 230 120 2
0.08886719 0.02636719 0.40917969 40 230 120 2
0.08886719 0.02636719 0.40722656 40 230 120 2
0.08886719 0.02832031 0.40722656 40 230 120 2
0.09082031 0.05761719 0.35644531 40 230 120 2
0.09082031 0.05761719 0.35839844 40 230 120 2
0.09277344 0.05761719 0.35839844 40 230 120 2
0.09082031 0.05761719 0.36035156 40 230 120 2
0.07714844 0.04589844 0.38378906 40 230 120 2
0.07714844 0.04394531 0.38378906 40 230 120 2
0.07714844 0.04394531 0.38574219 40 230 120 2
0.07910156 0.04394531 0.38378906 40 230 120 2
0.11621094 0.04980469 0.41113281 40 230 120 2
0.11621094 0.04980469 0.41308594 40 230 120 2
0.11621094 0.05175781 0.41113281 40 230 120 2
0.11621094 0.05175781 0.41308594 40 230 120 2
0.13183594 0.05761719 0.37988281 40 230 120 2
0.12988281 0.05761719 0.38183594 40 230 120 2
0.12988281 0.05761719 0.37988281 40 230 120 2
0.13183594 0.05761719 0.38183594 40 230 120 2
0.11035156 0.02246094 0.32519531 40 230 120 2
0.11035156 0.02050781 0.32714844 40 230 120 2
0.11035156 0.02246094 0.32714844 40 230 120 2
0.11230469 0.02246094 0.32714844 40 230 120 2
0.12011719 0.04785156 0.34863281 40 230 120 2
0.12011719 0.04785156 0.35058594 40 230 120 2
0.12011719 0.04980469 0.34863281 40 230 120 2
0.12011719 0.04980469 0.35058594 40 230 120 2
0.17285156 0.03417969 0.37988281 255 40 40 1
0.15722656 0.04199219 0.37597656 40 230 120 2
0.15527344 0.04199219 0.37402344 40 230 120 2
0.17089844 0.03417969 0.37988281 255 40 40 1
0.16113281 0.06152344 0.39355469 255 40 40 1
0.15527344 0.04199219 0.37597656 40 230 120 2
0.15722656 0.04199219 0.37402344 40 230 120 2
0.14550781 0.01074219 0.35839844 40 230 120 2
0.14355469 0.00878906 0.35839844 40 230 120 2
0.14355469 0.01074219 0.35839844 40 230 120 2
0.14355469 0.01074219 0.36035156 40 230 120 2
-0.22949219 0.14355469 0.27246094 40 230 120 2
-0.23925781 0.13769531 0.26660156 255 40 40 1
-0.22949219 0.14355469 0.27050781 40 230 120 2
-0.23144531 0.14355469 0.27246094 40 230 120 2
-0.22949219 0.14160156 0.27246094 40 230 120 2
0.09082031 -0.25683594 0.19042969 40 230 120 2
0.09082031 -0.25683594 0.19238281 40 230 120 2
0.09082031 -0.25488281 0.19042969 40 230 120 2
0.09277344 -0.25683594 0.19042969 40 230 120 2
-0.25683594 0.05957031 0.21972656 255 40 40 1
-0.24707031 0.06152344 0.20605469 40 230 120 2
-0.24707031 0.06152344 0.20410156 40 230 120 2
-0.24707031 0.05957031 0.20605469 40 230 120 2
-0.24902344 0.06152344 0.20605469 40 230 120 2
-0.20800781 0.12792969 0.29785156 40 230 120 2
-0.20996094 0.12792969 0.29785156 40 230 120 2
-0.20996094 0.12792969 0.29589844 40 230 120 2
-0.20996094 0.12988281 0.29785156 40 230 120 2
0.00878906 0.05566406 0.47363281 255 40 40 1
-0.00683594 0.06152344 0.47363281 40 230 120 2
-0.00488281 0.05957031 0.47363281 40 230 120 2
-0.00488281 0.06152344 0.47363281 40 230 120 2
-0.00488281 0.06152344 0.47558594 40 230 120 2
-0.25683594 0.04003906 0.20996094 40 230 120 2
-0.25683594 0.04199219 0.20996094 40 230 120 2
-0.25683594 0.04199219 0.20800781 40 230 120 2
-0.25683594 0.04003906 0.20800781 40 230 120 2
0.09277344 -0.04199219 0.33496094 40 230 120 2
0.09277344 -0.04199219 0.33691406 40 230 120 2
0.09277344 -0.04394531 0.33691406 40 230 120 2
0.09082031 -0.04199219 0.33691406 40 230 120 2
-0.01464844 0.07128906 0.48339844 40 230 120 2
-0.01660156 0.07128906 0.48144531 40 230 120 2
-0.01660156 0.07324219 0.48339844 40 230 120 2
-0.01660156 0.07128906 0.48339844 40 230 120 2
-0.20019531 0.08886719 0.25097656 40 230 120 2
-0.20214844 0.09082031 0.25097656 40 230 120 2
-0.21386719 0.08496094 0.24902344 255 40 40 1
-0.20019531 0.09082031 0.25097656 40 230 120 2
-0.20214844 0.08886719 0.25097656 40 230 120 2
0.11425781 -0.02636719 0.30566406 255 40 40 1
0.12597656 -0.03613281 0.32910156 255 40 40 1
0.12402344 -0.03613281 0.32714844 255 40 40 1
0.11425781 -0.03222656 0.32324219 40 230 120 2
0.11621094 -0.03417969 0.32324219 40 230 120 2
0.11621094 -0.03222656 0.32324219 40 230 120 2
0.11425781 -0.03417969 0.32324219 40 230 120 2
0.12402344 -0.03613281 0.32910156 255 40 40 1
-0.27050781 0.03222656 0.19433594 40 230 120 2
-0.27246094 0.03222656 0.19628906 40 230 120 2
-0.27050781 0.03222656 0.19824219 40 230 120 2
-0.27050781 0.03222656 0.19628906 40 230 120 2
-0.21777344 0.09863281 0.23339844 40 230 120 2
-0.21777344 0.10058594 0.23144531 40 230 120 2
-0.21972656 0.10058594 0.23339844 40 230 120 2
-0.21777344 0.10058594 0.23339844 40 230 120 2
-0.07519531 0.00488281 0.48144531 40 230 120 2
-0.07714844 0.00488281 0.48144531 40 230 120 2
-0.07714844 0.00488281 0.48339844 40 230 120 2
-0.07519531 0.00488281 0.48339844 40 230 120 2
-0.28417969 0.03613281 0.18066406 40 230 120 2
-0.28613281 0.03613281 0.17871094 40 230 120 2
-0.28613281 0.03808594 0.17871094 40 230 120 2
-0.28417969 0.03613281 0.17871094 40 230 120 2
0.09082031 -0.06933594 0.33886719 255 40 40 1
0.08691406 -0.07128906 0.32910156 40 230 120 2
0.08496094 -0.07324219 0.32910156 40 230 120 2
0.08691406 -0.07324219 0.32714844 40 230 120 2
0.08691406 -0.07324219 0.32910156 40 230 120 2
-0.08691406 -0.00292969 0.48144531 40 230 120 2
-0.08691406 -0.00292969 0.47949219 40 230 120 2
-0.08691406 -0.00488281 0.47949219 40 230 120 2
-0.08691406 -0.00488281 0.48144531 40 230 120 2
-0.22949219 0.12207031 0.23730469 40 230 120 2
-0.22949219 0.12207031 0.23535156 40 230 120 2
-0.22949219 0.12402344 0.23535156 40 230 120 2
-0.22949219 0.12402344 0.23730469 40 230 120 2
0.08691406 -0.05371094 0.33691406 40 230 120 2
0.08691406 -0.05371094 0.33886719 40 230 120 2
0.08691406 -0.05175781 0.33691406 40 230 120 2
0.08496094 -0.05371094 0.33691406 40 230 120 2
-0.28808594 0.05371094 0.16308594 40 230 120 2
-0.29199219 0.06347656 0.16894531 255 40 40 1
-0.28613281 0.05371094 0.16308594 40 230 120 2
-0.28808594 0.05566406 0.16308594 40 230 120 2
-0.28613281 0.05566406 0.16308594 40 230 120 2
-0.23535156 0.13964844 0.25488281 40 230 120 2
-0.23339844 0.13964844 0.25488281 40 230 120 2
-0.23535156 0.13964844 0.25683594 40 230 120 2
-0.23339844 0.13964844 0.25683594 40 230 120 2
-0.11035156 0.01855469 0.47949219 40 230 120 2
-0.10839844 0.01855469 0.48144531 40 230 120 2
-0.10839844 0.01855469 0.47949219 40 230 120 2
-0.10839844 0.02050781 0.47949219 40 230 120 2
-0.28222656 0.08496094 0.16894531 255 40 40 1
-0.28222656 0.07519531 0.16113281 40 230 120 2
-0.28027344 0.07519531 0.16113281 40 230 120 2
-0.28222656 0.07714844 0.16113281 40 230 120 2
-0.28027344 0.07714844 0.16113281 40 230 120 2
-0.02636719 0.08105469 0.47363281 255 40 40 1
-0.01660156 0.08300781 0.48730469 40 230 120 2
-0.01855469 0.08300781 0.48730469 40 230 120 2
-0.01855469 0.08300781 0.48535156 40 230 120 2
-0.01855469 0.08105469 0.48730469 40 230 120 2
-0.09863281 0.02832031 0.48535156 40 230 120 2
-0.09863281 0.02832031 0.48339844 40 230 120 2
-0.09863281 0.02636719 0.48535156 40 230 120 2
-0.09863281 0.02636719 0.48339844 40 230 120 2
0.02636719 0.06738281 0.46972656 40 230 120 2
0.02636719 0.06933594 0.46777344 40 230 120 2
0.02636719 0.06933594 0.46972656 40 230 120 2
0.18847656 0.13769531 0.42675781 40 230 120 2
0.19042969 0.13769531 0.42871094 40 230 120 2
0.19042969 0.13964844 0.42675781 40 230 120 2
0.19042969 0.13769531 0.42675781 40 230 120 2
0.12792969 -0.08496094 0.30761719 40 230 120 2
0.12792969 -0.08496094 0.30957031 40 230 120 2
0.12792969 -0.08300781 0.30957031 40 230 120 2
0.12792969 -0.08300781 0.30761719 40 230 120 2
0.01269531 0.05371094 0.47363281 40 230 120 2
0.01464844 0.05371094 0.47167969 40 230 120 2
0.01269531 0.05371094 0.47167969 40 230 120 2
0.01660156 0.05371094 0.47167969 40 230 120 2
-0.16308594 -0.10253906 0.44433594 40 230 120 2
-0.16113281 -0.10253906 0.44433594 40 230 120 2
0.10058594 -0.09667969 0.32324219 40 230 120 2
0.10058594 -0.09472656 0.32324219 40 230 120 2
0.10058594 -0.09667969 0.32519531 40 230 120 2
0.10058594 -0.09472656 0.32519531 40 230 120 2
-0.23925781 0.14355469 0.27636719 40 230 120 2
-0.24121094 0.14550781 0.27636719 40 230 120 2
-0.24121094 0.14355469 0.27832031 40 230 120 2
-0.24121094 0.14355469 0.27636719 40 230 120 2
0.13183594 0.14160156 0.42871094 40 230 120 2
0.13378906 0.14355469 0.42871094 40 230 120 2
0.13378906 0.14160156 0.42871094 40 230 120 2
0.13378906 0.14160156 0.43066406 40 230 120 2
-0.21777344 0.12792969 0.30566406 40 230 120 2
-0.21777344 0.12597656 0.30371094 40 230 120 2
-0.21582031 0.12597656 0.30566406 40 230 120 2
-0.21777344 0.12597656 0.30566406 40 230 120 2
0.00878906 0.10644531 0.48730469 40 230 120 2
0.00878906 0.10449219 0.48925781 40 230 120 2
0.00878906 0.10449219 0.48730469 40 230 120 2
0.00878906 0.10644531 0.48925781 40 230 120 2
0.14160156 0.17480469 0.40917969 255 40 40 1
0.12988281 0.17285156 0.41113281 40 230 120 2
0.13183594 0.17480469 0.41113281 40 230 120 2
0.13183594 0.17285156 0.41113281 40 230 120 2
0.13183594 0.17285156 0.41308594 40 230 120 2
-0.20605469 0.10839844 0.30761719 40 230 120 2
-0.20605469 0.10644531 0.30566406 40 230 120 2
-0.20605469 0.11035156 0.30566406 40 230 120 2
-0.20605469 0.10839844 0.30566406 40 230 120 2
0.02441406 0.08300781 0.47167969 255 40 40 1
0.02636719 0.08691406 0.47167969 40 230 120 2
0.02636719 0.08691406 0.47363281 40 230 120 2
0.14550781 0.18652344 0.40332031 40 230 120 2
0.14355469 0.18652344 0.40332031 40 230 120 2
0.14550781 0.18457031 0.40332031 40 230 120 2
0.14355469 0.18457031 0.40332031 40 230 120 2
-0.20019531 0.08105469 0.28027344 40 230 120 2
-0.19824219 0.08105469 0.28027344 40 230 120 2
-0.19824219 0.08105469 0.28222656 40 230 120 2
-0.20019531 0.08105469 0.28222656 40 230 120 2
-0.26660156 -0.10253906 0.20019531 40 230 120 2
-0.26660156 -0.10449219 0.19824219 40 230 120 2
-0.26660156 -0.10253906 0.19824219 40 230 120 2
-0.26660156 -0.10449219 0.20019531 40 230 120 2
0.18261719 0.17480469 0.40722656 255 40 40 1
0.18066406 0.18457031 0.40136719 40 230 120 2
0.17871094 0.18457031 0.40136719 40 230 120 2
0.17871094 0.18457031 0.40332031 40 230 120 2
0.18066406 0.18457031 0.40332031 40 230 120 2
0.10253906 -0.16894531 0.24707031 40 230 120 2
0.10253906 -0.17089844 0.24707031 40 230 120 2
0.10449219 -0.16894531 0.24707031 40 230 120 2
0.10449219 -0.17089844 0.24707031 40 230 120 2
-0.28417969 -0.09667969 0.17285156 40 230 120 2
-0.28613281 -0.09667969 0.17285156 40 230 120 2
-0.28417969 -0.09472656 0.17285156 40 230 120 2
-0.28613281 -0.09472656 0.17285156 40 230 120 2
-0.18652344 -0.12011719 0.30371094 40 230 120 2
-0.18652344 -0.11816406 0.30175781 40 230 120 2
-0.18847656 -0.11816406 0.30371094 40 230 120 2
-0.18652344 -0.11816406 0.30371094 40 230 120 2
-0.16894531 -0.08496094 0.23730469 40 230 120 2
-0.16699219 -0.08300781 0.23730469 40 230 120 2
-0.16894531 -0.08300781 0.23730469 40 230 120 2
-0.16699219 -0.08496094 0.23730469 40 230 120 2
-0.26074219 -0.04785156 0.22949219 40 230 120 2
-0.25878906 -0.04980469 0.22949219 40 230 120 2
-0.25878906 -0.04785156 0.23144531 40 230 120 2
-0.25878906 -0.04785156 0.22949219 40 230 120 2
0.09082031 -0.19628906 0.23535156 255 40 40 1
0.09667969 -0.18652344 0.23144531 40 230 120 2
0.09667969 -0.18847656 0.22949219 40 230 120 2
0.09667969 -0.18847656 0.23144531 40 230 120 2
0.09667969 -0.18652344 0.22949219 40 230 120 2
0.16503906 0.04199219 0.38769531 40 230 120 2
0.16503906 0.04003906 0.38574219 40 230 120 2
0.16503906 0.04003906 0.38769531 40 230 120 2
0.16503906 0.04199219 0.38574219 40 230 120 2
-0.25488281 -0.08496094 0.22363281 40 230 120 2
-0.25488281 -0.08300781 0.22363281 40 230 120 2
-0.25488281 -0.08300781 0.22558594 40 230 120 2
-0.25488281 -0.08496094 0.22558594 40 230 120 2
-0.14160156 -0.13183594 0.29199219 40 230 120 2
-0.14160156 -0.12988281 0.29199219 40 230 120 2
-0.15136719 -0.12792969 0.29589844 255 40 40 1
-0.15136719 -0.12792969 0.29394531 255 40 40 1
-0.14355469 -0.12988281 0.29199219 40 230 120 2
-0.14355469 -0.13183594 0.29199219 40 230 120 2
-0.16113281 -0.12988281 0.30371094 40 230 120 2
-0.15917969 -0.13183594 0.30371094 40 230 120 2
-0.15917969 -0.12988281 0.30371094 40 230 120 2
-0.16113281 -0.13183594 0.30371094 40 230 120 2
-0.15332031 -0.12792969 0.29589844 255 40 40 1
0.11621094 -0.26855469 0.18847656 40 230 120 2
0.11425781 -0.27050781 0.18847656 40 230 120 2
0.11425781 -0.26855469 0.18847656 40 230 120 2
0.11621094 -0.27050781 0.18847656 40 230 120 2
0.16699219 0.01269531 0.37988281 40 230 120 2
0.16699219 0.01464844 0.37988281 40 230 120 2
0.16699219 0.01269531 0.38183594 40 230 120 2
0.16699219 0.01464844 0.38183594 40 230 120 2
-0.29394531 -0.01855469 0.18847656 40 230 120 2
-0.29394531 -0.02050781 0.18847656 40 230 120 2
-0.29394531 -0.02050781 0.18652344 40 230 120 2
-0.29589844 -0.02050781 0.18847656 40 230 120 2
0.11816406 -0.28027344 0.16308594 40 230 120 2
0.11816406 -0.28027344 0.16113281 40 230 120 2
0.11816406 -0.28222656 0.16308594 40 230 120 2
0.11621094 -0.28027344 0.16308594 40 230 120 2
0.11621094 -0.00292969 0.41894531 40 230 120 2
0.11425781 -0.00292969 0.41894531 40 230 120 2
0.11425781 -0.00097656 0.41894531 40 230 120 2
0.11425781 -0.00097656 0.42089844 40 230 120 2
-0.27441406 -0.02246094 0.21582031 40 230 120 2
-0.27636719 -0.02246094 0.21582031 40 230 120 2
-0.27636719 -0.02050781 0.21582031 40 230 120 2
-0.27636719 -0.02246094 0.21386719 40 230 120 2
-0.18457031 -0.08300781 0.25097656 40 230 120 2
-0.18652344 -0.08300781 0.25097656 40 230 120 2
-0.18652344 -0.08496094 0.25097656 40 230 120 2
-0.18652344 -0.08300781 0.24902344 40 230 120 2
-0.12792969 -0.11621094 0.25683594 40 230 120 2
-0.12792969 -0.11621094 0.25488281 40 230 120 2
-0.12792969 -0.11425781 0.25683594 40 230 120 2
-0.12597656 -0.11621094 0.25683594 40 230 120 2
0.06152344 -0.25878906 0.20019531 40 230 120 2
0.06347656 -0.25878906 0.20019531 40 230 120 2
0.06152344 -0.25878906 0.19824219 40 230 120 2
0.06347656 -0.25878906 0.19824219 40 230 120 2
0.11230469 0.02441406 0.42871094 40 230 120 2
0.12011719 0.03222656 0.42480469 255 40 40 1
0.11425781 0.02441406 0.42871094 40 230 120 2
0.11425781 0.02441406 0.42675781 40 230 120 2
0.11425781 0.02636719 0.42871094 40 230 120 2
-0.29394531 -0.07910156 0.16113281 40 230 120 2
-0.29785156 -0.07324219 0.15917969 40 230 120 2
-0.29394531 -0.08105469 0.16308594 40 230 120 2
-0.29589844 -0.07324219 0.15917969 40 230 120 2
-0.29394531 -0.07910156 0.16308594 40 230 120 2
-0.29589844 -0.07519531 0.15917969 40 230 120 2
-0.29394531 -0.08105469 0.16113281 40 230 120 2
0.09277344 -0.26074219 0.20214844 40 230 120 2
0.09082031 -0.26074219 0.20410156 40 230 120 2
0.09277344 -0.26074219 0.20410156 40 230 120 2
0.09277344 -0.26074219 0.20605469 40 230 120 2
0.12207031 0.04199219 0.42675781 40 230 120 2
0.12207031 0.04199219 0.42480469 40 230 120 2
0.12207031 0.04394531 0.42675781 40 230 120 2
0.12207031 0.04394531 0.42480469 40 230 120 2
-0.30175781 -0.04003906 0.16699219 40 230 120 2
-0.30175781 -0.04003906 0.16503906 40 230 120 2
-0.30371094 -0.04003906 0.16503906 40 230 120 2
-0.30175781 -0.03808594 0.16503906 40 230 120 2
-0.19824219 -0.10058594 0.28613281 40 230 120 2
-0.20019531 -0.10058594 0.28417969 40 230 120 2
-0.19824219 -0.10058594 0.28417969 40 230 120 2
-0.19238281 -0.10644531 0.28808594 255 40 40 1
-0.20019531 -0.10058594 0.28613281 40 230 120 2
0.04589844 -0.27636719 0.15332031 40 230 120 2
0.04785156 -0.27636719 0.15332031 40 230 120 2
0.04785156 -0.27832031 0.15332031 40 230 120 2
0.04785156 -0.27636719 0.15136719 40 230 120 2
0.14941406 0.05761719 0.40332031 40 230 120 2
0.14941406 0.05566406 0.40136719 40 230 120 2
0.14941406 0.05761719 0.40136719 40 230 120 2
0.14746094 0.05761719 0.40332031 40 230 120 2
0.15722656 -0.00488281 0.38378906 40 230 120 2
0.15917969 -0.00488281 0.38378906 40 230 120 2
0.15722656 -0.00488281 0.38574219 40 230 120 2
0.15917969 -0.00488281 0.38574219 40 230 120 2
0.04199219 -0.26464844 0.17871094 40 230 120 2
0.04199219 -0.26660156 0.17871094 40 230 120 2
0.04394531 -0.26660156 0.17871094 40 230 120 2
0.04394531 -0.26464844 0.17871094 40 230 120 2
-0.08496094 0.02050781 0.49511719 255 40 40 1
-0.08691406 0.02636719 0.49511719 40 230 120 2
-0.08496094 0.02636719 0.49511719 40 230 120 2
-0.08886719 0.02832031 0.49511719 40 230 120 2
-0.08691406 0.02832031 0.49511719 40 230 120 2
0.12988281 -0.01464844 0.40332031 40 230 120 2
0.13183594 -0.01660156 0.40332031 40 230 120 2
0.12988281 -0.01660156 0.40332031 40 230 120 2
0.12988281 -0.01660156 0.40527344 40 230 120 2
0.08886719 -0.19628906 0.23535156 255 40 40 1
0.08691406 -0.20410156 0.22753906 40 230 120 2
0.08691406 -0.20214844 0.22753906 40 230 120 2
0.08691406 -0.20214844 0.22949219 40 230 120 2
0.08886719 -0.20214844 0.22753906 40 230 120 2
-0.07519531 0.01855469 0.49316406 40 230 120 2
-0.07128906 0.01660156 0.49316406 40 230 120 2
-0.07324219 0.01855469 0.49316406 40 230 120 2
-0.07324219 0.01660156 0.49316406 40 230 120 2
0.07714844 -0.17285156 0.28417969 40 230 120 2
0.07519531 -0.17285156 0.28417969 40 230 120 2
0.07714844 -0.17285156 0.28222656 40 230 120 2
0.07519531 -0.17285156 0.28222656 40 230 120 2
0.06738281 -0.21386719 0.24902344 255 40 40 1
0.06542969 -0.21972656 0.23925781 40 230 120 2
0.06542969 -0.21386719 0.24902344 255 40 40 1
0.06347656 -0.21972656 0.23925781 40 230 120 2
0.06542969 -0.21972656 0.23730469 40 230 120 2
0.06542969 -0.21777344 0.23925781 40 230 120 2
-0.10058594 -0.00683594 0.48535156 40 230 120 2
-0.10058594 -0.00683594 0.48339844 40 230 120 2
-0.09863281 -0.00683594 0.48339844 40 230 120 2
0.09667969 -0.16308594 0.26855469 40 230 120 2
0.09667969 -0.16503906 0.26855469 40 230 120 2
0.09667969 -0.16308594 0.26660156 40 230 120 2
0.09472656 -0.16308594 0.26855469 40 230 120 2
0.05566406 -0.21582031 0.25488281 40 230 120 2
0.06542969 -0.21386719 0.25097656 255 40 40 1
0.05566406 -0.21386719 0.25488281 40 230 120 2
0.05566406 -0.21386719 0.25292969 40 230 120 2
0.05761719 -0.21386719 0.25488281 40 230 120 2
-0.11425781 0.00488281 0.48339844 40 230 120 2
-0.11425781 0.00488281 0.48535156 40 230 120 2
-0.11425781 0.00292969 0.48535156 40 230 120 2
-0.11621094 0.00488281 0.48535156 40 230 120 2
0.10644531 -0.28613281 0.14746094 40 230 120 2
0.10449219 -0.28613281 0.14550781 40 230 120 2
0.10644531 -0.28613281 0.14550781 40 230 120 2
0.10449219 -0.28613281 0.14746094 40 230 120 2
0.05957031 -0.19238281 0.27832031 40 230 120 2
0.05957031 -0.19238281 0.28027344 40 230 120 2
0.05957031 -0.19042969 0.28027344 40 230 120 2
0.05761719 -0.19238281 0.28027344 40 230 120 2
0.08691406 -0.08496094 0.33496094 40 230 120 2
0.08886719 -0.08691406 0.33496094 40 230 120 2
0.08691406 -0.08691406 0.33691406 40 230 120 2
0.08691406 -0.08691406 0.33496094 40 230 120 2
0.06933594 -0.28613281 0.13964844 40 230 120 2
0.06933594 -0.28417969 0.13964844 40 230 120 2
0.07128906 -0.28613281 0.13964844 40 230 120 2
0.07128906 -0.28417969 0.13964844 40 230 120 2
-0.11621094 0.01464844 0.48730469 40 230 120 2
-0.11621094 0.01269531 0.48535156 40 230 120 2
-0.11621094 0.01269531 0.48730469 40 230 120 2
-0.11816406 0.01269531 0.48730469 40 230 120 2
0.09277344 -0.04980469 0.34667969 255 40 40 1
0.08300781 -0.05566406 0.34863281 40 230 120 2
0.08300781 -0.05566406 0.35058594 40 230 120 2
0.08300781 -0.05371094 0.34863281 40 230 120 2
0.08300781 -0.05371094 0.35058594 40 230 120 2
-0.29980469 0.04980469 0.17089844 40 230 120 2
-0.29785156 0.04980469 0.17089844 40 230 120 2
-0.29785156 0.04980469 0.16894531 40 230 120 2
-0.29980469 0.04980469 0.16894531 40 230 120 2
-0.10253906 0.03027344 0.49316406 40 230 120 2
-0.10253906 0.02832031 0.49511719 40 230 120 2
-0.10449219 0.02832031 0.49316406 40 230 120 2
-0.10253906 0.02832031 0.49316406 40 230 120 2
-0.06933594 0.00878906 0.49121094 40 230 120 2
-0.06933594 0.00683594 0.49121094 40 230 120 2
-0.07128906 0.00683594 0.49121094 40 230 120 2
-0.07128906 0.00878906 0.49121094 40 230 120 2
-0.29199219 0.08691406 0.16113281 40 230 120 2
-0.29394531 0.08691406 0.15917969 40 230 120 2
-0.29394531 0.08886719 0.16113281 40 230 120 2
-0.29394531 0.08691406 0.16113281 40 230 120 2
0.09082031 -0.03613281 0.34863281 40 230 120 2
0.09277344 -0.03613281 0.35058594 40 230 120 2
0.09277344 -0.03613281 0.34863281 40 230 120 2
0.09277344 -0.03417969 0.34863281 40 230 120 2
-0.08300781 -0.00878906 0.48535156 40 230 120 2
-0.08496094 -0.00878906 0.48730469 40 230 120 2
-0.08496094 -0.00878906 0.48535156 40 230 120 2
-0.08300781 -0.00878906 0.48730469 40 230 120 2
0.12011719 -0.02441406 0.33300781 40 230 120 2
0.12011719 -0.02441406 0.33496094 40 230 120 2
0.12207031 -0.02441406 0.33300781 40 230 120 2
0.12011719 -0.02636719 0.33300781 40 230 120 2
-0.25683594 -0.07910156 0.15917969 40 230 120 2
-0.25488281 -0.07910156 0.15917969 40 230 120 2
-0.25488281 -0.08105469 0.15917969 40 230 120 2
-0.25488281 -0.07910156 0.16113281 40 230 120 2
-0.24121094 -0.06933594 0.17871094 40 230 120 2
-0.24121094 -0.06933594 0.18066406 40 230 120 2
-0.24121094 -0.06738281 0.18066406 40 230 120 2
-0.23925781 -0.06933594 0.18066406 40 230 120 2
-0.24902344 -0.04394531 0.17285156 40 230 120 2
-0.25097656 -0.04394531 0.17089844 40 230 120 2
-0.24902344 -0.04394531 0.17089844 40 230 120 2
-0.25097656 -0.04394531 0.17285156 40 230 120 2
-0.26269531 -0.05371094 0.15136719 40 230 120 2
-0.26464844 -0.05371094 0.15136719 40 230 120 2
-0.26464844 -0.05175781 0.15136719 40 230 120 2
-0.26269531 -0.05175781 0.15136719 40 230 120 2
0.06933594 -0.16894531 0.22949219 40 230 120 2
0.06933594 -0.17089844 0.22753906 40 230 120 2
0.06933594 -0.16894531 0.22753906 40 230 120 2
0.06933594 -0.17089844 0.22949219 40 230 120 2
0.06738281 -0.15917969 0.25097656 40 230 120 2
0.06738281 -0.15917969 0.24902344 40 230 120 2
0.06738281 -0.15722656 0.25097656 40 230 120 2
0.06738281 -0.15722656 0.24902344 40 230 120 2
0.04980469 -0.17480469 0.25292969 40 230 120 2
0.04980469 -0.17675781 0.25488281 40 230 120 2
0.04785156 -0.17675781 0.25488281 40 230 120 2
0.04980469 -0.17480469 0.25488281 40 230 120 2
0.05175781 -0.18457031 0.23339844 40 230 120 2
0.05175781 -0.18652344 0.23144531 40 230 120 2
0.05175781 -0.18457031 0.23144531 40 230 120 2
0.05371094 -0.18457031 0.23144531 40 230 120 2
-0.26269531 0.05761719 0.14941406 40 230 120 2
-0.26269531 0.05761719 0.14746094 40 230 120 2
-0.26269531 0.05957031 0.14746094 40 230 120 2
-0.26269531 0.05957031 0.14941406 40 230 120 2
-0.26269531 0.03417969 0.15917969 40 230 120 2
-0.26269531 0.03222656 0.16113281 40 230 120 2
-0.26269531 0.03417969 0.16113281 40 230 120 2
-0.26269531 0.03222656 0.15917969 40 230 120 2
-0.23925781 0.03808594 0.17675781 40 230 120 2
-0.24121094 0.03808594 0.17675781 40 230 120 2
-0.24121094 0.03808594 0.17871094 40 230 120 2
-0.24121094 0.03613281 0.17675781 40 230 120 2
-0.24121094 0.06542969 0.16699219 40 230 120 2
-0.24121094 0.06347656 0.16699219 40 230 120 2
-0.24121094 0.06347656 0.16894531 40 230 120 2
-0.23925781 0.06347656 0.16894531 40 230 120 2
0.10449219 -0.24316406 0.15527344 40 230 120 2
0.10253906 -0.24316406 0.15722656 40 230 120 2
0.10253906 -0.24316406 0.15527344 40 230 120 2
0.10253906 -0.24511719 0.15527344 40 230 120 2
0.08886719 -0.23535156 0.17480469 40 230 120 2
0.08691406 -0.23535156 0.17675781 40 230 120 2
0.08886719 -0.23535156 0.17675781 40 230 120 2
0.08691406 -0.23535156 0.17480469 40 230 120 2
0.06542969 -0.23925781 0.16308594 40 230 120 2
0.06738281 -0.23730469 0.16113281 40 230 120 2
0.06738281 -0.23925781 0.16113281 40 230 120 2
0.06542969 -0.23925781 0.16113281 40 230 120 2
0.08105469 -0.24707031 0.14160156 40 230 120 2
0.08105469 -0.24902344 0.14160156 40 230 120 2
0.08105469 -0.24707031 0.13964844 40 230 120 2
0.07910156 -0.24707031 0.14160156 40 230 120 2
0.10839844 -0.05566406 0.29199219 40 230 120 2
0.10644531 -0.05371094 0.29199219 40 230 120 2
0.10839844 -0.05371094 0.29199219 40 230 120 2
0.11035156 -0.05371094 0.29199219 40 230 120 2
0.09863281 -0.03613281 0.30566406 40 230 120 2
0.09863281 -0.03417969 0.30566406 40 230 120 2
0.09667969 -0.03417969 0.30566406 40 230 120 2
0.09863281 -0.03417969 0.30371094 40 230 120 2
0.07910156 -0.05175781 0.31152344 40 230 120 2
0.07910156 -0.05175781 0.31347656 40 230 120 2
0.07910156 -0.04980469 0.31347656 40 230 120 2
0.07910156 -0.04980469 0.31152344 40 230 120 2
0.09082031 -0.06933594 0.29785156 40 230 120 2
0.08300781 -0.07910156 0.30761719 255 40 40 1
0.08886719 -0.07128906 0.29785156 40 230 120 2
0.09082031 -0.07128906 0.29785156 40 230 120 2
0.08886719 -0.06933594 0.29785156 40 230 120 2
-0.14941406 -0.09082031 0.30566406 40 230 120 2
-0.14746094 -0.09082031 0.30566406 40 230 120 2
-0.14746094 -0.08886719 0.30566406 40 230 120 2
-0.14941406 -0.08886719 0.30566406 40 230 120 2
-0.16503906 -0.07324219 0.29589844 40 230 120 2
-0.16699219 -0.07324219 0.29589844 40 230 120 2
-0.16503906 -0.07324219 0.29394531 40 230 120 2
-0.16699219 -0.07324219 0.29394531 40 230 120 2
-0.14746094 -0.06738281 0.27441406 40 230 120 2
-0.14746094 -0.06738281 0.27246094 40 230 120 2
-0.14941406 -0.06738281 0.27441406 40 230 120 2
-0.14941406 -0.06738281 0.27246094 40 230 120 2
-0.13183594 -0.08496094 0.28417969 40 230 120 2
-0.13183594 -0.08496094 0.28613281 40 230 120 2
-0.12988281 -0.08496094 0.28417969 40 230 120 2
-0.12988281 -0.08496094 0.28613281 40 230 120 2
-0.08105469 0.02246094 0.46386719 40 230 120 2
-0.07910156 0.02246094 0.46582031 40 230 120 2
-0.07910156 0.02246094 0.46386719 40 230 120 2
-0.07910156 0.02441406 0.46386719 40 230 120 2
-0.09472656 0.02636719 0.46191406 40 230 120 2
-0.09667969 0.02832031 0.46191406 40 230 120 2
-0.09472656 0.02832031 0.46191406 40 230 120 2
-0.09472656 0.02832031 0.46386719 40 230 120 2
-0.09863281 0.01074219 0.45996094 40 230 120 2
-0.10058594 0.01074219 0.45996094 40 230 120 2
-0.10058594 0.01074219 0.46191406 40 230 120 2
-0.10058594 0.00878906 0.45996094 40 230 120 2
-0.08105469 0.00683594 0.46191406 40 230 120 2
-0.08300781 0.00683594 0.46191406 40 230 120 2
-0.08300781 0.00488281 0.46191406 40 230 120 2
-0.08105469 0.00488281 0.46191406 40 230 120 2
0.00292969 0.09667969 0.45214844 40 230 120 2
0.00097656 0.09472656 0.45214844 40 230 120 2
0.00292969 0.09472656 0.45019531 40 230 120 2
0.00292969 0.09472656 0.45214844 40 230 120 2
-0.01464844 0.10058594 0.46386719 40 230 120 2
-0.01464844 0.10058594 0.46191406 40 230 120 2
-0.01269531 0.10058594 0.46386719 40 230 120 2
-0.01464844 0.10253906 0.46386719 40 230 120 2
-0.01855469 0.07910156 0.46386719 40 230 120 2
-0.01855469 0.07910156 0.46191406 40 230 120 2
-0.01855469 0.08105469 0.46386719 40 230 120 2
-0.01855469 0.08105469 0.46191406 40 230 120 2
-0.00097656 0.07519531 0.45019531 40 230 120 2
-0.00097656 0.07519531 0.44824219 40 230 120 2
-0.00292969 0.07519531 0.45019531 40 230 120 2
-0.00292969 0.07714844 0.45019531 40 230 120 2
-0.14550781 -0.06152344 0.43652344 40 230 120 2
-0.14746094 -0.06347656 0.43652344 40 230 120 2
-0.14746094 -0.06152344 0.43652344 40 230 120 2
-0.14746094 -0.06152344 0.43847656 40 230 120 2
-0.16503906 -0.05761719 0.43066406 40 230 120 2
-0.16308594 -0.05761719 0.43066406 40 230 120 2
-0.16308594 -0.05761719 0.42871094 40 230 120 2
-0.16503906 -0.05761719 0.42871094 40 230 120 2
-0.16308594 -0.07324219 0.42089844 40 230 120 2
-0.16503906 -0.07324219 0.42089844 40 230 120 2
-0.16308594 -0.07519531 0.42089844 40 230 120 2
-0.16308594 -0.07128906 0.42089844 40 230 120 2
-0.14746094 -0.07714844 0.42480469 40 230 120 2
-0.14746094 -0.07910156 0.42675781 40 230 120 2
-0.14746094 -0.07714844 0.42675781 40 230 120 2
-0.14550781 -0.07714844 0.42675781 40 230 120 2
0.17675781 0.13574219 0.39355469 40 230 120 2
0.17480469 0.13574219 0.39550781 40 230 120 2
0.17675781 0.13574219 0.39550781 40 230 120 2
0.17480469 0.13574219 0.39355469 40 230 120 2
0.16503906 0.15917969 0.38378906 40 230 120 2
0.16503906 0.15722656 0.38378906 40 230 120 2
0.16699219 0.15917969 0.38378906 40 230 120 2
0.16699219 0.15722656 0.38378906 40 230 120 2
0.14550781 0.15136719 0.39160156 40 230 120 2
0.14355469 0.14941406 0.39160156 40 230 120 2
0.14355469 0.15136719 0.39160156 40 230 120 2
0.14355469 0.15136719 0.39355469 40 230 120 2
0.15332031 0.12988281 0.40136719 40 230 120 2
0.15332031 0.12792969 0.40136719 40 230 120 2
0.15136719 0.12988281 0.40136719 40 230 120 2
0.15332031 0.12988281 0.40332031 40 230 120 2
-0.19238281 0.11816406 0.23535156 40 230 120 2
-0.19433594 0.12011719 0.23535156 40 230 120 2
-0.19433594 0.11816406 0.23535156 40 230 120 2
-0.19238281 0.12011719 0.23535156 40 230 120 2
-0.17871094 0.11425781 0.26660156 40 230 120 2
-0.17871094 0.11425781 0.26464844 40 230 120 2
-0.18066406 0.11425781 0.26660156 40 230 120 2
-0.18066406 0.11425781 0.26464844 40 230 120 2
-0.19238281 0.13964844 0.27832031 40 230 120 2
-0.19238281 0.13964844 0.27636719 40 230 120 2
-0.19238281 0.14160156 0.27636719 40 230 120 2
-0.19238281 0.14160156 0.27832031 40 230 120 2
-0.20800781 0.14746094 0.24707031 40 230 120 2
-0.20800781 0.14550781 0.24707031 40 230 120 2
-0.20605469 0.14550781 0.24707031 40 230 120 2
-0.20605469 0.14550781 0.24902344 40 230 120 2
0.12402344 0.02050781 0.36230469 40 230 120 2
0.12402344 0.01855469 0.36230469 40 230 120 2
0.12207031 0.02050781 0.36230469 40 230 120 2
0.12402344 0.02246094 0.36230469 40 230 120 2
0.10839844 0.04003906 0.37402344 40 230 120 2
0.10253906 0.04785156 0.38378906 255 40 40 1
0.10839844 0.04199219 0.37402344 40 230 120 2
0.11035156 0.04003906 0.37402344 40 230 120 2
0.11035156 0.04199219 0.37402344 40 230 120 2
0.09277344 0.02050781 0.38378906 40 230 120 2
0.09082031 0.02050781 0.38378906 40 230 120 2
0.09082031 0.02246094 0.38378906 40 230 120 2
0.09277344 0.02246094 0.38378906 40 230 120 2
0.10644531 0.00292969 0.36816406 40 230 120 2
0.10644531 0.00292969 0.37011719 40 230 120 2
0.10449219 0.00292969 0.36816406 40 230 120 2
0.10449219 0.00292969 0.37011719 40 230 120 2
-0.27246094 0.08300781 0.16699219 40 230 120 2
-0.27246094 0.08496094 0.16699219 40 230 120 2
-0.27246094 0.08496094 0.16894531 40 230 120 2
-0.27050781 0.08496094 0.16894531 40 230 120 2
-0.00488281 0.10253906 0.48535156 40 230 120 2
-0.00488281 0.10058594 0.48535156 40 230 120 2
-0.00488281 0.10253906 0.48339844 40 230 120 2
-0.00292969 0.10253906 0.48339844 40 230 120 2
-0.20019531 0.11425781 0.29785156 40 230 120 2
-0.20214844 0.11621094 0.29785156 40 230 120 2
-0.20019531 0.11621094 0.29980469 40 230 120 2
-0.20019531 0.11621094 0.29785156 40 230 120 2
-0.25097656 0.07910156 0.19238281 40 230 120 2
-0.25097656 0.07910156 0.19433594 40 230 120 2
-0.25292969 0.07910156 0.19238281 40 230 120 2
-0.25292969 0.07910156 0.19433594 40 230 120 2
0.05957031 -0.26464844 0.15527344 40 230 120 2
0.05566406 -0.27246094 0.16503906 255 40 40 1
0.05957031 -0.26660156 0.15527344 40 230 120 2
0.05761719 -0.26464844 0.15527344 40 230 120 2
0.05761719 -0.26660156 0.15527344 40 230 120 2
-0.19433594 0.09277344 0.27441406 40 230 120 2
-0.19433594 0.09082031 0.27636719 40 230 120 2
-0.19433594 0.09082031 0.27441406 40 230 120 2
-0.19433594 0.09277344 0.27636719 40 230 120 2
0.01855469 0.07519531 0.46191406 40 230 120 2
0.01855469 0.07324219 0.45996094 40 230 120 2
0.01855469 0.07324219 0.46191406 40 230 120 2
0.01855469 0.07324219 0.46386719 40 230 120 2
0.05761719 -0.26074219 0.17480469 40 230 120 2
0.05761719 -0.25878906 0.17480469 40 230 120 2
0.05566406 -0.26074219 0.17480469 40 230 120 2
0.05566406 -0.25878906 0.17480469 40 230 120 2
0.09277344 -0.17089844 0.24316406 40 230 120 2
0.09082031 -0.17089844 0.24316406 40 230 120 2
0.09277344 -0.17285156 0.24316406 40 230 120 2
0.09082031 -0.17285156 0.24316406 40 230 120 2
0.00878906 0.06152344 0.46582031 40 230 120 2
0.00878906 0.05957031 0.46777344 40 230 120 2
0.00878906 0.05957031 0.46582031 40 230 120 2
0.00878906 0.06152344 0.46777344 40 230 120 2
0.15136719 0.03808594 0.38183594 40 230 120 2
0.15136719 0.03808594 0.37988281 40 230 120 2
0.13574219 0.03222656 0.36035156 255 40 40 1
0.14941406 0.03808594 0.38183594 40 230 120 2
0.14941406 0.03808594 0.37988281 40 230 120 2
0.08886719 -0.18457031 0.23339844 40 230 120 2
0.08691406 -0.18457031 0.23339844 40 230 120 2
0.08886719 -0.18652344 0.23339844 40 230 120 2
0.08691406 -0.18652344 0.23339844 40 230 120 2
0.12402344 -0.03808594 0.32714844 255 40 40 1
0.12402344 -0.03808594 0.31542969 40 230 120 2
0.12402344 -0.03808594 0.31738281 40 230 120 2
0.12402344 -0.04003906 0.31738281 40 230 120 2
0.12402344 -0.04003906 0.31542969 40 230 120 2
0.15332031 0.01464844 0.37792969 40 230 120 2
0.15917969 0.00683594 0.38378906 255 40 40 1
0.15332031 0.01660156 0.37792969 40 230 120 2
0.15136719 0.01464844 0.37792969 40 230 120 2
0.15332031 0.01269531 0.37792969 40 230 120 2
0.00488281 0.10253906 0.47949219 40 230 120 2
0.00488281 0.10449219 0.47949219 40 230 120 2
0.00488281 0.10449219 0.47753906 40 230 120 2
0.00488281 0.10253906 0.47753906 40 230 120 2
0.12597656 -0.06542969 0.30761719 40 230 120 2
0.12597656 -0.06347656 0.30761719 40 230 120 2
0.12792969 -0.06542969 0.30761719 40 230 120 2
0.12792969 -0.06347656 0.30761719 40 230 120 2
0.12011719 -0.07519531 0.30566406 40 230 120 2
0.12207031 -0.07519531 0.30761719 40 230 120 2
0.12207031 -0.07519531 0.30566406 40 230 120 2
0.12011719 -0.07519531 0.30761719 40 230 120 2
0.12792969 -0.07128906 0.31347656 255 40 40 1
0.01855469 0.08886719 0.46777344 40 230 120 2
0.01660156 0.09472656 0.47753906 255 40 40 1
0.01855469 0.08886719 0.46582031 40 230 120 2
0.01855469 0.09082031 0.46582031 40 230 120 2
0.01855469 0.09082031 0.46777344 40 230 120 2
0.10839844 0.00292969 0.40332031 40 230 120 2
0.11035156 0.00292969 0.40527344 40 230 120 2
0.10839844 0.00292969 0.40527344 40 230 120 2
0.10839844 0.00488281 0.40527344 40 230 120 2
0.09863281 -0.08496094 0.31933594 40 230 120 2
0.09863281 -0.08496094 0.31738281 40 230 120 2
0.09667969 -0.08496094 0.31738281 40 230 120 2
0.09667969 -0.08496094 0.31933594 40 230 120 2
0.08105469 -0.19433594 0.22949219 40 230 120 2
0.08105469 -0.19628906 0.23144531 40 230 120 2
0.08105469 -0.19433594 0.23144531 40 230 120 2
0.08105469 -0.19628906 0.22949219 40 230 120 2
0.10839844 0.02246094 0.41308594 40 230 120 2
0.10839844 0.02246094 0.41503906 40 230 120 2
0.10839844 0.02441406 0.41308594 40 230 120 2
0.10839844 0.02441406 0.41503906 40 230 120 2
-0.15917969 -0.06738281 0.45605469 40 230 120 2
-0.16113281 -0.06738281 0.45410156 40 230 120 2
-0.15917969 -0.06542969 0.45410156 40 230 120 2
-0.15917969 -0.06738281 0.45410156 40 230 120 2
0.06347656 -0.20800781 0.23925781 40 230 120 2
0.07714844 -0.20800781 0.23730469 255 40 40 1
0.06347656 -0.20605469 0.24121094 40 230 120 2
0.06347656 -0.20800781 0.24121094 40 230 120 2
0.06152344 -0.20800781 0.24121094 40 230 120 2
0.10449219 -0.25878906 0.18457031 40 230 120 2
0.10253906 -0.26074219 0.18457031 40 230 120 2
0.10253906 -0.25878906 0.18457031 40 230 120 2
0.10253906 -0.25878906 0.18652344 40 230 120 2
-0.14941406 -0.07519531 0.45605469 40 230 120 2
-0.14941406 -0.07324219 0.45605469 40 230 120 2
-0.14746094 -0.07519531 0.45605469 40 230 120 2
-0.14941406 -0.07519531 0.45410156 40 230 120 2
0.11425781 0.03613281 0.41113281 40 230 120 2
0.11425781 0.03808594 0.41113281 40 230 120 2
0.11621094 0.03808594 0.41113281 40 230 120 2
0.11425781 0.03808594 0.41308594 40 230 120 2
0.10644531 -0.27832031 0.15722656 255 40 40 1
0.10839844 -0.26855469 0.16113281 40 230 120 2
0.10839844 -0.27050781 0.15917969 40 230 120 2
0.10839844 -0.26855469 0.15917969 40 230 120 2
0.10839844 -0.26660156 0.15917969 40 230 120 2
0.05761719 -0.20605469 0.25097656 40 230 120 2
0.05957031 -0.20605469 0.25097656 40 230 120 2
0.05761719 -0.20410156 0.25097656 40 230 120 2
0.05761719 -0.20605469 0.24902344 40 230 120 2
0.06542969 -0.20410156 0.26464844 255 40 40 1
0.13964844 0.04980469 0.39355469 40 230 120 2
0.13574219 0.04980469 0.39355469 40 230 120 2
0.13769531 0.04980469 0.39355469 40 230 120 2
0.13769531 0.04980469 0.39550781 40 230 120 2
-0.17871094 -0.07324219 0.44042969 40 230 120 2
-0.17871094 -0.07324219 0.44238281 40 230 120 2
-0.17871094 -0.07128906 0.44042969 40 230 120 2
-0.17871094 -0.07128906 0.43847656 40 230 120 2
0.06347656 -0.18847656 0.27050781 40 230 120 2
0.06347656 -0.19042969 0.27050781 40 230 120 2
0.06347656 -0.19042969 0.27246094 40 230 120 2
0.06347656 -0.18847656 0.27246094 40 230 120 2
-0.14160156 -0.09082031 0.25292969 40 230 120 2
-0.14160156 -0.09082031 0.25097656 40 230 120 2
-0.14160156 -0.08886719 0.25292969 40 230 120 2
-0.14160156 -0.08886719 0.25097656 40 230 120 2
-0.17089844 -0.06542969 0.45214844 40 230 120 2
-0.17285156 -0.06542969 0.45214844 40 230 120 2
-0.17285156 -0.06542969 0.45019531 40 230 120 2
-0.17089844 -0.06542969 0.45019531 40 230 120 2
0.14746094 0.00292969 0.37988281 40 230 120 2
0.14746094 0.00097656 0.37792969 40 230 120 2
0.14550781 0.00097656 0.37988281 40 230 120 2
0.14746094 0.00097656 0.37988281 40 230 120 2
0.15917969 0.00683594 0.38574219 255 40 40 1
-0.16308594 -0.08105469 0.25097656 40 230 120 2
-0.16503906 -0.08105469 0.25097656 40 230 120 2
-0.16308594 -0.07910156 0.25292969 40 230 120 2
-0.16308594 -0.07910156 0.25097656 40 230 120 2
-0.16308594 -0.06542969 0.26464844 255 40 40 1
-0.26074219 -0.09472656 0.18847656 40 230 120 2
-0.26074219 -0.09277344 0.18847656 40 230 120 2
-0.26074219 -0.09472656 0.19042969 40 230 120 2
-0.26074219 -0.09277344 0.19042969 40 230 120 2
0.12207031 -0.00878906 0.39160156 40 230 120 2
0.12402344 -0.00878906 0.38964844 40 230 120 2
0.12402344 -0.00878906 0.39160156 40 230 120 2
0.12402344 -0.00878906 0.39355469 40 230 120 2
-0.14746094 -0.08300781 0.45214844 40 230 120 2
-0.14550781 -0.08105469 0.45410156 40 230 120 2
-0.14550781 -0.08300781 0.45214844 40 230 120 2
-0.14550781 -0.08105469 0.45214844 40 230 120 2
-0.27636719 -0.09082031 0.17089844 40 230 120 2
-0.27636719 -0.09082031 0.16894531 40 230 120 2
-0.27636719 -0.08886719 0.16894531 40 230 120 2
-0.27636719 -0.08886719 0.17089844 40 230 120 2
-0.17675781 -0.10644531 0.30175781 40 230 120 2
-0.17675781 -0.10839844 0.30175781 40 230 120 2
-0.17480469 -0.10644531 0.30175781 40 230 120 2
-0.17480469 -0.10644531 0.30371094 40 230 120 2
-0.15332031 -0.09277344 0.44042969 40 230 120 2
-0.15332031 -0.09472656 0.44042969 40 230 120 2
-0.15136719 -0.09472656 0.44042969 40 230 120 2
-0.15332031 -0.09472656 0.44238281 40 230 120 2
-0.26074219 -0.06347656 0.22167969 255 40 40 1
-0.25488281 -0.05175781 0.20996094 40 230 120 2
-0.25488281 -0.05371094 0.21191406 40 230 120 2
-0.25488281 -0.05175781 0.21191406 40 230 120 2
-0.25488281 -0.05371094 0.20996094 40 230 120 2
-0.15527344 -0.11816406 0.30175781 40 230 120 2
-0.15722656 -0.11621094 0.30175781 40 230 120 2
-0.15527344 -0.11621094 0.30175781 40 230 120 2
-0.15722656 -0.11816406 0.30175781 40 230 120 2
-0.15136719 -0.12597656 0.29589844 255 40 40 1
-0.25292969 -0.07910156 0.20996094 40 230 120 2
-0.25292969 -0.07910156 0.20800781 40 230 120 2
-0.25292969 -0.08105469 0.20800781 40 230 120 2
-0.25292969 -0.08105469 0.20996094 40 230 120 2
-0.14160156 -0.11816406 0.29199219 40 230 120 2
-0.14160156 -0.11816406 0.29394531 40 230 120 2
-0.14355469 -0.11816406 0.29199219 40 230 120 2
-0.14355469 -0.11816406 0.29394531 40 230 120 2
-0.17871094 -0.08496094 0.44433594 255 40 40 1
-0.17285156 -0.09472656 0.44042969 255 40 40 1
-0.27832031 -0.03027344 0.17871094 40 230 120 2
-0.27832031 -0.03027344 0.18066406 40 230 120 2
-0.28027344 -0.03027344 0.17871094 40 230 120 2
-0.28027344 -0.03027344 0.18066406 40 230 120 2
-0.13183594 -0.10449219 0.26464844 40 230 120 2
-0.13183594 -0.10644531 0.26464844 40 230 120 2
-0.13183594 -0.10644531 0.26660156 40 230 120 2
-0.12988281 -0.10449219 0.26464844 40 230 120 2
0.16894531 0.12792969 0.42480469 40 230 120 2
0.16699219 0.12792969 0.42285156 40 230 120 2
0.16894531 0.12792969 0.42285156 40 230 120 2
0.16699219 0.12792969 0.42480469 40 230 120 2
-0.26660156 -0.03417969 0.20019531 40 230 120 2
-0.26855469 -0.03417969 0.20214844 40 230 120 2
-0.26855469 -0.03417969 0.20019531 40 230 120 2
-0.26660156 -0.03417969 0.20214844 40 230 120 2
-0.17675781 -0.07910156 0.26074219 40 230 120 2
-0.17675781 -0.08105469 0.25878906 40 230 120 2
-0.17480469 -0.07910156 0.26074219 40 230 120 2
-0.17675781 -0.08105469 0.26074219 40 230 120 2
0.14941406 0.13183594 0.42675781 40 230 120 2
0.14746094 0.13183594 0.42675781 40 230 120 2
0.14941406 0.13183594 0.42480469 40 230 120 2
0.14746094 0.13183594 0.42480469 40 230 120 2
-0.28417969 -0.07714844 0.16113281 40 230 120 2
-0.28613281 -0.07910156 0.16113281 40 230 120 2
-0.28613281 -0.07714844 0.16113281 40 230 120 2
-0.28613281 -0.07714844 0.16308594 40 230 120 2
-0.18652344 -0.09472656 0.28808594 40 230 120 2
-0.18652344 -0.09472656 0.28613281 40 230 120 2
-0.18652344 -0.09277344 0.28808594 40 230 120 2
-0.18652344 -0.09277344 0.28613281 40 230 120 2
0.18652344 0.15722656 0.40722656 40 230 120 2
0.18652344 0.15527344 0.40527344 40 230 120 2
0.18652344 0.15722656 0.40527344 40 230 120 2
0.18847656 0.15722656 0.40722656 40 230 120 2
-0.29003906 -0.04394531 0.16308594 40 230 120 2
-0.29589844 -0.03613281 0.17480469 255 40 40 1
-0.28808594 -0.04394531 0.16308594 40 230 120 2
-0.29003906 -0.04199219 0.16308594 40 230 120 2
-0.29003906 -0.04394531 0.16503906 40 230 120 2
-0.08886719 0.02832031 0.48535156 40 230 120 2
-0.08886719 0.02636719 0.48535156 40 230 120 2
-0.09082031 0.02832031 0.48535156 40 230 120 2
-0.09082031 0.02636719 0.48535156 40 230 120 2
0.18457031 0.13769531 0.41699219 40 230 120 2
0.18457031 0.13964844 0.41699219 40 230 120 2
0.18457031 0.13769531 0.41894531 40 230 120 2
0.18457031 0.13964844 0.41894531 40 230 120 2
0.06933594 -0.18066406 0.27441406 40 230 120 2
0.06933594 -0.17871094 0.27246094 40 230 120 2
0.06933594 -0.17871094 0.27441406 40 230 120 2
0.07128906 -0.17871094 0.27441406 40 230 120 2
-0.07714844 0.01855469 0.48535156 40 230 120 2
-0.07714844 0.01660156 0.48730469 40 230 120 2
-0.07714844 0.01660156 0.48535156 40 230 120 2
-0.07714844 0.01660156 0.48339844 40 230 120 2
0.13964844 0.14160156 0.41894531 40 230 120 2
0.13964844 0.14160156 0.42089844 40 230 120 2
0.13964844 0.13964844 0.42089844 40 230 120 2
0.13964844 0.14355469 0.42089844 40 230 120 2
0.08886719 -0.16699219 0.25878906 40 230 120 2
0.08691406 -0.16699219 0.25878906 40 230 120 2
0.08691406 -0.16699219 0.26074219 40 230 120 2
0.08886719 -0.16699219 0.26074219 40 230 120 2
-0.09472656 -0.00488281 0.47949219 40 230 120 2
-0.09277344 -0.00488281 0.47949219 40 230 120 2
-0.09472656 -0.00488281 0.47753906 40 230 120 2
-0.09472656 -0.00292969 0.47949219 40 230 120 2
0.13769531 0.16699219 0.40722656 40 230 120 2
0.13964844 0.16699219 0.40527344 40 230 120 2
0.13964844 0.16699219 0.40722656 40 230 120 2
0.13964844 0.16503906 0.40722656 40 230 120 2
0.10253906 -0.27050781 0.14941406 40 230 120 2
0.10058594 -0.27050781 0.14941406 40 230 120 2
0.10253906 -0.27246094 0.14941406 40 230 120 2
0.10058594 -0.27246094 0.14941406 40 230 120 2
-0.10839844 0.00683594 0.47949219 40 230 120 2
-0.10839844 0.00683594 0.47753906 40 230 120 2
-0.10839844 0.00488281 0.47949219 40 230 120 2
-0.11035156 0.00683594 0.47949219 40 230 120 2
0.14746094 0.17480469 0.39941406 40 230 120 2
0.14941406 0.17480469 0.40136719 40 230 120 2
0.14746094 0.17480469 0.40136719 40 230 120 2
0.14746094 0.17675781 0.40136719 40 230 120 2
0.07519531 -0.27246094 0.14355469 40 230 120 2
0.08691406 -0.28027344 0.14746094 255 40 40 1
0.06738281 -0.27832031 0.14941406 255 40 40 1
0.07324219 -0.27050781 0.14355469 40 230 120 2
0.07324219 -0.27246094 0.14550781 40 230 120 2
0.07324219 -0.27246094 0.14355469 40 230 120 2
0.17675781 0.17285156 0.39746094 40 230 120 2
0.17480469 0.17480469 0.39746094 40 230 120 2
0.17675781 0.17480469 0.39746094 40 230 120 2
0.17675781 0.17480469 0.39941406 40 230 120 2
-0.03222656 0.27441406 0.07128906 255 40 40 1
-0.00683594 0.27246094 0.02441406 40 230 120 2
-0.00683594 0.27246094 0.02636719 40 230 120 2
-0.00878906 0.27246094 0.02441406 40 230 120 2
-0.00878906 0.27246094 0.02636719 40 230 120 2
-0.04980469 0.28027344 0.03613281 40 230 120 2
-0.05175781 0.28027344 0.03417969 40 230 120 2
-0.04980469 0.28027344 0.03417969 40 230 120 2
-0.05175781 0.28027344 0.03613281 40 230 120 2
-0.05566406 0.26269531 0.10644531 40 230 120 2
-0.05566406 0.26269531 0.10449219 40 230 120 2
-0.05371094 0.26269531 0.10449219 40 230 120 2
-0.05371094 0.26269531 0.10644531 40 230 120 2
-0.03027344 0.24902344 0.10839844 40 230 120 2
-0.02832031 0.24902344 0.10839844 40 230 120 2
-0.02832031 0.24902344 0.11035156 40 230 120 2
-0.03027344 0.24902344 0.11035156 40 230 120 2
-0.12792969 -0.08496094 -0.41699219 40 230 120 2
-0.12792969 -0.08496094 -0.41894531 40 230 120 2
-0.12597656 -0.08496094 -0.41894531 40 230 120 2
-0.12792969 -0.08300781 -0.41894531 40 230 120 2
-0.12597656 -0.07519531 -0.44238281 40 230 120 2
-0.12597656 -0.07324219 -0.44238281 40 230 120 2
-0.12597656 -0.07519531 -0.44042969 40 230 120 2
-0.12792969 -0.07519531 -0.44238281 40 230 120 2
-0.11425781 -0.07714844 -0.43652344 40 230 120 2
-0.11425781 -0.07910156 -0.43652344 40 230 120 2
-0.11230469 -0.07910156 -0.43652344 40 230 120 2
-0.11230469 -0.07714844 -0.43652344 40 230 120 2
-0.11230469 -0.08691406 -0.40917969 40 230 120 2
-0.11230469 -0.08691406 -0.41113281 40 230 120 2
-0.11035156 -0.08691406 -0.41113281 40 230 120 2
-0.11035156 -0.08691406 -0.40917969 40 230 120 2
-0.11816406 -0.09277344 -0.39160156 40 230 120 2
-0.11816406 -0.09277344 -0.38964844 40 230 120 2
-0.12011719 -0.09277344 -0.38964844 40 230 120 2
-0.11816406 -0.09082031 -0.39160156 40 230 120 2
-0.10058594 -0.09277344 -0.37988281 40 230 120 2
-0.10058594 -0.09277344 -0.38183594 40 230 120 2
-0.10253906 -0.09277344 -0.38183594 40 230 120 2
-0.10253906 -0.09277344 -0.37988281 40 230 120 2
-0.10253906 -0.10058594 -0.34667969 40 230 120 2
-0.10058594 -0.10058594 -0.34667969 40 230 120 2
-0.10253906 -0.10058594 -0.34863281 40 230 120 2
-0.10058594 -0.10058594 -0.34863281 40 230 120 2
-0.12011719 -0.09863281 -0.35839844 40 230 120 2
-0.12207031 -0.09863281 -0.36035156 40 230 120 2
-0.12207031 -0.09863281 -0.35644531 40 230 120 2
-0.12207031 -0.09863281 -0.35839844 40 230 120 2
-0.09863281 -0.12402344 -0.24316406 40 230 120 2
-0.10058594 -0.12402344 -0.24121094 40 230 120 2
-0.10058594 -0.12402344 -0.24316406 40 230 120 2
-0.09863281 -0.12402344 -0.24121094 40 230 120 2
-0.06933594 -0.12792969 -0.22949219 40 230 120 2
-0.07324219 -0.12792969 -0.22949219 40 230 120 2
-0.07128906 -0.12792969 -0.22753906 40 230 120 2
-0.07128906 -0.12792969 -0.22949219 40 230 120 2
-0.08496094 -0.13769531 -0.18066406 40 230 120 2
-0.08300781 -0.13769531 -0.18066406 40 230 120 2
-0.08300781 -0.13769531 -0.18261719 40 230 120 2
-0.08496094 -0.13769531 -0.18261719 40 230 120 2
-0.13378906 -0.13574219 -0.16699219 40 230 120 2
-0.13183594 -0.13574219 -0.16699219 40 230 120 2
-0.13378906 -0.13574219 -0.16503906 40 230 120 2
-0.13183594 -0.13574219 -0.16503906 40 230 120 2
-0.11425781 -0.11230469 -0.28222656 40 230 120 2
-0.11425781 -0.11230469 -0.28417969 40 230 120 2
-0.11621094 -0.11230469 -0.28222656 40 230 120 2
-0.11621094 -0.11230469 -0.28417969 40 230 120 2
-0.11230469 -0.10449219 -0.32128906 40 230 120 2
-0.11230469 -0.10449219 -0.32324219 40 230 120 2
-0.11035156 -0.10449219 -0.32128906 40 230 120 2
-0.11035156 -0.10449219 -0.32324219 40 230 120 2
-0.09082031 -0.10644531 -0.31152344 40 230 120 2
-0.08886719 -0.10644531 -0.31347656 40 230 120 2
-0.08886719 -0.10449219 -0.31347656 40 230 120 2
-0.08886719 -0.10644531 -0.31152344 40 230 120 2
-0.08691406 -0.11816406 -0.27050781 40 230 120 2
-0.08691406 -0.11816406 -0.27246094 40 230 120 2
-0.08886719 -0.11816406 -0.27050781 40 230 120 2
-0.08886719 -0.11816406 -0.27246094 40 230 120 2
0.12988281 0.23339844 -0.16894531 40 230 120 2
0.12792969 0.23339844 -0.17089844 40 230 120 2
0.12792969 0.23339844 -0.16894531 40 230 120 2
0.12792969 0.23535156 -0.16894531 40 230 120 2
-0.11621094 0.17871094 -0.26855469 40 230 120 2
-0.11816406 0.17871094 -0.26855469 40 230 120 2
-0.11816406 0.17871094 -0.27050781 40 230 120 2
-0.11816406 0.18066406 -0.26855469 40 230 120 2
-0.10644531 0.15917969 -0.31152344 40 230 120 2
-0.10644531 0.15917969 -0.31347656 40 230 120 2
-0.10449219 0.15917969 -0.31152344 40 230 120 2
-0.10644531 0.16113281 -0.31152344 40 230 120 2
0.00292969 0.17675781 -0.29589844 255 40 40 1
-0.00878906 0.18457031 -0.28613281 40 230 120 2
-0.00683594 0.18457031 -0.28613281 40 230 120 2
-0.00878906 0.18261719 -0.28808594 40 230 120 2
-0.00878906 0.18457031 -0.28808594 40 230 120 2
-0.12988281 0.15332031 -0.30957031 40 230 120 2
-0.12988281 0.15527344 -0.30761719 40 230 120 2
-0.12988281 0.15332031 -0.30761719 40 230 120 2
-0.12792969 0.15332031 -0.30761719 40 230 120 2
-0.13183594 0.08496094 -0.40527344 40 230 120 2
-0.13183594 0.08496094 -0.40722656 40 230 120 2
-0.13183594 0.08300781 -0.40722656 40 230 120 2
-0.13183594 0.08300781 -0.40527344 40 230 120 2
-0.12011719 0.07910156 -0.41894531 40 230 120 2
-0.11816406 0.07910156 -0.41699219 40 230 120 2
-0.11816406 0.07714844 -0.41894531 40 230 120 2
-0.11816406 0.07910156 -0.41894531 40 230 120 2
-0.12792969 0.05175781 -0.43847656 40 230 120 2
-0.12792969 0.05371094 -0.43847656 40 230 120 2
-0.12792969 0.05175781 -0.44042969 40 230 120 2
-0.12207031 0.04589844 -0.44824219 255 40 40 1
-0.12597656 0.05175781 -0.43847656 40 230 120 2
-0.13964844 0.05761719 -0.42675781 40 230 120 2
-0.13964844 0.05957031 -0.42871094 40 230 120 2
-0.13964844 0.05761719 -0.42871094 40 230 120 2
-0.13964844 0.05957031 -0.42675781 40 230 120 2
-0.13378906 0.10839844 -0.37792969 40 230 120 2
-0.13574219 0.10839844 -0.37792969 40 230 120 2
-0.13378906 0.10644531 -0.37792969 40 230 120 2
-0.13574219 0.10644531 -0.37792969 40 230 120 2
-0.12402344 0.13183594 -0.34667969 40 230 120 2
-0.12597656 0.13378906 -0.34667969 40 230 120 2
-0.12597656 0.13183594 -0.34667969 40 230 120 2
-0.12402344 0.13378906 -0.34667969 40 230 120 2
-0.10644531 0.12792969 -0.36230469 40 230 120 2
-0.10839844 0.12792969 -0.36035156 40 230 120 2
-0.10449219 0.13378906 -0.35449219 40 230 120 2
-0.10839844 0.12792969 -0.36230469 40 230 120 2
-0.10449219 0.13378906 -0.35253906 40 230 120 2
-0.10449219 0.13574219 -0.35449219 40 230 120 2
-0.10839844 0.12988281 -0.36035156 40 230 120 2
-0.11816406 0.10253906 -0.39160156 40 230 120 2
-0.12011719 0.10253906 -0.39160156 40 230 120 2
-0.11816406 0.10253906 -0.38964844 40 230 120 2
-0.11816406 0.10449219 -0.39160156 40 230 120 2
-0.13769531 0.02246094 -0.46191406 255 40 40 1
-0.14550781 0.01660156 -0.46386719 40 230 120 2
-0.14550781 0.01855469 -0.46191406 40 230 120 2
-0.14550781 0.01660156 -0.46191406 40 230 120 2
-0.14355469 0.01660156 -0.46191406 40 230 120 2
-0.13769531 0.03613281 -0.44824219 40 230 120 2
-0.13769531 0.03613281 -0.45019531 40 230 120 2
-0.13964844 0.03613281 -0.44824219 40 230 120 2
-0.13964844 0.03613281 -0.45019531 40 230 120 2
-0.12792969 0.03027344 -0.45605469 40 230 120 2
-0.12597656 0.03027344 -0.45605469 40 230 120 2
-0.12597656 0.03027344 -0.45800781 40 230 120 2
-0.12792969 0.03027344 -0.45800781 40 230 120 2
-0.13378906 0.01269531 -0.47167969 40 230 120 2
-0.13378906 0.01269531 -0.47363281 40 230 120 2
-0.13378906 0.01074219 -0.47363281 40 230 120 2
-0.13378906 0.01074219 -0.47167969 40 230 120 2
-0.14160156 0.00292969 -0.47949219 40 230 120 2
-0.14160156 0.00488281 -0.47949219 40 230 120 2
-0.14355469 0.00488281 -0.47753906 40 230 120 2
-0.14160156 0.00488281 -0.47753906 40 230 120 2
-0.13183594 0.00097656 -0.48730469 40 230 120 2
-0.13183594 0.00292969 -0.48535156 40 230 120 2
-0.13183594 0.00292969 -0.48730469 40 230 120 2
-0.13378906 0.00292969 -0.48730469 40 230 120 2
-0.13574219 -0.00683594 -0.49121094 40 230 120 2
-0.13378906 -0.00878906 -0.49316406 40 230 120 2
-0.13378906 -0.00878906 -0.49121094 40 230 120 2
-0.13574219 -0.00878906 -0.49121094 40 230 120 2
-0.14550781 -0.00292969 -0.48535156 40 230 120 2
-0.14746094 -0.00292969 -0.48535156 40 230 120 2
-0.14746094 -0.00488281 -0.48535156 40 230 120 2
-0.14746094 -0.00292969 -0.48339844 40 230 120 2
-0.13769531 -0.04785156 -0.47363281 40 230 120 2
-0.13769531 -0.04785156 -0.47558594 40 230 120 2
-0.13574219 -0.04785156 -0.47558594 40 230 120 2
-0.13574219 -0.04785156 -0.47363281 40 230 120 2
-0.12402344 -0.05175781 -0.47363281 40 230 120 2
-0.12402344 -0.05175781 -0.47558594 40 230 120 2
-0.12402344 -0.05371094 -0.47363281 40 230 120 2
-0.12402344 -0.05371094 -0.47558594 40 230 120 2
-0.12207031 -0.06738281 -0.45605469 40 230 120 2
-0.12011719 -0.06738281 -0.45605469 40 230 120 2
-0.12207031 -0.06542969 -0.45800781 40 230 120 2
-0.12207031 -0.06738281 -0.45800781 40 230 120 2
-0.13574219 -0.06347656 -0.45800781 40 230 120 2
-0.13574219 -0.06152344 -0.45996094 40 230 120 2
-0.13574219 -0.06152344 -0.45800781 40 230 120 2
-0.13769531 -0.06152344 -0.45996094 40 230 120 2
-0.14355469 -0.03222656 -0.48144531 40 230 120 2
-0.14355469 -0.03222656 -0.48339844 40 230 120 2
-0.14550781 -0.03222656 -0.48144531 40 230 120 2
-0.14355469 -0.03417969 -0.48144531 40 230 120 2
-0.14160156 -0.01660156 -0.48730469 40 230 120 2
-0.14160156 -0.01855469 -0.48925781 40 230 120 2
-0.14160156 -0.01855469 -0.48730469 40 230 120 2
-0.14160156 -0.01660156 -0.48925781 40 230 120 2
-0.12988281 -0.02246094 -0.49121094 40 230 120 2
-0.12988281 -0.02050781 -0.49121094 40 230 120 2
-0.12988281 -0.02050781 -0.49316406 40 230 120 2
-0.12988281 -0.02246094 -0.49316406 40 230 120 2
-0.12988281 -0.03808594 -0.48535156 40 230 120 2
-0.12988281 -0.03808594 -0.48339844 40 230 120 2
-0.13183594 -0.03808594 -0.48535156 40 230 120 2
-0.13183594 -0.03808594 -0.48339844 40 230 120 2
-0.08105469 0.23730469 -0.09277344 40 230 120 2
-0.08105469 0.23535156 -0.09277344 40 230 120 2
-0.08105469 0.23730469 -0.09082031 40 230 120 2
-0.06738281 0.23925781 -0.10644531 255 40 40 1
-0.07910156 0.23730469 -0.09277344 40 230 120 2
-0.09667969 0.18261719 -0.27050781 40 230 120 2
-0.09863281 0.18261719 -0.27050781 40 230 120 2
-0.10644531 0.19042969 -0.25683594 255 40 40 1
-0.10449219 0.19042969 -0.25878906 255 40 40 1
-0.10449219 0.18847656 -0.25683594 255 40 40 1
-0.09863281 0.18261719 -0.27246094 40 230 120 2
-0.09667969 0.18261719 -0.27246094 40 230 120 2
-0.10839844 0.19433594 -0.24121094 40 230 120 2
-0.11035156 0.19238281 -0.23925781 40 230 120 2
-0.10839844 0.19238281 -0.24121094 40 230 120 2
-0.11035156 0.19238281 -0.24121094 40 230 120 2
-0.08886719 0.20410156 -0.21386719 255 40 40 1
0.05566406 0.22558594 -0.19238281 40 230 120 2
-0.07910156 0.24121094 -0.04199219 40 230 120 2
-0.08105469 0.23925781 -0.04199219 40 230 120 2
-0.08105469 0.24121094 -0.04199219 40 230 120 2
-0.08105469 0.24121094 -0.04003906 40 230 120 2
-0.07128906 0.24316406 -0.06933594 255 40 40 1
-0.06347656 0.25488281 -0.08496094 40 230 120 2
-0.06152344 0.25488281 -0.08300781 40 230 120 2
-0.06347656 0.25292969 -0.08300781 40 230 120 2
-0.06347656 0.25488281 -0.08300781 40 230 120 2
-0.13964844 0.21777344 -0.10253906 40 230 120 2
-0.14160156 0.21777344 -0.10253906 40 230 120 2
-0.14160156 0.21777344 -0.10449219 40 230 120 2
-0.16308594 0.20996094 -0.12207031 255 40 40 1
-0.13964844 0.21777344 -0.10449219 40 230 120 2
-0.15527344 0.21191406 -0.09277344 255 40 40 1
-0.07714844 -0.14941406 -0.11230469 40 230 120 2
-0.07910156 -0.14941406 -0.11035156 40 230 120 2
-0.07910156 -0.14941406 -0.11230469 40 230 120 2
-0.08105469 -0.14941406 -0.11230469 40 230 120 2
-0.04003906 -0.15332031 -0.10253906 40 230 120 2
-0.04003906 -0.15332031 -0.10449219 40 230 120 2
-0.04199219 -0.15332031 -0.10253906 40 230 120 2
-0.04199219 -0.15332031 -0.10449219 40 230 120 2
-0.05761719 -0.15722656 -0.07714844 40 230 120 2
-0.05566406 -0.15527344 -0.07714844 40 230 120 2
-0.05566406 -0.15722656 -0.07714844 40 230 120 2
-0.05761719 -0.15527344 -0.07714844 40 230 120 2
-0.04589844 -0.15527344 -0.08886719 255 40 40 1
-0.02441406 -0.15527344 -0.06933594 40 230 120 2
-0.02636719 -0.15527344 -0.06933594 40 230 120 2
-0.02441406 -0.15332031 -0.06933594 40 230 120 2
-0.02441406 -0.15332031 -0.07128906 40 230 120 2
-0.02636719 -0.15722656 -0.03417969 40 230 120 2
-0.02636719 -0.15722656 -0.03613281 40 230 120 2
-0.02832031 -0.15722656 -0.03417969 40 230 120 2
-0.02832031 -0.15722656 -0.03613281 40 230 120 2
-0.06542969 -0.15136719 -0.03417969 40 230 120 2
-0.06738281 -0.15136719 -0.03417969 40 230 120 2
-0.08105469 -0.15136719 -0.04785156 255 40 40 1
-0.06738281 -0.15332031 -0.03613281 40 230 120 2
-0.06738281 -0.15136719 -0.03613281 40 230 120 2
0.01269531 -0.13574219 0.05175781 40 230 120 2
0.00878906 -0.12597656 0.04199219 255 40 40 1
0.01074219 -0.13574219 0.05175781 40 230 120 2
0.01074219 -0.13574219 0.04980469 40 230 120 2
0.01074219 -0.13378906 0.04980469 40 230 120 2
0.02636719 -0.12597656 0.09667969 40 230 120 2
0.02832031 -0.12597656 0.10058594 40 230 120 2
0.02636719 -0.12597656 0.09863281 40 230 120 2
0.00683594 -0.15527344 0.08691406 255 40 40 1
0.01660156 -0.14355469 0.10058594 40 230 120 2
0.01464844 -0.14550781 0.10058594 40 230 120 2
0.01660156 -0.14550781 0.10058594 40 230 120 2
0.01660156 -0.14550781 0.09863281 40 230 120 2
-0.01660156 -0.14160156 0.02636719 40 230 120 2
-0.01660156 -0.14160156 0.02441406 40 230 120 2
-0.01855469 -0.14160156 0.02636719 40 230 120 2
-0.01855469 -0.14160156 0.02441406 40 230 120 2
-0.03613281 -0.15136719 -0.01855469 255 40 40 1
-0.04199219 -0.14550781 0.00097656 40 230 120 2
-0.04199219 -0.14550781 -0.00097656 40 230 120 2
-0.04394531 -0.14550781 0.00097656 40 230 120 2
-0.01660156 -0.14355469 0.01855469 255 40 40 1
-0.04394531 -0.14550781 -0.00097656 40 230 120 2
-0.00292969 -0.14746094 0.00097656 40 230 120 2
-0.00097656 -0.14550781 0.00097656 40 230 120 2
-0.00292969 -0.14550781 0.00292969 40 230 120 2
-0.00292969 -0.14550781 0.00097656 40 230 120 2
0.00488281 -0.12988281 0.03222656 40 230 120 2
0.00683594 -0.12988281 0.03222656 40 230 120 2
0.00683594 -0.13183594 0.03222656 40 230 120 2
0.00488281 -0.13183594 0.03222656 40 230 120 2
-0.27246094 0.10253906 0.17871094 40 230 120 2
-0.27441406 0.10058594 0.17871094 40 230 120 2
-0.27441406 0.10253906 0.17675781 40 230 120 2
-0.27441406 0.10253906 0.17871094 40 230 120 2
-0.13964844 -0.09667969 0.23730469 40 230 120 2
-0.13964844 -0.09863281 0.23730469 40 230 120 2
-0.14160156 -0.09863281 0.23730469 40 230 120 2
-0.13964844 -0.09863281 0.23535156 40 230 120 2
0.06933594 -0.25488281 0.18847656 40 230 120 2
0.07128906 -0.25488281 0.18652344 40 230 120 2
0.07128906 -0.25488281 0.18847656 40 230 120 2
0.07128906 -0.25292969 0.18847656 40 230 120 2
-0.16113281 0.17675781 0.17480469 40 230 120 2
-0.16113281 0.17675781 0.17675781 40 230 120 2
-0.16113281 0.17871094 0.17675781 40 230 120 2
-0.16308594 0.17675781 0.17675781 40 230 120 2
-0.05566406 0.23730469 -0.15527344 40 230 120 2
-0.05566406 0.23730469 -0.15722656 40 230 120 2
-0.05566406 0.23925781 -0.15722656 40 230 120 2
-0.05566406 0.23925781 -0.15527344 40 230 120 2
0.02050781 0.27050781 -0.12207031 40 230 120 2
0.02050781 0.27050781 -0.12402344 40 230 120 2
0.02246094 0.27050781 -0.12402344 40 230 120 2
0.02246094 0.27050781 -0.12207031 40 230 120 2
-0.02050781 0.26269531 -0.16699219 40 230 120 2
-0.02050781 0.26269531 -0.16894531 40 230 120 2
-0.02246094 0.26269531 -0.16894531 40 230 120 2
-0.02246094 0.26269531 -0.16699219 40 230 120 2
-0.05761719 0.24707031 -0.12207031 40 230 120 2
-0.05761719 0.24707031 -0.12011719 40 230 120 2
-0.05761719 0.24902344 -0.12207031 40 230 120 2
-0.05566406 0.24707031 -0.12207031 40 230 120 2
0.10449219 0.24902344 -0.11816406 40 230 120 2
0.10449219 0.24902344 -0.12011719 40 230 120 2
0.10644531 0.24902344 -0.11816406 40 230 120 2
0.10644531 0.24902344 -0.12011719 40 230 120 2
-0.07910156 0.23339844 -0.12792969 40 230 120 2
-0.07910156 0.23535156 -0.12792969 40 230 120 2
-0.07714844 0.23339844 -0.12792969 40 230 120 2
-0.07714844 0.23535156 -0.12792969 40 230 120 2
-0.02246094 0.22363281 -0.20996094 40 230 120 2
-0.02441406 0.22363281 -0.20996094 40 230 120 2
-0.02246094 0.22167969 -0.20996094 40 230 120 2
-0.02246094 0.22167969 -0.21191406 40 230 120 2
-0.08105469 0.21191406 -0.19238281 255 40 40 1
-0.09667969 0.20605469 -0.20410156 40 230 120 2
-0.09863281 0.20605469 -0.20214844 40 230 120 2
-0.09863281 0.20605469 -0.20410156 40 230 120 2
-0.09667969 0.20605469 -0.20214844 40 230 120 2
-0.10253906 -0.13183594 -0.20214844 40 230 120 2
-0.10058594 -0.13183594 -0.20410156 40 230 120 2
-0.10253906 -0.13183594 -0.20605469 40 230 120 2
-0.10253906 -0.13183594 -0.20410156 40 230 120 2
-0.07128906 -0.13574219 -0.19824219 40 230 120 2
-0.07128906 -0.13378906 -0.19824219 40 230 120 2
-0.07128906 -0.13378906 -0.20019531 40 230 120 2
-0.06933594 -0.13378906 -0.19824219 40 230 120 2
0.20410156 -0.09667969 -0.17871094 40 230 120 2
0.20605469 -0.09472656 -0.17871094 40 230 120 2
0.20605469 -0.09667969 -0.17871094 40 230 120 2
0.20410156 -0.09472656 -0.17871094 40 230 120 2
0.23925781 -0.06152344 -0.16308594 40 230 120 2
0.23925781 -0.06152344 -0.16113281 40 230 120 2
0.24121094 -0.06152344 -0.16308594 40 230 120 2
0.24121094 -0.06152344 -0.16113281 40 230 120 2
0.26074219 -0.02246094 -0.16503906 40 230 120 2
0.25878906 -0.02246094 -0.16699219 40 230 120 2
0.25878906 -0.02246094 -0.16503906 40 230 120 2
0.26074219 -0.02246094 -0.16699219 40 230 120 2
0.27636719 0.02050781 -0.15527344 40 230 120 2
0.27636719 0.02246094 -0.15527344 40 230 120 2
0.27636719 0.02246094 -0.15332031 40 230 120 2
0.27636719 0.02050781 -0.15332031 40 230 120 2
0.27246094 0.06738281 -0.16503906 40 230 120 2
0.27246094 0.06542969 -0.16308594 40 230 120 2
0.27246094 0.06542969 -0.16503906 40 230 120 2
0.27246094 0.06738281 -0.16308594 40 230 120 2
0.26074219 0.11035156 -0.15917969 40 230 120 2
0.26074219 0.11230469 -0.16113281 40 230 120 2
0.26074219 0.11230469 -0.15917969 40 230 120 2
0.26269531 0.11230469 -0.15917969 40 230 120 2
0.23339844 0.15136719 -0.17480469 40 230 120 2
0.23144531 0.15136719 -0.17675781 40 230 120 2
0.23339844 0.15136719 -0.17675781 40 230 120 2
0.23144531 0.15136719 -0.17480469 40 230 120 2
0.20019531 0.18652344 -0.17480469 40 230 120 2
0.20214844 0.18652344 -0.17480469 40 230 120 2
0.20214844 0.18652344 -0.17285156 40 230 120 2
0.20214844 0.18457031 -0.17480469 40 230 120 2
-0.17871094 -0.11621094 -0.19628906 40 230 120 2
-0.18066406 -0.11621094 -0.19628906 40 230 120 2
-0.17871094 -0.11816406 -0.19628906 40 230 120 2
-0.17871094 -0.11621094 -0.19824219 40 230 120 2
-0.13574219 -0.12988281 -0.19433594 40 230 120 2
-0.13769531 -0.12988281 -0.19433594 40 230 120 2
-0.13769531 -0.12988281 -0.19238281 40 230 120 2
-0.13574219 -0.12988281 -0.19238281 40 230 120 2
-0.04785156 -0.13378906 -0.20800781 40 230 120 2
-0.04785156 -0.13378906 -0.20605469 40 230 120 2
-0.04785156 -0.13574219 -0.20605469 40 230 120 2
-0.04785156 -0.13574219 -0.20800781 40 230 120 2
-0.01660156 -0.14746094 -0.20019531 40 230 120 2
-0.01464844 -0.14746094 -0.20214844 40 230 120 2
-0.01660156 -0.14550781 -0.20214844 40 230 120 2
-0.01660156 -0.14746094 -0.20214844 40 230 120 2
0.02050781 -0.15722656 -0.20996094 40 230 120 2
0.02050781 -0.15722656 -0.21191406 40 230 120 2
0.01855469 -0.15722656 -0.21191406 40 230 120 2
0.01855469 -0.15722656 -0.20996094 40 230 120 2
0.07128906 -0.15527344 -0.19433594 40 230 120 2
0.07324219 -0.15527344 -0.19628906 40 230 120 2
0.07324219 -0.15527344 -0.19433594 40 230 120 2
0.07324219 -0.15722656 -0.19433594 40 230 120 2
0.12011719 -0.14355469 -0.19628906 40 230 120 2
0.11816406 -0.14355469 -0.19433594 40 230 120 2
0.12011719 -0.14550781 -0.19433594 40 230 120 2
0.12011719 -0.14355469 -0.19433594 40 230 120 2
0.16894531 -0.12597656 -0.17675781 40 230 120 2
0.16113281 -0.13378906 -0.17089844 255 40 40 1
0.17089844 -0.12597656 -0.17871094 40 230 120 2
0.17089844 -0.12597656 -0.17675781 40 230 120 2
0.17089844 -0.12402344 -0.17675781 40 230 120 2
-0.21386719 0.15332031 -0.19628906 40 230 120 2
-0.21582031 0.15332031 -0.19433594 40 230 120 2
-0.21582031 0.15332031 -0.19628906 40 230 120 2
-0.21386719 0.15332031 -0.19433594 40 230 120 2
-0.24511719 0.12011719 -0.18847656 40 230 120 2
-0.24511719 0.12207031 -0.18847656 40 230 120 2
-0.24511719 0.12207031 -0.18652344 40 230 120 2
-0.24511719 0.12011719 -0.18652344 40 230 120 2
-0.26269531 0.08300781 -0.19628906 40 230 120 2
-0.26464844 0.08300781 -0.19628906 40 230 120 2
-0.26464844 0.08105469 -0.19628906 40 230 120 2
-0.26269531 0.08105469 -0.19628906 40 230 120 2
-0.27246094 0.04199219 -0.18847656 40 230 120 2
-0.27246094 0.04003906 -0.18652344 40 230 120 2
-0.27246094 0.04003906 -0.18847656 40 230 120 2
-0.27246094 0.04199219 -0.18652344 40 230 120 2
-0.26855469 0.00097656 -0.19628906 40 230 120 2
-0.26660156 0.00292969 -0.19628906 40 230 120 2
-0.26855469 0.00292969 -0.19628906 40 230 120 2
-0.26855469 0.00292969 -0.19433594 40 230 120 2
-0.25683594 -0.03417969 -0.18457031 40 230 120 2
-0.25683594 -0.03417969 -0.18847656 40 230 120 2
-0.25683594 -0.03222656 -0.18652344 40 230 120 2
-0.25683594 -0.03417969 -0.18652344 40 230 120 2
-0.23925781 -0.06347656 -0.19433594 40 230 120 2
-0.23925781 -0.06542969 -0.19433594 40 230 120 2
-0.23730469 -0.06542969 -0.19433594 40 230 120 2
-0.23925781 -0.06542969 -0.19628906 40 230 120 2
-0.21386719 -0.09472656 -0.18847656 40 230 120 2
-0.21191406 -0.09472656 -0.18847656 40 230 120 2
-0.21191406 -0.09472656 -0.18652344 40 230 120 2
-0.21386719 -0.09472656 -0.18652344 40 230 120 2
0.15722656 0.20996094 -0.19238281 40 230 120 2
0.15917969 0.20996094 -0.19042969 40 230 120 2
0.15722656 0.20996094 -0.19042969 40 230 120 2
0.15722656 0.21191406 -0.19042969 40 230 120 2
0.11816406 0.22949219 -0.19238281 40 230 120 2
0.11621094 0.22753906 -0.19238281 40 230 120 2
0.11621094 0.22949219 -0.19238281 40 230 120 2
0.11621094 0.22949219 -0.19042969 40 230 120 2
0.04589844 0.21972656 -0.20605469 40 230 120 2
0.04589844 0.21972656 -0.20996094 40 230 120 2
0.04785156 0.21972656 -0.20800781 40 230 120 2
0.04589844 0.21972656 -0.20800781 40 230 120 2
0.02246094 0.22363281 -0.20410156 40 230 120 2
0.02246094 0.22363281 -0.20605469 40 230 120 2
0.02050781 0.22363281 -0.20605469 40 230 120 2
0.02246094 0.22167969 -0.20605469 40 230 120 2
0.03808594 0.21972656 -0.20214844 255 40 40 1
-0.06347656 0.21777344 -0.21191406 40 230 120 2
-0.06347656 0.21582031 -0.21191406 40 230 120 2
-0.06542969 0.21777344 -0.21191406 40 230 120 2
-0.06347656 0.21777344 -0.21386719 40 230 120 2
-0.17871094 0.18261719 -0.18652344 40 230 120 2
-0.17871094 0.18066406 -0.18652344 40 230 120 2
-0.17871094 0.18261719 -0.18847656 40 230 120 2
-0.18066406 0.18261719 -0.18652344 40 230 120 2
-0.00683594 0.14550781 -0.34863281 40 230 120 2
-0.00878906 0.14550781 -0.35058594 40 230 120 2
-0.00683594 0.14550781 -0.35058594 40 230 120 2
-0.00878906 0.14550781 -0.34863281 40 230 120 2
0.03808594 0.24902344 -0.16308594 40 230 120 2
0.03613281 0.24902344 -0.16308594 40 230 120 2
0.03613281 0.24902344 -0.16503906 40 230 120 2
0.03808594 0.24902344 -0.16503906 40 230 120 2
0.14355469 0.23925781 -0.13378906 40 230 120 2
0.14355469 0.23730469 -0.13378906 40 230 120 2
0.14550781 0.23730469 -0.13378906 40 230 120 2
0.14355469 0.23730469 -0.13183594 40 230 120 2
0.11621094 0.24902344 -0.12988281 255 40 40 1
-0.02246094 0.17089844 -0.31542969 40 230 120 2
-0.02246094 0.17089844 -0.31738281 40 230 120 2
-0.02246094 0.16894531 -0.31542969 40 230 120 2
-0.02050781 0.17089844 -0.31542969 40 230 120 2
-0.04394531 -0.14746094 -0.13964844 40 230 120 2
-0.04199219 -0.14746094 -0.14160156 40 230 120 2
-0.04394531 -0.14746094 -0.14160156 40 230 120 2
-0.04199219 -0.14746094 -0.13964844 40 230 120 2
-0.07324219 -0.14746094 -0.13769531 40 230 120 2
-0.07128906 -0.14746094 -0.13769531 40 230 120 2
-0.07324219 -0.14746094 -0.13964844 40 230 120 2
-0.07128906 -0.14746094 -0.13964844 40 230 120 2
-0.08105469 0.22363281 -0.15917969 40 230 120 2
-0.08300781 0.22363281 -0.15722656 40 230 120 2
-0.08105469 0.22363281 -0.15722656 40 230 120 2
-0.08300781 0.22363281 -0.15917969 40 230 120 2
0.06738281 0.24121094 -0.15136719 40 230 120 2
0.06738281 0.24121094 -0.15332031 40 230 120 2
0.06542969 0.24121094 -0.15332031 40 230 120 2
0.06542969 0.24121094 -0.15136719 40 230 120 2
0.17675781 0.22753906 -0.12402344 40 230 120 2
0.17480469 0.22753906 -0.12597656 40 230 120 2
0.17480469 0.22753906 -0.12402344 40 230 120 2
0.17675781 0.22753906 -0.12597656 40 230 120 2
-0.19042969 0.18847656 -0.13183594 40 230 120 2
-0.19238281 0.18847656 -0.13183594 40 230 120 2
-0.19042969 0.18847656 -0.12988281 40 230 120 2
-0.19238281 0.18847656 -0.12988281 40 230 120 2
-0.14550781 0.21386719 -0.13378906 40 230 120 2
-0.14550781 0.21191406 -0.13574219 40 230 120 2
-0.14550781 0.21386719 -0.13574219 40 230 120 2
-0.14355469 0.21386719 -0.13574219 40 230 120 2
-0.06738281 0.25878906 -0.04003906 40 230 120 2
-0.06738281 0.26074219 -0.04003906 40 230 120 2
-0.06738281 0.25878906 -0.03808594 40 230 120 2
-0.06738281 0.26074219 -0.03808594 40 230 120 2
-0.27246094 0.02832031 -0.12207031 40 230 120 2
-0.27246094 0.02636719 -0.12207031 40 230 120 2
-0.27246094 0.02636719 -0.12011719 40 230 120 2
-0.27246094 0.02832031 -0.12011719 40 230 120 2
-0.27050781 0.06933594 -0.12207031 40 230 120 2
-0.27050781 0.07128906 -0.12402344 40 230 120 2
-0.27050781 0.07128906 -0.12207031 40 230 120 2
-0.27050781 0.07324219 -0.12207031 40 230 120 2
-0.25683594 0.11425781 -0.12207031 40 230 120 2
-0.25683594 0.11425781 -0.12402344 40 230 120 2
-0.25488281 0.11621094 -0.12402344 40 230 120 2
-0.25683594 0.11621094 -0.12402344 40 230 120 2
-0.22753906 0.15332031 -0.12792969 40 230 120 2
-0.22949219 0.15332031 -0.12792969 40 230 120 2
-0.22753906 0.15332031 -0.12597656 40 230 120 2
-0.22753906 0.15527344 -0.12792969 40 230 120 2
-0.19628906 -0.11230469 -0.12792969 40 230 120 2
-0.19628906 -0.11425781 -0.12597656 40 230 120 2
-0.19628906 -0.11230469 -0.12597656 40 230 120 2
-0.19628906 -0.11425781 -0.12792969 40 230 120 2
-0.22558594 -0.08300781 -0.12597656 40 230 120 2
-0.22558594 -0.08496094 -0.12402344 40 230 120 2
-0.22558594 -0.08300781 -0.12402344 40 230 120 2
-0.22753906 -0.08300781 -0.12402344 40 230 120 2
-0.24121094 -0.06347656 -0.11035156 255 40 40 1
-0.24707031 -0.05175781 -0.12207031 40 230 120 2
-0.24902344 -0.04980469 -0.12207031 40 230 120 2
-0.24707031 -0.04980469 -0.12207031 40 230 120 2
-0.24902344 -0.05175781 -0.12207031 40 230 120 2
-0.26464844 -0.01269531 -0.12011719 40 230 120 2
-0.26464844 -0.01464844 -0.12207031 40 230 120 2
-0.26464844 -0.01269531 -0.12207031 40 230 120 2
-0.26464844 -0.01464844 -0.12011719 40 230 120 2
0.01660156 -0.16308594 -0.13769531 40 230 120 2
0.01660156 -0.16308594 -0.13964844 40 230 120 2
0.01855469 -0.16308594 -0.13964844 40 230 120 2
0.01855469 -0.16308594 -0.13769531 40 230 120 2
-0.01660156 -0.15136719 -0.13769531 40 230 120 2
-0.01464844 -0.15136719 -0.13964844 40 230 120 2
-0.01855469 -0.15136719 -0.13964844 40 230 120 2
-0.01660156 -0.15136719 -0.13964844 40 230 120 2
-0.11035156 -0.14355469 -0.13378906 40 230 120 2
-0.11035156 -0.14355469 -0.13574219 40 230 120 2
-0.11230469 -0.14355469 -0.13574219 40 230 120 2
-0.11230469 -0.14355469 -0.13378906 40 230 120 2
-0.15527344 -0.13183594 -0.12988281 40 230 120 2
-0.15332031 -0.13183594 -0.12988281 40 230 120 2
-0.15527344 -0.12988281 -0.12988281 40 230 120 2
-0.15527344 -0.13183594 -0.13183594 40 230 120 2
0.21582031 -0.12402344 -0.10253906 40 230 120 2
0.21386719 -0.12402344 -0.10449219 40 230 120 2
0.21386719 -0.12402344 -0.10253906 40 230 120 2
0.21582031 -0.12402344 -0.10449219 40 230 120 2
0.17089844 -0.14941406 -0.11230469 40 230 120 2
0.17089844 -0.14941406 -0.11425781 40 230 120 2
0.14355469 -0.16308594 -0.10644531 255 40 40 1
0.16894531 -0.14941406 -0.11230469 40 230 120 2
0.17285156 -0.14941406 -0.11230469 40 230 120 2
0.12011719 -0.16699219 -0.12207031 40 230 120 2
0.12011719 -0.16699219 -0.12402344 40 230 120 2
0.12011719 -0.16503906 -0.12402344 40 230 120 2
0.12207031 -0.16699219 -0.12402344 40 230 120 2
0.06542969 -0.17089844 -0.13574219 40 230 120 2
0.06347656 -0.17089844 -0.13378906 40 230 120 2
0.06542969 -0.17285156 -0.13378906 40 230 120 2
0.06542969 -0.17089844 -0.13378906 40 230 120 2
0.29785156 0.04003906 -0.08300781 40 230 120 2
0.29785156 0.04199219 -0.08300781 40 230 120 2
0.29785156 0.04199219 -0.08496094 40 230 120 2
0.29785156 0.04003906 -0.08496094 40 230 120 2
0.29003906 -0.00683594 -0.08496094 40 230 120 2
0.29199219 -0.00683594 -0.08496094 40 230 120 2
0.29003906 -0.00488281 -0.08496094 40 230 120 2
0.29003906 -0.00683594 -0.08691406 40 230 120 2
0.27441406 -0.05175781 -0.08886719 40 230 120 2
0.27441406 -0.04980469 -0.08886719 40 230 120 2
0.27441406 -0.04980469 -0.09082031 40 230 120 2
0.27441406 -0.05175781 -0.09082031 40 230 120 2
0.24902344 -0.09082031 -0.09667969 40 230 120 2
0.24902344 -0.08886719 -0.09472656 40 230 120 2
0.25097656 -0.09082031 -0.09472656 40 230 120 2
0.24902344 -0.09082031 -0.09472656 40 230 120 2
0.21777344 0.20410156 -0.11230469 40 230 120 2
0.21582031 0.20410156 -0.11230469 40 230 120 2
0.21582031 0.20605469 -0.11230469 40 230 120 2
0.21777344 0.20605469 -0.11230469 40 230 120 2
0.27246094 0.14746094 -0.08105469 255 40 40 1
0.24902344 0.16894531 -0.10058594 40 230 120 2
0.24902344 0.17089844 -0.10253906 40 230 120 2
0.24902344 0.17089844 -0.09863281 40 230 120 2
0.24902344 0.17089844 -0.10058594 40 230 120 2
0.27441406 0.13183594 -0.09277344 40 230 120 2
0.27441406 0.12988281 -0.09082031 40 230 120 2
0.27441406 0.13183594 -0.09082031 40 230 120 2
0.27636719 0.13183594 -0.09082031 40 230 120 2
0.29003906 0.10253906 -0.07324219 255 40 40 1
0.29199219 0.08691406 -0.08691406 40 230 120 2
0.29199219 0.08691406 -0.08496094 40 230 120 2
0.29199219 0.08886719 -0.08496094 40 230 120 2
0.29003906 0.08691406 -0.08691406 40 230 120 2
-0.08886719 0.21386719 -0.18457031 40 230 120 2
-0.09082031 0.21386719 -0.18261719 40 230 120 2
-0.08886719 0.21386719 -0.18261719 40 230 120 2
-0.07910156 0.21191406 -0.19042969 255 40 40 1
-0.09082031 0.21191406 -0.18261719 40 230 120 2
0.09667969 0.24707031 -0.14550781 40 230 120 2
0.09667969 0.24707031 -0.14746094 40 230 120 2
0.09863281 0.24707031 -0.14746094 40 230 120 2
0.09472656 0.24707031 -0.14746094 40 230 120 2
0.07324219 0.23339844 -0.18847656 40 230 120 2
0.07324219 0.23144531 -0.18847656 40 230 120 2
0.07324219 0.23339844 -0.18652344 40 230 120 2
0.07324219 0.23144531 -0.18652344 40 230 120 2
0.01855469 0.24316406 -0.19433594 40 230 120 2
0.01855469 0.24121094 -0.19433594 40 230 120 2
0.01855469 0.24121094 -0.19628906 40 230 120 2
0.02050781 0.24316406 -0.19433594 40 230 120 2
-0.04199219 0.28613281 -0.03027344 40 230 120 2
-0.04003906 0.28613281 -0.03027344 40 230 120 2
-0.04199219 0.28613281 -0.03222656 40 230 120 2
-0.04003906 0.28613281 -0.03222656 40 230 120 2
0.04394531 0.25683594 -0.02246094 40 230 120 2
0.04394531 0.25683594 -0.02050781 40 230 120 2
0.04589844 0.25683594 -0.02246094 40 230 120 2
0.04589844 0.25683594 -0.02050781 40 230 120 2
0.10449219 0.25097656 -0.03613281 40 230 120 2
0.10644531 0.25097656 -0.03613281 40 230 120 2
0.10644531 0.25292969 -0.03613281 40 230 120 2
0.10449219 0.25292969 -0.03613281 40 230 120 2
0.10449219 0.25292969 -0.07910156 40 230 120 2
0.10644531 0.25292969 -0.07910156 40 230 120 2
0.10644531 0.25292969 -0.07714844 40 230 120 2
0.10449219 0.25292969 -0.07714844 40 230 120 2
