ply
format ascii 1.0
comment algorithm Barycentric Ridge Graph
element vertex 1542
property float x
property float y
property float z
property float peak_d_vert
property int component_size
element edge 3455
property int vertex1
property int vertex2
property int component_size
property int midpoint_voxels
end_header
0.29261032 0.10949533 0.01587396 0.99316406 37
0.29117170 0.10664450 -0.02722863 0.97363281 15
0.27504504 0.15178689 -0.03481182 0.98583984 36
0.27450785 0.15453322 0.00848241 0.96484375 19
0.25090829 0.14540164 0.04376193 0.97314453 23
0.26549125 0.10425701 0.05424520 0.95166016 12
0.28851050 0.05958170 0.05373333 0.96630859 24
0.30171862 0.05910552 0.01555920 0.94726562 14
0.29980457 0.05885257 -0.02480330 0.97363281 28
0.28989175 0.10416862 -0.07196001 0.97167969 31
0.27133965 0.14753112 -0.08044983 0.96826172 22
0.27923799 0.00680997 -0.14478642 0.99267578 17
0.29369077 0.05453797 -0.11208906 0.97216797 25
0.28336257 0.05248125 -0.14533819 0.97119141 18
0.27215597 0.09792798 -0.14722332 0.97216797 22
0.28353494 0.10013605 -0.11461829 0.96630859 19
0.24241236 0.18413489 -0.08991577 0.98095703 34
0.24673532 0.18799773 -0.04597298 0.99023438 15
0.25041282 0.14083053 -0.15601383 0.96826172 21
0.26266241 0.14265063 -0.12227800 0.96875000 29
0.23305173 0.17948903 -0.13100921 0.99072266 21
0.21873543 0.17692314 -0.16259371 0.99169922 23
0.21078937 0.21779107 -0.05953694 0.97949219 33
0.21013790 0.22028047 -0.10477331 0.97509766 24
0.24724194 0.19258831 -0.00407312 0.96240234 35
0.21188238 0.22275499 -0.01818935 0.98828125 17
0.19602978 0.20749170 0.01800299 0.96728516 21
0.23412573 0.18424353 0.03338639 0.96142578 9
0.28809932 -0.03743065 -0.03293438 0.97705078 33
0.30264834 0.00702320 0.00789471 0.98339844 31
0.29526004 -0.04307385 -0.00161978 0.97021484 13
0.29912364 0.00936173 -0.02796621 0.95947266 16
0.28839114 0.00378141 0.03913992 0.98632812 10
0.27738801 -0.04393484 0.02506138 1.00000000 21
0.27578703 -0.08828235 -0.00853174 0.97900391 27
0.26840767 -0.08100251 -0.03885440 0.97753906 16
0.26353246 -0.08484129 0.01299113 0.97070312 9
0.23767881 -0.11870885 0.00182345 0.97753906 17
0.23801282 -0.11857906 -0.04615049 0.97998047 33
0.24338835 -0.12561060 -0.01266275 0.96386719 10
0.28455481 -0.03562305 -0.07404345 0.98339844 24
0.26320910 -0.07832512 -0.07803825 0.96679688 31
-0.06844570 0.22167848 -0.17109284 0.96923828 19
-0.03957712 0.25583398 -0.19387852 0.97705078 17
-0.04785594 0.23410678 -0.20743988 0.94726562 13
0.23672564 -0.07531975 -0.15437457 0.98046875 24
0.25187907 -0.07777737 -0.12070573 0.96728516 25
0.22176497 -0.11473469 -0.12874956 0.97753906 33
0.29745004 0.00952897 -0.06999947 0.97314453 28
0.27528489 -0.03701535 -0.11607999 0.98291016 30
0.26249936 -0.03614753 -0.14901175 0.96191406 24
0.28986505 0.00732879 -0.11217712 0.96582031 17
0.29978806 0.05792795 -0.06952071 0.98242188 17
0.14797202 -0.16824059 -0.06631895 0.96435547 30
0.09317789 -0.17559744 -0.04496520 0.98388672 34
0.09191906 -0.17675775 -0.07775648 0.96240234 13
0.14936824 -0.15569836 -0.00789383 0.98730469 18
0.14860314 -0.16778953 -0.03482428 0.95996094 13
0.09975484 -0.17623988 -0.00926738 0.97998047 15
0.04845088 -0.15540482 -0.00597495 0.99462891 25
0.03851074 -0.17551996 -0.08580319 0.97460938 31
0.03949483 -0.17627108 -0.04930326 0.97216797 16
0.14314568 -0.16457711 -0.10662143 0.97802734 20
0.08817545 -0.17480467 -0.11762036 0.97363281 23
-0.05173935 -0.13793202 -0.19231097 0.99804688 10
-0.07689935 -0.13574220 -0.19142781 0.94091797 4
-0.06874384 -0.14261436 -0.16483301 0.95556641 16
0.07565825 -0.16694374 -0.15779105 0.95214844 17
0.02350610 -0.16441259 -0.16509537 0.97460938 19
0.06054452 -0.16050033 -0.18878953 0.95556641 20
0.19111001 -0.14268133 -0.09450711 0.98876953 34
0.19525950 -0.14386936 -0.05477298 0.95166016 19
0.13014910 -0.15842205 -0.14748512 0.97656250 25
0.11289760 -0.15284206 -0.18053162 0.98486328 16
0.17875047 -0.14092314 -0.13668154 0.97216797 25
0.16146873 -0.13545917 -0.17022444 0.99218750 24
0.23262930 -0.11511694 -0.08601031 0.96923828 24
0.20214279 -0.15575609 -0.02186308 0.97949219 28
0.19431807 -0.13682118 -0.00109024 0.99462891 8
0.05549410 0.22564296 0.01725544 0.93896484 5
0.04237790 0.21454701 0.03645613 0.97656250 15
0.02303126 0.25443456 0.01034611 0.97998047 70
0.01818713 0.22351438 0.07422457 0.99951172 18
0.00223408 0.19098298 0.11503504 0.97070312 17
0.03757597 0.21018389 0.06045454 0.94580078 15
0.04783522 0.22274564 0.03397372 0.95214844 5
0.02745919 0.02324579 0.15722656 0.91748047 5
0.02246094 0.01220411 0.15726605 0.93994141 3
0.04100342 -0.01114154 0.16683681 0.97949219 17
0.03263830 -0.02287268 0.16308594 0.87597656 2
0.04394531 -0.05814260 0.16477484 0.97265625 4
0.07641745 -0.03853423 0.19232759 0.99707031 48
0.05284842 -0.04890601 0.17108096 0.92431641 7
0.05781516 0.00785452 0.18808942 0.95947266 22
0.04718055 0.04680863 0.17683885 0.97363281 31
0.04844666 -0.20453794 0.06431818 0.99902344 45
0.04991000 -0.18043093 0.00586324 0.97265625 13
0.07029226 -0.20153281 0.02968104 0.95947266 12
0.03802859 -0.16338842 0.01108350 0.97509766 8
0.06992007 -0.16828619 -0.00108700 0.91503906 8
0.08512991 -0.18937594 0.00870664 0.96484375 12
0.02160920 -0.12597656 0.03674887 0.95898438 8
0.02949045 -0.13893870 0.01205986 0.95654297 13
0.02364677 -0.15153490 0.04013683 0.99121094 15
0.01328267 -0.13806345 0.01347871 0.93798828 8
-0.00657231 -0.15802345 -0.02795166 0.98046875 19
0.01699249 -0.15675209 -0.01483020 0.99609375 9
0.03222656 -0.14355469 0.01660156 0.86230469 1
0.03227475 -0.15119664 0.08778488 0.96582031 27
0.02441406 -0.13114052 0.07393762 0.94921875 2
0.05606969 -0.14016348 0.15005997 0.98535156 45
0.04535328 -0.18013327 0.10924537 0.96923828 18
0.03485059 -0.12534502 0.12342696 0.96191406 10
0.03027343 -0.12115419 0.10422358 0.96728516 6
-0.01380127 -0.14786254 -0.06098728 0.95361328 9
0.00612996 -0.15730152 -0.05749477 0.97656250 14
-0.02103369 -0.15339941 -0.09120241 0.97460938 11
0.00118095 -0.15817375 -0.08881006 0.99267578 9
-0.08642987 -0.15134501 -0.08476092 0.98046875 20
-0.12895803 -0.14206690 -0.08121702 0.95996094 14
-0.12399117 -0.14238617 -0.04516654 0.98730469 28
-0.07857982 -0.14209741 -0.00081158 0.95751953 25
-0.08237240 -0.15225498 -0.04771167 0.98486328 14
-0.12562069 -0.13771719 -0.00675540 0.96142578 11
-0.16040759 -0.11949533 -0.00260756 1.00000000 18
-0.16454245 -0.12348031 -0.04322015 0.97412109 13
-0.17154409 -0.12244836 -0.08012793 0.96826172 28
-0.09442537 -0.14926454 -0.12449002 0.98291016 16
-0.13729966 -0.13877836 -0.11862423 0.97802734 23
0.19770688 0.21071616 -0.14254330 0.98925781 27
0.18045709 0.20647748 -0.17244333 0.98046875 18
-0.15025477 -0.12924252 -0.18278529 0.95800781 17
-0.14574972 -0.13383657 -0.15421195 0.97216797 16
-0.19043526 -0.12010131 -0.15107788 0.97314453 25
-0.00407837 -0.15447988 -0.12637557 0.98730469 20
-0.16552724 0.19229926 -0.17872319 0.98046875 19
-0.12084731 0.20688045 -0.18536593 0.95361328 16
-0.16405359 0.20125413 -0.15106408 0.98632812 22
-0.01530612 -0.15301105 -0.16459464 0.97656250 14
-0.02493225 -0.14452262 -0.19282176 0.95507812 11
-0.04158543 -0.14550783 -0.16495621 0.98242188 8
0.03394626 -0.17255068 -0.12589632 0.98046875 18
-0.23940110 -0.03533079 -0.02246205 0.97265625 34
-0.23039664 -0.06737137 -0.07020660 0.97607422 29
-0.25033730 -0.03379416 -0.06600447 0.97607422 16
-0.20516868 -0.06183232 0.01169049 0.98876953 18
-0.22002268 -0.07003695 -0.02742381 0.95117188 18
-0.22712727 0.00620347 0.01349188 0.96484375 19
-0.21620409 -0.02765136 0.01686319 0.94531250 12
-0.25223631 0.00270796 -0.02113679 0.97998047 15
-0.26275021 0.00593847 -0.06519954 0.96972656 32
-0.25802600 -0.02953166 -0.10693181 0.96875000 23
-0.23945978 -0.06391235 -0.11075525 0.99072266 16
-0.27246100 0.01482465 -0.14838365 0.96142578 17
-0.27356860 0.05576650 -0.17952788 0.97119141 12
-0.27209780 0.01432239 -0.17941967 0.97656250 10
-0.26410511 -0.02515855 -0.14688596 0.97070312 16
-0.26274696 -0.02321714 -0.17767556 0.94238281 12
-0.21674296 -0.09658799 -0.11244740 0.98144531 24
-0.20396292 -0.09630027 -0.07585243 0.97753906 16
-0.24631336 -0.05723525 -0.17810373 0.95898438 10
-0.24576201 -0.05985582 -0.14764607 0.98681641 16
-0.22182910 -0.08607577 -0.17752095 0.95361328 12
-0.22156745 -0.09006834 -0.14796722 0.95263672 14
-0.18120365 -0.12137205 -0.11660606 0.97558594 16
-0.19492954 -0.09849890 -0.03535400 0.97900391 30
-0.18322308 -0.09196769 0.00282443 0.98681641 11
-0.15500695 -0.10728905 0.00794470 0.96826172 8
-0.12631840 -0.12410197 0.00501008 0.97900391 12
-0.09001061 -0.13385475 0.00878906 0.96484375 6
-0.10530244 -0.15006898 0.01637731 0.95507812 11
-0.16853546 -0.12753773 0.02078437 0.98388672 22
-0.13632289 -0.14495163 0.01495998 0.97900391 9
-0.23430941 0.08818443 -0.00131343 0.93847656 11
-0.24178642 0.03850169 0.01012208 0.95947266 17
-0.22061914 0.08292427 -0.01331007 0.98730469 21
-0.22588402 0.03950208 0.00290784 0.97363281 10
-0.25114137 0.00143455 0.04198125 0.97949219 18
-0.23879318 0.00115007 0.01946119 0.98925781 6
-0.23965979 0.09558917 0.02496842 0.96728516 27
-0.25292972 0.04539049 0.03680085 0.93066406 9
-0.05922477 -0.15416057 0.02303411 0.98193359 21
-0.03981347 -0.13574217 0.02076950 0.98583984 7
0.00026661 -0.14635246 0.03881856 0.97265625 21
-0.03645555 -0.16878887 0.05334304 0.96679688 16
-0.07578211 -0.16893129 0.06653488 0.95849609 19
-0.09058880 -0.16274604 0.03476041 0.97363281 9
-0.02656127 -0.16478886 0.09556662 0.96826172 21
0.02016706 -0.14343397 0.13895290 0.97558594 36
0.00655665 -0.15659717 0.08569512 0.98681641 13
-0.00900055 -0.15712272 0.13784221 0.97021484 17
-0.05104056 -0.15486303 0.13871156 0.97851562 40
-0.06698646 -0.16234443 0.09914741 0.97070312 13
-0.11737416 0.20012835 -0.01974285 0.93945312 6
-0.13085866 0.19502960 -0.03353275 0.97949219 12
-0.09816848 0.22938785 -0.02633655 0.98046875 40
-0.13884665 0.20602022 -0.04216125 0.96240234 8
-0.16707870 0.16951858 -0.04454510 0.97705078 20
-0.17873952 0.18774799 -0.03758026 0.99365234 12
-0.18053308 0.19464605 -0.01274802 0.98925781 26
-0.12897046 0.20393510 -0.02070293 0.97119141 7
-0.11882366 0.19499555 -0.01459267 0.93408203 3
-0.06124612 0.13508189 0.09482403 0.96435547 25
-0.09346770 0.13783118 0.10744121 0.93701172 10
-0.09822117 0.15418914 0.07504596 0.95703125 14
-0.08466090 0.15742813 0.10180531 0.98339844 7
-0.10752506 0.16925853 0.07957371 0.97900391 20
-0.11948145 0.18629137 0.04431054 0.96240234 17
-0.10058594 0.16619618 0.04470434 0.95556641 4
-0.12068622 0.16713637 0.07641470 0.94921875 9
-0.11692729 0.13926931 0.10699063 0.97460938 18
-0.20960411 -0.06388303 0.01912026 0.98291016 6
-0.18642119 -0.09235654 0.01227048 0.95019531 11
-0.22569227 -0.07726222 0.03581076 0.98095703 20
-0.20171678 -0.10738406 0.02818473 0.97167969 11
-0.24167497 0.09505728 -0.03202454 0.98242188 15
-0.25944868 0.09876079 -0.06849614 0.97900391 34
-0.25502506 0.04943983 -0.02508314 0.97509766 31
-0.26747340 0.05108033 -0.06596508 0.98193359 15
-0.23687238 0.14503549 -0.07536506 0.99072266 19
-0.21871240 0.13777229 -0.04397863 0.96972656 33
-0.19526711 0.12645635 -0.03032867 0.99951172 12
-0.19793265 0.18055764 -0.08473886 0.98828125 31
-0.18440549 0.17784874 -0.05606664 0.98535156 14
-0.23929827 0.14249164 -0.11240515 0.98046875 25
-0.26413959 0.10140734 -0.10950395 0.96142578 18
0.20379947 -0.10955197 -0.16260396 0.97656250 23
-0.23879744 0.13670848 -0.17921092 0.95166016 21
-0.24118052 0.14257476 -0.14969102 0.96435547 19
-0.20591520 0.17578147 -0.15137884 0.98046875 22
-0.27242908 0.05549566 -0.10748664 0.98681641 23
-0.26533866 0.10182909 -0.14942101 1.00000000 21
-0.26126325 0.09732489 -0.17992339 0.96533203 14
-0.27433172 0.05789695 -0.14850546 0.98193359 18
-0.27212888 0.01013268 -0.10748791 0.96679688 16
0.01327358 0.27024063 -0.15515250 0.98144531 27
-0.03542889 0.25976703 -0.15440693 0.97802734 21
0.00523401 0.27835521 -0.11086685 0.96533203 31
0.04374331 0.26151103 -0.10485908 0.98681641 18
0.03377000 0.25784054 -0.05823015 0.97607422 37
-0.00219121 0.28910527 -0.06316220 0.97363281 38
-0.04181751 0.26881090 -0.11410999 0.99169922 26
-0.02685883 0.17729510 -0.30447802 0.98193359 16
-0.07345840 0.15232298 -0.34477669 0.97558594 14
-0.04526248 0.15674658 -0.34596097 0.98242188 18
-0.12576011 0.19932297 -0.20817384 0.98828125 17
-0.13493246 0.18292621 -0.25224862 0.96630859 29
-0.16612449 0.18474190 -0.20360301 0.98437500 27
0.01482898 0.26902011 -0.18572240 0.98486328 14
-0.00037963 0.23939140 -0.19706950 0.97705078 20
-0.16465102 0.21009037 -0.12229277 0.98242188 25
-0.20354261 0.17633609 -0.11874165 0.96191406 16
-0.09776269 0.23174338 -0.06976310 0.94580078 12
-0.10327955 0.22860737 -0.09881786 0.98388672 20
-0.14545591 0.21182431 -0.06557890 0.99023438 27
-0.15599903 0.21257921 -0.09105390 0.97021484 13
-0.02623030 0.17891364 0.13239525 0.94384766 8
-0.01126193 0.21271636 0.11432759 0.96386719 31
-0.01494240 0.24458915 0.08928336 0.97705078 27
-0.03928579 0.22770087 0.16642067 0.98291016 50
-0.03132886 0.19337380 0.15937348 0.94482422 11
-0.04929369 0.16140541 0.15977474 0.95751953 25
-0.05358728 0.03717415 0.15983020 0.97705078 30
0.00571274 0.01088277 0.17578468 0.96777344 24
-0.03743789 0.00776934 0.18056011 0.95703125 16
-0.03226263 0.07664072 0.13814825 0.98974609 18
-0.01778848 0.04250778 0.15312324 0.95361328 10
-0.10268348 0.07147414 0.15284826 0.98876953 31
-0.06436938 0.07400782 0.14434540 0.95166016 14
-0.09946167 0.03114240 0.16632721 0.95019531 19
-0.08854122 -0.00939066 0.18402815 0.98486328 41
-0.04032092 0.16173980 0.11281905 0.96435547 17
-0.05085868 0.17136611 0.11398151 0.95996094 7
-0.02661162 0.13936713 0.10561282 1.00000000 13
0.01307574 0.16554841 0.12523502 0.98730469 40
0.00157106 0.17249803 0.10986773 0.92285156 4
0.15324210 -0.16603291 -0.00438083 0.94970703 12
0.20427814 -0.15810251 0.00021068 0.98974609 22
0.24988803 -0.13575737 0.01061159 0.98193359 12
0.24533388 -0.13977462 0.03798114 0.97802734 33
0.15685552 -0.18948659 0.01908642 0.98242188 26
0.20390518 -0.16883276 0.02876896 0.98486328 17
0.23387283 0.18112364 0.03944126 0.94726562 14
0.20584418 0.22609247 0.04805434 0.98730469 26
0.20168757 0.20986645 0.02339580 0.99316406 10
0.26842448 0.15221041 0.06767093 0.97656250 29
0.24359013 0.19486016 0.05960047 0.96923828 13
0.10907692 -0.15819573 0.00522408 0.98437500 15
0.11091626 -0.17674191 0.01539967 0.98144531 10
-0.20495237 0.16819508 -0.18000171 0.95410156 14
0.07704588 0.25418869 -0.09759697 0.97265625 23
0.07648402 0.25862336 -0.05500482 0.98144531 15
0.16849095 0.24142893 -0.03396671 0.98925781 33
0.16776106 0.23817469 -0.07414157 0.96875000 18
0.12090743 0.25197050 -0.08839338 0.97607422 27
0.12123881 0.25258327 -0.04797619 0.98095703 17
0.11938028 0.24435602 -0.00415075 0.98632812 20
0.15860346 0.22548664 0.00667104 0.96484375 25
0.16310135 0.23369053 -0.11540934 0.99804688 25
0.11638376 0.25028327 -0.13043392 0.98339844 19
-0.19235452 -0.11487576 -0.18008080 0.95800781 15
0.15298551 0.23076512 -0.15388776 0.98291016 21
0.13630064 0.22650066 -0.18101512 0.98046875 16
0.07994363 0.24452040 -0.13753577 0.97460938 15
0.05118373 0.24594994 -0.14304416 0.98291016 21
-0.05389924 -0.02469341 -0.48546600 0.92626953 6
-0.07871727 -0.02723777 -0.49509364 0.92919922 7
-0.05115009 -0.04055528 -0.47672451 0.95458984 9
-0.09755141 -0.04201883 -0.48833701 0.93359375 5
-0.07554384 -0.04272475 -0.48690918 0.92382812 4
-0.10196389 -0.01211219 -0.49902347 0.90429688 4
-0.10058594 -0.02832031 -0.49707031 0.91601562 1
-0.05402409 -0.01074219 -0.48856366 0.98925781 4
-0.08065818 -0.01260905 -0.49827015 0.91113281 4
-0.02680071 -0.02268131 -0.46845022 0.97119141 10
-0.02531803 -0.03807628 -0.46149501 0.95996094 5
-0.02636719 -0.00809844 -0.47167969 0.87988281 2
0.00311662 -0.00348630 -0.45118716 0.95361328 15
0.00384939 -0.02050781 -0.45045486 0.95556641 6
0.00436325 -0.03658824 -0.44587481 0.95166016 9
-0.02348550 -0.05059870 -0.45070314 0.95507812 10
-0.04781517 -0.05293452 -0.46191406 0.94335938 4
0.00260085 -0.04998891 -0.43778434 0.93847656 4
0.00149865 -0.05957031 -0.43177989 0.96044922 5
-0.04158162 -0.06256767 -0.44301099 0.98437500 7
-0.01660156 -0.06152344 -0.43691045 0.96582031 2
-0.07124786 -0.05621902 -0.47146806 0.96728516 10
-0.06552827 -0.06593428 -0.45003146 0.97656250 5
-0.08534550 -0.06975374 -0.45461610 0.96582031 8
-0.09265372 -0.05761719 -0.47468674 0.93750000 3
-0.11230469 -0.04300895 -0.48730469 0.93261719 2
-0.12306162 -0.04266343 -0.48394680 0.89160156 5
-0.12792969 -0.01186848 -0.49511716 0.91162109 2
-0.11601066 -0.02750957 -0.49503508 0.92529297 4
-0.10726385 -0.05862181 -0.47367206 0.91601562 8
-0.11816406 -0.05793619 -0.47011307 0.94824219 3
-0.10058594 -0.07128906 -0.45422727 0.94091797 3
-0.11252746 -0.07120480 -0.45253286 0.95507812 5
-0.16019052 -0.04330725 -0.46386722 0.92871094 3
-0.15497181 -0.05651656 -0.45418569 0.93701172 7
-0.14548196 -0.04307788 -0.47463804 0.96044922 6
-0.13698342 -0.07032239 -0.44624314 0.93750000 7
-0.14160156 -0.05761719 -0.46374050 0.97851562 2
-0.15136719 -0.06835490 -0.44048119 0.92919922 3
-0.16894531 -0.05761719 -0.44123581 0.94677734 2
-0.17453089 -0.04324709 -0.44739899 0.97949219 9
-0.16365314 -0.02757089 -0.47001454 0.92773438 8
-0.14941408 -0.02792930 -0.48328182 0.97119141 3
-0.17871092 -0.02786438 -0.45263097 0.93310547 3
-0.18060713 -0.01269531 -0.45324036 0.97070312 4
-0.15100645 -0.01215319 -0.48442778 0.94140625 5
-0.16581438 -0.01269531 -0.47142813 0.94189453 3
-0.11740360 0.00192223 -0.49502379 0.90527344 5
-0.12792969 0.00097656 -0.49216902 0.89257812 2
-0.10103226 0.01066524 -0.48646072 0.95117188 6
-0.11621094 0.00878906 -0.48339844 0.93603516 1
-0.10253907 0.00183258 -0.49707031 0.93554688 2
-0.11816406 -0.01269531 -0.49902344 0.85644531 1
-0.14991154 0.00724171 -0.46885714 0.91943359 6
-0.16363250 0.00801691 -0.45783722 0.89013672 4
-0.16583334 0.00054800 -0.46809283 0.93212891 7
-0.15136719 0.00097656 -0.48131889 1.00000000 2
-0.18097720 -0.00097656 -0.45003447 0.93164062 4
-0.17822151 0.01153577 -0.44202313 0.93554688 8
-0.14746943 0.02202316 -0.45547044 0.92919922 4
-0.16096987 0.02287123 -0.44645894 0.96923828 5
-0.17285156 0.02636719 -0.43345702 0.94335938 2
-0.16851747 0.03887634 -0.42685801 0.92089844 5
-0.15917970 0.04182466 -0.43453258 0.99121094 3
-0.12792969 0.00755892 -0.47949222 0.96435547 2
-0.11277054 0.02480604 -0.46888170 0.96240234 8
-0.12067199 0.04514294 -0.44792601 0.92333984 8
-0.12450739 0.02246094 -0.46403828 0.90576172 3
-0.08888339 0.05183627 -0.45904833 0.98828125 11
-0.10816140 0.04746501 -0.45324492 0.96582031 6
-0.09500282 0.02894576 -0.47467163 0.96142578 5
-0.07717416 0.01350334 -0.48633701 0.96386719 5
-0.07991721 0.00161282 -0.49511713 0.93798828 5
-0.05054953 0.01577451 -0.47879666 0.95556641 9
-0.05343088 0.00097656 -0.48632815 0.97070312 4
-0.04654993 0.03580330 -0.46738759 0.95898438 4
-0.07189971 0.03167434 -0.47448519 0.98681641 12
-0.04007328 0.05751959 -0.45134613 0.98486328 11
-0.06553861 0.05468418 -0.45709339 0.97802734 6
-0.02259190 0.04004868 -0.45532706 0.98388672 12
-0.02437330 0.02136765 -0.46495679 0.90966797 6
-0.01693388 0.05945754 -0.44190341 0.99658203 4
-0.00046424 0.02839210 -0.44136491 0.98046875 12
-0.00227905 0.04538789 -0.43465051 0.90869141 5
-0.02593051 0.00478436 -0.47007564 0.94384766 7
0.00130470 0.01179611 -0.44805628 0.92529297 9
0.03694513 -0.09881123 0.23487926 0.96435547 10
0.00226831 -0.11363428 0.22901553 0.96533203 29
0.05741154 -0.12864548 0.25468603 0.99414062 29
0.05767894 -0.18072884 0.28840134 0.95947266 25
0.02749698 -0.14483713 0.25117090 0.95458984 18
0.10543925 -0.15539999 0.26006526 0.97070312 17
0.08486913 -0.16119733 0.28468773 0.98876953 15
0.07776296 -0.12200835 0.23471560 0.95849609 14
0.06279423 -0.08917565 0.22096306 0.97119141 13
-0.22602539 -0.03342564 0.02259837 0.97070312 14
-0.24478792 -0.04136017 0.04151127 0.96093750 10
-0.10675759 0.18855281 0.01002804 0.97607422 11
-0.11035156 0.19963831 0.02868635 0.94824219 10
-0.11537061 0.19201639 0.00524420 0.92138672 5
0.04624746 -0.03564710 0.19014587 0.96337891 7
0.03545513 -0.01600266 0.18492375 0.96142578 6
0.03308948 -0.02737924 0.17093144 0.99804688 8
0.04320462 -0.06438325 0.17290558 0.96093750 6
0.04537294 -0.04841365 0.18207619 0.90087891 5
0.03222656 -0.01855469 0.16113281 0.87304688 1
0.01570928 0.01050734 0.16193396 0.92968750 5
0.26093569 0.09937374 0.05880580 0.97216797 13
0.27595076 0.05606893 0.05893606 0.95214844 10
0.25155899 0.14229095 0.04980469 0.96142578 6
0.28624949 0.10513180 0.07580583 0.94970703 16
0.29456869 0.05590867 0.07801788 0.96582031 28
0.03262997 0.05863033 0.15821347 0.93017578 6
0.01613160 0.08147532 0.16126473 0.98291016 31
0.02082924 0.04379956 0.15534247 0.95458984 5
0.02050781 0.01660156 0.15722656 0.86621094 1
0.01269531 0.04557864 0.15361074 0.91552734 3
0.11724982 0.22949219 -0.00037145 0.90722656 4
0.11887202 0.24498968 0.01991864 0.95556641 16
0.16290845 0.24262445 0.03491215 0.96630859 12
0.08271025 0.22810532 0.00180098 0.96337891 15
0.07684986 0.26007104 -0.01286907 0.98095703 22
0.06152344 0.22621794 0.01666673 0.96875000 3
0.08118815 0.23622014 0.00895779 0.96679688 5
0.27871746 -0.09594249 0.02002062 0.96093750 18
0.30121329 -0.05638602 0.05675432 0.95898438 28
0.29199216 -0.04673928 0.02680142 0.96484375 7
0.27917114 -0.10260447 0.04618073 0.98437500 14
0.01791104 0.18246384 0.09081217 0.95556641 5
0.02246094 0.19628906 0.07769873 0.94042969 2
0.03118514 0.18932514 0.08905394 0.96484375 8
0.29787931 0.00304170 0.04449043 0.94726562 17
0.30533797 -0.00001221 0.07011432 0.96191406 17
0.05743379 -0.08000758 0.16714190 0.96142578 9
0.04603276 -0.09469409 0.15982710 0.88867188 4
0.07102193 -0.09062685 0.16934384 0.97753906 9
-0.00765634 0.07914258 0.14174764 0.95800781 7
0.00251892 0.04511761 0.15077323 0.96826172 11
-0.01898445 0.11418369 0.12950851 0.96386719 26
-0.04853753 0.10996069 0.12367699 0.94775391 12
0.00411096 0.12355085 0.14937705 0.96337891 14
-0.07802489 0.10801883 0.12699829 0.96240234 22
-0.10830785 0.10710694 0.13217406 0.97216797 11
-0.21085951 0.14006539 -0.02019818 0.98095703 26
-0.21085487 0.14624366 0.00592714 0.94238281 12
-0.09450883 0.09942931 -0.40753397 0.95947266 6
-0.11024116 0.09679852 -0.40325224 0.99072266 10
-0.08611874 0.12563388 -0.37854740 0.97705078 14
-0.09789824 0.14620607 -0.33919650 0.96386719 16
-0.05847903 0.17668957 -0.30659440 0.97021484 18
-0.00318570 0.19839752 -0.26055157 0.97070312 19
0.02384572 0.21070470 -0.21815014 0.98974609 16
-0.03853564 0.19655891 -0.26274997 0.97167969 22
-0.06268114 0.13083929 -0.38136742 0.98437500 14
-0.07310005 0.10323554 -0.41137090 0.99658203 19
-0.11588592 0.06980556 -0.42736271 0.90332031 4
-0.10102920 0.07276163 -0.43084681 0.95166016 14
-0.08203792 0.07654428 -0.43614510 0.94238281 8
-0.14175056 0.08925233 -0.39566615 0.98388672 12
-0.16025250 0.07963845 -0.39214218 0.95556641 8
-0.15937684 0.06023413 -0.41644254 0.96142578 9
-0.14568785 0.04274060 -0.44080302 0.97021484 7
-0.14354913 0.06499676 -0.42000839 0.96533203 6
-0.17285155 0.05032859 -0.41242278 0.93994141 4
-0.18086520 0.06940320 -0.39266407 0.97119141 14
-0.14060707 0.11373706 -0.36726063 0.95703125 9
-0.16212052 0.10184522 -0.36358175 0.97412109 20
-0.19171007 0.10836202 -0.33067569 0.98730469 26
-0.18459985 0.08638049 -0.36259392 0.95605469 9
-0.13850568 0.13609533 -0.33265150 0.96093750 18
-0.16381140 0.12410154 -0.33045852 0.94824219 12
-0.07404308 0.19270448 -0.25996196 0.96826172 19
-0.10472358 0.18977806 -0.25688866 0.96630859 14
-0.05709000 0.21245506 -0.21705365 0.96386719 17
-0.01394127 0.15527692 -0.33998254 0.98437500 23
0.02136041 0.14700368 -0.32772952 0.97607422 25
0.04021999 0.17216082 -0.29001272 0.96337891 20
-0.01269265 0.21570133 -0.21901971 0.97167969 19
-0.16509359 0.16503379 -0.24795154 0.96826172 17
-0.16515590 0.14591940 -0.29166871 0.99169922 31
-0.13631323 0.15835826 -0.29387179 0.97851562 12
-0.19452639 0.12524652 -0.29094818 0.95019531 14
-0.19851036 0.14326876 -0.24817677 0.98242188 37
-0.08844695 0.17030224 -0.30127069 0.98828125 18
0.01031966 -0.15912290 -0.19538040 0.95703125 11
-0.10393094 0.12200966 -0.37317050 0.99023438 10
-0.03050184 0.13338132 -0.38002026 0.98388672 26
0.05129488 0.22138715 -0.21443456 0.99365234 12
0.08968207 0.23773043 -0.19098072 0.95849609 11
0.07845146 0.22874589 -0.21385139 0.96484375 12
0.12378107 0.22099544 -0.20557941 0.97363281 34
0.10378588 0.20643204 -0.25197881 0.95117188 21
0.06173316 0.20094173 -0.25163785 0.99169922 27
0.16765560 0.20246221 -0.19705859 0.97460938 17
0.14192639 0.18709192 -0.24271663 0.97802734 47
0.07809838 0.18185385 -0.29505560 0.97802734 37
0.11513247 0.16634108 -0.28830031 0.96923828 22
0.08555122 0.14047784 -0.32775784 0.99511719 32
0.05140806 0.14960378 -0.32971075 0.95996094 16
-0.01445801 0.10569963 -0.40294757 0.97753906 21
-0.00010815 0.12777200 -0.36747786 0.94726562 13
-0.04500785 0.10552209 -0.40882877 0.95410156 10
0.02951319 0.19802152 -0.25331834 0.95800781 15
0.02635145 0.11764000 -0.35612902 0.97656250 24
0.00934533 0.09772455 -0.39207378 0.96826172 10
0.03062865 0.08883562 -0.38683268 0.98632812 19
0.05585357 0.11263714 -0.35900909 0.97998047 11
-0.02932904 0.08122777 -0.42976937 0.93115234 8
-0.00535290 0.07897022 -0.42161191 0.98925781 13
0.00850867 0.06916000 -0.41026241 0.96484375 4
-0.00354499 0.05824629 -0.43009686 0.94189453 5
-0.05643189 0.08103894 -0.43664706 0.95947266 18
-0.21937498 -0.02537542 -0.37247443 0.94726562 11
-0.20684122 -0.02663733 -0.40345484 0.98925781 6
-0.19994512 -0.04609820 -0.40093601 0.98144531 13
-0.22249761 -0.04882796 -0.33510166 0.97851562 20
-0.21182939 -0.04797648 -0.37086147 0.96240234 9
-0.23442297 0.00213031 -0.33642176 0.96630859 16
-0.23119125 -0.02380776 -0.33664998 0.94531250 7
-0.22241923 -0.00292969 -0.37244236 0.96923828 4
-0.20950003 -0.00769139 -0.40439764 0.93945312 9
-0.18780793 -0.04451043 -0.42664561 0.94091797 4
-0.19344379 -0.02760314 -0.43017095 0.98632812 10
-0.19585724 -0.01074219 -0.43128008 0.95703125 5
-0.18865265 -0.06408069 -0.39811662 0.94433594 7
-0.17921489 -0.05990752 -0.42189395 0.94677734 9
-0.16227826 -0.06542969 -0.43451303 0.91503906 3
-0.16711774 -0.07128906 -0.42021289 0.95849609 3
-0.17254628 -0.07801928 -0.39706564 0.98193359 13
-0.19825846 -0.06853660 -0.36839396 0.96630859 17
-0.18423751 -0.09091344 -0.33358091 0.96582031 19
-0.17888857 -0.08496093 -0.36844108 0.97509766 6
-0.20727040 -0.07241847 -0.33445480 0.99072266 9
-0.24037416 -0.05135645 -0.25051954 0.99365234 25
-0.24258490 -0.02179152 -0.29621005 0.97265625 27
-0.23239936 -0.04957966 -0.29523897 0.98144531 11
-0.25822031 0.01128003 -0.25198165 0.97265625 28
-0.25259545 -0.02106900 -0.25151274 0.96728516 13
-0.24881956 0.00713650 -0.29803202 0.97705078 9
-0.21522316 -0.07544450 -0.29441974 0.97558594 25
-0.22031777 -0.07828691 -0.24970378 0.96630859 14
-0.19334956 -0.10402863 -0.25043973 0.99072266 30
-0.18963988 -0.09756690 -0.29419383 0.97363281 14
-0.24554610 -0.05429167 -0.20348097 0.94042969 11
-0.22246321 -0.08236603 -0.20349708 0.97070312 27
-0.26045641 -0.02153281 -0.20416851 0.96093750 23
-0.27042452 0.01436850 -0.20477721 0.99121094 11
-0.25619563 0.04538628 -0.25147167 0.95898438 16
-0.24656403 0.08112797 -0.25032905 0.98974609 34
-0.24503812 0.03652149 -0.29633820 0.97998047 25
-0.22403651 0.05437070 -0.33251458 0.98388672 23
-0.23609945 0.06843488 -0.29464120 0.95117188 13
-0.23217073 0.02717605 -0.33524254 0.95751953 9
-0.27216050 0.05398545 -0.20629889 0.96972656 22
-0.25663862 0.09301869 -0.20483330 0.98486328 14
-0.22709432 0.11523006 -0.24972437 0.95556641 20
-0.23527715 0.13053058 -0.20483051 0.97363281 32
-0.20315817 0.16115618 -0.20379479 0.95410156 16
-0.22078644 0.10069815 -0.29342213 0.97998047 31
-0.20945668 0.08174625 -0.33068237 0.96191406 11
-0.20304823 0.02950609 -0.39715233 0.96533203 11
-0.21321191 0.04129968 -0.36738259 0.95898438 10
-0.22073534 0.01775184 -0.37061989 0.96044922 14
-0.20749357 0.00912522 -0.40167144 0.95703125 6
-0.19288671 0.04954970 -0.39307746 0.94677734 6
-0.20100431 0.06481077 -0.36403966 0.98193359 19
-0.18412393 0.03626557 -0.41593751 0.98339844 10
-0.19180739 0.01923798 -0.42315310 0.92041016 4
-0.19461015 0.00237439 -0.42716157 0.93310547 10
-0.01155485 -0.08663955 -0.39992863 0.96826172 13
-0.02625996 -0.10052360 -0.37419334 0.97753906 18
-0.04255060 -0.08448098 -0.40086469 0.93457031 7
0.00885004 -0.10102786 -0.37308258 0.93505859 11
0.02965508 -0.11284939 -0.33883709 0.96777344 26
-0.04347368 -0.10872113 -0.34205231 0.98486328 19
-0.01037134 -0.11558728 -0.34244391 0.99755859 12
-0.05580869 -0.09564276 -0.37435073 0.98876953 8
-0.06719237 -0.08529735 -0.40280369 0.97802734 10
-0.05560985 -0.07390913 -0.42540193 0.96923828 8
-0.02938628 -0.07202622 -0.42143786 0.95312500 5
-0.07714844 -0.07757910 -0.42923313 0.93603516 3
-0.00207432 -0.07185830 -0.41932121 0.95312500 10
0.01907517 -0.08300781 -0.39834857 0.94384766 6
0.04252084 -0.07135069 -0.39505136 0.98730469 16
0.01909411 -0.06542969 -0.41866332 0.98242188 5
0.04231993 -0.09230646 -0.36888641 0.97460938 24
0.09599009 -0.08206340 -0.32860366 0.98583984 31
0.06854276 -0.07683401 -0.36533827 0.97119141 11
0.06599394 -0.09979977 -0.33320484 0.95849609 13
0.07538499 -0.13489982 -0.25432202 0.99414062 41
0.05123284 -0.12157880 -0.29835641 0.97119141 17
0.00781827 -0.13092041 -0.30483860 0.98681641 26
-0.01540675 -0.13837349 -0.26405528 0.96044922 28
0.02763801 -0.14468980 -0.26238397 0.97949219 17
-0.03035840 -0.12235130 -0.30532613 0.97363281 13
0.11812895 -0.11731073 -0.24602078 0.97802734 22
0.09077419 -0.10719270 -0.29151842 0.97753906 36
0.15627682 -0.09521991 -0.23949873 0.98437500 48
0.12605113 -0.08833884 -0.28675932 0.97167969 18
0.14620484 -0.12981890 -0.19869302 0.97607422 36
0.09985476 -0.14802763 -0.20690477 0.97656250 17
0.04749391 -0.15453564 -0.21571289 0.96777344 31
-0.00033040 -0.15486071 -0.22045751 0.96533203 12
-0.04537784 -0.12368616 -0.26136672 0.95947266 12
-0.05792918 -0.11298136 -0.30293879 0.96337891 18
-0.07039645 -0.12201028 -0.25806111 0.96337891 17
-0.07939956 -0.10871276 -0.29918730 0.96777344 6
-0.08713351 -0.10129704 -0.33687916 0.98144531 13
-0.06769467 -0.10099158 -0.33917534 0.94433594 7
-0.05910615 -0.13003606 -0.21438001 0.97851562 5
-0.03311171 -0.13601014 -0.21757814 0.95996094 18
0.00464549 0.17592826 -0.29619420 0.97509766 25
-0.11963978 -0.11872809 -0.25461078 0.96142578 22
-0.15531965 -0.11583485 -0.25359204 0.97656250 15
-0.15286347 -0.12498380 -0.20763019 0.96679688 23
-0.19364275 -0.10993186 -0.20435765 0.98242188 13
-0.12417952 -0.10901239 -0.29606101 0.97705078 10
-0.15590595 -0.10925563 -0.29578325 0.97900391 26
-0.12692297 -0.10304179 -0.33412796 0.94091797 13
-0.15545030 -0.10226019 -0.33524415 0.99072266 9
-0.07669327 -0.09495808 -0.37363449 0.99609375 7
-0.10028946 -0.08886717 -0.40209967 0.95654297 6
-0.09392232 -0.09472657 -0.37218896 0.91796875 4
-0.08522722 -0.08788393 -0.40322551 0.91748047 5
-0.13115399 -0.09025745 -0.39984772 0.94384766 9
-0.15361223 -0.09478500 -0.36914125 0.96679688 18
-0.15161732 -0.08713818 -0.39834851 0.92333984 5
-0.12907033 -0.09667968 -0.36942056 0.91552734 4
-0.15017655 -0.07784016 -0.42162448 0.94384766 7
-0.13378906 -0.08105469 -0.42568126 0.92675781 2
-0.09358519 -0.08032377 -0.43032819 0.92431641 6
-0.10644532 -0.08105469 -0.42898446 0.97998047 2
0.06035944 0.05616243 -0.39333460 0.98388672 21
0.10283562 0.04755341 -0.36300543 0.97753906 26
0.06722213 0.03392550 -0.39684361 0.98388672 10
0.12827712 0.09384497 -0.32342428 0.96093750 37
0.09540758 0.07500262 -0.36456805 0.96142578 15
0.14614403 0.03076085 -0.32354355 0.98291016 34
0.14009929 0.06262611 -0.32337981 0.95751953 17
0.10557196 0.02056399 -0.36311579 0.99365234 15
0.07013033 0.01168652 -0.39774770 0.95556641 17
0.02843003 0.04067234 -0.41994214 0.97802734 8
0.03454561 0.02208115 -0.42632738 0.95898438 16
0.03663233 0.00317991 -0.42929775 0.94628906 7
0.04785737 0.07490000 -0.38915640 0.99267578 10
0.02156001 0.05759066 -0.41449496 0.95214844 14
0.07913271 0.09746302 -0.36126158 0.97119141 26
0.11136343 0.12134539 -0.32649845 0.98779297 17
0.20618705 0.13012251 -0.23285061 0.98388672 53
0.16915299 0.11418900 -0.28113237 0.97998047 24
0.18568771 0.07729999 -0.27719086 0.99218750 49
0.22838397 0.09013204 -0.22881244 0.99121094 26
0.23845516 0.04679874 -0.22639675 0.97558594 48
0.19470753 0.03937233 -0.27694482 0.95996094 25
0.17992118 0.16521437 -0.24001257 0.96142578 24
0.14623846 0.14413159 -0.28421271 0.98828125 45
0.20570615 0.17447622 -0.18981975 0.98339844 39
0.23890346 0.13979624 -0.18320584 0.98193359 18
0.25927922 0.09622205 -0.17660031 0.98144531 40
0.27246284 0.05123776 -0.17350025 0.97363281 17
0.23327507 0.00494915 -0.22692171 0.98437500 27
0.19073166 0.00255377 -0.27810180 0.97998047 44
0.21579161 -0.03327646 -0.23017943 0.97851562 49
0.17461002 -0.03142589 -0.27929693 0.97607422 22
0.13364178 -0.03105569 -0.32384491 0.96972656 34
0.14394155 -0.00117489 -0.32390165 0.97656250 16
0.24884310 -0.03522933 -0.17708738 0.96679688 21
0.26663131 0.00612346 -0.17429210 0.98339844 39
0.22152771 -0.07253300 -0.18337798 0.98095703 41
0.18952706 -0.06729914 -0.23458761 0.97656250 25
0.18775216 -0.10416092 -0.18972939 0.96484375 19
0.15360288 -0.06214887 -0.28237164 0.97851562 42
0.11838438 -0.05878182 -0.32612580 0.97363281 15
0.06592367 -0.03347569 -0.39548364 0.96093750 18
0.09804986 -0.03217164 -0.36254525 0.98632812 12
0.10487647 -0.00621096 -0.36300138 0.97412109 26
0.06947253 -0.01117727 -0.39637998 0.94482422 8
0.05707255 -0.05368279 -0.39409548 0.95800781 8
0.08691839 -0.05643535 -0.36304808 0.97656250 23
0.02986617 -0.05178969 -0.41953349 0.95800781 12
0.03488800 -0.03483143 -0.42367956 0.93896484 8
0.03714462 -0.01593699 -0.42671466 0.95947266 12
0.26317459 0.15329109 0.10008584 0.97802734 16
0.24696308 0.14642622 0.12466753 0.97460938 29
0.27786434 0.10029995 0.10790772 0.98535156 28
0.27358750 0.05085761 0.13530454 0.99658203 30
0.25961185 0.09084905 0.12715670 0.97119141 14
0.28987601 0.05585976 0.10852454 0.98876953 14
0.22052889 0.18545203 0.11038414 0.96289062 14
0.23461168 0.19367488 0.08741008 0.96777344 28
0.18717961 0.21272123 0.09442469 0.97509766 23
0.19730814 0.22122559 0.07210243 0.95898438 10
0.20026176 0.17028101 0.12636508 0.98291016 22
0.22224429 0.13292068 0.14097573 0.96533203 15
0.17249702 0.19599637 0.11151106 0.98681641 8
0.16078708 0.18047898 0.12341406 0.98681641 14
0.17435715 0.15843116 0.13885550 0.98974609 10
0.18861666 0.11937502 0.14960437 0.98046875 25
0.23567882 0.08218551 0.14435960 0.98681641 29
0.20866421 0.03609098 0.16600083 0.98632812 29
0.20280603 0.07726848 0.15950598 0.95996094 16
0.24611352 0.04258072 0.15574217 0.93652344 16
0.27120855 -0.05748134 0.12907438 0.99707031 36
0.27952933 -0.00564225 0.13560949 0.97753906 17
0.29575065 -0.00246053 0.10248865 0.98388672 32
0.29055735 -0.05684100 0.09328836 0.96142578 21
0.24790972 -0.01082246 0.15670571 0.97216797 30
0.24195717 -0.05946712 0.15311311 0.96630859 16
0.21071194 -0.01402613 0.16985731 0.98144531 19
0.20473287 -0.06110028 0.16471171 0.99023438 27
0.25104427 -0.10159895 0.11934613 0.97802734 18
0.22282660 -0.10164148 0.14534986 0.97119141 28
0.18248363 -0.12095040 0.14863050 0.98144531 11
0.19225124 -0.09768469 0.15567492 0.94824219 9
0.22102089 -0.13822517 0.11021101 0.98437500 36
0.20024216 -0.13073488 0.13587193 0.96972656 10
0.26826471 -0.10305684 0.08263214 0.98095703 39
0.23503828 -0.14073305 0.07347709 0.98681641 18
0.14811470 -0.18771303 0.05361378 0.97412109 15
0.13732190 -0.19403605 0.09541500 0.99609375 46
0.10465282 -0.19469005 0.04321206 0.97509766 25
0.09550050 -0.21227615 0.07688430 0.98632812 20
0.19377914 -0.16906665 0.06425042 0.97363281 33
0.18114358 -0.16552383 0.10194688 0.96728516 18
0.16640137 -0.15168829 0.13091959 0.97509766 29
0.13936199 -0.17891651 0.13490555 0.95556641 17
0.15666416 -0.13175973 0.15213537 0.96093750 10
0.12553926 -0.15392406 0.16297276 0.98974609 33
0.13129318 -0.22466391 0.15465511 0.96582031 33
0.12407013 -0.23811290 0.12362733 0.96386719 18
0.10812251 -0.25913352 0.20680077 0.98974609 19
0.11565606 -0.20910606 0.18100119 0.96533203 18
0.12070704 -0.28615269 0.14911063 0.96191406 20
0.12704901 -0.27352411 0.18031815 0.98193359 14
0.10909244 0.22844376 0.07060523 0.96777344 21
0.07185569 0.22497110 0.06638957 0.96582031 13
0.07698586 0.24151900 0.03638178 0.98681641 18
0.11612544 0.24028063 0.04677028 0.99267578 11
0.06479594 0.20405714 0.09308658 0.98486328 24
0.10293666 0.21155839 0.09552551 0.95458984 12
0.10221808 0.19671154 0.13511036 0.98486328 40
0.05762469 0.19514115 0.12772685 0.97607422 19
0.13918620 0.21142045 0.10240632 0.99169922 21
0.14785042 0.22763044 0.08049264 0.95068359 10
0.13612060 0.18736209 0.12385923 0.93652344 11
0.15688646 0.23879856 0.05844726 0.95410156 17
0.12522167 0.05845033 0.31328729 0.97949219 46
0.16083460 0.08519324 0.38327914 0.99462891 39
0.13576236 0.09821854 0.37748650 0.98095703 22
0.17941549 0.05062744 0.31577814 0.98876953 47
0.15043166 0.04437546 0.32076705 0.96240234 22
0.18952820 0.12619630 0.43259987 0.98828125 22
0.18952109 0.09186137 0.37755135 0.99511719 22
0.16051954 0.11674923 0.44155142 0.97705078 12
0.13384348 0.13042487 0.43381891 0.97753906 23
0.13621522 -0.04800615 0.19108081 0.97607422 43
0.12819314 -0.10474809 0.17171600 0.98144531 14
0.09737626 -0.10045309 0.17268160 0.96826172 28
0.10764423 -0.05323716 0.19980961 0.97412109 19
0.09010111 -0.14833266 0.16749248 0.96240234 16
0.16526817 -0.05992612 0.17153254 0.97998047 14
0.15877344 -0.10088810 0.16515784 0.97021484 22
0.14416662 0.00523482 0.19013342 0.96386719 20
0.16956332 -0.01089341 0.17246346 0.97607422 34
0.13040677 0.05197455 0.18239732 0.98828125 37
0.16894303 0.03761836 0.17150623 0.97412109 14
0.11257716 0.10795529 0.17620507 0.97363281 41
0.11820706 0.07565130 0.17089844 0.97167969 10
0.07174814 0.06818070 0.16332477 0.99072266 20
0.06589261 0.08761117 0.17580274 0.94677734 14
0.08837053 0.06487548 0.18098702 0.95996094 13
0.15238222 0.11305670 0.15851785 0.96044922 15
0.16158813 0.07767422 0.16604848 0.98437500 26
0.11651385 0.15592059 0.16162078 0.97753906 16
0.14296985 0.15224871 0.14379326 0.96582031 28
0.06552510 0.10086825 0.21045110 0.98144531 32
0.02546812 0.10398067 0.20088258 0.94824219 16
0.10071944 0.12328783 0.21398801 0.96289062 18
0.09148256 0.13281423 0.25960019 0.98144531 37
0.06003708 0.11113435 0.25094849 0.97460938 15
0.02500702 0.11665743 0.23746662 0.98291016 24
-0.11912746 -0.15810385 0.07154766 0.96337891 12
-0.11175570 -0.15249270 0.09927025 0.98876953 25
-0.10863557 -0.14136982 0.12363192 0.94531250 11
-0.14255153 -0.13411167 0.12013157 0.97070312 12
-0.16264179 -0.14169736 0.07691610 0.98535156 21
-0.15304208 -0.13800246 0.10188617 0.94433594 8
-0.13136810 -0.15818939 0.04474388 0.96582031 19
-0.17024910 -0.13897310 0.05091094 0.95068359 9
-0.24297231 0.00568100 0.17516723 0.97558594 12
-0.26341271 0.00270279 0.15407977 0.91162109 6
-0.27228817 0.01199921 0.17456642 0.99951172 15
-0.24956869 0.01701548 0.19689909 0.96142578 11
-0.26596153 0.02608105 0.23231542 0.94091797 14
-0.28807074 0.02317411 0.20279691 0.96630859 10
-0.30042022 0.03840442 0.17188451 1.00000000 13
-0.27405605 0.00850914 0.12608203 0.95849609 13
-0.28317022 0.02445632 0.14440797 0.95898438 7
-0.19812664 -0.11943576 0.08407670 0.95068359 11
-0.20379980 -0.11601856 0.05686036 0.96533203 22
-0.23393139 -0.09398029 0.09640322 0.96728516 32
-0.23021843 -0.08490474 0.06427030 0.96337891 11
-0.18527327 -0.12123373 0.11170175 0.96484375 20
-0.21315205 -0.10561860 0.12881537 0.96093750 9
-0.16068046 -0.12274577 0.13377801 0.98730469 12
-0.18832177 -0.09903856 0.15594915 0.98730469 30
-0.24867825 -0.04483276 0.06748025 0.97851562 18
-0.25226340 -0.03583774 0.09264363 0.97216797 6
-0.24808735 -0.05601741 0.09421587 0.99462891 9
-0.25182909 -0.02175515 0.08117962 0.94726562 5
-0.25292969 -0.00203293 0.07324219 0.95800781 4
-0.25292969 0.00003036 0.06152344 0.90478516 2
-0.21006286 0.13766414 0.06240074 0.96875000 18
-0.19167559 0.12076652 0.09283575 0.96630859 32
-0.23940295 0.09364594 0.08649221 0.97363281 35
-0.18744320 0.07220935 0.14628892 0.97216797 39
-0.21430041 0.08926029 0.11785043 0.97314453 15
-0.15893492 0.13354485 0.10180770 0.97167969 16
-0.16782601 0.10747143 0.11857673 0.95605469 11
-0.17001641 0.15209380 0.07777266 0.93701172 10
-0.18326718 0.17647229 0.04667055 0.97119141 27
-0.21363901 0.14596175 0.03184322 0.98339844 25
-0.23969771 0.09577952 0.05136197 0.96191406 14
-0.18219538 0.18794583 0.01531825 0.97656250 13
-0.14298251 0.20836000 0.00914313 0.99609375 20
-0.14895903 0.18794243 0.04168244 0.97851562 11
-0.14548855 0.16284291 0.07265268 0.99023438 21
-0.13996461 0.13757648 0.10567654 0.94824219 8
-0.22380282 0.04131576 0.19199991 0.96728516 32
-0.19067800 0.04033213 0.16470458 0.99023438 9
-0.24119557 0.09122880 0.21799044 1.00000000 20
-0.22158569 0.07478717 0.17930907 0.95947266 14
-0.24210081 0.05563258 0.23704664 0.95556641 13
-0.19843718 0.02179281 0.16421348 0.93896484 10
-0.21870181 0.01472975 0.17263415 0.92675781 6
-0.00114147 -0.15955876 0.21074115 0.99218750 53
-0.05544302 -0.14194450 0.15842341 0.96777344 13
0.05180915 -0.22227663 0.24295099 0.95751953 24
0.00339621 -0.18094595 0.19232148 0.98681641 19
0.04729983 -0.20429124 0.26867399 1.00000000 19
-0.02845175 -0.12416457 0.19493289 0.99902344 16
-0.05551058 -0.12592426 0.16517419 0.98535156 20
-0.14348371 0.06797697 0.15007746 0.97705078 12
-0.13913485 0.10497028 0.13047783 0.96630859 22
-0.11527373 -0.12707479 0.14549503 0.98144531 26
-0.11279554 -0.09739252 0.16406301 0.96875000 19
-0.08573230 -0.11273284 0.16018680 0.96972656 12
-0.14275546 -0.09635429 0.15672426 0.94628906 13
-0.19784072 0.07368824 0.26945409 0.97216797 14
-0.21498434 0.08416452 0.24725094 0.93457031 10
-0.20335843 0.08293396 0.27173939 0.96923828 9
-0.26208609 0.11005258 0.18660441 0.96044922 13
-0.25561994 0.07982796 0.20923690 0.96972656 12
-0.26719284 0.09012863 0.18788254 0.97167969 9
-0.24167430 -0.10304052 0.15619944 0.97607422 23
-0.22560215 -0.09384385 0.18353789 0.96289062 16
-0.25355086 -0.10166275 0.22203933 0.99804688 18
-0.29176813 -0.09279633 0.16014276 0.97558594 18
-0.27327296 -0.11035156 0.18785127 0.96533203 10
-0.26061752 -0.08830217 0.12963437 0.97998047 15
0.13275029 -0.05213551 0.31789231 0.92285156 8
0.12485404 -0.03680509 0.32817465 0.91162109 5
-0.23159230 0.10030574 0.23415408 0.95947266 11
-0.21405487 0.07601927 0.23779765 1.00000000 8
-0.27458292 0.05268298 0.11922500 0.97509766 33
-0.25376487 0.05387063 0.08890505 0.98779297 9
-0.25683591 0.03035075 0.08992763 0.94775391 7
-0.26564729 0.02098538 0.10449218 0.98388672 5
-0.30341476 0.07025392 0.15470159 0.94824219 13
-0.29104289 0.10499214 0.15768114 0.97900391 21
-0.26328528 0.08910498 0.12478708 0.95751953 15
-0.25439569 0.04423689 0.06302804 0.97998047 19
-0.25488281 0.01620837 0.07910156 0.96142578 2
-0.14941406 -0.08300781 0.45996094 0.96044922 1
-0.13899420 -0.09557023 0.45490801 0.95019531 7
-0.14902845 -0.09386695 0.45275003 0.93164062 5
0.14500473 -0.04481190 0.30698639 0.96142578 14
-0.15057491 0.02653767 0.16352238 0.99609375 34
-0.18348710 0.00676640 0.16503906 0.93359375 5
-0.17038094 -0.01254136 0.16699219 0.98193359 8
-0.14139771 -0.01356315 0.17193075 0.95849609 13
-0.27281535 -0.01317287 0.17090806 0.97509766 16
-0.27441406 -0.01664737 0.12496217 0.95507812 7
-0.26394603 -0.01322688 0.15248576 0.89648438 4
-0.28470835 -0.02267545 0.14100930 0.95312500 7
-0.30488527 -0.02638565 0.16710776 0.98583984 13
-0.26575714 -0.02109178 0.22800048 0.99316406 20
-0.29190817 -0.00955475 0.19841924 0.98291016 10
-0.24439719 -0.01911706 0.17259502 0.93896484 9
-0.25211093 -0.02506323 0.19244479 0.96337891 9
-0.19237013 -0.06460172 0.16801816 0.95654297 15
-0.22915450 -0.05619035 0.19124758 0.97949219 35
-0.20033669 -0.04361315 0.16561410 0.96875000 10
-0.22153102 -0.03269397 0.17347345 0.98095703 6
-0.25058609 -0.06032718 0.23649246 0.96289062 15
-0.23962982 0.09072296 0.15238954 0.97363281 26
-0.26160306 -0.00455895 0.09468418 0.97949219 10
-0.26432467 -0.02823106 0.10481948 0.98681641 6
-0.27050781 -0.00488281 0.11872226 0.86767578 2
-0.21092524 -0.00989379 0.16706152 0.93847656 11
-0.18331759 -0.03022880 0.16503903 0.93896484 6
-0.25933701 -0.00679683 0.14561722 0.97753906 5
-0.27251428 -0.05257839 0.12087125 0.98193359 27
-0.30299169 -0.05829949 0.15341423 0.96679688 12
0.03832785 -0.07123379 0.24173698 0.97900391 8
0.07172286 -0.08062649 0.27342930 0.97656250 34
0.06902301 -0.05345261 0.23088531 0.98681641 25
0.13786033 -0.07752339 0.30029410 0.97363281 20
0.09886779 -0.06187090 0.26666924 0.98242188 16
0.11478207 -0.10016651 0.31052768 0.97509766 13
0.08702161 -0.09923095 0.32977283 0.98339844 22
0.04197797 -0.08296467 0.28666899 0.97509766 19
-0.00768391 -0.07641761 0.24169835 0.97558594 34
0.06746820 -0.13295378 0.20119222 0.97705078 36
0.04671238 -0.09699588 0.17736022 0.96435547 9
0.04073142 -0.11714432 0.16652781 0.95312500 9
0.05907547 -0.09325884 0.19561128 0.95214844 8
0.09274676 -0.19432367 0.22107910 0.98583984 24
0.10563564 -0.17128751 0.23499547 0.96386719 11
0.05125507 -0.16293396 0.18539749 0.99414062 20
-0.01110883 0.09217114 0.49410951 0.91210938 5
-0.01885039 0.09921576 0.49836993 0.95898438 7
-0.01483695 0.07425069 0.49154454 0.90039062 4
0.02684087 -0.18047453 0.18229948 0.97509766 34
0.07382927 -0.21748203 0.22333254 0.94580078 14
0.18192793 0.13530578 0.42942759 0.95166016 7
0.00354443 0.10217114 0.48925784 0.90527344 3
0.04003906 -0.06412610 0.16503908 0.88476562 2
0.03618088 -0.09977404 0.14740501 0.97363281 14
0.04564263 -0.08108169 0.17311497 0.96142578 4
0.02832031 -0.12292133 0.11522581 0.91406250 5
0.02191179 0.00234153 0.25464627 0.97509766 19
0.06642140 -0.01241708 0.30089784 0.98242188 37
-0.01081966 -0.01646090 0.26222286 0.97314453 38
0.07882094 -0.03984021 0.35476959 0.98828125 24
0.03782772 -0.02868468 0.30990124 0.97167969 21
0.13141654 -0.01834148 0.32406655 0.98095703 21
0.10374107 -0.01896132 0.34551126 0.99316406 12
0.09571396 -0.00688249 0.28432772 0.95751953 15
0.05962974 0.00485743 0.24350329 0.96533203 27
-0.14544059 -0.05596783 0.16864921 0.98193359 32
-0.08645874 -0.06363114 0.18731165 0.97656250 15
-0.10248443 -0.07878286 0.17539176 0.97802734 9
-0.09703279 -0.04343008 0.18787616 0.96435547 12
-0.05806639 -0.04268448 0.21798439 0.97509766 33
-0.05538625 -0.06873374 0.20676555 0.95703125 16
-0.01901632 -0.04851620 0.25733477 0.97216797 20
-0.04701145 -0.01462256 0.22061840 0.97412109 17
0.05824681 -0.04155283 0.20374519 0.93750000 5
0.05143914 -0.06667871 0.19750078 0.94531250 11
0.05045949 -0.07143532 0.21205556 0.95800781 4
-0.05710946 -0.09623491 0.19181639 0.99414062 32
-0.01223760 -0.09041266 0.22289360 0.94677734 9
0.02765412 -0.07898732 0.22570379 0.96777344 12
0.05212028 -0.01434216 0.20593093 0.98095703 19
0.02924364 0.00664892 0.20796134 0.96728516 11
0.07713865 -0.02012931 0.23482718 0.95849609 15
0.05678919 -0.24122116 0.10662921 0.98486328 17
0.09429300 -0.24703151 0.10585034 0.97070312 39
0.05498793 -0.28369832 0.13600683 0.96582031 20
0.09047422 -0.28936765 0.13315141 0.97460938 12
0.05204182 -0.20394963 0.16723521 0.99316406 19
0.04563710 -0.22488132 0.13314122 0.96923828 28
0.03886100 -0.25676537 0.19254519 0.96875000 21
0.03417969 -0.27118772 0.15889233 0.92529297 8
0.08305109 -0.20163609 0.18440482 0.98535156 39
0.07211629 -0.25401869 0.21056837 1.00000000 14
0.04706197 0.11340971 0.28700337 0.98486328 25
0.01484638 0.11621162 0.26498562 0.97314453 21
0.07289433 0.13294652 0.30603871 0.96484375 16
0.04829864 0.12688223 0.34307507 0.95507812 29
0.02967372 0.10879821 0.31605422 0.96093750 10
0.00295461 0.10874403 0.29012018 0.99121094 11
0.00891235 0.13797081 0.18632454 0.97851562 25
0.01486405 0.18007709 0.17287189 0.97363281 20
0.00523449 0.14770323 0.22504383 0.95947266 15
0.00463830 0.19005260 0.21841908 1.00000000 36
0.10961577 0.16818975 0.20539771 0.97265625 40
0.08018715 0.21703452 0.24731807 0.97119141 42
0.09235618 0.20732872 0.18790400 0.98046875 20
0.10009979 0.17669001 0.25935394 0.98046875 23
0.05051329 0.20684178 0.17403881 0.98339844 41
0.03726373 0.21885848 0.22800075 0.97851562 22
-0.06254759 0.02208793 0.36292085 0.98242188 13
-0.06176429 0.04173272 0.32651043 0.96533203 12
-0.06881281 0.03027344 0.32400516 0.94873047 3
-0.06095078 0.03652454 0.41344559 0.97412109 17
-0.05385948 0.03613281 0.36524251 0.96582031 5
-0.06787076 0.01671285 0.40737933 0.99023438 6
-0.08379576 0.00360838 0.40282708 0.97119141 14
-0.07069697 0.00878906 0.35831255 0.99023438 5
-0.07455049 0.01846246 0.32145554 0.97851562 9
-0.01270902 0.18360105 0.25835410 0.97558594 15
-0.00616794 0.14451705 0.25677720 0.97412109 22
-0.03134602 0.16739726 0.28828278 0.99121094 24
-0.02135886 0.13289259 0.27975559 0.91308594 5
0.05141618 0.20761956 0.30371559 0.97949219 24
0.01370216 0.20891553 0.27904588 0.98339844 36
0.01777561 0.18875596 0.34547180 0.98242188 41
-0.01312080 0.18873708 0.31587064 0.95703125 19
0.07470141 0.17332928 0.31312138 0.98339844 45
0.04426220 0.16152743 0.35719952 0.97509766 17
-0.10973328 -0.02461234 0.38745931 0.97851562 20
-0.14052960 -0.03918917 0.43032545 0.99023438 19
-0.12273469 -0.05085092 0.42862919 0.96777344 7
-0.12785363 -0.01876394 0.39560258 0.98095703 5
-0.14402249 -0.00828707 0.38189179 0.97705078 21
-0.16073996 -0.03261615 0.42383587 0.97705078 11
-0.17564200 -0.06009848 0.46141770 0.96337891 11
-0.13936169 -0.07798941 0.46452740 1.00000000 10
-0.15633370 -0.06698491 0.46491405 0.95996094 6
-0.03026202 0.07214786 0.44711369 0.96728516 18
-0.06736053 0.09754908 0.40891135 0.95947266 25
-0.04336516 0.08848938 0.45280692 0.97070312 10
-0.03373952 0.07243599 0.40096974 0.96289062 20
-0.04865596 0.08041363 0.41443437 0.92675781 8
-0.01356977 0.06388374 0.43842262 0.96044922 7
0.00641655 0.04828084 0.47186241 0.95654297 12
-0.01295438 0.05634951 0.48433012 0.98925781 6
-0.02462710 0.07578576 0.49393618 0.98144531 9
0.00378797 0.11312015 0.43743199 0.97558594 25
0.00091188 0.09891787 0.38676041 0.97558594 25
0.01402282 0.09168740 0.43099016 0.96191406 8
-0.00927932 0.12146062 0.39651105 0.93798828 8
-0.03434017 0.13822891 0.39440987 0.97460938 34
0.00146781 0.11251038 0.49335250 0.96435547 10
-0.01795852 0.12279762 0.44655758 0.97021484 8
0.02128300 0.10238353 0.47958550 0.96972656 5
0.02972166 0.08273501 0.46797130 0.95654297 13
-0.10474082 0.07096039 0.41479349 0.98437500 22
-0.12127007 0.05372773 0.40322426 0.98242188 9
-0.12670437 0.06332482 0.35937321 0.97216797 18
-0.11564378 0.08105467 0.36522651 0.95214844 6
-0.11141550 0.07789581 0.32509077 0.96533203 12
-0.12771347 0.04847155 0.31827265 0.92724609 10
-0.12069691 0.06313173 0.32168007 0.94580078 6
-0.12798613 0.03089936 0.39621928 0.95458984 18
-0.13621351 0.04591184 0.35283095 0.97753906 5
0.01225126 0.09756079 0.33496696 0.99365234 20
-0.01114287 0.09586151 0.30433410 0.90380859 5
0.02414118 0.11491988 0.36645076 0.97949219 13
-0.00510140 0.08452439 0.34693044 0.97314453 10
-0.02419938 0.08255203 0.31380269 0.97119141 11
0.01425047 0.14443679 0.38090941 0.97607422 25
-0.01211755 0.16793753 0.37150314 0.99267578 15
-0.03694344 0.16827375 0.33831647 0.99121094 31
-0.05033620 0.14930236 0.30561653 0.96435547 10
-0.06561550 0.13211696 0.31663880 0.95898438 16
-0.05716484 0.14695664 0.35157260 0.96142578 12
-0.03639906 0.11773963 0.29329395 0.97558594 14
-0.00737309 0.11578236 0.28810883 0.95605469 19
-0.05029348 0.10337164 0.30162024 0.96093750 6
-0.16179968 -0.04404614 0.35325161 0.97753906 26
-0.18204750 -0.07017846 0.32155859 0.95410156 13
-0.18330298 -0.05232267 0.29311571 0.97558594 29
-0.17123351 -0.02338101 0.31513497 0.96240234 13
-0.15449938 -0.01532028 0.28493619 0.97998047 21
-0.16494901 -0.04417485 0.26563212 0.96777344 14
-0.18023127 -0.07696087 0.23889931 0.99707031 17
-0.20066565 -0.08623168 0.26724476 0.92285156 9
-0.20288205 -0.10579401 0.29716218 0.97851562 17
-0.10571590 0.00633131 0.44152501 0.96435547 16
-0.12024255 0.02179514 0.44020984 0.94189453 7
-0.10838533 0.01162599 0.40799803 0.94775391 7
-0.08781698 -0.01399659 0.48377010 0.96923828 8
-0.08616056 -0.00162453 0.44496441 0.92773438 7
-0.10646067 -0.00570993 0.48104215 0.93066406 5
-0.12108676 0.00870722 0.48349473 0.96582031 8
-0.16047332 -0.00096617 0.33196989 0.96533203 19
-0.15699306 -0.02283004 0.37030807 0.99169922 12
-0.13877465 0.02221873 0.30891472 0.94921875 11
-0.15092283 0.01592316 0.34271368 0.96044922 7
-0.14621462 0.00689005 0.29889172 0.95410156 7
-0.09262697 -0.03703957 0.33920848 0.97265625 20
-0.08935090 -0.02365382 0.30424005 0.95458984 6
-0.08378412 -0.00665694 0.31352225 0.97607422 12
-0.08502939 -0.01778314 0.34936747 0.92675781 9
-0.11628856 -0.04356064 0.37569553 0.95898438 11
-0.12892644 -0.06146637 0.35691065 0.96435547 28
-0.10271534 -0.06109791 0.32253748 0.96386719 12
-0.09896801 -0.04640449 0.29018021 0.98242188 18
-0.25598863 0.05916632 0.22071317 0.98779297 10
0.14383641 0.13814442 0.43066409 0.98974609 3
0.16233222 0.12815605 0.43372679 0.92919922 5
-0.16205446 -0.08763987 0.33225173 0.96777344 25
-0.13526317 -0.09643400 0.32672903 0.98632812 14
-0.14711143 -0.05595733 0.35945547 0.91748047 10
-0.17981040 -0.12651670 0.31182191 1.00000000 12
-0.14709303 -0.13450775 0.30410358 0.98583984 15
-0.11463234 -0.09141187 0.30073008 0.96777344 28
-0.11103939 -0.07482641 0.27078322 0.98535156 13
-0.12635498 -0.12700538 0.27716368 1.00000000 9
-0.12106210 -0.11066587 0.24328347 0.97119141 16
-0.13429998 -0.05522537 0.25825486 0.95361328 27
-0.12317886 -0.02698691 0.27691817 0.98242188 9
-0.14682588 -0.08800682 0.22791949 0.98242188 11
-0.24195999 0.12269729 0.24422713 0.96777344 10
-0.23671833 0.09792674 0.21961460 0.97363281 11
-0.26778829 0.04102566 0.21816467 0.96093750 12
0.00429826 0.07228345 0.43263996 0.98974609 19
-0.01353403 0.08109932 0.39496669 0.93457031 8
0.02563180 0.05953017 0.46557990 0.96582031 5
-0.17430501 -0.04282270 0.41132855 0.98242188 15
-0.18599537 -0.08672872 0.43979800 0.97705078 11
-0.17329742 -0.06102747 0.40209794 0.92968750 10
-0.18844493 -0.06995564 0.45042035 0.93847656 7
-0.12440004 -0.06899357 0.41753078 0.96923828 18
-0.13946629 -0.07853098 0.40642652 0.98486328 9
-0.15303954 -0.10488726 0.44356161 1.00000000 9
-0.24104777 0.13704762 0.26687649 0.94824219 5
-0.25032240 0.13070586 0.23374608 1.00000000 9
-0.06978434 0.00711096 0.44896558 0.97998047 14
-0.06608658 0.02456991 0.45457608 0.97900391 9
-0.06564135 0.01390452 0.49159923 0.94873047 9
-0.06968996 -0.00488281 0.48668289 0.94335938 3
-0.08053379 0.04029326 0.45773497 0.97509766 15
-0.07858934 0.05356819 0.42776003 0.96337891 7
-0.10074533 0.05093791 0.45555055 1.00000000 8
-0.09873784 0.03431906 0.49544525 0.99658203 8
-0.07910156 0.02794051 0.49457461 0.94824219 3
-0.11740398 0.04062791 0.44657958 0.96875000 17
-0.11621094 0.02607260 0.49037606 0.95849609 5
-0.07889670 0.11722653 0.32328507 0.94287109 5
-0.06068992 0.09239326 0.30821806 0.95898438 11
-0.03489986 0.07149774 0.31989992 0.92089844 4
-0.04463077 0.06253109 0.32374954 0.98437500 8
-0.06969921 0.08250498 0.31019744 0.90527344 5
-0.09060229 0.10455229 0.32702267 0.98095703 12
-0.02025577 0.07268063 0.35492796 0.98144531 15
-0.03417968 0.06223284 0.35995159 0.94482422 6
-0.05667920 0.12177317 0.40467146 0.98095703 13
-0.07421707 0.12745205 0.36083063 0.99121094 20
-0.08869743 0.10941661 0.36590621 0.93847656 9
0.00827994 0.05566407 0.47494236 0.95263672 3
-0.00628222 0.05997565 0.48339844 0.94140625 3
-0.17977233 -0.07463519 0.45079529 0.93701172 6
-0.15747072 -0.07270133 0.40270153 0.96875000 20
-0.17202350 -0.10035432 0.43907782 0.93701172 6
-0.03720212 0.11091292 0.45226786 0.97558594 25
-0.10441071 0.02333399 0.30365625 0.91943359 6
-0.07910156 0.00683594 0.31818914 0.95019531 2
-0.10883279 0.01074219 0.29879770 0.96875000 4
-0.13371094 0.03605468 0.31386864 0.97607422 3
-0.09937162 0.03491850 0.30625477 0.90576172 3
-0.11659339 0.00178501 0.39438620 0.95410156 9
-0.09342293 -0.00683594 0.38788691 0.93750000 5
-0.13711871 0.01618068 0.38162547 0.99267578 5
-0.07770821 -0.00393186 0.35502744 0.92675781 11
-0.14382872 0.03069733 0.34815302 0.96826172 13
-0.11488878 -0.00521925 0.29066780 0.98876953 16
-0.07831333 0.07136090 0.31082934 0.95507812 7
-0.05257114 0.05195135 0.32552490 0.92724609 4
-0.08676933 0.05948299 0.31035286 0.98632812 5
-0.10156141 0.09178051 0.32705808 0.96875000 8
-0.05025175 0.05483766 0.40095437 0.93066406 7
-0.06790093 0.06779899 0.41672760 0.95654297 10
-0.08948787 0.08567613 0.40446782 0.95361328 6
-0.04497709 0.04993859 0.36348271 0.96337891 10
-0.10313562 0.09548181 0.36714771 0.98828125 17
-0.09409849 0.04724528 0.30838269 0.97167969 9
-0.01122255 0.00217370 0.21433938 0.98486328 26
0.10816769 -0.03143348 0.27140823 0.96826172 31
0.02902736 -0.05960758 0.30138308 0.99951172 39
0.07541004 -0.07288709 0.34641156 0.98291016 17
-0.28237143 0.03516224 0.20057929 0.94824219 7
0.13096970 0.14960675 0.34834686 0.97558594 21
0.12037468 0.11105743 0.28635147 0.99218750 41
0.12464692 0.12409292 0.36417681 0.99414062 39
0.11593243 0.08388761 0.30021474 0.96240234 19
0.12402342 0.15727262 0.41979080 0.92431641 9
0.13086221 0.18398398 0.40287066 0.96582031 21
0.20102385 0.11959954 0.36087424 0.97900391 41
0.19628906 0.08496094 0.30566406 0.84423828 1
0.19378750 0.08063082 0.29910305 0.98632812 19
0.18456478 0.11353236 0.28293049 0.96972656 48
0.19327982 0.14991945 0.34409964 0.97412109 23
0.19176346 0.18249741 0.39991751 0.99316406 21
0.19915581 0.15268971 0.41483197 0.95117188 12
0.16067581 0.15961459 0.34021857 0.97705078 46
0.15117018 0.12353101 0.27940568 0.98876953 21
0.16103074 0.19563955 0.39578268 0.97412109 15
0.15677302 0.07778212 0.22714639 0.96728516 19
0.12617800 0.08797993 0.22300567 1.00000000 40
0.09155329 0.07415477 0.22760257 0.99023438 24
0.16466297 0.04050216 0.23985858 0.98925781 51
0.15409319 0.00411527 0.25093976 0.96386719 21
0.08644036 0.04268343 0.23773797 0.97216797 48
0.10073150 0.01256164 0.24930112 0.98681641 27
0.12665834 -0.00373921 0.25526622 0.98437500 47
-0.11397342 0.25769466 0.10882464 0.98193359 30
-0.12233744 0.25184292 0.15583943 0.94335938 13
-0.13285382 0.22535819 0.14225130 0.99755859 17
-0.12110823 0.22768295 0.11020564 0.97509766 10
-0.11237805 0.19481769 0.12114130 0.96484375 20
-0.14471129 0.17964678 0.15996477 0.96191406 20
-0.12726857 0.19090933 0.14044228 0.98828125 8
-0.14059944 0.23470865 0.19074619 0.98486328 28
-0.15029646 0.21288401 0.16823453 0.93701172 7
-0.05718683 0.28677580 -0.01783965 0.99365234 38
-0.06253464 0.28052053 0.05280251 0.94091797 15
-0.08797278 0.26827249 0.04072557 0.98046875 34
-0.07593617 0.25050187 -0.02575473 0.97900391 19
-0.10581085 0.24846403 0.04226836 0.99658203 19
-0.07100765 0.26337487 0.10623720 0.97998047 22
-0.09181263 0.26464841 0.11469638 0.91650391 9
-0.06569900 0.17397535 0.12309475 0.98681641 19
-0.10373442 0.18629381 0.09850299 0.96679688 10
-0.08373515 0.17309307 0.14037052 0.94580078 9
-0.11210358 0.21894965 0.06582191 0.96826172 27
-0.14771608 0.20217124 0.24873500 0.98583984 29
-0.09934144 0.19012415 0.24355344 0.97949219 36
-0.13070804 0.17226276 0.26576823 0.98437500 13
-0.16708989 0.15897556 0.17844331 0.97900391 16
-0.14846364 0.13467650 0.19708352 0.96777344 23
-0.15840504 0.15387402 0.28766975 0.96923828 23
-0.12639388 0.14028832 0.25441566 1.00000000 24
-0.14944655 0.12324413 0.27553073 0.96630859 10
-0.15442954 0.10683133 0.24675730 0.97412109 23
-0.09176037 0.13983533 0.24056870 0.98632812 16
-0.07908048 0.16616446 0.25590020 0.98339844 8
-0.10665908 0.15168816 0.23535515 0.98535156 7
-0.10744794 0.13671850 0.20558599 0.96191406 22
-0.07930602 0.09962936 0.22735736 0.96240234 26
-0.09008852 0.12451918 0.21455960 0.95507812 7
-0.06198733 0.13688844 0.27589208 0.97656250 28
-0.08001520 0.11470694 0.25670594 0.98291016 11
-0.10454489 0.16534626 0.15747114 0.98974609 21
-0.08203777 0.14562491 0.17849334 0.94775391 12
-0.12607203 0.15590973 0.17829899 0.97851562 14
-0.09172331 0.24968702 0.17516060 0.96972656 41
-0.07048785 0.21840097 0.21097682 0.97656250 22
-0.06007887 0.25266415 0.13550770 0.96093750 16
-0.11703587 0.22522344 0.21827328 0.95996094 17
-0.20392829 0.16078934 0.28564611 0.99609375 24
-0.18398452 0.13596258 0.30227947 0.96044922 10
-0.17736913 0.18059659 0.27171186 0.96337891 12
-0.19399600 0.18862437 0.24110161 0.98730469 25
-0.24974509 0.15211122 0.26502529 0.97753906 15
-0.22059360 0.16900194 0.25472245 0.96142578 12
-0.23062463 0.14373206 0.29681000 0.98730469 9
-0.20892222 0.11951838 0.31342486 0.93701172 12
-0.13168813 0.12341292 0.22722617 0.96484375 11
-0.18924402 0.13767716 0.19832514 0.96533203 20
-0.17024161 0.11488730 0.21613863 0.96533203 9
-0.16690174 0.21258759 0.21907151 0.98486328 15
-0.17272724 0.19149834 0.19157721 0.96972656 24
-0.19724432 0.16847451 0.21202514 0.96679688 14
-0.17001340 -0.06877899 0.45896634 0.91845703 5
-0.29253229 0.04359768 0.17990114 0.96777344 8
-0.22177204 0.14829707 0.22511461 0.97607422 25
-0.21118279 0.11804999 0.21100928 0.98291016 10
-0.17295209 0.10729186 0.28913456 0.96777344 20
-0.17670517 0.09376039 0.25988948 0.97558594 21
-0.19585909 0.08898009 0.30117872 0.99414062 9
-0.19159356 0.09624320 0.22908838 0.97607422 19
-0.03730552 0.10089143 0.29752076 0.98046875 18
-0.05659661 0.07934265 0.27761123 1.00000000 31
-0.05967097 0.06221446 0.24724707 0.96679688 18
-0.02991669 0.02429903 0.27439386 0.97802734 35
-0.00847496 0.06897094 0.31990141 1.00000000 25
-0.02764527 0.04493879 0.30311981 0.98095703 16
-0.04329737 0.14167818 0.18422548 0.96728516 10
-0.03006982 0.16703176 0.19282725 0.98144531 21
-0.01080703 0.15465286 0.23996840 0.97900391 27
-0.03001546 0.18961605 0.21238503 0.96337891 16
-0.03056390 0.11283123 0.20051174 0.97607422 23
-0.01299949 0.13559513 0.21463445 0.99072266 12
-0.05231320 0.18762000 0.23976141 1.00000000 31
-0.03261898 0.15358427 0.26556778 0.97070312 16
-0.06945942 0.12645708 0.19297431 0.98876953 15
-0.05862455 0.09912123 0.20481743 0.98339844 10
0.06892660 0.06549869 0.30915701 0.98046875 13
0.04127140 0.08309751 0.28586873 0.98242188 29
0.04653691 0.06443664 0.33120441 0.95654297 21
0.02025123 0.08285971 0.30949762 0.97753906 13
0.02005909 0.04987058 0.34321538 0.96093750 13
0.04879270 0.04102175 0.36926135 0.99267578 26
0.09641971 0.05780110 0.33465430 0.97753906 23
0.07346409 0.05728730 0.35614759 0.97607422 10
-0.00863954 0.07370841 0.21899362 0.99023438 16
0.01056010 0.09700774 0.23669437 0.98046875 31
0.03910420 0.06221110 0.26073131 0.97216797 15
0.02150625 0.03627347 0.24436809 0.98730469 33
-0.03806365 0.05983149 0.22300279 0.98974609 33
-0.00815275 0.01973537 0.24875043 0.96582031 19
0.10779524 -0.01772492 0.35696211 0.98632812 26
0.04579776 -0.01192929 0.34098607 0.99609375 29
0.08466756 -0.01567848 0.37487233 0.98339844 13
0.09355302 0.00295194 0.31231993 0.98486328 28
0.06997201 -0.01558067 0.32159361 0.98974609 14
0.16555966 -0.00008617 0.37838015 0.97460938 18
0.12922533 0.00087798 0.34737226 0.98095703 16
0.14526327 -0.02047446 0.39120740 0.96972656 8
0.11957309 -0.01837874 0.40972707 0.94531250 11
0.07089709 0.04211653 0.28836629 0.99658203 29
0.05665734 0.01314404 0.27656215 0.98876953 16
0.10396049 0.03348788 0.31793010 0.98291016 15
0.02995354 -0.00454774 0.28394499 0.98632812 31
0.00697217 -0.00005118 0.30659351 0.96435547 16
0.00469799 0.02280627 0.33053336 0.98925781 28
0.03893476 0.01180276 0.36020455 0.95410156 14
0.18335266 0.17509118 0.40661556 0.94287109 6
0.19014561 0.15490812 0.41794991 1.00000000 6
0.07470339 0.00738122 0.39156389 0.97167969 30
0.08078598 0.03766746 0.39821362 0.95898438 11
0.10819469 0.00457592 0.42650798 0.94726562 11
0.11159704 0.03717602 0.43268543 1.00000000 18
0.12643985 0.05669430 0.36361426 0.97705078 14
0.10296312 0.05542811 0.38472924 0.96875000 24
0.15895467 0.06111171 0.39321536 0.97216797 15
0.13388212 0.06040898 0.41755956 0.94873047 9
0.13590622 0.03113850 0.35017359 0.96289062 30
0.17217189 0.03331541 0.37995568 0.97021484 9
-0.21886891 0.15790771 0.25715005 1.00000000 15
-0.20139624 0.15446682 0.28020543 0.97851562 11
-0.22763300 0.13429126 0.29043117 0.96826172 10
0.07774968 -0.23374605 0.18552855 0.94091797 6
0.07587569 -0.26366210 0.19421263 0.93652344 8
0.10119656 -0.23870675 0.18584110 0.95947266 8
-0.22977582 0.04348357 0.18734276 0.94140625 9
-0.23243432 0.06753171 0.18196070 0.95361328 10
-0.18796363 0.13380015 0.29695717 0.96923828 14
-0.00313036 0.06238223 0.45439515 0.99121094 6
-0.01859580 0.06819288 0.46295303 0.90380859 6
-0.24574782 0.02360920 0.18817343 1.00000000 13
0.09043338 -0.02657922 0.31467429 0.93945312 5
0.10787427 -0.03600723 0.33887836 0.95898438 7
0.07615215 -0.04103605 0.32521254 0.98193359 8
-0.02558086 0.08196726 0.47372416 0.96386719 6
-0.18607369 0.10321099 0.23396714 0.96972656 11
0.11258894 -0.02702335 0.30543488 0.97265625 11
-0.26207808 0.02078247 0.16944845 0.94384766 10
-0.20636955 0.11909298 0.21838845 0.95751953 14
-0.07615784 0.01074219 0.49081576 0.86816406 3
-0.07324219 0.00292969 0.46462905 0.96191406 2
-0.07133294 0.01989515 0.46873903 0.93652344 5
-0.27843186 0.03196425 0.15489095 0.95703125 8
0.07152227 -0.06243815 0.31619802 0.93164062 7
0.09780194 -0.08516499 0.32923722 0.95800781 6
0.08187897 -0.08058758 0.30744520 0.96044922 6
-0.07972573 -0.00097656 0.48829266 0.91601562 3
-0.08713723 -0.00292969 0.46679109 0.93603516 3
-0.21360731 0.14523801 0.23072027 0.95947266 10
0.09027536 -0.06934987 0.33986869 0.95751953 5
-0.27570012 0.05319853 0.14209630 0.96337891 10
-0.11230469 0.00878906 0.48599207 0.94775391 2
-0.11035156 0.01322970 0.46465218 0.92871094 3
-0.10476346 0.02962825 0.46395403 0.92089844 5
-0.29238474 0.06451764 0.16718574 0.91308594 8
-0.26639012 0.07770558 0.14724366 0.95507812 11
-0.02407133 0.10139441 0.47128236 0.99023438 6
-0.09105714 0.03417968 0.47017643 0.89941406 5
-0.10815102 0.02057122 0.48894706 0.97509766 3
0.02441406 0.08129341 0.47091502 0.94824219 5
0.11404315 -0.08496094 0.31778213 0.94189453 5
0.12925731 -0.07204376 0.31350848 0.90283203 4
0.02112160 0.06483354 0.46921465 0.88916016 6
-0.15917969 -0.09953620 0.44611445 0.90234375 3
-0.17117207 -0.09472657 0.44171092 0.96044922 3
0.13574219 0.15684412 0.42031682 0.99218750 4
-0.21169326 0.11716259 0.30301651 0.93994141 8
0.01669692 0.09656692 0.47893775 0.93798828 4
0.14157008 0.17613527 0.40897056 0.97509766 7
-0.20149542 0.09685241 0.29344404 0.95849609 10
0.16227636 0.18255609 0.40239781 0.92382812 5
-0.25880799 -0.08945122 0.21127011 0.91113281 8
-0.27162191 -0.09807569 0.18948774 0.93017578 9
0.09655403 -0.17125870 0.25852782 0.95312500 7
0.09777515 -0.18102080 0.24301355 0.94921875 7
-0.28849217 -0.08584841 0.17083858 0.96582031 5
-0.17560148 -0.12052222 0.30101866 0.93017578 6
-0.19168666 -0.10587795 0.28973490 0.93164062 9
-0.17524953 -0.08558711 0.24797150 0.93994141 6
-0.15165597 -0.09336130 0.24197963 0.94140625 9
-0.26023647 -0.06352132 0.22294533 0.99267578 12
-0.26947039 -0.03642372 0.21785656 0.94921875 11
0.09096609 -0.19595937 0.23535155 0.99365234 5
0.15300797 0.05063469 0.39625633 0.96044922 12
0.16237095 0.03055532 0.38515437 0.97167969 9
-0.13551340 -0.12126381 0.27495155 0.98144531 8
0.09709658 -0.26586673 0.19242986 0.99560547 5
0.10947198 -0.27180555 0.17626324 0.94091797 9
0.16036510 0.00676895 0.38523772 0.97558594 7
-0.28447300 -0.02513862 0.19721575 0.93017578 12
-0.29650140 -0.03487583 0.17483737 0.94091797 8
0.10604455 -0.27977866 0.15754254 0.96142578 8
0.11490650 0.00818592 0.42026693 0.95117188 8
0.12517233 -0.00965593 0.40512666 0.95556641 9
-0.19008443 -0.09182002 0.26817968 0.95312500 8
-0.13513884 -0.10836703 0.25150579 0.96191406 10
0.05851768 -0.26695991 0.18287249 0.94091797 7
0.11992916 0.03149129 0.42355987 0.92138672 7
-0.29679739 -0.06049895 0.16474858 0.94580078 7
0.13339949 0.04873112 0.41145617 0.93994141 12
0.06597264 -0.27923688 0.14932562 0.93212891 7
0.05456899 -0.27327091 0.16458535 0.96923828 10
0.14483018 -0.00878906 0.39063814 0.97363281 6
-0.09667968 0.02580759 0.49316406 0.90527344 2
0.07693772 -0.20805202 0.23619688 0.93212891 6
-0.08309523 0.02118736 0.49386814 0.90332031 4
0.08453386 -0.17580698 0.27337864 0.96484375 9
0.06644319 -0.21386719 0.24928939 0.95800781 4
-0.09082032 -0.00683594 0.48663610 0.88378906 2
0.06501493 -0.20466033 0.26594105 0.97070312 6
-0.10449219 -0.00097656 0.48535156 0.87060547 1
0.08773524 -0.28104666 0.14696105 0.94482422 7
0.07128906 -0.19042969 0.27774704 0.98535156 2
-0.28372055 0.08524022 0.16979641 0.97802734 7
0.09348773 -0.04946869 0.34509706 0.93457031 5
-0.24680257 -0.06000491 0.16226847 0.95312500 12
-0.27182922 -0.06121705 0.14203754 0.98144531 10
-0.26952407 -0.08506216 0.15044722 0.96337891 10
-0.25022617 -0.09256445 0.16570650 0.96240234 8
-0.23944803 -0.08583019 0.18907699 0.93554688 7
-0.23636125 -0.06026296 0.19010702 0.98632812 12
-0.24779126 -0.04123551 0.18650620 0.96630859 10
-0.27367175 -0.03670973 0.15030321 0.99072266 10
-0.25707719 -0.03290082 0.16728233 0.97314453 9
0.05432326 -0.16734864 0.23851942 0.97119141 11
0.07477405 -0.17978601 0.22039409 0.96875000 9
0.05692595 -0.19019468 0.21999301 0.95800781 4
0.08129310 -0.15231301 0.24824582 0.95263672 7
0.08019102 -0.16161473 0.22821662 0.99072266 9
0.05256832 -0.17336805 0.26990131 1.00000000 8
0.06458714 -0.15549524 0.26352260 0.94140625 6
0.04534724 -0.19878748 0.23716158 0.94580078 9
0.04227945 -0.18608242 0.25560135 0.94335938 7
-0.24390478 0.07730735 0.16198307 0.98095703 8
-0.24730155 0.04612930 0.15855445 0.98193359 15
0.11063401 -0.25414073 0.14509895 0.95654297 10
0.09033306 -0.25284353 0.13259259 1.00000000 6
0.08490262 -0.23450610 0.15612644 0.99804688 12
0.11391932 -0.24180867 0.16575260 0.96582031 6
0.05801268 -0.23953879 0.17535254 0.93750000 7
0.05583903 -0.24373795 0.15247442 0.93212891 5
0.06748229 -0.25475389 0.13605455 0.97998047 8
0.08981547 -0.05053138 0.29640725 0.97216797 12
0.09882405 -0.07903730 0.29210767 0.95849609 6
0.11766364 -0.06662477 0.29044452 0.95703125 9
0.11854750 -0.04438835 0.29096699 0.99121094 6
-0.14527525 -0.07373572 0.29409584 0.98876953 13
-0.14002216 -0.10404404 0.30842957 1.00000000 14
-0.12431648 -0.09551896 0.29265684 0.95507812 7
-0.17762290 -0.08134821 0.30381814 0.96533203 10
-0.16012517 -0.09240283 0.31520134 0.92919922 7
-0.17418246 -0.06561103 0.28697866 0.95214844 5
-0.16281730 -0.06365676 0.26550913 0.92871094 9
-0.13795084 -0.06748968 0.26223075 0.95800781 9
-0.12403095 -0.08622622 0.26946470 0.92822266 7
-0.08842696 0.01715525 0.45605472 0.93652344 4
-0.07837522 0.03027344 0.46728808 0.91210938 3
-0.10058594 0.00097656 0.46227565 0.98974609 2
-0.01223885 0.08958445 0.45067531 0.97851562 8
0.00887291 0.07461248 0.44499671 0.94824219 6
0.01515124 0.09117377 0.44982117 0.90429688 6
-0.00664879 0.11192274 0.46815732 0.99218750 8
0.00619378 0.10644532 0.45447344 0.96044922 3
-0.13769531 -0.08088153 0.43179113 0.95654297 4
-0.15203094 -0.06369933 0.42168128 1.00000000 8
-0.13964842 -0.06738281 0.44510862 0.96435547 4
-0.14949478 -0.05566407 0.44333914 0.93798828 4
-0.17468469 -0.05748543 0.42778173 0.91796875 5
-0.17548995 -0.07324458 0.42237180 0.94921875 4
-0.15086544 -0.08880726 0.42542139 0.94531250 4
-0.16291654 -0.08227559 0.41894531 0.92333984 3
0.15981853 0.11865958 0.40823740 0.99462891 8
0.18067619 0.12676966 0.40610963 0.96923828 7
0.15874767 0.14055686 0.38682440 0.98144531 12
0.18151037 0.16393408 0.38530248 0.91992188 6
0.18640500 0.14245915 0.39206082 0.96679688 5
0.16031425 0.16994101 0.37988800 0.92968750 5
0.14034648 0.16628002 0.39048976 0.99511719 8
0.14151916 0.13049160 0.41071516 0.96728516 7
0.13420813 0.14619088 0.39823264 0.99511719 8
-0.18796624 0.13311101 0.25441614 0.97314453 20
-0.17398901 0.11265783 0.28180417 0.99707031 10
0.10320369 0.02307561 0.36654183 0.95556641 11
0.11645409 -0.00543129 0.36349145 0.93896484 10
0.13537358 0.00769483 0.36308065 0.98242188 11
0.12429211 0.04934907 0.37252101 0.99853516 10
0.13434298 0.03108546 0.36046937 0.94580078 6
0.08977499 0.03275524 0.39796990 0.96484375 14
0.10143787 0.04908273 0.38432831 1.00000000 11
0.09856719 -0.00668831 0.37819597 0.95117188 9
0.08429145 0.01080217 0.38769627 1.00000000 10
-0.16503908 -0.05188204 0.44130892 0.93212891 3
-0.15722656 -0.07324219 0.45996094 0.88671875 1
-0.17912848 -0.08496094 0.44391838 0.92382812 2
-0.03318261 0.27281365 0.07109652 0.98339844 50
-0.01367805 0.28946519 -0.00350477 0.97216797 32
-0.11910865 -0.08253305 -0.42794845 0.93066406 6
-0.11425781 -0.09015658 -0.40102261 0.99755859 3
-0.12402343 -0.07060287 -0.45016530 0.99462891 3
-0.11000378 -0.09638862 -0.37021598 0.97021484 6
-0.10600491 -0.10405416 -0.33618787 0.92285156 5
-0.11354637 -0.12975144 -0.21200873 0.93896484 9
-0.08384800 -0.13012145 -0.21360035 0.94628906 13
-0.09353253 -0.12368462 -0.25706050 0.96386719 8
-0.10373828 -0.14281392 -0.16139345 0.97314453 16
-0.10867266 -0.13574508 -0.18905893 0.96972656 12
-0.10042206 -0.10858767 -0.29667899 0.98535156 15
0.09705076 0.24438475 -0.17235738 0.98437500 18
-0.11299789 0.16618559 -0.29701087 0.95947266 19
-0.11701194 0.14338657 -0.33571303 0.95703125 11
-0.12914197 0.06879140 -0.42418826 0.94824219 11
-0.12481847 0.09300947 -0.39887857 0.94091797 8
-0.13215406 0.04365628 -0.44359317 0.90234375 4
-0.12123971 0.11891988 -0.37029943 0.95654297 13
-0.13584526 0.02241926 -0.46086401 0.95996094 5
-0.13769531 0.00683594 -0.47507617 0.90039062 2
-0.13942707 0.00097656 -0.48865515 0.97607422 3
-0.12958509 -0.05834945 -0.46840817 0.91845703 5
-0.13378906 -0.04311435 -0.48110837 0.97607422 3
-0.13743779 -0.02764095 -0.48878112 0.94775391 5
-0.12597656 -0.02636719 -0.49121094 0.96386719 1
-0.07018227 0.24300545 -0.07110294 0.97265625 22
-0.08918787 0.20574555 -0.21304074 0.97460938 15
0.04710298 0.23116505 -0.19293575 0.96191406 13
0.06801122 0.23281559 -0.17831092 0.97167969 8
0.03981422 0.21888475 -0.20173484 0.97753906 10
-0.05064222 0.28093961 -0.07163314 0.97558594 27
-0.06784115 0.24027029 -0.10688641 0.97314453 19
-0.10586140 0.22907196 -0.13354285 0.97656250 19
-0.04580010 -0.15624183 -0.09027423 0.99365234 12
-0.05640011 -0.14941403 -0.12755793 0.97216797 15
-0.02890979 -0.14746092 -0.12787108 0.94970703 7
-0.04080991 -0.16045883 -0.05665219 0.97900391 27
-0.03612154 -0.15281208 -0.01985390 0.98242188 14
0.02220813 -0.13601105 0.07467500 0.97265625 12
0.00829540 -0.12597656 0.03964010 0.93359375 4
-0.01586622 -0.14271061 0.01723804 0.97216797 17
-0.06271610 0.23384269 -0.14219482 0.97412109 21
-0.07954938 0.21261081 -0.19226968 0.98339844 8
-0.11481400 0.21567728 -0.16076976 0.97216797 18
0.06064191 0.22703874 -0.19342761 0.93066406 4
-0.15917969 -0.07519531 0.46191406 0.94335938 1
-0.15229069 -0.12780967 0.29549387 0.94775391 4
0 1 45 6
0 2 53 9
0 3 60 11
0 4 68 11
0 5 62 11
0 6 64 12
0 7 43 9
0 8 51 9
1 2 47 7
1 9 54 10
2 3 50 8
2 9 53 10
2 10 59 10
2 16 58 10
2 17 53 10
2 24 50 8
3 4 62 11
3 24 57 10
4 24 61 11
4 282 34 8
5 6 46 7
5 412 18 3
6 7 50 9
6 29 56 8
7 8 43 7
8 9 50 10
8 29 39 6
8 31 34 7
8 48 42 9
8 52 39 6
9 10 50 9
9 15 48 8
9 19 60 11
9 52 48 7
10 16 53 8
10 19 50 10
10 20 64 12
11 12 39 8
11 13 37 7
11 49 43 11
11 50 40 9
11 51 35 6
11 672 31 5
12 13 42 9
12 14 42 5
12 15 43 7
12 48 48 9
12 51 42 5
12 52 45 7
13 14 41 7
13 663 38 7
13 664 29 6
14 15 39 8
14 18 40 6
14 19 45 9
14 663 32 6
15 19 48 9
15 52 52 9
16 17 51 8
16 20 51 10
16 22 51 9
16 23 58 10
16 129 61 9
17 22 54 11
17 24 49 8
18 19 41 8
18 21 37 7
18 662 27 7
18 663 40 6
19 20 48 10
19 21 47 7
20 21 41 8
20 129 50 11
21 129 43 9
21 130 37 6
21 661 28 8
22 23 48 9
22 24 60 10
22 25 46 9
22 292 49 8
22 293 51 5
22 298 60 10
23 129 49 9
23 298 47 6
23 301 57 9
24 25 51 10
24 27 51 10
25 26 53 7
25 292 54 9
26 284 29 3
26 292 53 8
26 297 54 11
28 29 46 6
28 30 35 7
28 31 39 6
28 34 49 9
28 40 41 9
28 48 46 9
29 30 46 7
29 31 32 9
29 32 41 8
29 33 54 11
30 33 36 9
30 34 49 7
31 48 31 5
32 33 39 7
33 34 39 7
34 35 39 9
34 36 14 4
34 37 26 5
34 38 47 8
34 39 35 3
35 38 48 9
35 41 48 7
36 37 25 7
36 429 10 4
37 39 7 5
37 77 33 7
37 78 30 7
37 277 22 3
37 278 11 5
38 39 49 9
38 41 49 9
38 70 55 7
38 71 52 10
38 76 54 9
38 77 52 10
39 77 40 5
40 41 54 9
40 48 46 6
40 49 56 9
40 51 50 10
41 46 59 9
41 49 54 9
41 76 52 8
42 43 37 10
42 44 32 5
42 236 46 10
42 1536 29 9
42 1537 14 6
42 1538 32 4
43 44 18 3
43 235 44 6
43 249 32 6
44 478 10 4
44 1521 18 3
44 1537 20 6
45 46 40 8
45 47 48 9
45 49 47 8
45 50 41 9
45 226 44 9
45 673 30 7
46 47 48 10
46 49 47 8
46 76 58 13
47 70 54 11
47 74 52 9
47 76 55 8
47 226 43 10
48 51 49 7
48 52 48 9
49 50 38 6
49 51 41 9
50 671 32 7
50 672 38 7
50 673 39 8
53 54 42 10
53 55 47 10
53 57 34 5
53 62 48 9
53 63 54 11
53 70 52 9
53 71 51 8
53 77 48 9
54 55 29 5
54 56 47 7
54 57 46 6
54 58 53 10
54 59 59 7
54 61 58 9
55 63 45 8
56 57 29 7
56 58 33 4
56 77 45 8
56 78 25 6
57 77 39 7
58 99 23 8
58 287 16 6
59 61 62 9
59 96 11 3
59 98 4 3
59 99 14 3
59 102 10 2
59 106 16 3
59 115 50 9
60 61 32 6
60 63 45 7
60 115 33 6
60 117 32 5
60 141 38 7
61 115 40 7
62 63 57 11
62 70 53 10
62 72 55 13
62 74 57 10
63 67 44 7
63 72 52 11
63 141 48 11
64 65 11 4
64 66 14 3
64 139 16 3
64 140 14 1
64 614 13 3
64 615 15 4
64 1501 11 2
65 1504 11 1
66 127 28 6
66 140 16 5
66 1503 29 5
66 1504 20 3
66 1529 21 3
67 69 34 7
67 72 47 9
67 141 41 7
68 69 26 3
68 134 39 7
68 138 31 7
68 141 36 6
68 489 23 6
69 72 45 6
69 489 41 7
69 606 22 4
70 71 54 9
70 74 58 11
70 76 58 9
71 77 48 11
72 73 38 7
72 74 55 9
72 75 40 10
73 75 47 9
73 604 33 7
73 605 25 6
73 606 38 6
74 75 39 8
75 226 38 7
75 604 30 5
77 78 25 9
78 277 14 4
80 84 19 4
81 82 64 10
81 239 84 12
81 240 101 16
81 258 141 21
81 426 70 10
81 1493 121 19
81 1494 98 18
82 83 49 10
82 257 43 10
83 256 15 4
83 257 19 5
83 271 26 3
83 275 7 2
84 740 35 6
84 743 35 5
85 741 20 6
86 94 20 6
86 419 12 3
88 91 38 8
88 92 30 7
88 93 26 5
88 94 41 6
91 92 21 6
91 93 68 14
91 438 25 6
91 440 36 5
91 762 57 10
91 763 59 12
91 1191 102 13
91 1192 87 13
91 1193 87 14
92 438 15 2
93 94 50 10
93 1191 85 15
94 417 9 4
94 773 17 4
94 775 27 3
94 1188 67 12
94 1191 79 13
95 97 36 10
95 108 66 10
95 111 51 6
95 726 54 8
95 962 52 7
95 963 62 10
96 97 28 4
96 98 9 4
96 99 8 4
97 100 17 5
97 725 26 6
99 100 17 4
99 287 15 5
100 287 17 4
100 288 16 5
100 725 29 6
101 102 11 3
101 103 16 3
101 104 8 3
101 1534 8 2
102 106 20 5
103 108 48 8
104 1535 26 4
105 106 11 3
105 114 23 4
105 115 10 1
105 1531 21 4
105 1532 26 6
105 1535 37 7
108 110 56 11
108 111 42 8
108 113 17 2
110 111 67 12
110 112 28 7
110 440 31 4
110 762 44 8
110 764 41 9
110 933 43 8
110 966 67 11
110 967 67 11
110 970 70 11
111 967 45 8
114 115 5 1
114 1531 20 3
115 116 17 3
115 117 22 2
116 117 10 4
116 134 14 3
116 1528 17 3
116 1529 29 4
116 1530 18 5
116 1531 21 4
117 134 25 4
118 119 33 7
118 120 37 6
118 122 37 6
118 127 34 8
118 128 37 7
118 1529 35 8
118 1531 32 5
119 126 46 6
119 128 40 8
120 121 53 9
120 122 43 6
120 123 39 6
120 124 46 7
120 125 42 6
121 122 51 9
121 181 11 4
121 1531 48 9
121 1532 44 7
121 1535 53 8
122 1531 41 8
123 124 27 6
123 168 5 5
124 125 43 7
124 165 42 8
124 166 19 5
124 168 17 4
125 126 35 5
125 165 34 6
126 128 41 7
126 159 42 6
126 164 41 7
126 165 41 8
127 128 39 7
127 1503 29 4
127 1529 24 6
128 132 33 7
128 1503 38 8
129 130 35 6
129 301 41 7
129 302 41 7
130 302 33 5
130 495 34 6
130 498 22 7
130 661 32 7
131 132 24 4
131 133 31 5
131 300 26 6
131 619 18 3
131 1504 24 5
132 133 36 5
132 164 41 7
132 1503 33 7
133 158 36 7
133 162 31 5
133 163 32 6
133 164 33 6
133 300 31 5
134 138 22 5
134 141 50 10
134 1530 14 4
135 136 29 6
135 137 35 8
135 229 36 6
135 245 27 6
135 247 20 5
135 289 32 6
136 137 38 6
136 245 18 3
136 1537 24 3
136 1538 23 8
137 229 38 8
137 250 40 9
138 139 17 2
138 140 19 2
138 1530 21 3
139 140 17 4
139 489 16 3
139 615 14 6
140 1529 16 2
140 1530 19 3
142 143 48 8
142 144 50 9
142 146 45 9
142 147 50 8
142 148 49 10
142 149 47 6
142 150 57 12
143 144 39 7
143 146 45 8
143 151 46 8
143 152 43 6
143 158 46 6
143 159 36 11
143 165 45 8
144 150 50 9
144 151 45 9
145 146 48 8
145 165 46 7
146 165 37 8
147 148 24 6
147 149 48 10
147 176 21 3
147 217 48 8
149 150 47 8
149 217 54 12
150 151 45 7
150 217 47 8
150 218 50 10
150 230 42 8
150 234 42 10
151 152 40 7
151 156 38 5
151 161 37 9
151 234 34 6
152 158 34 5
152 161 34 8
152 163 34 6
153 154 34 8
153 155 22 4
153 156 29 5
153 157 26 4
153 230 27 4
154 155 22 4
154 231 33 6
154 232 34 6
154 233 26 4
155 157 22 3
155 550 22 5
155 551 20 5
156 157 31 8
156 161 42 9
156 234 36 5
157 160 26 4
157 550 21 2
158 159 44 8
158 163 35 7
158 164 38 5
159 165 40 6
160 161 26 3
160 162 27 5
160 548 16 2
160 549 19 3
160 550 20 3
161 162 29 4
161 163 31 6
162 300 16 4
162 549 20 5
165 166 40 6
167 168 12 2
167 171 13 3
168 170 16 3
168 172 14 4
169 170 9 4
170 172 24 5
170 186 13 3
170 792 25 6
171 172 20 5
171 212 26 4
171 214 26 5
171 792 42 9
171 793 35 7
171 804 35 6
172 792 28 6
173 175 6 5
173 179 29 7
174 176 3 2
174 177 25 5
174 179 37 3
174 180 26 7
175 215 31 9
175 217 44 6
176 217 41 7
177 178 21 4
177 180 28 7
177 400 28 5
177 811 24 5
177 816 12 5
177 876 21 3
178 400 18 3
179 449 42 6
179 826 41 5
179 827 22 5
180 876 24 6
181 182 21 8
181 183 47 7
181 184 44 10
181 185 33 8
181 186 22 5
182 1535 7 2
183 184 51 8
183 187 52 7
183 189 43 7
183 1533 27 3
183 1534 15 2
184 185 27 4
184 187 41 5
185 186 32 10
185 187 36 8
185 192 31 6
185 786 31 4
185 787 36 6
185 792 31 7
186 792 33 6
187 189 42 8
187 190 36 7
187 191 35 4
187 192 34 7
188 189 65 11
188 190 32 8
188 918 57 10
188 920 30 6
188 924 55 12
188 928 54 10
188 933 34 6
188 935 20 6
189 1533 27 8
190 191 49 10
191 192 37 8
191 787 45 5
191 840 68 13
191 841 19 8
191 849 47 8
192 787 36 5
193 195 20 5
194 195 19 6
194 197 21 5
194 198 31 3
194 199 57 10
195 196 26 5
195 252 44 7
195 254 47 8
195 402 29 6
195 403 41 7
195 1206 33 8
195 1207 63 14
195 1213 64 10
195 1520 33 7
196 197 28 6
196 254 25 7
197 198 14 7
197 221 28 4
197 223 12 7
197 254 30 5
197 448 32 7
198 199 29 9
198 448 39 6
199 448 43 7
199 449 42 8
199 826 35 6
199 828 23 4
199 829 34 5
200 829 20 3
202 203 33 7
202 205 22 5
202 271 22 5
202 273 27 4
202 443 35 7
202 444 25 7
202 446 31 9
203 204 25 6
203 210 15 3
203 446 24 4
204 205 17 3
204 208 18 3
204 210 23 5
205 206 15 6
205 271 53 12
206 403 36 6
206 1210 48 5
206 1211 18 7
206 1213 39 6
207 209 21 4
207 829 28 5
207 830 26 5
207 831 24 5
208 402 22 4
209 210 25 7
209 831 22 8
210 446 27 4
210 447 32 7
210 831 28 5
210 832 25 7
210 848 25 5
211 213 16 6
212 213 27 5
212 214 14 6
213 214 24 5
213 400 28 6
213 401 29 6
213 804 31 8
213 806 31 6
214 804 24 3
215 216 56 10
215 217 53 12
215 220 50 9
216 217 64 10
216 218 53 14
216 219 58 10
216 220 62 10
216 225 52 10
216 230 47 8
217 218 45 8
218 230 43 9
219 220 51 10
219 224 40 9
220 221 29 7
220 222 56 10
220 223 41 7
221 448 15 7
222 223 42 10
222 224 50 8
222 250 45 9
222 251 41 9
222 254 46 9
224 225 51 8
224 228 42 9
224 231 49 9
224 251 42 8
225 230 45 8
225 231 35 6
225 233 40 9
226 673 45 8
226 675 30 8
227 228 29 5
227 229 39 5
227 231 36 5
227 232 39 7
227 289 39 9
227 561 27 8
228 229 40 7
228 231 42 8
228 251 44 8
229 250 40 7
229 251 44 6
229 289 35 9
230 233 34 6
230 234 29 5
231 232 33 6
231 233 34 7
232 558 28 4
232 559 18 2
232 561 26 5
235 236 61 10
235 237 45 6
235 238 54 9
235 248 27 5
235 304 55 11
235 1522 56 10
236 237 54 6
236 241 46 9
236 1536 30 7
237 238 49 10
237 240 60 10
238 239 44 8
238 290 32 7
238 304 42 8
239 240 62 15
239 290 35 8
239 291 36 5
239 426 49 8
240 241 62 8
240 1494 75 12
240 1525 66 12
241 1525 52 8
241 1526 34 8
241 1536 38 6
242 244 36 6
242 454 26 6
242 455 37 7
242 616 31 7
243 244 28 5
243 452 24 3
243 453 21 7
243 454 34 6
244 452 35 6
244 458 33 6
244 479 27 6
245 246 48 7
245 1521 28 6
245 1537 23 5
246 247 58 10
246 477 26 5
246 483 45 10
246 485 31 4
246 1507 38 7
246 1521 43 8
247 289 32 5
247 483 53 10
247 562 43 7
248 249 28 4
249 456 23 6
249 482 25 5
250 251 42 6
250 253 50 9
250 1527 59 11
252 253 25 8
252 254 45 9
252 1520 18 6
253 254 37 5
253 255 42 6
253 1520 22 4
253 1526 23 3
254 255 30 8
256 257 19 4
256 1210 31 7
257 258 59 14
257 259 56 10
257 260 45 7
258 1493 67 15
259 260 32 7
259 1234 73 13
259 1235 74 13
259 1236 60 15
259 1269 82 14
260 261 31 6
260 1267 41 7
261 1212 24 5
261 1232 24 5
261 1266 20 5
261 1267 27 7
261 1274 28 9
262 263 44 8
262 264 41 7
262 265 30 5
262 266 33 7
262 267 50 9
262 268 38 6
262 269 54 9
262 270 49 8
263 264 39 6
263 266 28 4
263 406 21 4
263 411 5 4
263 442 33 6
263 959 31 6
263 960 27 4
263 1165 32 4
264 270 52 9
264 1165 45 7
265 266 26 7
265 268 26 4
265 441 16 4
265 443 19 2
265 444 24 5
265 446 32 6
266 442 12 2
267 268 40 8
267 269 45 9
267 446 30 5
267 447 32 6
267 847 39 8
267 848 36 7
267 882 48 9
268 446 28 6
269 270 55 11
269 882 53 11
270 882 60 8
270 945 56 9
270 948 40 10
270 949 41 7
270 952 46 8
271 273 19 5
271 275 19 3
272 1210 3 1
273 274 41 8
273 443 35 7
274 275 5 5
274 435 36 7
274 443 54 8
274 445 46 9
274 743 53 7
274 746 60 11
274 979 57 8
274 986 69 12
275 433 9 2
276 277 41 7
276 280 34 7
277 278 34 4
277 279 40 8
277 280 51 11
277 281 36 6
278 279 25 6
278 429 31 5
279 281 46 9
279 429 35 8
279 432 46 9
279 721 53 9
279 722 44 9
279 727 54 7
280 723 37 5
280 725 44 6
280 727 48 9
281 727 50 8
282 285 34 7
282 286 23 4
283 284 33 8
283 286 36 8
283 297 43 9
283 424 37 5
283 696 24 6
283 750 34 5
285 286 36 5
285 414 15 5
285 415 42 7
285 687 39 8
285 689 49 9
285 694 38 8
286 694 34 6
287 288 7 5
288 725 29 6
289 561 28 6
289 562 26 5
290 291 29 5
290 294 30 6
290 295 38 7
290 303 33 5
290 304 33 7
291 295 49 10
291 296 54 8
291 426 38 8
292 293 45 10
292 294 54 7
292 295 52 9
292 296 55 8
292 297 50 6
293 294 49 8
293 298 44 9
294 295 32 6
294 298 50 10
294 299 28 6
294 303 39 8
295 296 53 11
296 297 37 9
296 422 7 3
296 425 21 3
296 426 38 7
297 423 35 7
297 424 32 7
298 299 50 10
298 301 47 8
299 301 45 7
299 303 28 7
300 549 24 4
300 619 27 8
300 620 16 4
301 302 22 6
302 495 22 4
302 1506 40 9
303 1506 31 4
303 1523 27 5
304 1522 51 7
304 1523 23 5
305 306 9 3
305 307 4 1
305 312 4 1
305 314 11 2
306 307 11 2
306 308 3 1
306 309 4 1
306 311 6 1
306 312 8 4
306 313 5 2
307 309 10 2
307 314 12 3
307 315 11 2
307 320 12 3
307 321 6 3
308 309 7 1
308 311 3 1
308 326 12 2
308 329 4 1
308 330 3 1
308 334 3 3
309 326 5 2
310 311 6 2
310 352 3 1
310 377 5 2
312 313 9 2
313 377 2 2
314 315 2 2
314 316 2 1
315 319 12 2
315 320 4 3
317 318 10 3
317 390 7 3
317 686 18 4
318 319 10 2
318 686 20 4
319 322 2 1
319 684 14 3
319 685 17 4
319 686 17 3
320 321 8 2
320 322 8 1
320 324 6 3
320 325 3 2
321 324 9 3
321 326 12 3
322 684 8 2
323 325 6 1
323 586 3 3
323 589 4 3
324 326 15 4
324 327 14 3
324 583 9 2
324 584 11 4
325 586 6 2
326 327 9 4
326 328 7 2
326 329 4 1
327 328 6 2
328 329 8 3
328 336 5 4
328 583 21 3
328 585 10 1
329 334 4 2
330 333 3 2
333 357 2 1
338 339 2 2
338 340 3 1
338 345 5 1
338 346 4 1
339 341 5 2
339 342 2 1
339 343 3 1
339 344 3 2
339 345 4 1
339 531 7 2
340 342 3 2
340 346 4 2
340 347 3 1
340 1516 3 1
341 342 3 1
341 343 4 2
341 634 6 2
341 1497 3 3
343 633 5 2
344 345 5 1
344 530 7 2
345 346 9 4
345 348 4 1
345 526 10 2
345 527 8 3
345 530 12 3
346 348 3 1
346 351 5 3
347 350 2 1
348 349 4 2
348 527 5 2
349 351 7 2
349 360 4 1
349 527 8 3
350 351 4 2
350 360 4 1
350 361 3 3
350 1515 2 1
351 360 2 2
352 356 4 3
354 355 5 4
354 370 6 2
354 375 10 4
354 376 7 1
354 377 4 1
354 381 9 3
355 370 4 2
356 377 9 3
358 359 2 1
358 360 3 2
358 364 2 1
358 1513 4 2
359 360 4 1
359 365 4 2
360 362 6 3
361 1515 2 2
362 363 3 3
363 365 4 1
363 366 4 2
363 572 8 2
364 365 2 2
364 466 8 1
365 366 3 2
365 367 6 2
365 368 4 1
365 466 8 1
367 465 6 2
367 571 4 3
368 465 6 1
368 466 3 1
369 370 4 2
370 371 8 3
370 373 13 3
370 374 10 2
370 375 9 3
371 374 3 2
371 460 11 3
373 375 11 2
373 381 10 2
373 383 13 2
373 462 20 3
373 516 20 3
374 461 14 4
375 381 12 4
376 378 11 3
376 381 8 3
377 379 11 3
378 379 6 3
378 380 10 4
378 381 15 6
378 384 14 3
378 385 10 4
378 389 9 2
379 389 10 3
380 381 14 4
380 382 13 3
380 384 15 3
381 382 17 4
381 383 13 4
382 383 18 5
382 384 11 3
382 386 11 2
382 512 27 5
382 516 16 5
383 516 15 3
384 385 9 2
384 387 9 3
385 387 12 3
385 389 6 2
386 513 10 3
386 515 2 2
387 388 7 4
387 389 16 3
387 390 8 5
387 646 18 2
387 647 22 4
387 650 17 3
388 515 3 2
388 650 10 2
389 390 14 3
390 647 18 4
391 392 26 4
391 393 29 5
391 399 23 4
391 958 12 5
392 393 41 6
392 395 45 9
392 840 60 12
392 845 49 11
392 956 49 8
392 957 24 7
392 958 24 5
393 395 45 12
393 396 48 9
393 397 44 8
393 398 26 7
393 399 37 7
394 397 22 5
394 844 33 8
394 1405 11 4
394 1411 4 3
395 840 58 10
396 397 24 5
396 398 43 8
396 918 59 9
396 923 20 5
396 1372 2 1
397 1405 3 3
398 399 23 6
398 918 33 8
399 921 19 3
399 955 5 3
399 958 19 3
400 401 21 7
401 811 19 3
402 403 9 3
403 1213 43 7
404 829 22 3
405 406 9 4
405 407 6 3
405 953 5 5
405 954 11 3
405 959 8 3
406 407 7 2
406 959 14 3
407 409 6 3
408 409 4 2
408 934 5 2
408 954 8 3
409 954 5 2
412 413 36 6
412 415 30 6
413 416 22 7
415 689 33 7
416 436 45 8
416 437 49 9
416 689 38 8
416 692 32 7
416 709 42 6
417 418 8 1
417 419 3 2
418 441 20 5
418 443 28 6
418 445 36 5
418 774 57 8
418 780 46 8
418 781 48 9
418 978 55 8
422 423 20 5
422 425 15 1
423 424 33 6
423 741 22 3
423 742 17 3
423 750 30 4
424 750 18 5
425 426 48 9
425 428 26 3
428 741 21 5
429 431 31 7
429 432 28 9
430 431 34 8
430 432 47 9
430 436 68 8
430 709 54 8
430 710 50 8
430 721 52 9
431 436 35 5
432 721 53 10
433 434 5 1
433 435 3 2
435 743 33 6
436 437 28 4
437 709 37 9
438 440 7 4
439 933 5 1
440 762 30 8
441 442 24 5
441 443 26 5
443 444 22 6
443 445 30 9
444 446 24 5
445 978 38 6
446 447 29 7
447 848 25 5
448 449 33 8
449 826 26 6
450 451 8 4
450 459 14 6
450 461 16 3
451 461 14 4
451 1510 4 4
452 458 14 3
452 459 21 4
452 490 9 4
453 454 37 6
453 488 27 4
453 1508 9 4
454 455 42 7
454 457 40 7
454 488 27 5
455 456 70 12
455 457 26 5
455 507 32 5
455 616 34 5
456 482 36 11
456 492 11 3
456 1524 9 1
457 476 29 7
457 482 49 9
457 488 43 6
458 459 25 3
458 479 36 5
458 491 25 7
459 461 19 4
459 462 21 7
459 491 30 5
459 506 17 5
459 516 18 4
460 461 3 3
460 1509 2 2
461 462 12 3
462 516 17 2
463 464 10 3
463 465 13 3
463 467 19 4
463 470 24 7
463 471 22 5
463 1510 8 4
464 465 16 5
464 469 13 5
464 471 21 4
465 466 10 4
465 467 10 5
465 468 3 2
465 469 16 5
466 467 12 3
467 1509 4 4
468 469 9 3
468 571 5 3
469 473 24 7
469 569 10 3
469 570 19 2
469 571 13 3
470 471 18 7
470 474 23 4
470 1512 17 6
471 472 31 6
471 473 21 6
471 474 31 6
471 475 27 4
472 473 28 6
472 475 29 7
472 484 42 7
472 486 44 9
472 563 39 6
472 564 28 5
472 570 33 5
473 570 20 8
474 475 27 6
474 484 34 6
474 485 33 5
474 1507 29 4
474 1508 17 6
474 1512 20 4
475 484 41 8
476 477 33 7
476 478 47 6
476 482 56 11
476 488 37 6
476 1507 34 6
477 1507 38 6
477 1521 40 8
478 482 46 10
478 1521 21 6
479 480 36 8
479 481 49 9
479 491 35 6
479 616 35 7
480 481 44 9
480 491 44 8
480 500 47 7
480 503 23 5
480 505 39 6
480 508 29 6
481 497 46 7
481 500 43 9
481 616 37 8
483 484 54 9
483 487 44 9
484 485 38 9
484 486 37 8
484 487 52 10
485 1507 27 7
486 487 46 8
486 563 38 7
487 560 49 9
487 561 63 11
487 562 62 10
488 1507 20 5
488 1508 26 6
489 606 23 3
489 607 17 1
490 1512 11 4
491 504 27 7
491 505 27 7
491 506 33 7
492 494 11 2
492 507 29 7
492 1539 9 3
493 495 25 6
493 1506 9 2
493 1539 11 3
494 495 47 8
494 497 46 9
495 496 59 9
495 498 51 9
495 499 64 11
496 497 44 8
496 499 63 11
496 500 58 12
497 500 54 11
497 507 28 8
497 616 47 8
498 499 71 14
498 661 52 10
499 500 77 15
499 501 63 11
499 659 62 11
499 660 73 13
499 661 81 13
500 501 56 11
500 502 60 11
500 503 43 11
501 502 61 10
501 660 53 10
502 503 43 10
502 511 34 6
502 651 47 9
502 652 36 9
502 660 66 10
504 505 35 8
504 506 25 4
504 508 37 7
504 509 17 5
504 512 23 3
504 513 19 6
504 516 28 5
505 508 26 7
506 516 22 5
508 509 28 6
508 510 28 6
508 511 28 7
509 510 16 5
509 513 22 4
510 511 28 6
510 514 16 5
510 649 12 6
510 650 22 4
510 651 36 6
511 651 26 7
512 513 15 4
512 516 22 6
513 514 3 3
513 515 8 4
514 515 9 3
514 650 4 1
517 518 12 3
517 519 19 3
517 520 25 6
517 521 18 4
517 522 22 5
517 523 21 4
517 524 19 7
517 525 14 3
518 519 10 4
518 525 10 4
519 526 11 4
519 529 8 1
519 534 20 5
520 521 24 6
520 523 15 1
520 534 25 5
520 537 22 6
520 539 27 5
520 540 36 8
520 544 32 5
521 534 14 3
522 523 21 3
522 524 20 4
522 539 26 5
522 543 31 5
522 554 27 4
522 557 15 2
522 567 18 2
523 539 24 3
524 525 17 2
524 567 14 1
525 568 7 3
525 573 5 3
526 530 3 1
527 528 5 1
528 573 2 2
529 530 10 3
529 533 7 3
529 534 16 3
530 531 3 1
530 533 11 2
531 633 2 1
532 533 8 3
532 633 4 1
533 534 17 3
533 536 20 3
533 630 15 2
533 631 12 5
533 633 13 2
534 535 27 5
534 536 15 5
534 537 28 6
535 536 22 6
535 537 20 6
535 544 37 6
535 547 36 7
535 622 32 7
535 624 25 4
535 630 25 3
536 630 19 5
537 544 31 6
538 539 37 6
538 540 36 7
538 542 39 7
538 544 38 8
538 545 32 9
538 548 52 9
538 549 50 7
538 550 45 8
539 540 29 8
539 541 36 6
539 542 41 8
539 543 19 2
540 544 21 5
541 542 30 4
541 543 35 6
541 550 42 8
541 551 46 7
541 552 29 4
541 554 33 5
541 558 45 7
543 554 24 4
544 545 44 10
544 546 42 7
544 547 32 6
545 546 33 9
545 549 48 7
546 547 41 8
546 549 51 7
546 618 47 5
546 619 53 7
546 620 50 9
546 622 43 6
547 622 35 6
548 549 27 4
549 620 31 5
550 551 32 6
551 558 31 6
552 553 46 9
552 554 43 9
552 558 45 9
553 554 51 7
553 556 46 9
553 558 50 8
553 559 60 12
553 560 38 7
553 561 61 10
553 563 48 11
554 555 28 5
554 556 34 8
554 557 27 6
555 556 38 7
555 557 24 6
555 563 44 7
555 564 23 5
555 567 27 6
555 570 25 4
556 563 36 7
557 567 23 4
558 559 40 7
559 561 37 5
560 563 56 10
561 562 42 8
563 564 34 7
564 570 30 7
565 566 20 3
565 567 15 3
565 568 9 1
565 569 8 2
565 570 23 3
565 571 10 2
565 572 13 2
566 567 14 6
566 570 17 4
567 568 16 2
568 573 12 4
569 570 18 4
569 571 17 4
571 572 6 3
572 573 5 2
574 575 17 4
574 576 22 5
574 577 20 6
574 584 14 5
574 586 14 5
574 587 18 4
574 590 28 5
575 576 19 5
575 577 23 4
575 579 23 2
575 580 27 5
575 581 17 4
575 582 24 4
576 582 12 4
577 590 31 5
578 580 34 6
578 590 32 9
578 593 37 8
578 595 49 12
578 596 43 11
579 580 28 5
579 581 22 4
579 609 24 3
579 613 19 3
579 625 22 4
580 596 35 9
581 582 20 3
581 625 13 5
582 583 11 5
582 625 12 3
582 628 6 1
582 635 13 1
583 585 11 2
584 586 13 2
585 635 7 2
586 587 14 4
586 589 6 4
587 588 15 3
587 590 19 4
588 589 12 3
588 590 20 5
588 592 22 5
588 682 14 4
588 684 18 3
589 684 4 2
590 591 43 7
590 592 20 5
590 593 39 8
591 592 30 5
591 593 28 7
591 601 49 11
591 603 52 9
591 677 30 9
591 683 33 5
592 683 21 5
593 601 46 8
594 595 57 9
594 598 60 9
594 600 63 10
594 601 52 7
594 604 81 12
594 605 65 8
594 606 62 12
595 596 46 8
595 601 49 11
596 597 39 7
596 598 54 9
596 599 42 8
597 598 42 7
597 599 38 6
597 606 61 10
597 607 48 7
597 608 35 8
597 609 37 7
597 615 50 9
599 609 23 4
600 601 61 10
600 602 53 10
600 604 72 12
601 602 66 11
601 603 44 9
602 603 65 12
602 604 74 13
602 674 63 15
602 675 73 12
602 676 64 11
603 676 48 9
604 605 52 11
605 606 52 8
606 607 37 6
607 615 32 7
608 610 17 3
609 610 24 4
609 611 16 4
609 612 19 5
609 613 19 3
610 611 27 5
610 1501 23 7
610 1502 17 5
610 1505 24 5
611 612 18 3
611 1505 10 4
612 613 7 1
612 625 13 2
612 627 12 2
614 615 15 7
614 1501 10 2
617 618 35 7
617 619 40 5
617 622 30 4
617 1500 37 7
617 1501 28 5
617 1502 18 6
617 1505 27 5
618 619 42 6
618 622 43 11
619 620 39 6
619 1500 32 5
619 1504 23 4
622 623 23 3
622 624 25 5
623 624 18 6
623 630 20 4
623 632 15 3
623 1499 12 1
623 1505 15 4
624 630 26 4
625 627 4 3
626 627 9 2
626 1495 8 2
627 1498 6 4
628 635 9 1
629 630 12 2
629 631 11 2
629 632 12 3
629 1495 11 2
629 1496 8 2
629 1498 11 2
630 631 14 2
630 632 17 5
631 633 10 3
632 1498 7 1
634 1495 4 2
636 1495 2 2
637 638 32 5
637 639 19 8
637 641 36 7
637 646 25 6
637 647 30 8
637 649 15 4
637 650 27 4
637 651 34 4
638 639 34 8
638 640 53 10
638 641 29 8
638 642 44 4
638 643 53 9
638 644 26 5
638 645 33 6
639 645 14 4
639 647 28 8
640 641 46 7
640 643 48 10
640 651 47 8
640 652 47 11
640 654 68 12
640 655 70 11
640 660 63 10
641 651 30 9
642 643 43 10
642 644 38 7
642 655 71 13
642 658 69 11
642 666 61 12
642 670 47 9
642 680 43 7
643 655 68 10
644 645 35 5
644 680 28 7
645 647 25 5
645 648 20 3
645 680 29 6
645 681 23 9
645 686 24 5
646 647 13 4
646 650 9 5
647 648 12 3
648 686 13 5
649 650 21 5
649 651 28 4
651 652 45 9
652 660 58 11
653 654 76 13
653 655 87 13
653 656 81 12
653 659 67 10
653 660 76 13
653 661 88 15
653 662 83 18
654 655 68 10
654 660 57 13
655 656 88 15
655 657 76 11
655 658 69 15
656 657 78 15
656 663 81 13
657 658 68 11
657 663 83 15
657 664 86 11
657 665 71 13
657 672 83 12
658 666 58 12
659 660 76 14
659 661 72 11
661 662 54 11
662 663 59 11
663 664 63 10
664 672 50 8
665 666 72 12
665 667 70 13
665 672 65 10
666 667 76 15
666 668 54 11
666 669 65 10
666 670 56 8
667 668 70 12
667 671 91 18
667 672 84 15
667 673 83 14
667 674 68 11
667 676 77 11
668 669 66 10
668 676 54 12
669 670 48 12
669 676 56 11
669 677 38 9
669 679 44 8
669 680 41 7
670 680 42 9
671 672 61 10
671 673 56 10
673 674 79 15
673 675 56 10
674 676 71 13
676 677 47 8
677 683 42 6
678 679 34 5
678 680 29 7
678 681 18 4
678 682 14 1
678 683 28 8
678 684 24 5
678 685 18 3
679 680 28 7
679 683 21 4
680 681 31 4
681 686 24 7
682 683 21 5
682 684 20 3
684 685 9 6
685 686 16 3
687 688 34 9
687 689 50 8
688 689 39 7
688 693 38 8
688 697 42 6
688 698 31 6
689 690 42 6
689 691 23 7
689 692 33 5
690 692 32 8
690 703 38 8
690 706 37 10
690 709 51 9
690 711 56 7
691 703 27 8
692 709 46 12
693 694 24 6
693 695 32 5
693 697 23 6
694 695 37 7
694 696 35 8
695 696 23 5
695 697 35 7
695 699 14 3
695 750 31 5
696 750 31 5
697 698 39 8
697 699 21 3
697 700 22 6
697 701 21 7
697 702 44 8
698 702 40 9
698 703 44 9
699 700 10 6
699 747 22 4
700 701 13 4
700 747 19 3
700 749 20 5
701 702 30 6
701 779 24 6
702 703 50 8
702 705 47 9
702 776 34 8
702 777 39 8
702 779 37 8
703 704 40 9
703 705 35 7
703 706 40 8
704 705 37 7
704 706 42 8
704 711 52 10
704 713 47 12
704 768 42 6
704 770 36 6
704 777 56 10
706 711 43 6
707 708 59 12
707 709 60 11
707 710 50 8
707 712 39 9
707 715 61 7
707 721 69 14
708 709 40 9
708 711 47 10
710 721 60 10
711 712 49 7
711 713 46 7
712 716 48 8
713 714 48 8
713 768 35 6
714 716 41 9
714 718 33 8
714 766 30 4
715 716 46 9
715 719 51 9
715 721 54 11
716 717 27 6
716 718 22 5
716 719 44 7
716 720 26 6
717 718 16 6
717 720 10 3
717 729 21 3
717 731 19 5
717 766 17 4
718 766 27 6
719 720 28 7
719 721 61 8
719 722 59 13
719 727 58 10
719 728 47 8
719 729 48 7
720 729 26 3
721 722 57 11
722 727 52 9
723 724 50 7
723 725 41 8
723 727 55 10
724 725 47 9
724 726 54 10
724 728 53 10
724 729 52 9
724 730 44 8
724 733 48 8
724 734 53 8
724 963 66 9
725 726 39 7
726 963 55 11
727 728 52 9
728 729 42 9
729 730 35 6
729 731 21 5
729 732 41 7
730 732 41 10
730 733 42 5
731 732 32 7
731 766 22 4
732 736 75 9
732 762 35 7
732 764 39 7
732 766 62 9
733 734 37 7
733 736 40 7
733 737 48 10
733 738 47 9
734 737 51 11
734 963 50 11
735 736 55 11
735 738 25 8
735 971 35 8
735 1385 4 3
736 970 46 10
737 738 25 4
737 963 56 9
737 965 26 6
737 1390 4 2
738 1386 8 3
739 740 33 5
739 742 21 5
739 744 22 8
739 747 27 4
739 748 27 4
739 750 25 4
740 743 28 7
742 750 26 4
743 744 32 5
743 745 41 6
743 746 34 8
744 745 49 8
744 747 31 5
745 747 35 5
745 749 33 7
745 778 48 8
745 779 46 10
745 982 69 10
745 984 60 12
745 986 56 7
746 986 64 11
747 748 18 6
747 749 22 4
748 750 20 6
749 779 32 6
751 755 51 13
751 1173 42 11
751 1191 81 11
751 1192 87 13
751 1193 83 13
752 753 41 10
752 754 69 12
752 756 63 11
752 757 46 11
752 758 59 8
753 759 62 10
753 1172 37 9
754 755 47 11
754 757 72 12
754 1178 59 14
754 1189 84 12
754 1190 81 12
756 757 67 13
756 758 26 6
756 1176 64 9
756 1182 22 6
757 1176 43 8
758 759 27 6
759 1172 58 13
759 1174 23 5
760 761 50 9
760 762 47 7
760 763 39 8
760 765 40 6
760 766 46 8
760 767 64 12
760 768 43 8
761 762 33 7
761 766 34 5
762 763 53 8
762 764 41 8
763 1193 80 13
764 970 57 10
765 766 36 6
765 768 48 7
767 768 29 7
767 769 55 12
767 1189 83 16
768 769 48 8
768 770 50 7
769 770 43 8
769 772 21 5
769 775 61 11
769 777 34 5
769 1186 54 10
769 1187 57 10
769 1189 73 13
771 772 32 7
771 773 36 6
771 776 44 8
771 777 41 5
771 778 48 10
771 779 52 7
771 780 55 9
771 782 49 7
771 982 52 9
772 773 33 6
773 774 20 6
773 775 6 4
774 780 42 9
775 1187 54 10
776 777 36 8
776 779 45 10
778 779 34 8
778 982 46 10
780 781 44 8
780 782 49 9
780 783 53 9
780 785 38 6
781 785 35 8
781 978 38 7
782 783 51 9
782 982 48 9
783 784 39 6
783 972 48 9
783 974 44 7
783 982 61 13
783 985 72 13
783 1005 64 12
784 785 28 7
784 972 29 8
785 972 29 5
785 973 14 3
785 980 34 10
786 787 28 5
786 790 34 7
786 792 27 8
787 788 25 8
787 789 20 7
787 791 28 4
788 849 25 5
789 791 12 4
789 807 23 4
789 809 11 4
789 849 22 6
790 791 21 5
790 792 31 5
790 793 25 4
790 803 26 4
790 804 26 6
790 807 30 6
792 793 27 5
793 804 33 6
794 795 11 4
794 796 15 3
794 797 13 3
794 833 26 6
794 839 16 4
794 904 12 2
795 796 6 1
795 801 7 3
796 797 19 3
796 799 22 7
796 800 27 6
796 801 17 3
796 802 26 7
797 798 29 5
798 799 16 5
798 833 56 9
798 837 29 4
798 1103 6 4
800 873 27 4
801 802 14 5
801 869 21 3
801 872 13 5
803 804 24 5
803 807 30 7
804 805 38 5
804 806 31 5
805 806 33 10
805 808 32 7
805 813 33 7
805 864 38 7
805 907 46 9
806 811 40 8
807 808 30 8
807 809 23 5
808 810 29 4
808 859 29 5
809 810 33 7
809 849 35 7
810 849 49 8
810 852 42 7
810 859 39 10
810 860 33 8
810 895 35 10
810 896 45 7
810 945 51 8
811 812 9 2
811 814 6 2
812 813 12 1
812 814 5 3
813 907 22 7
814 815 4 3
814 901 6 1
815 816 2 2
815 877 4 1
815 901 8 2
817 818 47 10
817 819 53 10
817 825 44 7
817 826 31 7
818 819 59 11
818 821 46 7
818 822 30 4
818 823 35 9
818 824 29 6
818 825 55 9
819 821 37 7
819 826 47 7
819 827 39 8
819 869 46 9
819 875 38 4
819 876 33 6
819 900 29 5
820 821 42 11
820 823 43 10
820 833 48 8
820 834 36 7
820 836 41 8
820 900 50 8
821 900 37 5
822 823 22 5
822 824 22 5
822 832 13 3
822 848 22 5
823 848 30 5
824 825 31 8
824 831 20 5
825 826 31 5
825 828 38 8
825 830 33 6
825 831 37 6
826 827 45 10
826 828 36 6
827 876 43 9
829 830 28 4
830 831 29 6
831 832 22 5
832 848 18 3
833 834 31 7
833 835 49 9
833 837 55 11
833 838 21 4
833 839 18 4
834 838 8 3
834 882 31 6
835 836 41 9
835 837 28 3
835 856 30 5
835 857 4 3
835 900 51 11
836 900 30 5
837 1086 8 3
837 1103 13 4
838 839 10 3
838 882 15 4
838 883 4 1
838 904 14 3
839 904 10 3
840 843 46 14
840 845 48 9
841 846 7 6
842 843 62 10
842 844 36 8
842 928 69 12
842 929 27 6
842 1406 4 3
843 928 30 9
844 1408 4 1
845 846 32 7
845 956 41 9
846 851 23 6
846 956 37 8
847 848 43 9
847 882 45 9
849 850 22 2
849 851 17 4
849 852 30 8
850 851 22 6
850 852 27 8
850 945 32 8
850 947 20 5
850 956 41 7
851 956 34 6
852 945 36 6
853 1256 29 4
853 1257 23 6
853 1259 31 6
854 855 13 4
854 868 6 1
854 1337 25 5
855 1368 11 2
856 857 20 6
856 858 11 4
856 874 31 8
856 900 41 8
857 858 12 4
857 1086 13 3
857 1324 29 6
857 1325 23 4
858 1325 19 5
858 1354 21 4
858 1412 8 4
858 1432 25 6
859 860 27 5
859 863 37 10
859 864 27 5
860 861 42 7
861 863 22 4
862 863 24 7
862 908 24 4
863 1371 2 2
864 907 45 11
865 866 2 1
865 1335 21 5
865 1360 8 2
865 1443 15 5
865 1444 17 4
866 941 7 4
866 942 11 3
866 1331 6 2
866 1335 9 2
867 1101 9 3
867 1337 20 4
867 1347 31 7
868 1102 16 6
868 1259 21 5
869 870 25 6
869 872 17 1
869 873 49 9
869 874 54 11
869 875 49 8
870 871 11 2
870 876 19 6
871 872 5 2
871 876 10 2
871 877 2 1
872 901 13 4
873 874 31 6
873 1353 5 2
873 1412 11 2
874 875 44 9
874 900 51 7
874 1412 9 3
875 900 26 4
879 1014 7 1
879 1462 13 1
880 1462 7 2
880 1464 9 1
880 1468 7 1
881 912 27 5
881 941 26 7
882 883 16 2
882 884 20 6
882 885 40 7
883 884 8 2
883 904 11 4
884 885 26 4
884 905 9 3
884 945 26 4
885 945 36 7
886 888 2 1
886 889 15 4
886 890 28 4
886 892 24 6
886 893 12 1
886 894 13 2
887 889 3 2
887 902 7 3
887 907 18 3
889 890 18 5
889 907 21 5
890 892 20 2
890 908 21 4
891 892 21 5
891 894 33 6
891 896 55 10
891 899 34 6
891 1380 2 2
892 1388 7 2
893 894 8 4
893 896 21 4
893 898 12 4
895 897 13 3
895 945 44 8
896 897 18 3
896 898 13 3
896 899 68 11
896 1419 25 4
897 898 13 4
897 905 7 2
897 945 25 5
898 904 10 3
901 902 10 2
901 903 8 2
902 907 10 3
904 905 11 5
905 945 18 4
907 908 42 9
908 1389 8 2
909 910 41 7
909 911 26 4
909 917 27 7
909 958 7 2
910 911 47 8
910 913 34 7
910 914 57 11
910 916 36 7
910 1442 32 4
911 913 39 6
911 954 17 3
911 955 10 2
911 958 20 2
911 959 26 4
911 961 33 6
911 1166 50 9
912 914 25 7
912 1360 4 3
912 1442 32 4
913 1166 41 8
913 1443 28 8
914 915 29 5
914 1343 8 2
914 1359 2 1
915 916 55 8
915 1167 68 10
915 1168 25 4
915 1343 4 4
916 1167 45 14
917 949 57 9
917 951 47 12
917 956 59 11
917 957 8 3
917 958 21 3
917 1167 72 12
918 920 31 9
918 921 23 4
918 922 63 10
918 923 53 9
918 924 45 7
919 920 13 3
919 921 11 4
919 934 2 2
919 954 11 3
920 933 13 5
921 954 11 3
922 923 17 5
922 924 59 9
922 928 69 11
922 929 27 5
922 1381 3 2
924 928 36 10
925 927 5 2
925 931 5 3
925 1333 9 4
925 1355 10 2
925 1460 10 2
926 1024 13 4
926 1030 10 2
926 1355 20 3
928 929 61 9
930 1307 5 2
930 1470 8 2
930 1471 15 3
931 1460 8 2
934 954 8 2
936 937 63 11
936 938 47 10
936 944 44 8
936 1165 48 8
937 940 44 11
937 941 44 7
937 943 30 5
937 1302 39 7
938 940 58 10
938 951 47 9
938 952 53 11
938 1165 58 11
938 1167 66 11
939 940 59 11
939 1167 64 13
939 1168 37 8
939 1294 49 12
939 1413 4 2
940 1167 49 9
941 942 22 7
941 943 45 6
942 1290 18 4
942 1331 4 2
943 944 46 9
943 1166 32 8
944 959 33 5
944 960 37 7
944 961 31 7
944 1166 46 8
945 948 41 7
946 947 14 6
946 948 20 5
946 949 27 7
946 950 24 5
946 956 26 5
947 956 33 7
948 949 45 6
949 950 24 5
949 951 50 7
949 952 35 6
950 956 37 11
951 1167 68 9
952 1165 42 8
953 954 16 2
953 959 12 3
955 958 15 4
957 958 24 5
959 960 23 6
959 961 27 6
960 1165 31 4
961 1166 44 9
962 963 52 8
962 964 45 7
962 967 31 5
963 964 51 7
963 965 49 9
964 965 24 5
964 969 24 5
964 1399 2 2
964 1400 10 3
966 967 49 10
966 968 65 13
966 970 56 12
967 969 45 6
968 969 28 6
968 970 72 13
968 971 35 5
968 1322 16 3
968 1395 7 2
969 1395 13 3
970 971 57 9
971 1322 5 2
972 973 18 3
972 974 36 8
972 976 21 7
972 977 26 4
973 998 25 6
973 1277 45 9
973 1285 36 9
974 975 40 7
974 1005 49 8
975 976 24 5
975 1005 54 9
975 1006 47 8
975 1043 31 5
975 1045 23 4
975 1048 40 10
976 977 20 4
976 1043 19 6
977 1277 34 9
977 1279 46 10
978 979 45 8
978 980 33 5
978 981 47 6
979 981 55 9
979 986 57 12
980 981 37 9
981 986 73 13
981 987 65 13
981 997 44 10
981 1002 65 11
982 983 68 11
982 984 64 13
982 985 70 13
983 984 68 9
983 985 70 13
983 986 67 11
983 987 78 15
983 1001 74 12
983 1002 72 11
983 1005 96 14
984 986 48 7
985 1005 76 12
986 987 70 13
987 1002 65 10
988 989 20 4
988 992 10 5
988 995 4 3
989 1155 17 4
989 1157 11 3
991 993 11 4
991 1116 20 3
991 1121 11 2
991 1159 10 3
992 1162 11 5
993 994 11 6
993 1116 23 3
994 1066 21 2
994 1068 8 1
994 1070 21 2
994 1116 22 3
994 1149 13 2
994 1150 3 3
995 996 19 3
995 1152 4 2
996 1148 9 2
996 1164 10 3
997 998 40 7
997 999 35 8
997 1002 34 9
998 999 29 5
998 1000 14 4
998 1055 24 5
999 1000 21 4
999 1002 48 7
999 1004 35 6
999 1050 38 6
999 1051 20 6
999 1054 26 5
1001 1002 62 11
1001 1003 68 10
1001 1005 75 13
1002 1004 47 9
1003 1004 48 11
1003 1006 47 9
1003 1048 50 8
1003 1049 38 6
1003 1050 52 10
1004 1050 36 10
1005 1006 62 11
1006 1048 37 7
1007 1008 27 4
1007 1010 5 1
1007 1081 25 5
1007 1082 14 5
1007 1111 28 5
1007 1150 10 1
1008 1009 15 6
1008 1010 22 6
1008 1012 17 8
1009 1111 13 4
1010 1149 13 3
1011 1074 9 5
1011 1076 25 4
1011 1149 16 3
1011 1151 12 3
1011 1153 18 3
1012 1107 12 4
1012 1490 13 2
1013 1110 4 4
1014 1015 9 3
1014 1464 11 1
1015 1465 11 2
1016 1018 10 5
1016 1019 26 5
1016 1020 17 3
1016 1021 6 2
1017 1018 32 5
1017 1020 9 5
1017 1135 24 5
1017 1136 57 7
1017 1143 38 9
1017 1160 15 3
1017 1161 16 4
1017 1163 25 4
1018 1143 22 7
1019 1020 4 3
1019 1021 19 3
1019 1105 15 4
1019 1159 12 4
1020 1160 6 1
1021 1104 11 6
1022 1327 10 3
1023 1328 19 3
1025 1026 32 5
1025 1027 19 3
1025 1028 28 4
1025 1029 36 6
1025 1031 21 4
1026 1028 17 5
1026 1043 35 6
1026 1045 25 5
1026 1046 25 5
1026 1104 43 6
1026 1105 13 6
1027 1104 17 5
1028 1029 21 5
1028 1048 23 6
1029 1048 36 5
1029 1049 41 10
1029 1050 56 9
1029 1053 42 10
1029 1135 27 9
1029 1136 39 7
1029 1143 64 9
1031 1143 20 7
1032 1461 17 3
1033 1459 15 3
1034 1035 17 6
1034 1036 34 5
1034 1121 15 4
1034 1122 27 5
1034 1125 30 6
1034 1160 17 4
1034 1161 11 6
1035 1041 17 4
1035 1125 30 7
1036 1037 13 4
1036 1042 9 4
1037 1163 9 2
1038 1040 6 4
1038 1155 14 4
1038 1157 9 3
1038 1164 13 2
1039 1040 3 2
1039 1042 16 3
1039 1144 11 2
1039 1147 3 3
1039 1164 18 3
1040 1164 13 5
1041 1067 22 4
1041 1068 11 3
1041 1125 25 5
1041 1149 14 3
1041 1151 10 4
1042 1153 7 2
1043 1044 21 5
1043 1045 30 8
1043 1046 13 7
1044 1047 4 4
1044 1264 20 1
1045 1048 29 4
1046 1047 23 4
1046 1133 9 5
1047 1128 13 2
1047 1129 2 2
1048 1049 37 8
1049 1050 44 9
1050 1051 26 4
1050 1052 32 7
1050 1053 28 12
1051 1052 11 3
1051 1054 23 6
1052 1053 27 6
1052 1054 19 3
1052 1056 13 3
1052 1127 9 6
1052 1128 15 4
1053 1136 22 7
1057 1058 31 7
1057 1060 32 4
1057 1073 21 5
1057 1074 15 3
1057 1089 33 6
1057 1091 7 2
1057 1107 42 8
1058 1059 34 8
1058 1065 38 10
1058 1089 21 5
1059 1060 33 7
1059 1061 35 7
1059 1062 33 9
1059 1063 52 9
1059 1065 45 10
1060 1061 29 7
1060 1073 16 5
1061 1062 25 7
1061 1073 27 3
1061 1077 19 6
1061 1099 21 6
1061 1154 21 4
1062 1063 40 7
1062 1098 27 6
1063 1098 42 7
1064 1065 25 4
1065 1089 43 9
1065 1092 22 5
1066 1067 10 4
1066 1068 21 4
1066 1070 14 6
1067 1125 13 6
1068 1149 3 3
1069 1346 7 1
1070 1116 9 5
1071 1456 3 1
1072 1125 19 5
1072 1126 6 2
1073 1074 39 6
1073 1075 20 4
1073 1076 12 3
1073 1077 17 5
1074 1107 29 6
1075 1076 18 3
1075 1077 3 3
1075 1146 12 3
1076 1153 4 2
1077 1154 15 4
1078 1079 21 5
1078 1080 16 3
1078 1081 16 4
1078 1082 50 9
1078 1083 36 8
1078 1084 28 8
1078 1085 28 6
1079 1080 6 3
1079 1085 18 5
1079 1154 17 5
1080 1081 21 5
1080 1145 2 2
1080 1146 14 4
1081 1152 3 2
1082 1083 24 9
1082 1111 30 4
1083 1084 39 5
1083 1090 38 6
1083 1091 8 4
1083 1094 52 8
1084 1085 24 5
1084 1094 35 9
1085 1094 33 7
1085 1095 27 8
1085 1098 28 5
1085 1099 26 8
1085 1154 29 5
1086 1103 9 5
1086 1329 31 6
1087 1088 3 1
1087 1364 9 3
1087 1477 9 1
1088 1470 15 2
1088 1477 9 2
1089 1090 24 7
1089 1091 21 3
1089 1092 42 10
1089 1093 39 8
1090 1093 37 7
1090 1094 35 6
1092 1093 21 4
1092 1375 3 1
1094 1095 26 6
1094 1097 41 6
1095 1098 27 8
1096 1097 22 3
1097 1378 25 7
1097 1394 3 3
1098 1099 27 6
1098 1100 42 8
1099 1154 17 4
1100 1378 2 1
1102 1254 38 8
1102 1255 28 5
1102 1259 31 5
1103 1169 7 3
1103 1329 21 3
1103 1336 25 4
1104 1105 27 7
1105 1133 25 4
1107 1109 10 3
1108 1492 5 2
1109 1141 12 6
1111 1112 9 3
1111 1462 11 1
1112 1141 15 6
1113 1462 15 1
1114 1242 7 3
1114 1318 21 5
1115 1242 26 5
1115 1254 32 6
1116 1117 9 2
1116 1339 8 1
1117 1120 10 5
1118 1119 8 3
1118 1124 5 3
1119 1339 8 1
1120 1121 23 4
1120 1122 16 4
1121 1160 5 2
1122 1123 39 5
1122 1125 14 7
1123 1356 13 3
1123 1402 4 1
1127 1128 16 3
1127 1132 4 3
1130 1131 9 2
1131 1132 9 2
1133 1134 8 4
1134 1162 5 5
1135 1136 39 9
1135 1143 43 9
1136 1137 20 5
1137 1163 9 5
1138 1139 2 1
1138 1327 7 3
1140 1466 7 3
1140 1490 10 2
1144 1146 3 1
1146 1154 5 2
1147 1153 22 3
1149 1150 9 4
1149 1151 10 4
1150 1152 31 4
1151 1153 21 4
1155 1157 2 2
1155 1158 13 4
1158 1163 20 7
1159 1160 9 3
1159 1162 39 7
1160 1161 11 3
1167 1168 71 11
1168 1343 10 2
1168 1348 2 2
1169 1336 20 4
1169 1341 25 6
1170 1171 67 9
1170 1172 39 7
1170 1175 73 13
1170 1183 52 12
1171 1173 39 8
1171 1183 77 14
1171 1184 59 10
1171 1187 76 14
1171 1188 71 13
1172 1173 57 10
1172 1174 42 6
1174 1175 21 7
1174 1367 5 1
1175 1183 71 12
1175 1185 28 4
1176 1177 68 12
1176 1179 71 8
1176 1180 46 11
1176 1182 51 8
1178 1189 77 9
1179 1180 67 13
1179 1183 78 14
1179 1184 63 11
1179 1186 71 11
1179 1187 75 13
1180 1183 59 10
1181 1183 69 14
1181 1185 32 7
1183 1185 65 10
1184 1187 69 12
1186 1187 41 9
1186 1189 60 11
1187 1188 50 9
1188 1191 50 12
1189 1190 58 11
1190 1193 45 11
1191 1192 62 14
1192 1193 59 14
1194 1195 38 4
1194 1196 31 6
1194 1197 25 5
1194 1205 49 6
1194 1209 22 4
1194 1213 48 9
1195 1196 29 4
1195 1201 33 5
1195 1234 28 6
1196 1197 24 4
1196 1198 24 5
1196 1199 26 7
1196 1200 21 5
1196 1201 35 5
1196 1202 21 6
1197 1198 35 7
1197 1213 33 6
1198 1200 15 5
1198 1210 31 3
1198 1211 13 3
1198 1212 27 4
1198 1213 30 4
1198 1231 27 4
1199 1200 17 5
1199 1202 29 6
1199 1217 21 5
1199 1231 30 4
1199 1233 19 3
1199 1250 29 4
1201 1202 26 7
1201 1234 48 8
1201 1237 41 9
1201 1249 36 6
1201 1250 42 8
1202 1250 24 6
1203 1204 58 8
1203 1205 70 14
1203 1206 64 11
1203 1494 71 9
1203 1520 61 10
1203 1525 50 9
1204 1205 35 9
1204 1493 42 8
1205 1206 81 13
1205 1207 30 10
1206 1520 43 7
1207 1213 47 11
1208 1209 22 9
1208 1236 20 7
1208 1493 45 7
1210 1211 30 6
1210 1212 15 4
1211 1213 27 5
1212 1231 17 2
1214 1215 56 9
1214 1216 33 7
1214 1219 49 8
1214 1237 44 11
1214 1240 33 6
1214 1249 31 6
1215 1216 35 8
1215 1224 24 7
1215 1225 19 5
1215 1235 48 8
1215 1237 53 10
1215 1272 48 9
1216 1219 35 8
1216 1220 35 7
1217 1218 22 4
1217 1247 23 3
1217 1250 30 5
1218 1222 38 6
1218 1233 21 4
1218 1246 28 6
1218 1248 22 6
1219 1221 24 6
1219 1239 22 5
1219 1240 28 5
1220 1221 25 7
1220 1222 28 5
1220 1225 17 6
1220 1226 33 8
1220 1246 23 4
1221 1222 28 7
1221 1256 21 6
1222 1246 24 5
1222 1248 24 4
1222 1257 16 4
1222 1334 25 6
1223 1224 25 6
1223 1225 9 3
1223 1226 16 2
1223 1227 23 5
1223 1228 14 3
1223 1229 30 7
1223 1230 19 4
1224 1229 28 9
1224 1272 26 6
1225 1226 15 4
1226 1228 8 4
1226 1231 38 6
1226 1232 30 5
1226 1233 24 2
1226 1246 23 4
1226 1274 25 5
1227 1228 16 3
1227 1230 28 6
1227 1261 44 7
1227 1262 48 12
1227 1274 27 5
1227 1275 26 7
1227 1288 45 8
1228 1274 17 4
1229 1230 26 6
1229 1272 42 7
1229 1273 36 6
1230 1261 36 7
1231 1232 32 9
1231 1233 21 8
1232 1274 16 6
1234 1235 62 12
1234 1236 45 9
1234 1237 61 9
1235 1272 50 12
1236 1493 57 12
1238 1240 26 6
1238 1241 38 6
1238 1242 40 6
1238 1244 25 6
1238 1245 28 6
1239 1245 25 10
1240 1241 34 4
1241 1243 32 6
1241 1249 36 10
1241 1250 47 9
1241 1251 32 5
1241 1254 40 10
1242 1244 17 4
1242 1254 39 7
1245 1256 30 6
1247 1248 20 3
1247 1250 40 7
1247 1251 27 7
1247 1254 26 5
1247 1255 17 4
1247 1259 26 5
1249 1250 43 9
1250 1251 31 7
1251 1254 24 6
1252 1465 6 2
1253 1341 10 3
1253 1349 22 6
1253 1353 10 3
1256 1257 21 3
1256 1258 21 5
1257 1368 26 5
1257 1480 19 6
1260 1261 30 7
1261 1262 40 9
1261 1263 61 11
1261 1264 48 8
1261 1265 44 8
1262 1263 49 7
1262 1288 37 8
1263 1265 40 7
1263 1288 53 9
1263 1289 44 12
1263 1302 56 9
1263 1303 48 9
1263 1304 61 9
1264 1265 30 6
1264 1278 39 6
1264 1279 27 6
1264 1280 31 6
1265 1304 40 8
1266 1267 14 2
1266 1270 22 7
1266 1274 18 5
1267 1268 40 7
1267 1269 27 6
1267 1270 34 5
1267 1271 31 7
1268 1269 41 8
1268 1271 32 7
1268 1272 53 10
1268 1273 43 9
1268 1285 48 9
1269 1272 45 11
1270 1271 27 8
1270 1275 22 6
1270 1284 39 6
1270 1285 41 7
1270 1288 43 8
1271 1285 37 7
1272 1273 38 8
1274 1275 18 4
1275 1288 37 5
1276 1277 31 8
1276 1278 22 4
1276 1282 25 4
1276 1299 27 7
1277 1278 35 5
1277 1279 32 8
1277 1285 51 9
1277 1286 36 7
1277 1299 42 6
1278 1279 23 3
1278 1280 23 5
1278 1281 30 4
1278 1282 29 3
1278 1283 22 7
1280 1281 23 3
1280 1304 23 4
1281 1283 23 8
1281 1305 28 5
1281 1308 32 5
1281 1309 27 6
1281 1313 38 5
1282 1283 19 4
1282 1299 40 6
1282 1301 29 8
1282 1312 23 3
1282 1313 28 6
1282 1316 38 9
1284 1285 32 8
1284 1287 47 8
1284 1288 35 7
1285 1286 41 6
1285 1287 53 8
1286 1287 30 9
1286 1299 37 6
1287 1288 55 9
1287 1289 40 8
1287 1300 45 9
1287 1302 57 11
1288 1289 54 10
1289 1302 49 9
1290 1292 20 3
1290 1296 25 5
1290 1297 42 9
1291 1292 39 8
1291 1294 26 11
1291 1302 40 6
1291 1303 42 7
1291 1304 48 8
1291 1305 36 7
1291 1308 50 8
1292 1298 34 5
1292 1308 34 9
1293 1294 32 9
1293 1296 42 7
1293 1300 39 6
1293 1301 35 6
1293 1316 36 6
1295 1316 34 8
1296 1316 34 8
1297 1298 15 3
1297 1392 4 2
1298 1310 24 6
1299 1300 39 8
1299 1301 33 8
1300 1302 32 7
1301 1316 38 5
1302 1303 31 7
1303 1304 39 9
1304 1305 34 5
1305 1308 36 7
1306 1307 7 2
1306 1369 7 1
1306 1473 9 2
1306 1474 16 4
1307 1471 14 3
1308 1310 40 8
1311 1313 48 7
1312 1314 30 6
1312 1316 29 7
1313 1314 36 8
1313 1315 36 6
1314 1315 19 3
1316 1317 47 9
1317 1383 10 2
1318 1319 20 6
1318 1320 23 5
1318 1347 26 4
1318 1479 28 6
1319 1320 22 8
1319 1326 17 7
1319 1479 19 4
1320 1365 11 1
1321 1322 13 3
1321 1323 17 4
1321 1395 16 4
1321 1438 12 3
1322 1323 11 2
1322 1385 7 2
1322 1395 6 2
1323 1385 12 5
1323 1386 17 4
1323 1436 14 4
1323 1437 12 4
1324 1325 13 2
1324 1433 19 4
1325 1432 13 3
1325 1433 15 3
1326 1368 25 4
1326 1480 16 4
1327 1328 2 2
1327 1361 10 3
1327 1457 10 3
1327 1458 2 2
1328 1333 3 3
1328 1457 9 3
1329 1336 12 3
1329 1433 20 4
1330 1331 16 4
1330 1332 9 4
1330 1335 12 4
1330 1441 18 4
1331 1332 21 4
1331 1335 16 3
1331 1413 2 2
1332 1342 15 4
1332 1348 15 4
1332 1413 9 1
1332 1441 21 5
1333 1355 8 4
1334 1337 17 3
1334 1479 25 5
1335 1441 15 4
1335 1444 11 4
1336 1341 13 4
1336 1433 19 5
1337 1347 19 4
1337 1479 32 6
1338 1340 6 2
1339 1340 5 2
1339 1454 4 1
1340 1454 5 2
1341 1349 14 3
1341 1433 20 4
1342 1343 18 3
1342 1344 8 2
1342 1348 14 2
1343 1344 10 4
1343 1348 6 3
1343 1359 4 2
1344 1359 12 2
1344 1441 16 4
1344 1442 9 3
1345 1346 7 4
1346 1409 5 2
1346 1456 6 2
1347 1479 25 5
1348 1413 8 4
1349 1353 18 3
1349 1354 14 4
1349 1433 22 4
1350 1351 7 2
1351 1352 3 2
1351 1456 3 2
1352 1357 6 2
1352 1454 5 2
1353 1354 19 4
1353 1412 10 1
1354 1412 11 2
1354 1432 18 4
1354 1433 20 4
1355 1457 10 3
1355 1460 7 3
1358 1459 6 3
1359 1360 6 4
1359 1442 13 5
1359 1443 16 2
1360 1443 11 2
1361 1458 10 4
1364 1367 6 2
1364 1478 8 2
1365 1368 7 3
1366 1460 10 3
1367 1476 9 3
1368 1480 24 7
1369 1473 11 2
1369 1475 11 2
1370 1371 6 1
1370 1379 13 4
1370 1417 20 5
1370 1418 15 4
1371 1416 24 4
1371 1417 15 4
1372 1373 3 3
1372 1405 4 2
1372 1426 9 2
1372 1427 14 2
1373 1424 10 2
1373 1427 10 2
1374 1397 18 4
1374 1416 17 3
1375 1376 7 1
1375 1446 21 4
1375 1541 11 2
1376 1393 8 3
1376 1448 15 6
1376 1449 22 3
1377 1393 9 2
1377 1451 15 5
1378 1394 9 4
1378 1451 20 5
1379 1380 24 4
1379 1418 25 5
1379 1419 28 5
1380 1388 12 4
1380 1419 25 5
1380 1420 22 4
1381 1403 3 1
1381 1424 5 2
1382 1383 14 2
1382 1398 9 3
1382 1484 17 3
1382 1485 32 6
1383 1483 18 4
1383 1485 23 5
1384 1446 23 5
1384 1447 20 4
1384 1453 23 4
1385 1386 6 2
1386 1390 5 1
1386 1437 18 3
1387 1401 8 2
1387 1483 13 2
1388 1389 10 3
1388 1420 27 4
1388 1422 25 5
1389 1397 14 2
1389 1421 21 3
1389 1422 24 4
1390 1410 7 3
1390 1434 15 3
1391 1392 10 4
1391 1486 23 3
1391 1489 32 5
1392 1401 8 2
1392 1488 19 4
1393 1448 21 3
1393 1450 18 3
1393 1451 23 4
1394 1452 27 5
1395 1400 9 4
1395 1438 12 3
1396 1398 17 4
1396 1486 21 3
1397 1415 25 6
1397 1416 23 4
1397 1421 19 4
1398 1484 17 2
1398 1486 35 6
1399 1400 2 2
1399 1410 8 3
1399 1439 19 4
1399 1440 13 3
1400 1438 14 2
1400 1439 10 2
1401 1482 20 3
1401 1483 16 4
1402 1404 3 1
1403 1425 14 4
1405 1411 4 1
1405 1426 14 3
1405 1428 14 4
1405 1429 14 3
1406 1408 5 2
1406 1430 9 1
1408 1428 17 4
1408 1430 17 2
1410 1434 16 4
1410 1435 16 2
1411 1428 7 2
1414 1415 20 4
1414 1416 16 3
1414 1418 20 4
1414 1419 19 5
1414 1420 11 2
1414 1421 19 3
1414 1422 14 2
1415 1416 14 3
1415 1421 16 6
1416 1417 14 3
1417 1418 11 4
1420 1422 11 4
1421 1422 11 2
1423 1424 12 4
1423 1425 14 3
1423 1426 15 5
1423 1428 15 3
1423 1429 12 4
1423 1430 16 2
1423 1431 9 3
1424 1425 9 2
1424 1427 5 1
1425 1430 9 4
1426 1427 9 3
1426 1429 12 4
1428 1429 7 4
1428 1431 6 3
1430 1431 9 4
1432 1433 20 3
1434 1435 14 4
1434 1437 11 2
1435 1436 13 5
1435 1440 13 1
1436 1437 18 5
1436 1439 15 4
1436 1440 15 2
1438 1439 14 5
1439 1440 10 4
1441 1442 13 2
1441 1443 12 2
1442 1443 9 4
1443 1444 8 1
1445 1447 18 3
1445 1448 15 4
1445 1449 15 4
1445 1450 16 3
1445 1451 16 3
1445 1452 22 4
1445 1453 17 3
1446 1447 12 4
1446 1449 13 5
1447 1453 12 3
1448 1449 10 5
1448 1450 11 4
1450 1451 17 3
1451 1452 15 4
1452 1453 11 3
1454 1455 2 1
1454 1456 4 2
1457 1459 7 2
1457 1460 12 3
1457 1461 6 2
1458 1459 6 2
1459 1461 4 1
1460 1461 3 1
1462 1463 6 3
1462 1464 7 4
1462 1468 2 1
1463 1464 11 3
1463 1467 8 2
1463 1468 9 4
1463 1469 5 2
1463 1490 7 2
1465 1490 4 1
1466 1467 3 1
1466 1490 4 4
1467 1469 8 4
1470 1471 10 4
1470 1472 14 4
1470 1477 8 3
1471 1472 11 3
1471 1474 8 4
1472 1473 11 2
1472 1474 14 2
1472 1475 16 2
1472 1476 16 3
1472 1477 14 4
1472 1478 15 4
1473 1474 10 3
1473 1475 11 1
1475 1476 9 3
1476 1478 8 3
1477 1478 4 1
1479 1480 25 5
1481 1482 12 1
1481 1483 12 2
1481 1484 18 4
1481 1485 16 3
1481 1486 20 5
1481 1487 20 4
1481 1488 18 5
1481 1489 14 3
1482 1483 10 3
1482 1488 11 5
1483 1485 16 6
1484 1485 13 5
1486 1487 13 5
1486 1489 15 6
1488 1489 10 3
1493 1494 112 16
1500 1501 13 2
1500 1504 11 2
1501 1502 25 6
1501 1504 10 3
1502 1505 28 5
1503 1504 21 4
1506 1523 18 6
1507 1508 27 4
1509 1510 17 2
1513 1514 5 2
1517 1518 2 1
1520 1525 46 7
1520 1526 31 6
1521 1537 12 1
1523 1539 2 2
1525 1526 42 8
1526 1527 28 5
1526 1536 34 8
1527 1536 32 5
1527 1538 32 6
1528 1531 21 6
1529 1530 21 4
1531 1532 26 6
1532 1535 42 5
1533 1534 17 3
1534 1535 19 4
1536 1538 40 6
